Company Name,Company LinkedIn,Company Website,Deals Completed,Processes Initiated,Engagement Level,Key Individual Name,Key Individual LinkedIn,Email,Phone Number,Job Title
Davis Group,https://www.linkedin.com/company/davisgroup,http://www.howard.com/,43,4,Medium,Jeremiah Wells,https://www.linkedin.com/in/nathanlarson,sherri36@example.com,698.387.8115,CEO
Davis Group,https://www.linkedin.com/company/davisgroup,http://www.kennedy.com/,45,3,High,Douglas Wright,https://www.linkedin.com/in/jasonnguyen,rwong@example.org,737.813.8278x6626,Product Manager
Blair PLC,https://www.linkedin.com/company/blairplc,https://www.moore.com/,12,2,High,Paul Rich,https://www.linkedin.com/in/breannamason,vlawrence@example.org,804-675-6812x63846,CEO
Blair PLC,https://www.linkedin.com/company/blairplc,http://www.roberts.biz/,35,4,Medium,Dana Ramsey,https://www.linkedin.com/in/charlesrusso,turnerrobert@example.org,+1-995-976-3618x393,CTO
Blair PLC,https://www.linkedin.com/company/blairplc,http://www.pitts-miller.biz/,3,1,Medium,Kathryn Moore,https://www.linkedin.com/in/ericadams,ngallagher@example.org,942.573.7898,Marketing Manager
Lawrence Ltd,https://www.linkedin.com/company/lawrenceltd,http://hill.org/,44,2,High,Julian Kane,https://www.linkedin.com/in/jennifersanchez,wsullivan@example.net,377.952.7149x65694,Marketing Manager
Lawrence Ltd,https://www.linkedin.com/company/lawrenceltd,https://potter-mckenzie.com/,2,3,Low,Joshua White,https://www.linkedin.com/in/ralphcooper,moniquepatterson@example.com,+1-988-709-1618x49941,VP of Sales
Harris-Carlson,https://www.linkedin.com/company/harris-carlson,http://www.gomez.com/,5,0,Medium,Tracy Cannon,https://www.linkedin.com/in/stephenhiggins,cbentley@example.org,778-813-8936,COO
Harris-Carlson,https://www.linkedin.com/company/harris-carlson,https://smith-walker.com/,8,2,Low,Jeremy Johns,https://www.linkedin.com/in/raymondmccarty,lesliecervantes@example.net,(997)522-7078,COO
Harris-Carlson,https://www.linkedin.com/company/harris-carlson,http://sutton-marshall.org/,35,1,Low,Ryan Bryant,https://www.linkedin.com/in/alexandramoon,shannon02@example.net,001-390-585-6785x46811,Marketing Manager
"Sanchez, Saunders and Franklin","https://www.linkedin.com/company/sanchez,saundersandfranklin",https://www.craig-sanders.biz/,49,5,Low,Angela Stevens,https://www.linkedin.com/in/markmcpherson,cherring@example.com,787.581.9245,CTO
"Blake, Wood and Smith","https://www.linkedin.com/company/blake,woodandsmith",http://yates.com/,19,4,Medium,Heather Roberts,https://www.linkedin.com/in/josephowens,rebeccabarton@example.org,8764585718,Lead Engineer
"Blake, Wood and Smith","https://www.linkedin.com/company/blake,woodandsmith",https://wilson.biz/,34,5,Medium,Mr. Kurt Kelly,https://www.linkedin.com/in/peterbrown,megan70@example.com,(325)286-0036x59554,Lead Engineer
Rodriguez-Wilkins,https://www.linkedin.com/company/rodriguez-wilkins,http://owen-nolan.com/,50,2,High,David Mckenzie,https://www.linkedin.com/in/timothygonzalez,brianrobinson@example.net,001-365-520-7713x39810,Business Analyst
Rodriguez-Wilkins,https://www.linkedin.com/company/rodriguez-wilkins,http://key.org/,39,4,Low,Rebecca Hall,https://www.linkedin.com/in/amandabenjamin,amberaguilar@example.com,999-988-3337x0771,VP of Sales
Rodriguez-Wilkins,https://www.linkedin.com/company/rodriguez-wilkins,http://www.mahoney-harris.com/,36,2,Medium,Matthew Thomas,https://www.linkedin.com/in/mr.markanderson,mfox@example.org,400-874-6520x390,Product Manager
"Snyder, Medina and Moore","https://www.linkedin.com/company/snyder,medinaandmoore",http://www.anderson-scott.biz/,3,4,Low,Jennifer Armstrong,https://www.linkedin.com/in/dianathomas,smithbryan@example.org,597.883.7582,Lead Engineer
Johnson Group,https://www.linkedin.com/company/johnsongroup,https://www.mcdonald.net/,39,4,Medium,Timothy Stevens,https://www.linkedin.com/in/kimberlyjohnson,tranbarbara@example.net,574.643.3846x519,CFO
Johnson Group,https://www.linkedin.com/company/johnsongroup,https://chang.com/,34,2,Medium,Brandon Cochran,https://www.linkedin.com/in/patrickstevens,johnhowell@example.com,619-532-7173x36677,VP of Sales
"Boyer, Alvarez and Johnson","https://www.linkedin.com/company/boyer,alvarezandjohnson",https://www.lin.com/,50,4,Low,Jessica Reyes,https://www.linkedin.com/in/mr.michaelbarnettjr.,greenxavier@example.org,+1-660-529-8258x97360,COO
"Boyer, Alvarez and Johnson","https://www.linkedin.com/company/boyer,alvarezandjohnson",http://www.wall.org/,36,5,High,Alejandro Cowan,https://www.linkedin.com/in/christopherbenson,hmorton@example.com,+1-261-990-5720x68211,Marketing Manager
Mcmillan-Ayers,https://www.linkedin.com/company/mcmillan-ayers,https://rivera-zamora.com/,7,0,High,Christopher Johnson,https://www.linkedin.com/in/michaelhicks,david99@example.net,+1-958-732-4674x6506,Lead Engineer
Mcmillan-Ayers,https://www.linkedin.com/company/mcmillan-ayers,https://gordon-ford.com/,6,0,Medium,Kevin Jackson,https://www.linkedin.com/in/stevenbowen,emartinez@example.net,001-448-900-9181x849,CFO
"Gibson, Allen and Mitchell","https://www.linkedin.com/company/gibson,allenandmitchell",https://montgomery.com/,18,1,Medium,Brittany Castillo,https://www.linkedin.com/in/gregoryreyes,zimmermanmelissa@example.com,001-779-451-5806x8440,Marketing Manager
"Hughes, Riley and Ramos","https://www.linkedin.com/company/hughes,rileyandramos",http://www.cole.com/,48,1,Low,Linda Garcia,https://www.linkedin.com/in/tammyshelton,mpatterson@example.com,(237)306-6381,CTO
"Hughes, Riley and Ramos","https://www.linkedin.com/company/hughes,rileyandramos",http://jensen.com/,20,4,Medium,Hannah Moore,https://www.linkedin.com/in/tammywalsh,vanessa11@example.com,+1-992-938-7868x220,Marketing Manager
"Hughes, Riley and Ramos","https://www.linkedin.com/company/hughes,rileyandramos",https://chase-bell.com/,33,1,High,Carl Franklin,https://www.linkedin.com/in/robertvilla,martinandrew@example.net,001-353-718-5900x513,CFO
Hodge-Lynn,https://www.linkedin.com/company/hodge-lynn,https://www.fisher.com/,39,3,High,James Johnson,https://www.linkedin.com/in/joypeterson,wesley43@example.org,(256)262-8671,Lead Engineer
Hodge-Lynn,https://www.linkedin.com/company/hodge-lynn,https://delacruz.com/,33,2,Medium,Miss Traci Escobar,https://www.linkedin.com/in/tylercox,zarnold@example.org,+1-919-377-6700x585,Lead Engineer
Hodge-Lynn,https://www.linkedin.com/company/hodge-lynn,https://www.mcdonald.com/,36,1,High,Andre Walsh,https://www.linkedin.com/in/roberthicks,pmills@example.net,830.286.2165x352,CTO
"Mccullough, Shannon and Carter","https://www.linkedin.com/company/mccullough,shannonandcarter",http://www.williams-reed.biz/,9,2,Medium,Jason Hall,https://www.linkedin.com/in/davidreyes,melissa54@example.net,(811)324-5473,Marketing Manager
"Mccullough, Shannon and Carter","https://www.linkedin.com/company/mccullough,shannonandcarter",http://armstrong-gillespie.com/,48,3,High,Steven Mcgrath,https://www.linkedin.com/in/isabellawerner,anthony51@example.com,001-583-527-5134x142,CEO
Cohen and Sons,https://www.linkedin.com/company/cohenandsons,http://andrews.com/,17,2,Medium,Michelle Johnson,https://www.linkedin.com/in/christophermartin,ericaquinn@example.net,(259)232-8147x338,CEO
Cohen and Sons,https://www.linkedin.com/company/cohenandsons,https://www.white.org/,9,0,High,Kelsey Jones,https://www.linkedin.com/in/kevinparker,joneskathy@example.net,649-869-4479x87414,VP of Sales
Smith Group,https://www.linkedin.com/company/smithgroup,https://www.willis-anderson.com/,42,0,Medium,Maria Sanchez,https://www.linkedin.com/in/victoriamoses,xmcconnell@example.org,001-861-624-2580,CFO
Smith Group,https://www.linkedin.com/company/smithgroup,http://www.esparza.com/,26,4,Medium,John Edwards,https://www.linkedin.com/in/dr.davidyoung,kjacobson@example.com,8027440756,CEO
"Medina, Lynch and Smith","https://www.linkedin.com/company/medina,lynchandsmith",https://www.nichols.com/,49,1,High,Jeffrey Barry,https://www.linkedin.com/in/catherinetaylor,dunntodd@example.com,933.536.8360x09965,Marketing Manager
"Medina, Lynch and Smith","https://www.linkedin.com/company/medina,lynchandsmith",https://www.johnson.com/,6,2,Medium,Angel Love,https://www.linkedin.com/in/jasondillon,lauraayala@example.net,9905960523,COO
Hancock Group,https://www.linkedin.com/company/hancockgroup,http://www.ford.com/,43,3,High,Amy Harris,https://www.linkedin.com/in/donaldthomas,ymoore@example.org,706-469-2953,Lead Engineer
Hancock Group,https://www.linkedin.com/company/hancockgroup,https://garza.org/,46,5,Medium,Daniel Francis,https://www.linkedin.com/in/brittneyward,katherinepowers@example.net,384.941.8839,Marketing Manager
Watts and Sons,https://www.linkedin.com/company/wattsandsons,http://www.gallagher.com/,47,0,High,Julie Rocha,https://www.linkedin.com/in/rebeccahunter,fduncan@example.net,001-786-703-0385x7534,COO
"Wheeler, Sparks and Guzman","https://www.linkedin.com/company/wheeler,sparksandguzman",https://miller.com/,21,2,Medium,Michelle Arias,https://www.linkedin.com/in/johnbutler,laurenhill@example.org,333-481-1649,Business Analyst
"Wheeler, Sparks and Guzman","https://www.linkedin.com/company/wheeler,sparksandguzman",https://www.richardson.info/,31,2,High,Todd Mcmillan,https://www.linkedin.com/in/rhondaibarra,mmckay@example.org,+1-598-738-0091x1439,Marketing Manager
"Wheeler, Sparks and Guzman","https://www.linkedin.com/company/wheeler,sparksandguzman",https://www.haynes.com/,22,3,Low,Jessica Murphy,https://www.linkedin.com/in/raymondgarcia,kgreene@example.com,485-549-8103x71073,VP of Sales
"Gonzalez, Gill and Miller","https://www.linkedin.com/company/gonzalez,gillandmiller",https://www.salinas.com/,40,0,Low,Reginald Berger,https://www.linkedin.com/in/haroldpowell,henrylaura@example.net,001-999-383-1510,VP of Sales
Zimmerman-Carter,https://www.linkedin.com/company/zimmerman-carter,https://www.smith.com/,15,0,Low,John Smith,https://www.linkedin.com/in/seanthomas,osolis@example.net,001-938-428-4206,CEO
Zimmerman-Carter,https://www.linkedin.com/company/zimmerman-carter,https://www.white-keith.org/,4,3,Medium,Melinda Tucker,https://www.linkedin.com/in/jaredskinner,nicole05@example.com,001-363-916-9044x0431,COO
Zimmerman-Carter,https://www.linkedin.com/company/zimmerman-carter,https://shannon.com/,50,5,High,Kimberly Baker,https://www.linkedin.com/in/amandanelson,lunaanthony@example.org,+1-586-623-8167,Lead Engineer
"Robinson, Robinson and Smith","https://www.linkedin.com/company/robinson,robinsonandsmith",http://white-rivera.com/,44,5,Low,David Bartlett,https://www.linkedin.com/in/sarahmorgan,jamesthomas@example.net,923.332.5919x594,CEO
"Robinson, Robinson and Smith","https://www.linkedin.com/company/robinson,robinsonandsmith",http://www.chaney.info/,37,3,Medium,Jose Miller,https://www.linkedin.com/in/laurareeves,danaoliver@example.org,+1-807-395-9429x71315,Marketing Manager
"Cook, Hess and Anderson","https://www.linkedin.com/company/cook,hessandanderson",https://www.lang-tucker.com/,12,5,Medium,Sherri Parsons,https://www.linkedin.com/in/kevinblevins,paula18@example.com,271.973.0135,Product Manager
"Cook, Hess and Anderson","https://www.linkedin.com/company/cook,hessandanderson",https://www.kane.biz/,22,1,High,Mary Torres,https://www.linkedin.com/in/ericjones,clarkjoseph@example.com,001-459-784-5517x0898,CTO
"Cook, Hess and Anderson","https://www.linkedin.com/company/cook,hessandanderson",http://www.nguyen.biz/,16,5,High,Douglas Sullivan,https://www.linkedin.com/in/nathanwright,ahall@example.com,001-874-619-6381x664,COO
Thompson-Jones,https://www.linkedin.com/company/thompson-jones,http://cox-adams.com/,7,4,Medium,Melissa Mitchell,https://www.linkedin.com/in/sherriberrymd,stephaniekim@example.org,(589)426-4749x058,COO
Melendez PLC,https://www.linkedin.com/company/melendezplc,http://wagner-pacheco.com/,29,3,High,Peter Bishop,https://www.linkedin.com/in/sarahmartin,barbara65@example.com,677-739-7991x485,VP of Sales
Melendez PLC,https://www.linkedin.com/company/melendezplc,https://www.conley.org/,26,0,Low,Miguel Bullock,https://www.linkedin.com/in/pamelanguyen,ahancock@example.net,001-623-360-0105,COO
Melendez PLC,https://www.linkedin.com/company/melendezplc,https://thomas-olson.org/,36,4,High,Christopher Perez,https://www.linkedin.com/in/williammoore,tuckermegan@example.net,828.995.8896x80330,CFO
Robinson-Lawrence,https://www.linkedin.com/company/robinson-lawrence,https://www.waters.com/,10,2,Medium,Bonnie Stewart,https://www.linkedin.com/in/kelseyashley,heidi43@example.net,+1-761-275-4680,CFO
Robinson-Lawrence,https://www.linkedin.com/company/robinson-lawrence,https://www.gordon.com/,34,5,High,Anthony Mendez,https://www.linkedin.com/in/jackpowell,ncurry@example.com,+1-722-790-6629,CEO
"Sullivan, Erickson and Donovan","https://www.linkedin.com/company/sullivan,ericksonanddonovan",http://www.marshall-miller.info/,19,3,Medium,Tony Smith,https://www.linkedin.com/in/danielbrown,adamschneider@example.net,(671)216-3620x2066,Business Analyst
"Sullivan, Erickson and Donovan","https://www.linkedin.com/company/sullivan,ericksonanddonovan",http://vasquez-young.com/,33,0,High,Ann Porter,https://www.linkedin.com/in/valeriemay,james21@example.net,(450)224-6815x88986,Product Manager
"Sullivan, Erickson and Donovan","https://www.linkedin.com/company/sullivan,ericksonanddonovan",http://www.buckley.com/,29,4,High,Elizabeth Rodriguez,https://www.linkedin.com/in/amandacooper,morganmelissa@example.com,2153760749,CEO
Hill and Sons,https://www.linkedin.com/company/hillandsons,http://www.hebert-lopez.com/,6,2,High,Leah Roberson,https://www.linkedin.com/in/brandonperez,danielle89@example.net,8767460451,Product Manager
"Arnold, Rogers and Horton","https://www.linkedin.com/company/arnold,rogersandhorton",https://cabrera-randolph.org/,22,5,Medium,Ray Wells,https://www.linkedin.com/in/aaronvalentine,steven28@example.com,(723)675-8063,CFO
"Arnold, Rogers and Horton","https://www.linkedin.com/company/arnold,rogersandhorton",http://wilkerson.net/,40,2,Low,Angela Fletcher,https://www.linkedin.com/in/robertnelson,cbrown@example.com,(914)252-5308,Business Analyst
"Arnold, Rogers and Horton","https://www.linkedin.com/company/arnold,rogersandhorton",http://sanchez.com/,40,1,High,Crystal Davidson,https://www.linkedin.com/in/alisonwilliams,ualexander@example.net,(287)238-3481,CFO
Rodriguez PLC,https://www.linkedin.com/company/rodriguezplc,http://paul.com/,1,4,Medium,Candice Vargas,https://www.linkedin.com/in/richardcoleman,vmills@example.org,(264)240-8158x20968,Business Analyst
Rodriguez PLC,https://www.linkedin.com/company/rodriguezplc,https://www.williams.com/,28,3,High,Gary Ball,https://www.linkedin.com/in/stevepeters,justin82@example.org,001-803-659-9022x1617,VP of Sales
Rodriguez PLC,https://www.linkedin.com/company/rodriguezplc,http://ali.biz/,35,3,Low,Ronald Shaw,https://www.linkedin.com/in/nicolejordan,derrick67@example.org,879.230.6105,CFO
Kemp Group,https://www.linkedin.com/company/kempgroup,http://hogan.com/,38,3,High,Pamela Bond,https://www.linkedin.com/in/victoriabriggsdvm,graydawn@example.com,(359)728-8297,CFO
Parker-Richardson,https://www.linkedin.com/company/parker-richardson,http://www.smith-esparza.org/,39,2,Medium,Franklin Jacobs,https://www.linkedin.com/in/joshuadouglasdds,amberenglish@example.org,001-201-795-3852x3496,COO
Parker-Richardson,https://www.linkedin.com/company/parker-richardson,https://wilson.com/,1,4,Low,David Cisneros,https://www.linkedin.com/in/gregoryriveraii,opatel@example.org,(507)498-0058x4655,CFO
"Harris, Rice and Spencer","https://www.linkedin.com/company/harris,riceandspencer",https://www.smith.com/,18,4,High,John Richmond,https://www.linkedin.com/in/kevinanderson,richard41@example.com,992-241-2372x6938,COO
Johnson-Munoz,https://www.linkedin.com/company/johnson-munoz,https://www.allen.com/,16,0,Low,James Allen Jr.,https://www.linkedin.com/in/kayleesmith,todd08@example.net,001-634-522-2051x694,Lead Engineer
Johnson-Munoz,https://www.linkedin.com/company/johnson-munoz,https://wagner-roberson.com/,16,2,Medium,Dean Smith,https://www.linkedin.com/in/ravengray,vramirez@example.org,001-744-928-8495x56995,Product Manager
Johnson-Munoz,https://www.linkedin.com/company/johnson-munoz,http://black.com/,50,5,Low,Erin Bennett,https://www.linkedin.com/in/aliciarich,davidcarter@example.org,326.536.0262x4419,Product Manager
"Floyd, Travis and Johnson","https://www.linkedin.com/company/floyd,travisandjohnson",https://salinas.com/,33,4,Medium,James Jones,https://www.linkedin.com/in/codyjones,jaredjohnson@example.org,001-516-600-2357x22312,Lead Engineer
Jones-Nichols,https://www.linkedin.com/company/jones-nichols,https://www.mcgee-jensen.com/,43,1,High,Mark Ellis,https://www.linkedin.com/in/melissafrank,angela02@example.com,(614)318-9546,CTO
Castro PLC,https://www.linkedin.com/company/castroplc,https://hall.org/,40,0,Medium,Sandra Gilbert,https://www.linkedin.com/in/shirleyfranklin,wesleyhampton@example.com,5203916387,Business Analyst
Castro PLC,https://www.linkedin.com/company/castroplc,http://schmidt.com/,33,3,Low,Dana Taylor,https://www.linkedin.com/in/chaselucas,garywhitehead@example.org,+1-323-734-1314,Marketing Manager
"Franklin, Warren and Davis","https://www.linkedin.com/company/franklin,warrenanddavis",http://www.pearson.com/,50,4,Medium,Cathy Cummings,https://www.linkedin.com/in/chelseacrane,jodi13@example.net,001-568-358-5695x82781,CEO
"Franklin, Warren and Davis","https://www.linkedin.com/company/franklin,warrenanddavis",http://johnson-simon.com/,5,0,Low,Tammy Delgado,https://www.linkedin.com/in/allisoncoffey,kknapp@example.org,650-289-1612x730,CTO
"Franklin, Warren and Davis","https://www.linkedin.com/company/franklin,warrenanddavis",http://ward.com/,2,2,Low,Michelle Ruiz,https://www.linkedin.com/in/jacobjackson,cmitchell@example.net,796-440-7935x70327,CFO
Chavez and Sons,https://www.linkedin.com/company/chavezandsons,http://lamb.org/,41,2,High,Michele Lane,https://www.linkedin.com/in/devonbailey,aolson@example.net,730-356-6758x9445,CFO
Chavez and Sons,https://www.linkedin.com/company/chavezandsons,https://anderson.biz/,36,5,High,Angela Robbins,https://www.linkedin.com/in/adamlee,philip31@example.net,(618)976-9063x77257,Product Manager
Bray LLC,https://www.linkedin.com/company/brayllc,https://www.todd.net/,43,3,Medium,Lori Coleman,https://www.linkedin.com/in/stephaniemorrison,jenniferlane@example.net,2504789885,CTO
Bray LLC,https://www.linkedin.com/company/brayllc,https://bailey.com/,35,2,High,Maria Mcgrath DVM,https://www.linkedin.com/in/maryramsey,sandovaljesse@example.org,394.221.5437x2414,CFO
Bean-Davenport,https://www.linkedin.com/company/bean-davenport,http://jones.net/,50,5,High,Kristen Sweeney,https://www.linkedin.com/in/pamelatorres,katherinetorres@example.com,8763503844,Marketing Manager
Bean-Davenport,https://www.linkedin.com/company/bean-davenport,http://www.gould.net/,17,4,Medium,Gary Green,https://www.linkedin.com/in/vincentstrickland,isaiahmartinez@example.com,4606414143,VP of Sales
Bean-Davenport,https://www.linkedin.com/company/bean-davenport,http://williams.com/,3,3,Medium,Lisa Bailey,https://www.linkedin.com/in/jerryhendrix,lisawood@example.com,772.286.7943x06533,CFO
"Anderson, Montoya and Miller","https://www.linkedin.com/company/anderson,montoyaandmiller",https://camacho.org/,2,3,Low,Joseph Davis,https://www.linkedin.com/in/rebeccaevans,smithelizabeth@example.org,(890)904-1600,Product Manager
"Anderson, Montoya and Miller","https://www.linkedin.com/company/anderson,montoyaandmiller",http://johnson-marquez.com/,14,0,Medium,Laura Shepherd,https://www.linkedin.com/in/sharondavis,thartman@example.com,522-898-1367x6026,CTO
"Anderson, Montoya and Miller","https://www.linkedin.com/company/anderson,montoyaandmiller",http://www.may.org/,14,3,Medium,Jose White,https://www.linkedin.com/in/mrs.sherrylee,kelleysharon@example.net,6065646071,Product Manager
Morris-Arnold,https://www.linkedin.com/company/morris-arnold,http://www.barker-benton.org/,35,4,High,Kristine Jackson,https://www.linkedin.com/in/jonathanpugh,rodrigueznicole@example.net,695-946-5276x7083,CEO
Morris-Arnold,https://www.linkedin.com/company/morris-arnold,https://west.com/,5,5,High,Maria Simpson,https://www.linkedin.com/in/jamescollins,fnguyen@example.org,991.415.4071x525,Business Analyst
Campbell-Conley,https://www.linkedin.com/company/campbell-conley,http://carter-moore.net/,15,2,Low,Carmen Scott,https://www.linkedin.com/in/victornelson,andrew75@example.org,001-741-708-4019,CEO
Campbell-Conley,https://www.linkedin.com/company/campbell-conley,http://www.jones-avila.biz/,49,4,High,Jerry Williams,https://www.linkedin.com/in/kathleenrobinson,jonathon79@example.net,607-382-9968x6852,COO
Thomas Inc,https://www.linkedin.com/company/thomasinc,http://www.brown.com/,45,0,High,Chelsea Gray,https://www.linkedin.com/in/tonywolfe,matthewcarter@example.org,604-763-4659,Marketing Manager
Thomas Inc,https://www.linkedin.com/company/thomasinc,https://www.ellison.com/,11,2,High,Sue Garcia,https://www.linkedin.com/in/deannasmith,davidbarton@example.net,839-650-6571,COO
"Mendez, Hernandez and Crawford","https://www.linkedin.com/company/mendez,hernandezandcrawford",https://wright.org/,4,5,Low,Anthony Arnold Jr.,https://www.linkedin.com/in/rachelacosta,yreynolds@example.org,253-473-7274,Product Manager
Kidd PLC,https://www.linkedin.com/company/kiddplc,https://www.calhoun-jimenez.com/,14,5,High,Susan Castillo,https://www.linkedin.com/in/nicholaslongdvm,scotttorres@example.com,915.775.4821x52792,Lead Engineer
Kidd PLC,https://www.linkedin.com/company/kiddplc,https://www.mcintyre.org/,12,4,Medium,Amy Huffman,https://www.linkedin.com/in/annperry,morsedanny@example.com,001-472-790-6229,VP of Sales
Kidd PLC,https://www.linkedin.com/company/kiddplc,http://friedman.org/,6,1,Low,John Tran,https://www.linkedin.com/in/amberlogandvm,earroyo@example.net,(384)782-3691,Marketing Manager
"Watts, Page and Jimenez","https://www.linkedin.com/company/watts,pageandjimenez",https://grant-gilmore.com/,49,4,High,Sandra Anderson,https://www.linkedin.com/in/belindahill,pkeller@example.com,+1-851-909-8349x8005,CTO
Kim-Nash,https://www.linkedin.com/company/kim-nash,http://www.hanson-williams.net/,21,1,Low,Kent Smith,https://www.linkedin.com/in/kennethhicks,cperez@example.org,(605)977-9313,Product Manager
"Long, White and White","https://www.linkedin.com/company/long,whiteandwhite",http://www.walker.com/,13,0,Medium,Robert Taylor,https://www.linkedin.com/in/kimberlyschneider,bbarnes@example.net,+1-670-289-1213,COO
"Long, White and White","https://www.linkedin.com/company/long,whiteandwhite",http://macdonald-adams.com/,14,5,Low,Mr. Leonard Moore,https://www.linkedin.com/in/jenniferbaker,george99@example.org,846-391-4209x0493,Product Manager
"Long, White and White","https://www.linkedin.com/company/long,whiteandwhite",http://www.fischer.com/,5,3,Medium,Clayton Christian,https://www.linkedin.com/in/kevinmora,ashleyhaley@example.com,+1-833-501-4291,Product Manager
Newman-Shea,https://www.linkedin.com/company/newman-shea,http://www.dougherty.biz/,38,1,Low,Andrew Avila,https://www.linkedin.com/in/matthewfoster,katherinewilkins@example.org,001-287-716-4426x390,Product Manager
Newman-Shea,https://www.linkedin.com/company/newman-shea,https://kelly-fisher.com/,50,2,Medium,Andrew Sanchez,https://www.linkedin.com/in/paulchase,nicholasjohnson@example.com,(677)513-5203x6430,CTO
Cummings and Sons,https://www.linkedin.com/company/cummingsandsons,http://russell.com/,12,3,Low,Janet Vaughn,https://www.linkedin.com/in/jessicalynch,butlerkrista@example.org,001-794-615-1994x6919,CTO
Cummings and Sons,https://www.linkedin.com/company/cummingsandsons,https://www.mercado.biz/,46,0,High,Timothy Singleton,https://www.linkedin.com/in/garysmith,gabrielduran@example.net,618.392.9131x724,Lead Engineer
"King, Smith and Trujillo","https://www.linkedin.com/company/king,smithandtrujillo",https://www.miller.net/,38,2,High,Deanna Williams,https://www.linkedin.com/in/amymartin,sethsmith@example.com,+1-305-636-6876x84389,CFO
Jefferson Group,https://www.linkedin.com/company/jeffersongroup,http://maddox.info/,38,0,Medium,Stefanie Stephens,https://www.linkedin.com/in/devinsosa,natalie64@example.com,676.822.3090,Marketing Manager
Bradford LLC,https://www.linkedin.com/company/bradfordllc,http://williams-melton.biz/,23,1,Low,Jeffrey Blake,https://www.linkedin.com/in/douglaswalsh,clarkjay@example.net,4293838032,Business Analyst
Bradford LLC,https://www.linkedin.com/company/bradfordllc,https://www.stewart-bautista.com/,15,3,Low,Sydney Harrison,https://www.linkedin.com/in/brendamartinez,andradetimothy@example.com,001-473-907-7866x0183,Product Manager
Bradford LLC,https://www.linkedin.com/company/bradfordllc,https://www.duffy.com/,32,2,Medium,Karen Rose,https://www.linkedin.com/in/aaronstanley,nrose@example.com,849.744.9509,CEO
Yates-Pitts,https://www.linkedin.com/company/yates-pitts,https://duke.biz/,45,5,High,Mr. Michael Page,https://www.linkedin.com/in/marywebster,haasjason@example.org,(587)436-5031x6495,Product Manager
Yates-Pitts,https://www.linkedin.com/company/yates-pitts,http://www.cook-hoffman.com/,19,0,High,Dana Pearson,https://www.linkedin.com/in/dustinroberts,ghughes@example.com,(714)349-0603,CTO
Lewis-Ruiz,https://www.linkedin.com/company/lewis-ruiz,http://marshall.com/,10,1,High,Debra Sutton,https://www.linkedin.com/in/anthonyedwards,markmcknight@example.org,570-437-9112x372,CTO
Walls-Ortega,https://www.linkedin.com/company/walls-ortega,http://www.frazier.com/,35,1,High,Michael Wong,https://www.linkedin.com/in/markburke,anneestrada@example.com,+1-234-632-6027x59528,Business Analyst
Walls-Ortega,https://www.linkedin.com/company/walls-ortega,https://www.becker-crawford.com/,15,0,High,Christian Collins,https://www.linkedin.com/in/ravenbrown,vanessayork@example.com,454-291-7898x03498,CTO
Walls-Ortega,https://www.linkedin.com/company/walls-ortega,http://taylor.com/,16,5,Medium,Jacob Davies,https://www.linkedin.com/in/ginacrawford,heather32@example.com,(638)447-9710x79587,Business Analyst
"Massey, Thomas and Smith","https://www.linkedin.com/company/massey,thomasandsmith",http://www.griffith.org/,40,0,Medium,Mr. James Douglas,https://www.linkedin.com/in/dianaromero,joshua95@example.net,277-506-0049,COO
"Massey, Thomas and Smith","https://www.linkedin.com/company/massey,thomasandsmith",http://www.young-turner.biz/,45,1,High,Mallory Phillips,https://www.linkedin.com/in/kristypeterson,kelseywalker@example.org,001-293-326-3717,Marketing Manager
"Massey, Thomas and Smith","https://www.linkedin.com/company/massey,thomasandsmith",http://www.fry-cisneros.com/,14,5,High,Scott Walton,https://www.linkedin.com/in/amybrown,john47@example.net,+1-910-586-5418,Marketing Manager
Davis-Davis,https://www.linkedin.com/company/davis-davis,https://www.mcmillan.com/,47,2,Low,Isaac Pena,https://www.linkedin.com/in/calvinmiller,nathanwu@example.org,9447199751,VP of Sales
Davis-Davis,https://www.linkedin.com/company/davis-davis,http://harper.com/,33,0,High,Tiffany May,https://www.linkedin.com/in/ryanbrown,benjaminmartin@example.org,207-899-2899x278,Business Analyst
Davis-Davis,https://www.linkedin.com/company/davis-davis,https://www.alvarado-knight.com/,42,3,High,Mrs. Donna Ellis,https://www.linkedin.com/in/jenniferconner,cortezshane@example.net,(320)757-8012x417,CTO
Smith-Martinez,https://www.linkedin.com/company/smith-martinez,https://www.allen.com/,5,1,Low,Jonathan Baker,https://www.linkedin.com/in/andrewcraig,andersonamy@example.net,(308)668-9767,Marketing Manager
Smith-Martinez,https://www.linkedin.com/company/smith-martinez,http://www.webb.com/,29,5,High,Logan Martin,https://www.linkedin.com/in/stephaniewilcox,christina75@example.net,297.587.0522x800,CFO
Smith-Martinez,https://www.linkedin.com/company/smith-martinez,http://www.blair-griffith.biz/,21,1,Low,Kyle Manning,https://www.linkedin.com/in/leahanderson,ifoster@example.org,2493944795,VP of Sales
Lopez-Humphrey,https://www.linkedin.com/company/lopez-humphrey,https://www.gates.com/,30,0,Medium,Katelyn Guerra,https://www.linkedin.com/in/andrewroman,amanda16@example.com,838-803-2081x33342,CFO
Lopez-Humphrey,https://www.linkedin.com/company/lopez-humphrey,https://williams-bryant.info/,2,3,Medium,Bethany Little,https://www.linkedin.com/in/annblankenship,parkersara@example.org,001-566-744-6024x2465,COO
"Stokes, Cunningham and Smith","https://www.linkedin.com/company/stokes,cunninghamandsmith",https://long-lopez.com/,14,0,Low,Emily Hanson,https://www.linkedin.com/in/guywright,hayesmatthew@example.org,699-579-6635x79675,CFO
"Stokes, Cunningham and Smith","https://www.linkedin.com/company/stokes,cunninghamandsmith",http://www.pena.com/,19,1,Medium,Amanda Harrison,https://www.linkedin.com/in/nicoleparker,amygross@example.org,334.236.6882x995,VP of Sales
"Stokes, Cunningham and Smith","https://www.linkedin.com/company/stokes,cunninghamandsmith",http://johnson-rios.com/,7,4,High,James Davis,https://www.linkedin.com/in/dennisrogers,warddaniel@example.net,001-706-201-2702x3789,Product Manager
Luna-Hopkins,https://www.linkedin.com/company/luna-hopkins,https://smith.org/,22,3,High,Kathryn Clark,https://www.linkedin.com/in/stacieconrad,dylan22@example.com,+1-339-476-1837x1056,COO
Williams-Miller,https://www.linkedin.com/company/williams-miller,https://gallegos-ho.biz/,49,5,High,Jacqueline Beck,https://www.linkedin.com/in/nicholasjohnson,charding@example.net,708.952.2484,CFO
Williams-Miller,https://www.linkedin.com/company/williams-miller,http://reyes.com/,41,0,Low,Matthew Gonzales,https://www.linkedin.com/in/masonbernard,christophermcpherson@example.net,+1-255-887-0028x31263,COO
Rios-Edwards,https://www.linkedin.com/company/rios-edwards,http://www.berry.info/,13,5,Medium,Frank Brown,https://www.linkedin.com/in/alicemclean,millerjamie@example.org,799-793-6115x1863,Product Manager
Rios-Edwards,https://www.linkedin.com/company/rios-edwards,http://www.williams.biz/,37,1,High,Matthew Flores,https://www.linkedin.com/in/christinefreeman,wgill@example.com,(212)894-8012,VP of Sales
Rios-Edwards,https://www.linkedin.com/company/rios-edwards,https://long.com/,10,1,High,Debra Holmes,https://www.linkedin.com/in/sarahthompson,sherizimmerman@example.net,676.865.9831,CTO
"Taylor, Davis and Green","https://www.linkedin.com/company/taylor,davisandgreen",https://www.welch.com/,46,1,Medium,Savannah Hubbard,https://www.linkedin.com/in/debbiewheeler,fbrown@example.net,714-945-4959,Business Analyst
"Taylor, Davis and Green","https://www.linkedin.com/company/taylor,davisandgreen",http://gonzalez.com/,25,3,Medium,Robert Green,https://www.linkedin.com/in/jeffreyhouston,davidrich@example.com,6108374748,Marketing Manager
Evans-Richard,https://www.linkedin.com/company/evans-richard,https://www.weeks.net/,16,2,Low,Steven Butler,https://www.linkedin.com/in/zacharyromero,aimee90@example.org,3044768479,VP of Sales
Evans-Richard,https://www.linkedin.com/company/evans-richard,http://hamilton.biz/,50,0,Medium,Terry Dodson,https://www.linkedin.com/in/shannonnewman,richardjohnson@example.com,+1-429-757-3951x455,Lead Engineer
Hampton-Butler,https://www.linkedin.com/company/hampton-butler,http://www.webb.info/,39,5,High,Joel King,https://www.linkedin.com/in/annettebaird,archerjerry@example.org,(322)283-5013x06399,CFO
Hampton-Butler,https://www.linkedin.com/company/hampton-butler,http://www.meyers.com/,50,0,Low,William Collins,https://www.linkedin.com/in/mauricegraham,gmarshall@example.net,918.337.6511x4943,Marketing Manager
Hampton-Butler,https://www.linkedin.com/company/hampton-butler,https://www.scott-brennan.com/,16,1,High,Makayla Boyle,https://www.linkedin.com/in/jessicabooker,stephen91@example.net,+1-851-860-1255x3431,Business Analyst
"Bailey, Gonzalez and King","https://www.linkedin.com/company/bailey,gonzalezandking",https://www.dillon-davis.net/,8,4,Medium,James Smith Jr.,https://www.linkedin.com/in/davidcobb,edwin85@example.com,661-795-3784x28041,Business Analyst
"Bailey, Gonzalez and King","https://www.linkedin.com/company/bailey,gonzalezandking",http://duffy-johnson.biz/,40,3,Medium,Frederick Jones,https://www.linkedin.com/in/barbarapruitt,nelsonkrista@example.com,513-783-8196,CTO
"Rasmussen, Jones and Schultz","https://www.linkedin.com/company/rasmussen,jonesandschultz",https://butler.biz/,31,3,Medium,Logan Madden,https://www.linkedin.com/in/nicolemorris,sophiastanley@example.org,001-370-742-8723x328,CFO
"Rasmussen, Jones and Schultz","https://www.linkedin.com/company/rasmussen,jonesandschultz",http://griffin.com/,14,0,Medium,Rachel Morton,https://www.linkedin.com/in/scottsmith,tylercampos@example.org,001-659-210-4115x252,Lead Engineer
"Ramirez, Jackson and Miller","https://www.linkedin.com/company/ramirez,jacksonandmiller",http://www.myers.net/,20,2,Medium,Peter Perkins,https://www.linkedin.com/in/ryanoconnor,emilypham@example.net,+1-538-770-1682,Lead Engineer
Jackson-Gomez,https://www.linkedin.com/company/jackson-gomez,https://foster.com/,48,3,Low,Michelle Reynolds,https://www.linkedin.com/in/williambradley,qkemp@example.org,(467)771-6890x112,VP of Sales
Jackson-Gomez,https://www.linkedin.com/company/jackson-gomez,https://www.harper.com/,34,0,Low,Jessica Hubbard DVM,https://www.linkedin.com/in/annafrancis,isaiahgolden@example.org,218-341-6686,Marketing Manager
Lewis PLC,https://www.linkedin.com/company/lewisplc,http://www.anderson.org/,26,4,Medium,Norma Duarte,https://www.linkedin.com/in/conniecox,jeffreydavis@example.com,(247)399-3962,COO
Lewis PLC,https://www.linkedin.com/company/lewisplc,http://williams.net/,22,0,Low,Jennifer Johnson DDS,https://www.linkedin.com/in/ericsmithjr.,buchanantravis@example.com,783-549-7677,CTO
Lewis PLC,https://www.linkedin.com/company/lewisplc,https://www.hartman-guerrero.com/,30,0,Medium,Gary Martin DDS,https://www.linkedin.com/in/audreyespinoza,umartin@example.com,001-279-812-3267x7703,Product Manager
Gross-Garcia,https://www.linkedin.com/company/gross-garcia,https://www.reynolds.biz/,29,1,Low,James Pena,https://www.linkedin.com/in/jerryroberts,millernathan@example.net,646-241-6361x1346,CFO
Gross-Garcia,https://www.linkedin.com/company/gross-garcia,http://www.sanchez-kennedy.com/,43,2,High,Tracy Johnson,https://www.linkedin.com/in/peterelliott,rbryant@example.net,+1-276-292-3533,Product Manager
Wallace-Gonzales,https://www.linkedin.com/company/wallace-gonzales,https://www.livingston.com/,8,4,Low,Amy Riggs,https://www.linkedin.com/in/laurawallace,vanessaward@example.net,978-599-2937x00072,CEO
Wallace-Gonzales,https://www.linkedin.com/company/wallace-gonzales,https://moran.com/,1,0,High,Crystal Thomas,https://www.linkedin.com/in/stevenwilson,brian93@example.com,309-556-6053x4848,CTO
Wallace-Gonzales,https://www.linkedin.com/company/wallace-gonzales,https://king-gonzalez.com/,18,4,Low,Mr. Barry Green,https://www.linkedin.com/in/richardhernandez,morgantimothy@example.com,+1-755-693-6984,VP of Sales
"Knight, Leon and Wilson","https://www.linkedin.com/company/knight,leonandwilson",https://barnes-jones.com/,16,3,High,Timothy Wilson,https://www.linkedin.com/in/racheljackson,uowens@example.com,669-213-3983,Lead Engineer
"Smith, Parker and Griffin","https://www.linkedin.com/company/smith,parkerandgriffin",https://thompson.com/,37,4,Low,Linda Patterson,https://www.linkedin.com/in/michaelperry,edwarddeleon@example.net,277.778.9137x3454,VP of Sales
"Gay, Richardson and Tran","https://www.linkedin.com/company/gay,richardsonandtran",http://reid.info/,14,0,High,Carrie Palmer,https://www.linkedin.com/in/vincentwalker,andrewanderson@example.net,971.938.1737,Business Analyst
Ramirez-Rowe,https://www.linkedin.com/company/ramirez-rowe,http://www.clarke-maddox.com/,37,5,High,David Hines,https://www.linkedin.com/in/brittneyfritz,micheleatkinson@example.org,943.848.8919x992,Business Analyst
Ramirez-Rowe,https://www.linkedin.com/company/ramirez-rowe,http://wilkins-hernandez.com/,35,2,Medium,Dana Kim,https://www.linkedin.com/in/seandelgado,pereztina@example.com,(271)251-8868,VP of Sales
Davis-Henry,https://www.linkedin.com/company/davis-henry,https://campbell.com/,44,0,High,Daniel Calhoun,https://www.linkedin.com/in/vanessawalter,nturner@example.org,9696796228,Lead Engineer
Davis-Henry,https://www.linkedin.com/company/davis-henry,http://www.lam.com/,7,5,High,Tiffany Gross,https://www.linkedin.com/in/josecook,brittanytorres@example.org,001-643-984-3873,Product Manager
"Jones, Meyer and Mitchell","https://www.linkedin.com/company/jones,meyerandmitchell",http://www.lopez-serrano.com/,28,5,Low,Jennifer Ryan,https://www.linkedin.com/in/kellycastillo,kimberly41@example.org,757.586.3788,CTO
Glenn Inc,https://www.linkedin.com/company/glenninc,http://johnson.com/,4,2,Low,Damon Hebert,https://www.linkedin.com/in/jamiepeck,wayneperez@example.org,470-222-2424x3649,COO
Glenn Inc,https://www.linkedin.com/company/glenninc,http://rivera-gibson.com/,4,0,High,Brandy Young,https://www.linkedin.com/in/stephaniedean,dorothyluna@example.com,474-886-2842,CEO
Glenn Inc,https://www.linkedin.com/company/glenninc,https://johnson-nelson.biz/,22,1,High,Matthew Hill,https://www.linkedin.com/in/wandamalone,michaelsantiago@example.org,+1-613-463-9504x526,CFO
"Walker, Weaver and Simmons","https://www.linkedin.com/company/walker,weaverandsimmons",https://www.chandler-martinez.com/,34,2,High,Roberto Evans,https://www.linkedin.com/in/tanyarobinson,nicolepeterson@example.org,983.952.6023,VP of Sales
"Walker, Weaver and Simmons","https://www.linkedin.com/company/walker,weaverandsimmons",http://www.hoffman-sanders.com/,29,2,High,John Richards,https://www.linkedin.com/in/cassiegarner,tonya41@example.com,001-239-366-9198,COO
"Walker, Weaver and Simmons","https://www.linkedin.com/company/walker,weaverandsimmons",http://smith-ballard.biz/,13,2,Medium,Carlos Patel,https://www.linkedin.com/in/coltonbeasley,ltucker@example.org,(245)856-1902x9621,Lead Engineer
Smith-Berry,https://www.linkedin.com/company/smith-berry,http://carter.info/,43,2,Low,Alexandra Mccullough,https://www.linkedin.com/in/justinweiss,wallkeith@example.org,552-269-0146x9220,COO
Smith-Berry,https://www.linkedin.com/company/smith-berry,http://www.james-hahn.com/,31,2,Medium,Ricky Smith,https://www.linkedin.com/in/nathanwilson,jcunningham@example.org,935.725.6013,Marketing Manager
Smith-Berry,https://www.linkedin.com/company/smith-berry,http://brown.com/,21,3,Medium,Andrea Scott,https://www.linkedin.com/in/andreawalter,landrykristen@example.net,(592)263-8499x743,CEO
"Castillo, Rich and Reynolds","https://www.linkedin.com/company/castillo,richandreynolds",http://cook-knox.com/,17,3,Low,Jennifer Phelps,https://www.linkedin.com/in/williamjohnson,christopherrichard@example.org,(410)576-3547,CEO
Rivera-Thompson,https://www.linkedin.com/company/rivera-thompson,https://www.weber.net/,5,1,Low,Daniel Myers,https://www.linkedin.com/in/dominiquesummers,jenniferhoward@example.com,001-804-722-7418x47204,VP of Sales
Rivera-Thompson,https://www.linkedin.com/company/rivera-thompson,http://www.horton.com/,2,0,Low,Sarah Hendricks,https://www.linkedin.com/in/amandarivera,jonathan77@example.org,001-477-268-3322,CFO
Walker-Jackson,https://www.linkedin.com/company/walker-jackson,http://www.brown.org/,42,0,Low,Marvin Wiley,https://www.linkedin.com/in/andrewanderson,jason55@example.net,001-727-950-3249x6128,CTO
Walker-Jackson,https://www.linkedin.com/company/walker-jackson,http://gonzales.net/,44,4,High,Tiffany Murphy,https://www.linkedin.com/in/thomasrodriguez,osmall@example.org,8696268981,Business Analyst
Hicks-Romero,https://www.linkedin.com/company/hicks-romero,https://lee-collins.com/,6,5,Low,Angela Nichols,https://www.linkedin.com/in/keithwebster,kingjennifer@example.net,001-379-511-8387,CFO
Hicks-Romero,https://www.linkedin.com/company/hicks-romero,https://www.arellano.org/,10,2,Low,Suzanne Bauer,https://www.linkedin.com/in/michaelsandoval,changdonna@example.org,672.722.4528x209,Product Manager
"Gonzalez, Conner and Park","https://www.linkedin.com/company/gonzalez,connerandpark",http://hughes.com/,9,3,Low,Katherine Hurst,https://www.linkedin.com/in/jamesfarley,tuckerjustin@example.net,679.584.3212,VP of Sales
"Gonzalez, Conner and Park","https://www.linkedin.com/company/gonzalez,connerandpark",https://www.brown.net/,41,4,Medium,David Lee,https://www.linkedin.com/in/jesusbowers,stephen54@example.com,2933947056,Business Analyst
"Gonzalez, Conner and Park","https://www.linkedin.com/company/gonzalez,connerandpark",http://www.palmer-zuniga.com/,50,3,High,Cristian Jones,https://www.linkedin.com/in/christopherdavis,nporter@example.com,8045402944,CFO
Mack-Spencer,https://www.linkedin.com/company/mack-spencer,https://cox.info/,27,1,High,David Garcia,https://www.linkedin.com/in/marcusadams,michaelcurtis@example.org,+1-347-237-1308x20242,CEO
Pearson Inc,https://www.linkedin.com/company/pearsoninc,http://cohen.info/,34,1,Medium,Ricardo Nolan,https://www.linkedin.com/in/cherylwilliams,mary29@example.net,667-974-5434x70754,CFO
Pearson Inc,https://www.linkedin.com/company/pearsoninc,https://porter.com/,26,2,Low,Rebecca Contreras,https://www.linkedin.com/in/derrickbaldwin,bensonaaron@example.net,601-812-8470,Lead Engineer
"Stewart, Oconnor and Mcintosh","https://www.linkedin.com/company/stewart,oconnorandmcintosh",http://shelton-gillespie.net/,7,5,Low,Brandon Terry,https://www.linkedin.com/in/karenjimenez,lauren01@example.org,001-531-477-2518x035,VP of Sales
"Stewart, Oconnor and Mcintosh","https://www.linkedin.com/company/stewart,oconnorandmcintosh",http://simmons.com/,49,5,High,Amanda Henderson,https://www.linkedin.com/in/bethlopez,edward58@example.org,(363)630-0638x73409,CTO
"Stewart, Oconnor and Mcintosh","https://www.linkedin.com/company/stewart,oconnorandmcintosh",https://www.miller-thompson.com/,45,5,Medium,Denise Holmes,https://www.linkedin.com/in/caseyelliott,holtdawn@example.com,943-408-2514,CEO
Murphy LLC,https://www.linkedin.com/company/murphyllc,https://www.boyle.biz/,45,0,Low,Ryan Lyons,https://www.linkedin.com/in/earlcameron,brianamcdaniel@example.net,988.910.5973,Business Analyst
Murphy LLC,https://www.linkedin.com/company/murphyllc,https://brown.biz/,46,5,High,Patricia Burns,https://www.linkedin.com/in/michaelmarshall,david01@example.org,(250)756-3642x5262,Business Analyst
Elliott-Carey,https://www.linkedin.com/company/elliott-carey,http://www.rose-small.com/,16,4,High,William Woodard,https://www.linkedin.com/in/scottwilliams,fyu@example.net,467-665-9130x23499,CEO
Elliott-Carey,https://www.linkedin.com/company/elliott-carey,http://sharp.com/,2,2,Medium,Brooke Mccormick,https://www.linkedin.com/in/andrewlopez,braycarl@example.com,643.381.1005,CEO
"Diaz, Brown and Garcia","https://www.linkedin.com/company/diaz,brownandgarcia",https://taylor-allen.org/,23,1,Medium,Patrick Blackwell,https://www.linkedin.com/in/tonicampbell,gregorychristian@example.org,9927131268,Marketing Manager
Carson Group,https://www.linkedin.com/company/carsongroup,https://www.fitzgerald-reyes.com/,35,3,Low,Joshua Fox,https://www.linkedin.com/in/amydavis,ihunt@example.org,+1-462-613-1844x10703,VP of Sales
Carson Group,https://www.linkedin.com/company/carsongroup,https://www.price.com/,32,3,High,Lisa Rivas,https://www.linkedin.com/in/johnbraun,zmeyer@example.org,(997)876-6408x6476,CTO
Carson Group,https://www.linkedin.com/company/carsongroup,https://www.reed.org/,14,0,Low,Ralph Vasquez,https://www.linkedin.com/in/timothygill,brookspamela@example.org,+1-859-853-7728x50500,COO
"Castro, Rodriguez and Gilbert","https://www.linkedin.com/company/castro,rodriguezandgilbert",http://fox.com/,46,2,Medium,Jennifer Richardson,https://www.linkedin.com/in/stacycarter,diana60@example.org,(873)675-0215x2163,COO
"Castro, Rodriguez and Gilbert","https://www.linkedin.com/company/castro,rodriguezandgilbert",https://www.daniels.com/,32,4,High,Kevin Hunter,https://www.linkedin.com/in/dianajones,allisonbaker@example.com,982.399.7634x342,Marketing Manager
"Webb, Stone and Rodriguez","https://www.linkedin.com/company/webb,stoneandrodriguez",https://www.nguyen.com/,8,5,Low,Susan Lucero,https://www.linkedin.com/in/brucerivers,ganderson@example.com,+1-298-370-4460,Product Manager
"Webb, Stone and Rodriguez","https://www.linkedin.com/company/webb,stoneandrodriguez",http://clark.com/,16,1,Low,Shawn Mitchell,https://www.linkedin.com/in/brendalane,tmorales@example.org,(366)538-8313x13192,COO
Lucero-Myers,https://www.linkedin.com/company/lucero-myers,https://perez.com/,46,1,Medium,Carol Mcdonald,https://www.linkedin.com/in/kathleenmoss,codybrown@example.org,(316)755-8127,Business Analyst
Lucero-Myers,https://www.linkedin.com/company/lucero-myers,https://smith-mendoza.biz/,4,0,Medium,Kimberly Simmons,https://www.linkedin.com/in/veronicadavis,andrewmason@example.org,552.852.2212x5516,CFO
Mack PLC,https://www.linkedin.com/company/mackplc,http://johnson.com/,2,2,Medium,Anita Harrison,https://www.linkedin.com/in/pamelaanderson,carmenlee@example.net,756.924.1917x62829,CTO
Mack PLC,https://www.linkedin.com/company/mackplc,http://krueger-griffin.com/,1,1,High,Danielle Neal,https://www.linkedin.com/in/jasminepace,wilsonjohn@example.net,958.567.4620x36700,COO
Mack PLC,https://www.linkedin.com/company/mackplc,https://johnson.org/,48,5,High,Cameron Morris,https://www.linkedin.com/in/rebeccahughes,carrie33@example.com,(330)811-0086,Marketing Manager
"Lee, Robinson and Hunt","https://www.linkedin.com/company/lee,robinsonandhunt",https://henson-collins.com/,4,1,Medium,Corey Johnson,https://www.linkedin.com/in/scottbaker,abrown@example.net,301.458.1647x128,VP of Sales
Mcdaniel and Sons,https://www.linkedin.com/company/mcdanielandsons,https://brady.net/,47,2,Low,Beverly Day,https://www.linkedin.com/in/kevinjohnson,fbarnes@example.net,553.741.8200,VP of Sales
Adams Inc,https://www.linkedin.com/company/adamsinc,https://www.lucas.org/,8,5,Medium,Barbara Shah,https://www.linkedin.com/in/christopherfranco,perezmichelle@example.net,361-876-5084,Lead Engineer
Adams Inc,https://www.linkedin.com/company/adamsinc,https://carter-burton.com/,49,0,High,Donna Reed,https://www.linkedin.com/in/matthewwilliams,harmontara@example.com,(511)944-3259x4387,COO
Adams Inc,https://www.linkedin.com/company/adamsinc,http://www.taylor.com/,31,3,High,Joel Smith,https://www.linkedin.com/in/susanjohnson,shaneellis@example.net,497.587.5977x5080,CFO
Thomas-Wong,https://www.linkedin.com/company/thomas-wong,http://www.ruiz.org/,22,5,Low,Lisa Barrett,https://www.linkedin.com/in/lucassavage,wendy41@example.org,553-795-3755x926,CTO
Pierce-Foster,https://www.linkedin.com/company/pierce-foster,http://www.washington-glenn.net/,11,5,High,Ashley Huynh,https://www.linkedin.com/in/hannahmontgomery,adamwoods@example.org,001-721-621-8410x59885,CTO
Pierce-Foster,https://www.linkedin.com/company/pierce-foster,http://rosales.com/,42,5,Medium,John Green,https://www.linkedin.com/in/ericadams,katievasquez@example.com,739-810-8890x70459,Product Manager
Pierce-Foster,https://www.linkedin.com/company/pierce-foster,https://www.brandt.com/,19,2,Low,Marc Saunders,https://www.linkedin.com/in/douglasramirez,robertking@example.com,491-266-4951x1636,Business Analyst
Campbell and Sons,https://www.linkedin.com/company/campbellandsons,http://www.walker.net/,29,2,Medium,Colleen Allen,https://www.linkedin.com/in/brittneyglover,hillcorey@example.org,322.552.6364x6933,CEO
Jensen-Walter,https://www.linkedin.com/company/jensen-walter,https://www.taylor.com/,44,3,Medium,Katie Sullivan,https://www.linkedin.com/in/scottsmith,dcruz@example.com,320-870-7143x0183,Product Manager
James and Sons,https://www.linkedin.com/company/jamesandsons,https://calderon-young.com/,13,5,High,Michael Ashley,https://www.linkedin.com/in/brookemartinez,snguyen@example.org,(613)939-7635,CFO
James and Sons,https://www.linkedin.com/company/jamesandsons,http://www.yates.org/,48,3,High,Paul Johnston,https://www.linkedin.com/in/rachelthompson,schmidtrebecca@example.net,+1-922-723-5847x379,COO
James and Sons,https://www.linkedin.com/company/jamesandsons,http://www.nelson.com/,5,0,Medium,Kelly Cook,https://www.linkedin.com/in/patricktorres,samantha73@example.org,958.418.2907x673,Lead Engineer
"Smith, Charles and Davis","https://www.linkedin.com/company/smith,charlesanddavis",http://www.simpson-anderson.com/,49,3,Low,Tina Moss,https://www.linkedin.com/in/jacquelinelyons,shannonbeasley@example.org,(480)469-2527,COO
"Smith, Charles and Davis","https://www.linkedin.com/company/smith,charlesanddavis",https://blake.com/,1,2,Medium,James Wagner,https://www.linkedin.com/in/michellehart,leslie66@example.net,6446856123,CEO
"Smith, Charles and Davis","https://www.linkedin.com/company/smith,charlesanddavis",https://www.gonzales.com/,17,1,Medium,Melissa Robinson,https://www.linkedin.com/in/trevordeleon,wernerdonna@example.com,+1-318-784-8641x6841,Business Analyst
"Young, Greene and Walters","https://www.linkedin.com/company/young,greeneandwalters",https://www.barker-brewer.info/,16,0,Medium,Catherine Davies,https://www.linkedin.com/in/billylamb,ann06@example.net,001-558-904-3784x730,Product Manager
"Young, Greene and Walters","https://www.linkedin.com/company/young,greeneandwalters",http://www.roberts.com/,5,5,Medium,Michelle Parker MD,https://www.linkedin.com/in/caitlinbean,smithclaire@example.net,584-698-4232,Lead Engineer
Mcdowell Ltd,https://www.linkedin.com/company/mcdowellltd,http://www.murphy.biz/,27,1,Medium,Amy Noble,https://www.linkedin.com/in/rachelcarey,yujamie@example.net,+1-405-304-3448x629,CFO
Mcdowell Ltd,https://www.linkedin.com/company/mcdowellltd,https://holden-dixon.com/,18,3,Medium,Jonathon Schultz,https://www.linkedin.com/in/mariafox,leonardgary@example.org,3332724238,Product Manager
Davis-Lawson,https://www.linkedin.com/company/davis-lawson,https://www.mcpherson.info/,27,5,Low,Sylvia Norris,https://www.linkedin.com/in/donaldhoward,jonesmarcus@example.com,+1-325-735-2857x729,Product Manager
Davis-Lawson,https://www.linkedin.com/company/davis-lawson,http://www.elliott-greene.biz/,27,0,High,James Hamilton,https://www.linkedin.com/in/christinekelley,lhicks@example.org,744.572.0763x709,VP of Sales
Davis-Lawson,https://www.linkedin.com/company/davis-lawson,http://www.stokes.com/,45,0,Medium,Katherine Warner,https://www.linkedin.com/in/mr.williamcarr,rodneyhorne@example.com,(506)670-5608x071,VP of Sales
Clark-Smith,https://www.linkedin.com/company/clark-smith,https://johnson.com/,47,5,Low,Kristy Sloan,https://www.linkedin.com/in/christinebell,carmen01@example.org,+1-749-352-6372x210,CTO
Clark-Smith,https://www.linkedin.com/company/clark-smith,https://harris.net/,37,0,High,Sabrina Thomas,https://www.linkedin.com/in/abigailcrawford,jonespeter@example.net,951.427.1116,CTO
Johnson Group,https://www.linkedin.com/company/johnsongroup,https://dougherty.biz/,28,5,Medium,Michelle Gill,https://www.linkedin.com/in/emilyortiz,jfields@example.net,547.538.0558x08465,Product Manager
Johnson Group,https://www.linkedin.com/company/johnsongroup,http://stewart.com/,3,2,Medium,Paige Tran,https://www.linkedin.com/in/jamesmartinez,matthewtucker@example.com,+1-378-516-2180x614,COO
Johnson Group,https://www.linkedin.com/company/johnsongroup,http://cole-dudley.com/,17,4,High,Travis Bridges,https://www.linkedin.com/in/evelynlara,johnsonmichele@example.net,335.799.2839x8358,CEO
Bauer PLC,https://www.linkedin.com/company/bauerplc,https://www.bradley-johnson.com/,31,3,High,Jason Lee,https://www.linkedin.com/in/kennethconner,ramosjoel@example.net,605.714.5962x37590,CFO
Bauer PLC,https://www.linkedin.com/company/bauerplc,http://www.rodriguez-moore.biz/,39,0,Medium,Darin Johns,https://www.linkedin.com/in/kimberlyandrews,mmcmillan@example.net,472-798-4741x0585,CTO
"Ortiz, Beck and Marquez","https://www.linkedin.com/company/ortiz,beckandmarquez",http://howell-davis.com/,7,4,High,Karen Reyes,https://www.linkedin.com/in/nicolethomas,calvin21@example.com,+1-800-305-9481x299,Marketing Manager
"Curry, Fry and Mcdonald","https://www.linkedin.com/company/curry,fryandmcdonald",http://www.butler.net/,11,0,High,Tracy Weber,https://www.linkedin.com/in/janetallen,diana92@example.org,(905)524-5805,Lead Engineer
"Curry, Fry and Mcdonald","https://www.linkedin.com/company/curry,fryandmcdonald",https://mcdaniel-maddox.com/,28,5,Low,Jake Allen,https://www.linkedin.com/in/michaelreeves,csmith@example.org,284.938.9746,Lead Engineer
"Johnson, Blair and Joseph","https://www.linkedin.com/company/johnson,blairandjoseph",https://www.may-murphy.org/,48,0,High,Stacy Jones,https://www.linkedin.com/in/deniseodonnell,daniel63@example.org,001-644-900-6712x8568,VP of Sales
"Johnson, Blair and Joseph","https://www.linkedin.com/company/johnson,blairandjoseph",http://www.gutierrez.com/,17,5,High,Patrick Parrish,https://www.linkedin.com/in/davidfreeman,paige72@example.org,595-661-4542x62101,VP of Sales
"Benjamin, Spears and Blair","https://www.linkedin.com/company/benjamin,spearsandblair",https://anderson-baker.com/,39,1,Low,Michele Allen,https://www.linkedin.com/in/danielhill,christopher89@example.org,(938)793-1911,Product Manager
"Benjamin, Spears and Blair","https://www.linkedin.com/company/benjamin,spearsandblair",https://banks.com/,18,0,Medium,Andrew Young,https://www.linkedin.com/in/brandonramirez,madison76@example.net,+1-839-963-3919x610,Business Analyst
Jones-Rosales,https://www.linkedin.com/company/jones-rosales,http://www.allen-mccall.com/,50,3,Medium,Misty Boone,https://www.linkedin.com/in/brandonyoung,brian34@example.net,001-849-777-9742x079,Marketing Manager
Jones-Rosales,https://www.linkedin.com/company/jones-rosales,http://baldwin-schwartz.info/,29,4,High,Dr. Jordan Reyes DDS,https://www.linkedin.com/in/jennifermartin,julie06@example.com,5469144923,Product Manager
Conrad-Patterson,https://www.linkedin.com/company/conrad-patterson,http://www.taylor.com/,45,2,Medium,Melanie Velazquez,https://www.linkedin.com/in/jacquelinewatson,brendadennis@example.com,6165849485,Lead Engineer
Conrad-Patterson,https://www.linkedin.com/company/conrad-patterson,http://jones-martinez.com/,20,4,High,Samantha Schneider,https://www.linkedin.com/in/edwardlynn,velezdeborah@example.com,+1-386-933-9272x63462,Marketing Manager
Thompson-Shelton,https://www.linkedin.com/company/thompson-shelton,http://www.andrews.org/,26,4,Medium,Eric Villarreal,https://www.linkedin.com/in/matthewbrooks,rodriguezjoshua@example.net,(792)290-5460,Marketing Manager
Thompson-Shelton,https://www.linkedin.com/company/thompson-shelton,http://gonzales-ellis.com/,40,5,Low,James Sullivan,https://www.linkedin.com/in/annagallegos,jjohnson@example.com,(546)531-1971x053,VP of Sales
"Vazquez, Taylor and Fischer","https://www.linkedin.com/company/vazquez,taylorandfischer",http://sanchez.org/,34,5,High,Lauren Davis,https://www.linkedin.com/in/michelleparks,wigginsgina@example.net,514-667-0112x73321,Marketing Manager
"Vazquez, Taylor and Fischer","https://www.linkedin.com/company/vazquez,taylorandfischer",http://www.ward.com/,11,2,Low,Jennifer Perry,https://www.linkedin.com/in/samuelwilson,robertsalyssa@example.com,001-299-684-4042x1311,Business Analyst
Jackson and Sons,https://www.linkedin.com/company/jacksonandsons,https://bishop-burton.com/,40,0,Low,Joshua Williams,https://www.linkedin.com/in/staceychang,jenniferprice@example.net,(207)390-3621,Lead Engineer
Jackson and Sons,https://www.linkedin.com/company/jacksonandsons,http://thomas.com/,19,3,Medium,George Patton,https://www.linkedin.com/in/brandonward,abigailhorton@example.com,(492)253-6862x268,CTO
Gates-Cohen,https://www.linkedin.com/company/gates-cohen,http://holmes-smith.com/,30,5,High,Edward Johnson,https://www.linkedin.com/in/kristinemoore,utucker@example.net,(821)537-0590x267,COO
Gates-Cohen,https://www.linkedin.com/company/gates-cohen,https://wright-paul.com/,44,2,High,Anthony Wade,https://www.linkedin.com/in/jimmyserrano,ispence@example.net,241-490-8358x121,CEO
"Peck, Klein and Gonzalez","https://www.linkedin.com/company/peck,kleinandgonzalez",https://scott.info/,1,3,Low,Andrew Valentine,https://www.linkedin.com/in/williamrobinson,gabrielscott@example.net,2578461856,Product Manager
"Peck, Klein and Gonzalez","https://www.linkedin.com/company/peck,kleinandgonzalez",https://bowman-collins.com/,36,0,Low,Adam Obrien,https://www.linkedin.com/in/jeffreyriley,michael58@example.net,(656)312-4409x5448,CEO
"Peck, Klein and Gonzalez","https://www.linkedin.com/company/peck,kleinandgonzalez",http://www.jones.net/,33,5,Low,Justin Johnson,https://www.linkedin.com/in/samuelbell,jeffreygrant@example.org,(927)362-1624,Lead Engineer
Hudson-Bridges,https://www.linkedin.com/company/hudson-bridges,http://www.price.com/,28,2,Medium,Thomas Gaines,https://www.linkedin.com/in/alexaperez,meganperez@example.org,3423167097,Lead Engineer
Hudson-Bridges,https://www.linkedin.com/company/hudson-bridges,https://edwards.biz/,10,4,High,John Johnson,https://www.linkedin.com/in/jamesharvey,thomasmichele@example.net,+1-454-541-7028x825,CTO
"Silva, Howell and Woods","https://www.linkedin.com/company/silva,howellandwoods",http://www.wagner.biz/,41,0,Medium,Adrian Mcdaniel,https://www.linkedin.com/in/shariwebb,yowens@example.com,211.528.2276x8999,CEO
Ramirez Inc,https://www.linkedin.com/company/ramirezinc,http://www.hansen.com/,48,4,Low,Daniel Nichols,https://www.linkedin.com/in/jessicafrank,ajones@example.com,397-690-3326x4612,Business Analyst
Ramirez Inc,https://www.linkedin.com/company/ramirezinc,https://www.edwards-doyle.org/,33,2,High,Sarah Harrison,https://www.linkedin.com/in/adrianritter,whitejames@example.com,391.476.4364x11392,Business Analyst
Ramirez Inc,https://www.linkedin.com/company/ramirezinc,http://phillips.com/,40,0,High,Stephanie Jacobs DDS,https://www.linkedin.com/in/geralddillon,heathercarter@example.com,848.375.9909,CEO
"Brown, Williams and Martin","https://www.linkedin.com/company/brown,williamsandmartin",http://daniel-cardenas.biz/,49,3,Low,Erica Wright,https://www.linkedin.com/in/brittneygarcia,morrisjoseph@example.com,644.628.9416x3796,Product Manager
"Harris, Raymond and Rice","https://www.linkedin.com/company/harris,raymondandrice",https://powell.com/,22,3,High,Michelle Wright,https://www.linkedin.com/in/valeriejefferson,fbanks@example.net,001-419-769-4764x118,CFO
"Harris, Raymond and Rice","https://www.linkedin.com/company/harris,raymondandrice",https://reynolds.com/,50,0,High,Kevin Francis,https://www.linkedin.com/in/pamelamontgomery,brandi37@example.net,001-575-851-6708x980,Marketing Manager
"Harris, Raymond and Rice","https://www.linkedin.com/company/harris,raymondandrice",https://thomas.com/,50,2,Medium,Derek Nelson,https://www.linkedin.com/in/shelbyjones,moonwesley@example.com,001-602-991-7642x2823,COO
Jones and Sons,https://www.linkedin.com/company/jonesandsons,https://hammond.net/,4,2,High,Isaiah Hernandez,https://www.linkedin.com/in/jenniferwebster,foleykristin@example.net,+1-324-648-1351x9616,Lead Engineer
Jones and Sons,https://www.linkedin.com/company/jonesandsons,http://henderson.biz/,44,5,Low,Ms. Michelle Potter MD,https://www.linkedin.com/in/kellikelly,breanna67@example.net,712.558.9824x939,CFO
Cummings and Sons,https://www.linkedin.com/company/cummingsandsons,https://carlson.info/,10,2,High,Joshua Henson,https://www.linkedin.com/in/isabellaharvey,mary70@example.org,227.779.2500x2449,Product Manager
Cummings and Sons,https://www.linkedin.com/company/cummingsandsons,http://mcgee-spencer.biz/,11,5,Low,Angel Ritter,https://www.linkedin.com/in/darrenvelasquez,donovanjeffery@example.com,621-536-3965x52205,Lead Engineer
Shields Ltd,https://www.linkedin.com/company/shieldsltd,https://porter-davis.com/,7,2,Medium,Christopher Morgan,https://www.linkedin.com/in/lindsaygray,bryan64@example.org,596.971.5760,Marketing Manager
Shields Ltd,https://www.linkedin.com/company/shieldsltd,https://carter-chen.com/,26,2,Low,Kristen Johnson,https://www.linkedin.com/in/shannoncampbell,perrymark@example.com,+1-909-999-3088x843,Product Manager
Shields Ltd,https://www.linkedin.com/company/shieldsltd,http://gibson-pugh.com/,22,4,Medium,Rebekah Allen,https://www.linkedin.com/in/jorgeschultz,colemandavid@example.net,001-205-460-0831x1225,Business Analyst
Potter Inc,https://www.linkedin.com/company/potterinc,http://smith.com/,37,1,High,Summer Callahan,https://www.linkedin.com/in/brittanymartinez,brettmorales@example.net,847-465-6328x60830,COO
Potter Inc,https://www.linkedin.com/company/potterinc,http://taylor.net/,50,4,High,Angel Edwards,https://www.linkedin.com/in/jonathanmoon,hannah43@example.net,374-453-8032x55989,Lead Engineer
Potter Inc,https://www.linkedin.com/company/potterinc,https://www.benson.com/,11,3,Medium,Lauren Turner,https://www.linkedin.com/in/briancamacho,tbishop@example.org,5246073302,Lead Engineer
Brown-King,https://www.linkedin.com/company/brown-king,https://www.snow-stewart.info/,9,0,Medium,Dr. Devin Waters,https://www.linkedin.com/in/erikaspears,ymendoza@example.com,756.407.6834x80913,Business Analyst
Rogers-Brown,https://www.linkedin.com/company/rogers-brown,https://smith.net/,23,2,High,Lisa Watson,https://www.linkedin.com/in/omargonzalez,lmann@example.com,2823312869,Product Manager
Rogers-Brown,https://www.linkedin.com/company/rogers-brown,http://www.wong.info/,49,5,Low,Mary Odonnell,https://www.linkedin.com/in/rubengraham,brenda71@example.org,725.669.6153,VP of Sales
Anderson-Reilly,https://www.linkedin.com/company/anderson-reilly,http://www.pena.org/,48,1,High,Jennifer Jones,https://www.linkedin.com/in/jamesgarcia,gregoryjackson@example.com,614.422.7235x33590,Business Analyst
Anderson-Reilly,https://www.linkedin.com/company/anderson-reilly,https://brown-mills.com/,25,1,Medium,Mr. Richard Owen,https://www.linkedin.com/in/amybrown,ucarr@example.com,711-475-2386x4914,COO
"Rodriguez, Cooper and Moody","https://www.linkedin.com/company/rodriguez,cooperandmoody",https://mckinney.com/,32,4,Medium,Michael Swanson,https://www.linkedin.com/in/chadshort,utate@example.com,295-654-4565x7104,Marketing Manager
"Rodriguez, Cooper and Moody","https://www.linkedin.com/company/rodriguez,cooperandmoody",http://green.net/,2,0,Low,Ashley Moss,https://www.linkedin.com/in/terryorozco,jay20@example.com,(664)524-8247x69221,Product Manager
Thompson-Rojas,https://www.linkedin.com/company/thompson-rojas,https://www.robles.com/,21,2,High,Jasmine Williams,https://www.linkedin.com/in/lauramontgomery,bwillis@example.com,4787119609,COO
"Jones, Braun and Stevens","https://www.linkedin.com/company/jones,braunandstevens",https://www.richardson-fritz.com/,18,4,High,William Pena,https://www.linkedin.com/in/mrs.susangallaghermd,mchavez@example.net,746.426.3502,VP of Sales
"Jones, Braun and Stevens","https://www.linkedin.com/company/jones,braunandstevens",http://www.santos.com/,45,5,Medium,Gary Stone,https://www.linkedin.com/in/brittanyroman,michael32@example.com,836.559.3825x20791,Product Manager
Galloway-Wright,https://www.linkedin.com/company/galloway-wright,http://www.padilla.com/,38,5,Low,Ann Hicks,https://www.linkedin.com/in/lindatanner,paul78@example.net,+1-965-421-2340x989,CEO
Galloway-Wright,https://www.linkedin.com/company/galloway-wright,http://smith.com/,35,5,Low,Ashley Key,https://www.linkedin.com/in/ashleewhite,tkelly@example.com,286.641.0838,CFO
Galloway-Wright,https://www.linkedin.com/company/galloway-wright,http://www.sutton.com/,4,4,Low,Jamie Herrera,https://www.linkedin.com/in/valeriesmith,vbrown@example.com,906.251.2898x9925,CFO
Mccall Ltd,https://www.linkedin.com/company/mccallltd,http://www.lloyd.net/,48,1,High,Erin Williams,https://www.linkedin.com/in/patriciagonzalez,wesley50@example.net,872.544.2110x20044,COO
Mccall Ltd,https://www.linkedin.com/company/mccallltd,https://www.brown.biz/,14,0,Medium,Lauren Ward,https://www.linkedin.com/in/johndavis,ralph38@example.org,255-565-5781,Lead Engineer
Austin-Graham,https://www.linkedin.com/company/austin-graham,https://www.boyd.net/,34,5,Low,Latoya Villa,https://www.linkedin.com/in/kathleenmelton,jacqueline75@example.org,465.610.4032x08759,COO
Austin-Graham,https://www.linkedin.com/company/austin-graham,http://www.knapp-blake.com/,40,2,High,Bobby Gregory,https://www.linkedin.com/in/mikaylamiller,larry84@example.net,4542625998,CTO
Lyons PLC,https://www.linkedin.com/company/lyonsplc,http://wheeler-bishop.com/,24,4,High,Dylan Hicks,https://www.linkedin.com/in/mariatyler,mitchellwilliam@example.com,+1-453-206-8323x850,CFO
Lyons PLC,https://www.linkedin.com/company/lyonsplc,http://mathews-payne.com/,8,3,High,Joseph Moran,https://www.linkedin.com/in/nicholaswilson,brichardson@example.net,734-656-2168x43212,CFO
Rowe PLC,https://www.linkedin.com/company/roweplc,https://www.williams.com/,11,2,Medium,Sandra Glenn,https://www.linkedin.com/in/kellyreid,kellywashington@example.org,+1-316-932-2373x5814,COO
Mcguire-Howell,https://www.linkedin.com/company/mcguire-howell,http://www.nguyen-rich.com/,22,4,High,Victor Rowland,https://www.linkedin.com/in/christopherjackson,solisjessica@example.com,001-611-958-4081x4690,CTO
Mcguire-Howell,https://www.linkedin.com/company/mcguire-howell,https://huber.com/,20,2,Low,Thomas Mathews,https://www.linkedin.com/in/roberthenderson,jeremy08@example.org,(996)730-4607x766,CFO
Miller-Clark,https://www.linkedin.com/company/miller-clark,http://www.harris.biz/,33,3,High,Anthony Carpenter,https://www.linkedin.com/in/brandonlopez,jillguzman@example.net,001-291-721-7918,Marketing Manager
Miller-Clark,https://www.linkedin.com/company/miller-clark,https://www.hawkins-wilson.com/,42,4,Low,Robert Mills,https://www.linkedin.com/in/henryrojas,tylercontreras@example.org,+1-229-389-1721x47461,Product Manager
Miller-Clark,https://www.linkedin.com/company/miller-clark,https://little.com/,30,5,High,Mr. Devin Andrews,https://www.linkedin.com/in/hunterdavidson,rachelbishop@example.org,641.520.6903x38720,CEO
"Martinez, Gomez and Johnson","https://www.linkedin.com/company/martinez,gomezandjohnson",https://cross-rivera.net/,45,1,High,Gail Spence,https://www.linkedin.com/in/donnajohnston,dominguezkelly@example.org,+1-821-545-7110x06691,Business Analyst
"Martinez, Gomez and Johnson","https://www.linkedin.com/company/martinez,gomezandjohnson",http://www.mason.biz/,48,5,Low,Justin Meyer,https://www.linkedin.com/in/mr.philipwhite,lgrant@example.net,001-274-753-2731x507,Product Manager
Baker-Cooper,https://www.linkedin.com/company/baker-cooper,http://bowman.com/,27,4,Medium,Robert Sparks,https://www.linkedin.com/in/alisondoyle,torresmichelle@example.org,831.491.1416,Product Manager
Baker-Cooper,https://www.linkedin.com/company/baker-cooper,http://www.gonzalez.com/,14,5,Low,Dawn Gill,https://www.linkedin.com/in/meganleonard,richard58@example.com,001-535-604-2553x31730,CTO
Baker-Cooper,https://www.linkedin.com/company/baker-cooper,https://harris.biz/,22,3,Medium,Mr. Thomas Williamson,https://www.linkedin.com/in/rebeccacruz,knunez@example.net,703.357.2894x012,Business Analyst
"Ramirez, Leblanc and White","https://www.linkedin.com/company/ramirez,leblancandwhite",https://hammond.com/,24,4,High,Jeremy Garcia,https://www.linkedin.com/in/patriciachang,andrew83@example.net,(223)997-6311x12722,CFO
Alexander-Leblanc,https://www.linkedin.com/company/alexander-leblanc,http://garcia-campbell.com/,17,1,Medium,Melanie Douglas,https://www.linkedin.com/in/franciscofisher,conradmark@example.net,(597)234-6435,Lead Engineer
Alexander-Leblanc,https://www.linkedin.com/company/alexander-leblanc,http://www.parker-brown.biz/,21,4,Low,Carlos Scott,https://www.linkedin.com/in/kellywright,jeffrey17@example.com,5942469565,Lead Engineer
Alexander-Leblanc,https://www.linkedin.com/company/alexander-leblanc,http://www.holmes.com/,43,3,Low,Jerry Kelley,https://www.linkedin.com/in/courtneyhogan,gomezmargaret@example.net,983.254.0237,CEO
"Mccoy, Drake and Reed","https://www.linkedin.com/company/mccoy,drakeandreed",https://www.barry-moore.com/,49,2,Medium,Melanie Davis,https://www.linkedin.com/in/arthurmartinez,smithjacob@example.net,4494949876,Marketing Manager
"Mccoy, Drake and Reed","https://www.linkedin.com/company/mccoy,drakeandreed",http://powell.net/,16,4,Low,Erin Garcia,https://www.linkedin.com/in/justinparsons,sanchezemily@example.org,265.580.7822,CTO
"Mccoy, Drake and Reed","https://www.linkedin.com/company/mccoy,drakeandreed",http://www.fisher-estes.info/,43,4,Medium,Diana Morris,https://www.linkedin.com/in/christinaolsen,jennifer85@example.com,+1-595-663-3214x05763,Business Analyst
"Medina, Dunlap and Patterson","https://www.linkedin.com/company/medina,dunlapandpatterson",http://walker.com/,37,3,Medium,Brent Combs,https://www.linkedin.com/in/cassandraleonard,smithwilliam@example.net,239-712-2622x1224,COO
"Medina, Dunlap and Patterson","https://www.linkedin.com/company/medina,dunlapandpatterson",http://moore.org/,13,1,High,Debbie Osborne,https://www.linkedin.com/in/jenniferphelps,sherrylane@example.com,470.927.6670,COO
"Medina, Dunlap and Patterson","https://www.linkedin.com/company/medina,dunlapandpatterson",https://miller.com/,18,0,Medium,Nicholas Russell,https://www.linkedin.com/in/michellemoore,bryandavila@example.net,535-283-4429x28102,CTO
Perkins Group,https://www.linkedin.com/company/perkinsgroup,https://www.davis-osborn.com/,22,4,Medium,Danielle Huber,https://www.linkedin.com/in/emmarussell,josephwhite@example.net,(953)274-6950,Product Manager
Perkins Group,https://www.linkedin.com/company/perkinsgroup,http://ross.com/,14,3,Medium,Kathryn Perez,https://www.linkedin.com/in/kennethnunez,davidmiller@example.net,+1-303-344-9014x092,CFO
"Mcgrath, Walker and Young","https://www.linkedin.com/company/mcgrath,walkerandyoung",http://walker.com/,41,1,Low,Rebecca Johnston,https://www.linkedin.com/in/robertharvey,rojasshawna@example.com,+1-961-876-6436,VP of Sales
"Mcgrath, Walker and Young","https://www.linkedin.com/company/mcgrath,walkerandyoung",https://www.smith.net/,5,1,Medium,James Brown,https://www.linkedin.com/in/frankfoster,pwatson@example.org,307.479.8987,Product Manager
"Mcgrath, Walker and Young","https://www.linkedin.com/company/mcgrath,walkerandyoung",http://johnson-williams.org/,31,0,High,Peter Osborn,https://www.linkedin.com/in/jameskey,harrisoncarla@example.com,(766)233-2387,Product Manager
"Brown, Henderson and Cole","https://www.linkedin.com/company/brown,hendersonandcole",https://www.nichols.com/,2,3,Low,Whitney Rangel,https://www.linkedin.com/in/jesusburton,kristina37@example.org,001-432-874-3479,CFO
"Brown, Henderson and Cole","https://www.linkedin.com/company/brown,hendersonandcole",https://www.raymond.com/,23,1,Low,John Dyer,https://www.linkedin.com/in/amybrowning,freysteve@example.net,734.927.7079,CEO
Smith-Dyer,https://www.linkedin.com/company/smith-dyer,https://williams.org/,13,3,High,Katherine Everett,https://www.linkedin.com/in/laurieodonnell,kelseybrown@example.com,001-812-208-9084,CEO
Smith-Dyer,https://www.linkedin.com/company/smith-dyer,https://www.jefferson-hernandez.biz/,30,2,High,James Palmer,https://www.linkedin.com/in/andrewowen,ggibson@example.org,319-993-0608,CTO
Smith-Dyer,https://www.linkedin.com/company/smith-dyer,http://mendoza.com/,33,2,Low,Virginia Ramos,https://www.linkedin.com/in/jessicajones,gloriamiller@example.com,609-228-6717,CTO
Shah-Shepherd,https://www.linkedin.com/company/shah-shepherd,https://www.chavez-dillon.com/,21,4,Low,Emily Valdez,https://www.linkedin.com/in/mr.rodneymcleandds,tony43@example.net,+1-810-605-1819,Product Manager
Collins Inc,https://www.linkedin.com/company/collinsinc,https://www.blake.com/,16,4,Medium,Walter Pearson,https://www.linkedin.com/in/angelablevins,philip73@example.com,914.726.1997,CEO
"White, Nelson and Wallace","https://www.linkedin.com/company/white,nelsonandwallace",http://landry.net/,10,3,Low,Mitchell Dominguez,https://www.linkedin.com/in/ms.julienorman,qwilson@example.com,001-698-987-5905x7830,Product Manager
"White, Nelson and Wallace","https://www.linkedin.com/company/white,nelsonandwallace",http://briggs-garcia.com/,16,4,High,Danielle Meyers,https://www.linkedin.com/in/markstewart,marcus51@example.net,001-212-235-6624x7762,COO
"White, Nelson and Wallace","https://www.linkedin.com/company/white,nelsonandwallace",http://www.navarro-adams.com/,17,4,High,Jonathan Ortiz,https://www.linkedin.com/in/seanrios,owright@example.com,736.549.2965x16982,CTO
Wright-Todd,https://www.linkedin.com/company/wright-todd,http://www.giles.org/,34,0,Low,Stacy Mitchell,https://www.linkedin.com/in/rhondawilliams,william93@example.com,878.707.7015x84158,Marketing Manager
White LLC,https://www.linkedin.com/company/whitellc,http://www.olsen.net/,2,1,Medium,Scott Miller,https://www.linkedin.com/in/travistate,cookrichard@example.net,+1-867-705-5018,COO
White LLC,https://www.linkedin.com/company/whitellc,https://www.mitchell-jimenez.com/,46,2,Low,Michael Love,https://www.linkedin.com/in/justinvillanueva,jessica93@example.com,001-859-554-6076x32874,Product Manager
White LLC,https://www.linkedin.com/company/whitellc,http://foster.com/,44,4,Low,Loretta George,https://www.linkedin.com/in/shanewaters,hughesjessica@example.org,+1-358-275-6003x5587,Business Analyst
Hernandez LLC,https://www.linkedin.com/company/hernandezllc,https://www.ortiz.net/,50,1,High,Peter Chan,https://www.linkedin.com/in/cassandrasanders,mark79@example.net,001-286-682-8152x59575,CEO
Hernandez LLC,https://www.linkedin.com/company/hernandezllc,http://hurley.com/,46,2,High,Stephanie Forbes,https://www.linkedin.com/in/jonathancox,walshjohn@example.net,787-758-2590x20284,Lead Engineer
Hernandez LLC,https://www.linkedin.com/company/hernandezllc,https://www.webster-andrews.biz/,40,4,Medium,Antonio Rivers,https://www.linkedin.com/in/williampage,patrickhicks@example.net,957.813.9169x500,CFO
Lee and Sons,https://www.linkedin.com/company/leeandsons,http://harris.com/,24,2,High,Dylan Green,https://www.linkedin.com/in/briannaanderson,roachwilliam@example.com,312.998.9799x923,Product Manager
Lee and Sons,https://www.linkedin.com/company/leeandsons,http://www.berry.biz/,11,5,Low,William Holmes,https://www.linkedin.com/in/aprilvelasquez,stuartsarah@example.net,(401)632-0490x13163,CFO
"Meza, King and Adams","https://www.linkedin.com/company/meza,kingandadams",http://henry-roth.com/,13,1,High,Jason Brown,https://www.linkedin.com/in/michaelgentry,ewagner@example.org,(282)687-1180,COO
"Meza, King and Adams","https://www.linkedin.com/company/meza,kingandadams",http://www.matthews-boyd.net/,8,2,Medium,Eric Ray,https://www.linkedin.com/in/patrickbecker,rickyrasmussen@example.org,001-632-995-0127x289,CFO
"Thomas, Flores and Nguyen","https://www.linkedin.com/company/thomas,floresandnguyen",https://www.rogers-cooper.biz/,2,0,Medium,Sheryl Morgan,https://www.linkedin.com/in/angelabuchanan,jamespatterson@example.net,785.255.4925x9496,VP of Sales
"Thomas, Flores and Nguyen","https://www.linkedin.com/company/thomas,floresandnguyen",https://www.henderson.com/,3,3,Low,Kerri Bryant,https://www.linkedin.com/in/jayjohnson,brooke80@example.org,+1-722-545-9358x065,Lead Engineer
Simpson Ltd,https://www.linkedin.com/company/simpsonltd,https://wilson.com/,29,5,Low,Ann Mckinney,https://www.linkedin.com/in/ronaldmiller,james31@example.net,(501)478-8365x471,CTO
Simpson Ltd,https://www.linkedin.com/company/simpsonltd,https://www.hull-carter.net/,26,5,High,Brian Alvarez,https://www.linkedin.com/in/sheilalowe,angelawebb@example.org,(484)523-3656x700,VP of Sales
Simpson Ltd,https://www.linkedin.com/company/simpsonltd,https://vance.com/,35,3,High,Angela Poole,https://www.linkedin.com/in/dianaramos,harpermary@example.net,484-567-8161,Lead Engineer
Fernandez-Jenkins,https://www.linkedin.com/company/fernandez-jenkins,https://www.anderson-bell.net/,10,5,Low,Stephen Aguilar,https://www.linkedin.com/in/kylebautista,katherine51@example.org,001-689-225-9587x84777,COO
"Cline, Collins and Hughes","https://www.linkedin.com/company/cline,collinsandhughes",http://www.chandler.com/,6,4,High,Sue Hughes,https://www.linkedin.com/in/dianemelton,steven37@example.com,+1-602-985-4848x4571,Lead Engineer
"Cline, Collins and Hughes","https://www.linkedin.com/company/cline,collinsandhughes",http://www.schmidt.info/,2,5,High,Peter Goodman,https://www.linkedin.com/in/xaviermartinez,aaron10@example.net,001-451-704-8800x15345,CFO
"Cline, Collins and Hughes","https://www.linkedin.com/company/cline,collinsandhughes",http://ramirez.com/,44,2,High,Erika Foster,https://www.linkedin.com/in/tonythompson,debbieyoung@example.net,+1-475-408-8482x59714,Lead Engineer
Johnson-Rangel,https://www.linkedin.com/company/johnson-rangel,https://smith.org/,33,2,High,Pamela Gardner,https://www.linkedin.com/in/jerryvega,larsontaylor@example.net,+1-281-413-7342x29477,COO
"Young, Robinson and Armstrong","https://www.linkedin.com/company/young,robinsonandarmstrong",http://aguilar-barnes.com/,38,1,Medium,Albert Shannon,https://www.linkedin.com/in/coryjones,robertjensen@example.net,8227469743,Product Manager
"Young, Robinson and Armstrong","https://www.linkedin.com/company/young,robinsonandarmstrong",http://www.wheeler.com/,42,0,Medium,Christopher Chan,https://www.linkedin.com/in/jenniferfernandez,michael06@example.org,866.928.9493x714,CFO
Moran Ltd,https://www.linkedin.com/company/moranltd,http://scott.com/,30,1,Low,Richard Blair MD,https://www.linkedin.com/in/maryvalentine,nguyenashley@example.com,+1-745-650-3680x79670,Product Manager
Wallace Group,https://www.linkedin.com/company/wallacegroup,http://johnson.com/,3,1,Low,Charles Roth,https://www.linkedin.com/in/jongordon,lance34@example.org,602.415.0203x765,Business Analyst
Nelson-Hayes,https://www.linkedin.com/company/nelson-hayes,https://www.leon-robinson.biz/,23,3,Low,Alexander Turner,https://www.linkedin.com/in/tonyamartinez,jordanroger@example.net,2308028754,CFO
Nelson-Hayes,https://www.linkedin.com/company/nelson-hayes,http://www.manning.com/,10,4,High,Wesley Chavez,https://www.linkedin.com/in/carlcain,flemingmichael@example.net,423-330-7286,CEO
Nelson-Hayes,https://www.linkedin.com/company/nelson-hayes,https://www.shaw-castro.com/,4,1,High,Ms. Kimberly Fitzgerald,https://www.linkedin.com/in/christophersmith,katrinahiggins@example.net,(592)462-9594x288,Marketing Manager
Anderson Group,https://www.linkedin.com/company/andersongroup,https://ward.com/,25,0,High,Denise Davis,https://www.linkedin.com/in/josephbrooks,manuel12@example.org,341.515.1425x78302,COO
Anderson Group,https://www.linkedin.com/company/andersongroup,https://www.murillo-green.com/,28,2,High,Melissa Hardy,https://www.linkedin.com/in/patriciabrooks,smithkaitlin@example.org,001-648-675-5207x48318,CTO
"Allen, Wilkins and Johnston","https://www.linkedin.com/company/allen,wilkinsandjohnston",http://www.martin.com/,34,3,High,Katelyn Wright,https://www.linkedin.com/in/aaronortega,rosalesheather@example.org,7355296809,Lead Engineer
"Allen, Wilkins and Johnston","https://www.linkedin.com/company/allen,wilkinsandjohnston",https://bryan.com/,25,0,High,Ryan Brown,https://www.linkedin.com/in/kevinsavage,fraziercynthia@example.org,(290)429-6188,Product Manager
"Garcia, Blair and Cobb","https://www.linkedin.com/company/garcia,blairandcobb",https://johnson-wolfe.com/,47,5,Medium,Keith Bass,https://www.linkedin.com/in/michaelgonzalez,jessicajimenez@example.net,362-868-9144,Marketing Manager
"Garcia, Blair and Cobb","https://www.linkedin.com/company/garcia,blairandcobb",https://cameron.com/,14,4,High,Matthew Butler,https://www.linkedin.com/in/christydennis,ahuang@example.com,592.861.1020x90054,Lead Engineer
"Garcia, Blair and Cobb","https://www.linkedin.com/company/garcia,blairandcobb",http://johnston.biz/,38,3,Medium,Brian Newman,https://www.linkedin.com/in/anthonycaldwell,curtis90@example.org,001-409-456-8851,Lead Engineer
Brown-Adams,https://www.linkedin.com/company/brown-adams,https://www.anderson.com/,3,2,Low,Angela Miller,https://www.linkedin.com/in/andrewmoore,akelly@example.org,283-768-1270,CEO
Brown-Adams,https://www.linkedin.com/company/brown-adams,http://jones.com/,40,0,Medium,John Yang,https://www.linkedin.com/in/tiffanydavila,laurenayala@example.net,763.921.0288x19972,CFO
Brown-Adams,https://www.linkedin.com/company/brown-adams,https://barron.com/,1,1,Medium,Megan Thompson,https://www.linkedin.com/in/jessicaburnett,collinsgrant@example.net,001-324-211-4116x599,Business Analyst
Miller-Ramirez,https://www.linkedin.com/company/miller-ramirez,https://walter.com/,3,3,Medium,Todd Jimenez,https://www.linkedin.com/in/matthewscott,christopherjenkins@example.com,(892)849-8453,VP of Sales
Miller-Ramirez,https://www.linkedin.com/company/miller-ramirez,http://www.jackson-fitzgerald.org/,41,3,Medium,Melissa Kline,https://www.linkedin.com/in/timothyreed,rwilson@example.org,001-366-798-1868x4301,CFO
Miller-Ramirez,https://www.linkedin.com/company/miller-ramirez,http://www.lee.net/,45,3,Medium,Susan Rodriguez,https://www.linkedin.com/in/virginiaperez,davisbeth@example.net,995-432-2575x128,Marketing Manager
"Galvan, Dunlap and Smith","https://www.linkedin.com/company/galvan,dunlapandsmith",https://www.sanders-brown.com/,43,5,Low,John Melton,https://www.linkedin.com/in/daniellozano,fcraig@example.org,001-970-651-1873x85781,CFO
Zuniga Inc,https://www.linkedin.com/company/zunigainc,https://escobar.com/,21,3,Low,Dominique Brennan,https://www.linkedin.com/in/danielgoodman,greenestephanie@example.net,(911)732-4797x97987,CFO
Zuniga Inc,https://www.linkedin.com/company/zunigainc,https://www.kennedy.com/,6,2,Medium,Susan Harris,https://www.linkedin.com/in/johnwilson,priceemily@example.org,(995)333-3873,VP of Sales
Myers Inc,https://www.linkedin.com/company/myersinc,http://www.smith.com/,25,0,Medium,John Roman,https://www.linkedin.com/in/garrettfieldsdds,eric48@example.net,001-357-446-1160x403,CFO
"Chavez, Harrison and Ruiz","https://www.linkedin.com/company/chavez,harrisonandruiz",https://blackwell-rivera.com/,50,4,Medium,Jennifer Baker,https://www.linkedin.com/in/jamesdawson,danielmorris@example.net,4787480542,Business Analyst
Valdez-Bennett,https://www.linkedin.com/company/valdez-bennett,https://www.sanders-aguilar.org/,6,5,Low,Susan Lawrence,https://www.linkedin.com/in/theresaperez,austin31@example.org,+1-447-859-5953x9142,CTO
Anthony-Wright,https://www.linkedin.com/company/anthony-wright,http://alvarez.org/,13,3,Medium,Rachel Castaneda,https://www.linkedin.com/in/christophernelson,murphytamara@example.org,(560)890-0423,CEO
Anthony-Wright,https://www.linkedin.com/company/anthony-wright,http://www.miller-olson.net/,30,5,Low,Dr. Dennis Hays,https://www.linkedin.com/in/deniserobinson,whayes@example.net,644-531-0467x691,Business Analyst
"Taylor, Young and Edwards","https://www.linkedin.com/company/taylor,youngandedwards",http://fernandez-hill.com/,17,0,Medium,Michael Camacho,https://www.linkedin.com/in/daviddoyle,shawnharris@example.org,+1-271-798-6620x3341,Marketing Manager
"Taylor, Young and Edwards","https://www.linkedin.com/company/taylor,youngandedwards",http://www.greene-sims.com/,28,5,Low,James Yang,https://www.linkedin.com/in/bryanhall,berryantonio@example.org,(487)234-5818x57965,VP of Sales
"Taylor, Young and Edwards","https://www.linkedin.com/company/taylor,youngandedwards",https://anderson.com/,44,5,Low,Emily Maxwell MD,https://www.linkedin.com/in/tracyreynolds,delliott@example.com,(927)852-2623,CFO
Greene-Brady,https://www.linkedin.com/company/greene-brady,http://griffin-torres.net/,17,1,High,Brian Wilkins,https://www.linkedin.com/in/marcuscarney,barnesanna@example.net,351-966-0444,Marketing Manager
"Lynn, Li and Johnson","https://www.linkedin.com/company/lynn,liandjohnson",https://www.fernandez.com/,18,5,High,Ruben Crosby,https://www.linkedin.com/in/elizabethmartinez,jonesdaniel@example.org,995.964.2540,Business Analyst
"Lynn, Li and Johnson","https://www.linkedin.com/company/lynn,liandjohnson",https://www.cook.org/,39,5,Low,Justin Stone,https://www.linkedin.com/in/kylebond,shariburke@example.net,329.228.4449x484,Lead Engineer
"Lynn, Li and Johnson","https://www.linkedin.com/company/lynn,liandjohnson",http://luna-johnston.net/,29,3,High,Patricia Johnson,https://www.linkedin.com/in/jonathanclark,mjackson@example.net,479.865.9830x51576,Marketing Manager
Short LLC,https://www.linkedin.com/company/shortllc,https://davis-moreno.com/,32,2,Low,Chelsea Terry,https://www.linkedin.com/in/sarahburton,stephensonjeffrey@example.org,001-693-526-1003,CFO
Short LLC,https://www.linkedin.com/company/shortllc,http://murray.com/,39,2,High,Richard Patton,https://www.linkedin.com/in/nicolecampbell,haassamantha@example.net,392.559.0779x86394,VP of Sales
Short LLC,https://www.linkedin.com/company/shortllc,https://www.anderson.biz/,11,3,Low,Gina Hernandez,https://www.linkedin.com/in/elizabethsilva,rileypaul@example.net,001-321-444-2950x95526,COO
Curtis-Roberts,https://www.linkedin.com/company/curtis-roberts,https://roth-morales.com/,21,5,Low,Lindsey Quinn,https://www.linkedin.com/in/kimberlygarrett,ricemarvin@example.org,(647)983-8185x366,VP of Sales
Curtis-Roberts,https://www.linkedin.com/company/curtis-roberts,https://gonzalez-bowman.com/,43,1,High,Shelly Taylor,https://www.linkedin.com/in/dustinflores,cabreraamanda@example.net,763-797-7216,Marketing Manager
Richardson and Sons,https://www.linkedin.com/company/richardsonandsons,https://ortiz-elliott.biz/,16,1,Medium,Tracy Smith,https://www.linkedin.com/in/angelrussell,gcalderon@example.com,+1-354-527-5168x301,VP of Sales
Richardson and Sons,https://www.linkedin.com/company/richardsonandsons,https://www.phillips.com/,36,4,High,Bryan Everett,https://www.linkedin.com/in/rebeccamarsh,zacharylove@example.org,(822)478-6662x4545,CEO
"Morris, Hill and Jenkins","https://www.linkedin.com/company/morris,hillandjenkins",http://www.rivera.net/,35,2,High,Theresa Campbell,https://www.linkedin.com/in/jackelliott,ujones@example.org,(863)899-9692x97611,CEO
"Morris, Hill and Jenkins","https://www.linkedin.com/company/morris,hillandjenkins",http://hubbard.com/,18,3,Medium,Clinton Smith,https://www.linkedin.com/in/vanessamurray,ymartinez@example.com,(622)230-9252,Marketing Manager
Hunt Ltd,https://www.linkedin.com/company/huntltd,http://www.cook-steele.biz/,34,4,Low,Lydia Leach,https://www.linkedin.com/in/dennisbergermd,andersonbrandon@example.net,735-572-4266,Lead Engineer
Casey-Frederick,https://www.linkedin.com/company/casey-frederick,https://www.clark.com/,18,5,Medium,Laurie Brooks,https://www.linkedin.com/in/nicolemiller,crystal10@example.com,8543830899,COO
Liu-Mcfarland,https://www.linkedin.com/company/liu-mcfarland,http://www.king-henry.info/,36,2,Low,Michelle Watson,https://www.linkedin.com/in/kendragoodwin,brandonthomas@example.org,(353)678-0227x45063,VP of Sales
Liu-Mcfarland,https://www.linkedin.com/company/liu-mcfarland,http://allen.com/,23,3,Medium,Sandra Johnson,https://www.linkedin.com/in/daviddickson,kchan@example.com,001-218-975-4910x9017,Business Analyst
"Martinez, Craig and Nelson","https://www.linkedin.com/company/martinez,craigandnelson",http://www.anderson.biz/,5,4,Low,Kristin Lester,https://www.linkedin.com/in/mr.andrewnewman,larryjackson@example.org,775.341.7857,Product Manager
Duarte LLC,https://www.linkedin.com/company/duartellc,http://www.morales.com/,6,1,Medium,Richard Watson,https://www.linkedin.com/in/crystalperry,qyoung@example.net,481-875-7984x817,Marketing Manager
Duarte LLC,https://www.linkedin.com/company/duartellc,https://www.hill-reid.com/,41,2,Medium,Eric Herring,https://www.linkedin.com/in/matthewdean,lucasdarlene@example.org,(251)594-8436x981,Lead Engineer
Love Ltd,https://www.linkedin.com/company/loveltd,https://carter.com/,26,1,Low,Laura Kennedy,https://www.linkedin.com/in/sharonhogan,clarkjohn@example.org,(525)230-3015x1635,CEO
Sanchez-Martinez,https://www.linkedin.com/company/sanchez-martinez,https://pham-powell.com/,36,3,High,Lisa Elliott,https://www.linkedin.com/in/steventrevino,rosslisa@example.org,8932090005,Product Manager
Sanchez-Martinez,https://www.linkedin.com/company/sanchez-martinez,https://palmer.com/,10,4,Low,Claire Jones,https://www.linkedin.com/in/petergreen,mark40@example.org,349-447-0356,Lead Engineer
"Powell, Gardner and Bowman","https://www.linkedin.com/company/powell,gardnerandbowman",http://caldwell.biz/,40,4,Low,Brian Allen,https://www.linkedin.com/in/cassandrasherman,qcarroll@example.net,(955)313-6403x87119,COO
"Powell, Gardner and Bowman","https://www.linkedin.com/company/powell,gardnerandbowman",http://hughes.com/,32,0,Medium,Brad Malone,https://www.linkedin.com/in/amandabrown,kgarcia@example.org,(699)982-4448x7139,Business Analyst
Marquez Inc,https://www.linkedin.com/company/marquezinc,http://chan-moreno.com/,38,5,High,Ian Harris,https://www.linkedin.com/in/amandaelliott,vjohnson@example.net,(798)876-8662x00275,Marketing Manager
Marquez Inc,https://www.linkedin.com/company/marquezinc,https://www.ingram-randall.biz/,2,4,Low,Sheila Ingram,https://www.linkedin.com/in/nicolecarpenter,whiteduane@example.org,+1-583-772-3616x920,COO
Macdonald and Sons,https://www.linkedin.com/company/macdonaldandsons,http://barnett-ross.biz/,40,2,Medium,Martha Obrien,https://www.linkedin.com/in/briansmith,nancydunn@example.org,001-998-660-9650x063,VP of Sales
Macdonald and Sons,https://www.linkedin.com/company/macdonaldandsons,http://jenkins.com/,49,5,Medium,Lori Mccoy,https://www.linkedin.com/in/lauraraymond,nmills@example.com,001-879-435-3625x648,Lead Engineer
Macdonald and Sons,https://www.linkedin.com/company/macdonaldandsons,http://thompson-king.com/,39,3,Low,James Reyes,https://www.linkedin.com/in/natashajohnson,bryandanielle@example.org,657.698.8649,Product Manager
Stevens-Flynn,https://www.linkedin.com/company/stevens-flynn,https://fleming.com/,41,3,High,Austin Simmons,https://www.linkedin.com/in/davidgarcia,yolanda86@example.org,960-296-9715x80989,Lead Engineer
Stevens-Flynn,https://www.linkedin.com/company/stevens-flynn,http://white-miller.com/,45,1,Low,Veronica Malone,https://www.linkedin.com/in/sharonandrade,jordan36@example.com,+1-598-210-5551x376,CFO
Martinez PLC,https://www.linkedin.com/company/martinezplc,https://welch.com/,1,1,Medium,Erica Cole,https://www.linkedin.com/in/mr.justinpadilladds,charles56@example.com,001-314-559-6247x718,Marketing Manager
Martinez PLC,https://www.linkedin.com/company/martinezplc,http://www.hill.com/,43,4,Medium,Jean Clark,https://www.linkedin.com/in/crystalherrera,michael88@example.org,001-521-792-8431x644,CEO
"Hoffman, Valentine and Howard","https://www.linkedin.com/company/hoffman,valentineandhoward",https://www.snow.com/,8,2,High,Patrick Estes,https://www.linkedin.com/in/nicolesmith,michaelmurphy@example.com,(251)703-8396x846,CTO
Nixon PLC,https://www.linkedin.com/company/nixonplc,http://www.hughes.com/,23,5,Low,Jared Riddle,https://www.linkedin.com/in/randymalone,jreed@example.org,+1-351-964-8075x196,VP of Sales
"Berry, Boyle and Warner","https://www.linkedin.com/company/berry,boyleandwarner",https://bryant.com/,43,3,Medium,Rebecca Kline,https://www.linkedin.com/in/rachelgrimes,matthewramirez@example.net,5974929100,Business Analyst
"Berry, Boyle and Warner","https://www.linkedin.com/company/berry,boyleandwarner",https://www.henson.com/,34,2,Low,Adam Luna,https://www.linkedin.com/in/natashachan,coreyanderson@example.org,001-972-506-4180,COO
"Berry, Boyle and Warner","https://www.linkedin.com/company/berry,boyleandwarner",http://www.harvey-chavez.com/,40,2,Low,Barbara Wilson,https://www.linkedin.com/in/matthewanthony,wandagray@example.org,+1-692-906-0340x5189,Business Analyst
Fletcher-Webb,https://www.linkedin.com/company/fletcher-webb,http://www.rodriguez.net/,48,4,Medium,Michael Mccarthy,https://www.linkedin.com/in/laurennguyen,velazquezsarah@example.com,556.778.1113x0128,COO
Fletcher-Webb,https://www.linkedin.com/company/fletcher-webb,https://www.ruiz.com/,30,1,Low,Zachary Grant,https://www.linkedin.com/in/jamessexton,ashleysanders@example.com,786.964.4528,Marketing Manager
Ramirez-Walsh,https://www.linkedin.com/company/ramirez-walsh,https://payne.com/,20,1,Low,John Mayer,https://www.linkedin.com/in/johnhodges,shawnthomas@example.com,8392684436,CEO
Ramirez-Walsh,https://www.linkedin.com/company/ramirez-walsh,http://wang-robbins.com/,2,1,High,Bryan Mclaughlin,https://www.linkedin.com/in/christinehill,debracarlson@example.org,226.982.5688x7176,Product Manager
Ramirez-Walsh,https://www.linkedin.com/company/ramirez-walsh,https://www.petty.info/,28,2,Low,Martin Munoz,https://www.linkedin.com/in/oscarmorris,christine76@example.com,3386976164,CEO
"Howe, Johnson and Hall","https://www.linkedin.com/company/howe,johnsonandhall",https://www.lewis.com/,18,2,High,Richard Jimenez DVM,https://www.linkedin.com/in/brandycollins,lawsonlauren@example.net,001-961-908-6498,CFO
Fry and Sons,https://www.linkedin.com/company/fryandsons,http://www.keller.net/,27,1,High,Ashley Hernandez,https://www.linkedin.com/in/michellejohnson,dgates@example.com,554-222-8444x23587,Business Analyst
Smith-King,https://www.linkedin.com/company/smith-king,http://johnson.org/,18,4,High,Virginia Brown,https://www.linkedin.com/in/kararasmussen,leah45@example.org,+1-584-762-3569x719,CFO
Smith-King,https://www.linkedin.com/company/smith-king,https://www.poole-schroeder.com/,15,1,Medium,Dawn Carr,https://www.linkedin.com/in/jasonbarry,josephestrada@example.com,001-285-447-8426,Marketing Manager
"Gallegos, Lin and Rodriguez","https://www.linkedin.com/company/gallegos,linandrodriguez",https://roman-brooks.net/,30,2,Medium,David Bell,https://www.linkedin.com/in/lindseymartinez,davidgilbert@example.org,644.201.6655x5272,Marketing Manager
"Cameron, Cooper and Rivera","https://www.linkedin.com/company/cameron,cooperandrivera",http://marshall.org/,47,3,High,Robert Delacruz,https://www.linkedin.com/in/denisefranklin,kbarnes@example.com,(555)952-2131,CTO
"Cameron, Cooper and Rivera","https://www.linkedin.com/company/cameron,cooperandrivera",http://www.wiggins-mays.biz/,24,4,Medium,Christopher Tucker DVM,https://www.linkedin.com/in/karenherman,rogersmatthew@example.org,+1-745-519-9134x001,Product Manager
"Cameron, Cooper and Rivera","https://www.linkedin.com/company/cameron,cooperandrivera",http://nelson.com/,11,2,High,Christopher Lee,https://www.linkedin.com/in/xavierboyd,calvarado@example.net,+1-238-428-6108x015,VP of Sales
Keller Ltd,https://www.linkedin.com/company/kellerltd,https://marsh.com/,42,0,Low,Daniel Sawyer,https://www.linkedin.com/in/brandonrodriguez,wmorris@example.org,982-650-8302x43101,COO
Hernandez-Lewis,https://www.linkedin.com/company/hernandez-lewis,https://www.welch.com/,31,2,Medium,Thomas Roberts,https://www.linkedin.com/in/jefferydelgado,kflores@example.org,584.870.3896x3348,CFO
Hernandez-Lewis,https://www.linkedin.com/company/hernandez-lewis,https://www.castro.com/,15,5,Low,Ryan Williams,https://www.linkedin.com/in/tammybooth,michael64@example.com,+1-893-944-9878x45071,CEO
"Rodriguez, Carroll and Rose","https://www.linkedin.com/company/rodriguez,carrollandrose",http://velez.com/,18,4,High,Christopher Kelley,https://www.linkedin.com/in/stephengreen,herbertwilliams@example.org,904-470-0503,Business Analyst
Baker-Brown,https://www.linkedin.com/company/baker-brown,https://simmons.net/,15,2,Low,Christopher Weaver,https://www.linkedin.com/in/blaketerrell,michelleharper@example.net,+1-364-828-8379,CTO
Mcdonald-Figueroa,https://www.linkedin.com/company/mcdonald-figueroa,https://harris.org/,2,1,Low,Madison Novak,https://www.linkedin.com/in/ronaldtaylor,aberg@example.net,(228)968-5156,CEO
Mcdonald-Figueroa,https://www.linkedin.com/company/mcdonald-figueroa,http://www.fisher.com/,30,2,High,Melanie Beasley,https://www.linkedin.com/in/robertjohnson,phillipshaley@example.org,398.208.5389x19966,Product Manager
Mcdonald-Figueroa,https://www.linkedin.com/company/mcdonald-figueroa,https://www.sutton-short.com/,9,3,Low,Timothy Morgan,https://www.linkedin.com/in/charleshernandez,moorebrian@example.org,831-459-2543,Product Manager
Rosario Ltd,https://www.linkedin.com/company/rosarioltd,https://www.cook.info/,14,4,Medium,Angelica Lester,https://www.linkedin.com/in/kimberlybush,benjamin83@example.org,351.891.4512,CFO
"Jennings, Taylor and Davis","https://www.linkedin.com/company/jennings,tayloranddavis",http://contreras.com/,38,5,Medium,Kelli Russell,https://www.linkedin.com/in/natashamiles,hthompson@example.com,001-911-325-9324x4426,COO
Jordan-Jones,https://www.linkedin.com/company/jordan-jones,http://www.perry.net/,10,3,Medium,Angela Thompson,https://www.linkedin.com/in/jonathanweber,ugray@example.com,426.683.1191,CTO
"Barrett, Young and Hunter","https://www.linkedin.com/company/barrett,youngandhunter",http://bell.org/,32,0,Low,Colleen Nelson,https://www.linkedin.com/in/levifrazier,pbarnett@example.org,(366)448-2806,Lead Engineer
Mahoney PLC,https://www.linkedin.com/company/mahoneyplc,http://steele.com/,37,2,Medium,Robert Bowman,https://www.linkedin.com/in/lauraberg,pweaver@example.com,707-778-5775x0493,VP of Sales
Mahoney PLC,https://www.linkedin.com/company/mahoneyplc,https://www.wilson.com/,30,0,Low,Michelle James,https://www.linkedin.com/in/jillmeyer,kadams@example.org,956-891-3241x59641,Product Manager
Lozano-Miller,https://www.linkedin.com/company/lozano-miller,http://www.costa.com/,15,5,High,Joshua Murray,https://www.linkedin.com/in/thomasanderson,katieadkins@example.org,718-298-9909,Marketing Manager
Johnson Ltd,https://www.linkedin.com/company/johnsonltd,http://www.martinez-clements.com/,37,5,High,Anthony Knight,https://www.linkedin.com/in/charlestaylor,melinda15@example.com,(933)663-1673x53882,Marketing Manager
Bishop-Pennington,https://www.linkedin.com/company/bishop-pennington,http://www.rogers.com/,32,0,Low,John Collier,https://www.linkedin.com/in/crystalmoore,juliasullivan@example.net,3967547786,VP of Sales
Hughes Group,https://www.linkedin.com/company/hughesgroup,https://norris-morgan.net/,25,5,High,Kimberly Perez,https://www.linkedin.com/in/kellylee,zvincent@example.com,282-517-3416,Lead Engineer
Thompson-Moore,https://www.linkedin.com/company/thompson-moore,https://www.mason.com/,6,4,Medium,Marilyn Fry,https://www.linkedin.com/in/peggymyers,reneeramirez@example.org,323.712.9154x495,COO
"Thomas, Cherry and Stephens","https://www.linkedin.com/company/thomas,cherryandstephens",http://www.lewis.info/,35,0,Low,Thomas Taylor,https://www.linkedin.com/in/mr.jordanwang,latoyafranklin@example.net,+1-713-276-4003x413,Business Analyst
"Thomas, Cherry and Stephens","https://www.linkedin.com/company/thomas,cherryandstephens",https://www.mercer.com/,34,5,Medium,Douglas Oconnor,https://www.linkedin.com/in/michealpatterson,meagan19@example.net,508.798.1524,VP of Sales
"Butler, Wilson and Butler","https://www.linkedin.com/company/butler,wilsonandbutler",http://www.rogers.com/,26,5,Medium,April Vang,https://www.linkedin.com/in/davidterry,erinharris@example.org,001-655-236-7882x165,CFO
"Butler, Wilson and Butler","https://www.linkedin.com/company/butler,wilsonandbutler",https://gibson-aguirre.com/,13,0,Low,Joshua Booth,https://www.linkedin.com/in/alexanderbailey,kennedydenise@example.net,(963)585-3719x8577,COO
"White, Maldonado and Burgess","https://www.linkedin.com/company/white,maldonadoandburgess",http://ayala.org/,26,4,Medium,Ricardo Miller,https://www.linkedin.com/in/marklloyd,wilsonmichele@example.org,353.245.9925,Product Manager
"White, Maldonado and Burgess","https://www.linkedin.com/company/white,maldonadoandburgess",http://www.daniels.com/,25,2,High,Charles Willis,https://www.linkedin.com/in/anthonygarcia,marcus52@example.com,494-267-9517,CTO
"King, Simpson and Swanson","https://www.linkedin.com/company/king,simpsonandswanson",https://lynn-jordan.com/,13,5,Medium,Tiffany Smith,https://www.linkedin.com/in/thomasrowe,william81@example.com,881-760-8057x940,Business Analyst
"King, Simpson and Swanson","https://www.linkedin.com/company/king,simpsonandswanson",http://www.hernandez-harris.com/,48,2,High,Abigail Arellano,https://www.linkedin.com/in/paigemartinez,deborahsummers@example.com,+1-223-478-2965x8776,VP of Sales
Hoffman-Payne,https://www.linkedin.com/company/hoffman-payne,http://cunningham.com/,40,3,Low,Michael Pearson,https://www.linkedin.com/in/johnmartin,tsalazar@example.org,387-917-2671x948,CTO
Hoffman-Payne,https://www.linkedin.com/company/hoffman-payne,http://gomez.net/,4,3,Low,Victor Davis,https://www.linkedin.com/in/michaelsmith,kathy07@example.com,768.288.3369,Marketing Manager
Hoffman-Payne,https://www.linkedin.com/company/hoffman-payne,http://smith.com/,35,2,Low,Francis Clark,https://www.linkedin.com/in/seancox,frank48@example.net,001-349-848-6723,CFO
Johnson PLC,https://www.linkedin.com/company/johnsonplc,http://lewis.com/,50,4,Medium,Steven Kent,https://www.linkedin.com/in/amandastewart,robertstimothy@example.org,001-517-339-2220x791,Business Analyst
Johnson PLC,https://www.linkedin.com/company/johnsonplc,http://mendez.com/,38,1,Low,Maria Vaughn,https://www.linkedin.com/in/courtneygilbert,icampbell@example.net,3163590341,Marketing Manager
Johnson PLC,https://www.linkedin.com/company/johnsonplc,http://www.rivera-brady.com/,6,0,Medium,Jeremy Smith,https://www.linkedin.com/in/scotthodge,wayne31@example.org,+1-836-899-6776x035,COO
"Mitchell, Brooks and Caldwell","https://www.linkedin.com/company/mitchell,brooksandcaldwell",https://www.thornton.com/,3,1,High,Mary Hayes,https://www.linkedin.com/in/barbarafreeman,michelle60@example.net,(799)957-9136,Marketing Manager
"Mitchell, Brooks and Caldwell","https://www.linkedin.com/company/mitchell,brooksandcaldwell",https://meyer.com/,27,2,High,Cynthia Mercado,https://www.linkedin.com/in/michellechambers,scottchristian@example.org,9232373586,Product Manager
"Mitchell, Brooks and Caldwell","https://www.linkedin.com/company/mitchell,brooksandcaldwell",https://www.griffin.info/,10,3,Low,Kathryn Malone,https://www.linkedin.com/in/emilywagner,kjackson@example.net,319.359.6854,CFO
Ortiz-Gonzales,https://www.linkedin.com/company/ortiz-gonzales,http://munoz.com/,38,5,Medium,Jennifer Marshall,https://www.linkedin.com/in/seancraig,jeffreymiller@example.net,(954)347-7064,CEO
Ortiz-Gonzales,https://www.linkedin.com/company/ortiz-gonzales,http://jenkins-patterson.biz/,25,2,Medium,Sarah Moreno,https://www.linkedin.com/in/belindalogan,warneranne@example.com,001-375-370-6165,VP of Sales
"Burns, Lopez and Gardner","https://www.linkedin.com/company/burns,lopezandgardner",https://norton-bell.com/,40,3,Medium,Rebecca Williams,https://www.linkedin.com/in/laurensalinasmd,wardjoy@example.com,001-531-529-4512x474,COO
"Burns, Lopez and Gardner","https://www.linkedin.com/company/burns,lopezandgardner",https://www.mckenzie.com/,50,3,High,Caitlin Walker,https://www.linkedin.com/in/johncantu,vanessa24@example.org,001-631-450-6063x12114,CEO
"Burns, Lopez and Gardner","https://www.linkedin.com/company/burns,lopezandgardner",http://www.wilson.com/,4,1,Medium,Mary Torres,https://www.linkedin.com/in/kristinharveydvm,nataliegutierrez@example.net,001-542-419-4357x6485,Business Analyst
Ramsey PLC,https://www.linkedin.com/company/ramseyplc,http://martinez.info/,23,3,Low,Dennis Lawrence,https://www.linkedin.com/in/kaitlynross,murphydawn@example.com,(759)655-7301x66019,Product Manager
"Snow, Harris and Cunningham","https://www.linkedin.com/company/snow,harrisandcunningham",http://www.sanders.info/,4,0,Medium,David Harris,https://www.linkedin.com/in/kellybarr,sara10@example.net,(341)227-0960,COO
"Snow, Harris and Cunningham","https://www.linkedin.com/company/snow,harrisandcunningham",http://www.farmer.com/,44,4,High,Daniel White,https://www.linkedin.com/in/tinajordan,john92@example.net,324-213-1095x25750,VP of Sales
"Snow, Harris and Cunningham","https://www.linkedin.com/company/snow,harrisandcunningham",http://www.valdez.com/,39,1,Medium,Craig Robinson,https://www.linkedin.com/in/victorrobertson,lkrause@example.org,(384)261-2051x1208,Marketing Manager
Anderson PLC,https://www.linkedin.com/company/andersonplc,http://www.stafford-nunez.net/,37,2,High,Jordan Hughes,https://www.linkedin.com/in/christopherhoward,sandrachen@example.net,994.923.7525x24575,CTO
Anderson PLC,https://www.linkedin.com/company/andersonplc,https://reynolds-johnson.net/,4,4,Medium,Anthony Golden,https://www.linkedin.com/in/michaelmorris,zmiller@example.org,+1-868-635-5811x980,Lead Engineer
Anderson PLC,https://www.linkedin.com/company/andersonplc,http://www.smith.info/,35,5,High,Kevin Long,https://www.linkedin.com/in/ericroberts,kennethramirez@example.net,+1-385-314-8579x26067,CEO
"Bennett, Lyons and Taylor","https://www.linkedin.com/company/bennett,lyonsandtaylor",http://baker-black.com/,37,2,Medium,Sabrina Carey,https://www.linkedin.com/in/christinecox,pamelamendoza@example.org,985-709-9880,CTO
"Bennett, Lyons and Taylor","https://www.linkedin.com/company/bennett,lyonsandtaylor",https://www.morales-tucker.com/,42,0,Medium,Cheryl Estrada DDS,https://www.linkedin.com/in/johnjacobson,stephenlewis@example.org,521.665.8393x21213,COO
"Bennett, Lyons and Taylor","https://www.linkedin.com/company/bennett,lyonsandtaylor",http://conner-berger.org/,41,1,Medium,Samuel Gray,https://www.linkedin.com/in/cherylmason,robertchase@example.org,827-470-4373x672,CFO
Sandoval-Chavez,https://www.linkedin.com/company/sandoval-chavez,http://www.solomon.com/,49,4,Low,Richard Love,https://www.linkedin.com/in/michaelnielsen,juanhart@example.net,001-451-588-0172,Business Analyst
Sandoval-Chavez,https://www.linkedin.com/company/sandoval-chavez,https://webb-ewing.com/,24,4,Medium,Brian Martinez,https://www.linkedin.com/in/josephcastillo,lisa64@example.org,(625)585-2079x00051,CTO
"Wright, Ramirez and Foster","https://www.linkedin.com/company/wright,ramirezandfoster",https://www.moss-johns.com/,21,3,Low,Joseph Williams,https://www.linkedin.com/in/amandamyers,melissa20@example.org,(526)250-4046,Business Analyst
"Olson, Martin and Perry","https://www.linkedin.com/company/olson,martinandperry",https://mayer.com/,32,3,Low,Joseph Waters,https://www.linkedin.com/in/christinasmith,nmckay@example.com,+1-905-378-5938x824,Marketing Manager
"Cummings, Matthews and Rowe","https://www.linkedin.com/company/cummings,matthewsandrowe",http://www.moreno-gibson.com/,42,2,Low,Lonnie Sanders,https://www.linkedin.com/in/clintonsmith,gallowaycraig@example.net,(432)861-8516x04749,COO
"Cummings, Matthews and Rowe","https://www.linkedin.com/company/cummings,matthewsandrowe",http://www.wilson-smith.com/,40,1,Medium,Jennifer Cooper,https://www.linkedin.com/in/elizabethvillegas,smithkathleen@example.org,5182672331,Lead Engineer
"Cummings, Matthews and Rowe","https://www.linkedin.com/company/cummings,matthewsandrowe",https://www.thomas.com/,14,3,Low,Andrea Lopez,https://www.linkedin.com/in/ernestvargas,maxmartinez@example.net,001-548-544-8398x1906,Product Manager
Waters Group,https://www.linkedin.com/company/watersgroup,https://hebert-bailey.com/,36,4,Medium,Mark Silva,https://www.linkedin.com/in/ashleyallen,amcconnell@example.org,872.957.1420x539,Lead Engineer
Waters Group,https://www.linkedin.com/company/watersgroup,http://watson-smith.com/,25,5,High,Anthony Rodriguez,https://www.linkedin.com/in/anthonyhansen,hsoto@example.com,275.402.8665x670,Product Manager
Waters Group,https://www.linkedin.com/company/watersgroup,https://www.bentley.com/,34,2,High,Ruth Martin,https://www.linkedin.com/in/phyllisbernard,armstrongchloe@example.com,+1-445-599-0902x2800,Product Manager
Stewart-Green,https://www.linkedin.com/company/stewart-green,https://www.jones.net/,28,3,Low,Valerie Smith,https://www.linkedin.com/in/lesliegarcia,ikline@example.org,885.452.8814x37333,Product Manager
Stewart-Green,https://www.linkedin.com/company/stewart-green,http://www.stark.com/,37,3,High,Patrick Warren,https://www.linkedin.com/in/erinstevenson,cwilliams@example.com,001-635-472-0259,CTO
Stewart-Green,https://www.linkedin.com/company/stewart-green,http://www.randall.com/,15,4,High,Jill Butler,https://www.linkedin.com/in/amandahuffman,ericapeterson@example.org,(285)968-0997,CTO
Mills Ltd,https://www.linkedin.com/company/millsltd,http://www.rivas.org/,38,4,Low,Erin Gray,https://www.linkedin.com/in/alexgregory,lrogers@example.net,(534)251-6190x2587,Product Manager
Mills Ltd,https://www.linkedin.com/company/millsltd,https://www.brown-hunt.com/,23,0,Medium,Jessica French,https://www.linkedin.com/in/sharonsanders,jamesruiz@example.org,+1-874-211-9069x369,VP of Sales
Roberts PLC,https://www.linkedin.com/company/robertsplc,https://www.walker.com/,7,5,Low,William Thompson,https://www.linkedin.com/in/tammyhobbs,brooke93@example.org,(562)518-0209x44645,Marketing Manager
Roberts PLC,https://www.linkedin.com/company/robertsplc,http://www.shannon.com/,1,0,Low,Melissa Salinas,https://www.linkedin.com/in/danielmartinez,debrawagner@example.org,(636)733-7329x87479,COO
Hughes and Sons,https://www.linkedin.com/company/hughesandsons,http://rodgers.biz/,30,4,Medium,Christie Bailey,https://www.linkedin.com/in/richardwilliams,frojas@example.net,266.542.2705,Lead Engineer
Hughes and Sons,https://www.linkedin.com/company/hughesandsons,https://wyatt.org/,19,0,Low,Stephen Schroeder,https://www.linkedin.com/in/shellycarter,gilbertapril@example.net,373-294-4593x9559,CFO
"Richardson, Stanley and Schroeder","https://www.linkedin.com/company/richardson,stanleyandschroeder",https://oliver-benson.com/,45,1,Low,Matthew Miles,https://www.linkedin.com/in/shawnriley,marcher@example.com,+1-424-409-1700,VP of Sales
"Richardson, Stanley and Schroeder","https://www.linkedin.com/company/richardson,stanleyandschroeder",http://www.nguyen.com/,38,4,Medium,Maria Kline,https://www.linkedin.com/in/kimberlyrogers,katie29@example.net,536.938.7354x9426,COO
"Richardson, Stanley and Schroeder","https://www.linkedin.com/company/richardson,stanleyandschroeder",https://martin-graham.net/,3,1,Medium,Sarah Moore,https://www.linkedin.com/in/lukeeaton,ashleyjennifer@example.net,(923)947-1670x406,Business Analyst
"Collier, Orr and Rodriguez","https://www.linkedin.com/company/collier,orrandrodriguez",https://howell.biz/,22,5,High,Robert Tran,https://www.linkedin.com/in/sherrysandoval,hardyjennifer@example.com,3133697700,CTO
Hood Inc,https://www.linkedin.com/company/hoodinc,https://ho-turner.com/,13,4,Medium,Kevin Donaldson,https://www.linkedin.com/in/christinerodriguez,polson@example.com,+1-267-214-1103x6407,COO
Hood Inc,https://www.linkedin.com/company/hoodinc,http://baird.com/,49,5,Medium,Michael Hall,https://www.linkedin.com/in/ricardolevine,woodardwilliam@example.org,(975)717-5470x68234,VP of Sales
"Carlson, Ross and Garcia","https://www.linkedin.com/company/carlson,rossandgarcia",https://www.chapman.com/,15,0,Low,Mike Strickland,https://www.linkedin.com/in/williamvaughan,pamelaanderson@example.com,001-648-524-2206x397,CTO
Kennedy and Sons,https://www.linkedin.com/company/kennedyandsons,http://travis.com/,12,4,Medium,Jennifer Crosby,https://www.linkedin.com/in/alexanderyoung,geoffreylee@example.com,001-296-495-1493x99337,Lead Engineer
Kennedy and Sons,https://www.linkedin.com/company/kennedyandsons,https://www.clark.com/,16,2,Low,Maria Morrow,https://www.linkedin.com/in/mrs.brittneyelliott,james70@example.com,627-809-0004x8801,Lead Engineer
"Howard, Cook and Owens","https://www.linkedin.com/company/howard,cookandowens",http://www.webster-carson.com/,30,0,Low,Anthony Chambers,https://www.linkedin.com/in/christopherlee,rbarrett@example.com,729-277-1468x5687,COO
Richards-Hernandez,https://www.linkedin.com/company/richards-hernandez,https://www.gutierrez.com/,11,4,High,Christopher Reid,https://www.linkedin.com/in/stevecastro,rodriguezdavid@example.com,001-805-507-6826x229,Business Analyst
Robinson LLC,https://www.linkedin.com/company/robinsonllc,http://deleon.org/,42,4,Medium,Daniel Hodges,https://www.linkedin.com/in/duanehayden,kayla64@example.net,001-394-503-0499x78296,CEO
Robinson LLC,https://www.linkedin.com/company/robinsonllc,http://neal.com/,31,0,High,Kelsey Todd,https://www.linkedin.com/in/jessicahall,colepollard@example.org,691.642.6120,Product Manager
Robinson LLC,https://www.linkedin.com/company/robinsonllc,https://www.miller.info/,31,0,High,Seth Lynch,https://www.linkedin.com/in/cathymiller,henryfelicia@example.net,+1-897-407-0476x8868,CTO
"Holmes, Monroe and Jenkins","https://www.linkedin.com/company/holmes,monroeandjenkins",https://www.myers.com/,24,0,High,Anna Ramirez,https://www.linkedin.com/in/hollynorton,blarson@example.com,(864)985-3817x4403,CTO
"Holmes, Monroe and Jenkins","https://www.linkedin.com/company/holmes,monroeandjenkins",http://rodriguez.info/,23,3,Medium,Paul Jones,https://www.linkedin.com/in/lisaholmes,natalie88@example.org,487.583.4216,COO
"Holmes, Monroe and Jenkins","https://www.linkedin.com/company/holmes,monroeandjenkins",https://www.wagner-perry.com/,36,0,High,Bradley Stevens,https://www.linkedin.com/in/donnabaxter,michele70@example.com,+1-878-258-9798x7665,Product Manager
Wagner-Vega,https://www.linkedin.com/company/wagner-vega,https://sutton.net/,32,0,Medium,Alejandro Massey,https://www.linkedin.com/in/robertcosta,christinajackson@example.org,262.685.1532x9200,Marketing Manager
Wagner-Vega,https://www.linkedin.com/company/wagner-vega,http://www.alvarez-bates.com/,4,5,High,Bruce Bartlett,https://www.linkedin.com/in/jamesjones,jeffrey39@example.net,001-464-588-6343x475,Lead Engineer
Harvey PLC,https://www.linkedin.com/company/harveyplc,http://young-nash.com/,12,5,High,Michelle Wang,https://www.linkedin.com/in/allenlarson,tylerhoffman@example.org,(616)999-0716x94517,COO
Harvey PLC,https://www.linkedin.com/company/harveyplc,https://www.french.com/,3,5,High,Robert Martin,https://www.linkedin.com/in/melindaturner,gutierreztamara@example.com,662-603-9904x124,Lead Engineer
Harvey PLC,https://www.linkedin.com/company/harveyplc,http://blake.org/,23,3,Low,Thomas Montgomery,https://www.linkedin.com/in/amymontes,youngerica@example.net,209.381.3414x866,Lead Engineer
Fletcher-Williams,https://www.linkedin.com/company/fletcher-williams,https://www.leonard-cooper.net/,46,2,Low,Jesus Mcgee,https://www.linkedin.com/in/jamescalderon,ncruz@example.com,+1-426-757-8598x8216,CEO
Fletcher-Williams,https://www.linkedin.com/company/fletcher-williams,http://george-vasquez.biz/,50,2,Medium,Thomas Powers,https://www.linkedin.com/in/jameswoods,uanderson@example.com,(336)263-1330,Marketing Manager
Fletcher-Williams,https://www.linkedin.com/company/fletcher-williams,https://anderson.com/,36,0,Low,Philip Levy,https://www.linkedin.com/in/jacobgonzalez,thomas00@example.net,001-973-826-2045x5725,CEO
Martin PLC,https://www.linkedin.com/company/martinplc,https://fisher.biz/,14,2,Medium,Mr. Jeremy Briggs,https://www.linkedin.com/in/jacquelinehamilton,zjohnson@example.net,305-637-0517x60422,Business Analyst
Martin PLC,https://www.linkedin.com/company/martinplc,https://www.ward-waters.com/,44,5,Low,Caitlin Stewart,https://www.linkedin.com/in/petermoore,wjacobs@example.org,462-531-7939x11827,Marketing Manager
Martin PLC,https://www.linkedin.com/company/martinplc,https://james-dorsey.org/,49,3,Low,Laura Meyer,https://www.linkedin.com/in/vincentyoung,penamelissa@example.com,780.769.4231x823,CFO
"Atkinson, Diaz and Johnson","https://www.linkedin.com/company/atkinson,diazandjohnson",http://www.smith.com/,16,4,High,Anna White,https://www.linkedin.com/in/feliciamoore,hallheather@example.com,(616)874-5856x243,VP of Sales
Rodriguez Ltd,https://www.linkedin.com/company/rodriguezltd,http://www.brown-ramirez.biz/,28,2,Low,Lori Wolfe,https://www.linkedin.com/in/kennethmclean,williamsian@example.com,(373)707-0418x7808,VP of Sales
King Ltd,https://www.linkedin.com/company/kingltd,http://navarro.com/,9,1,Low,Elizabeth Higgins,https://www.linkedin.com/in/douglasgardner,alexandragraves@example.net,707-402-6699x4024,VP of Sales
Prince-Ayala,https://www.linkedin.com/company/prince-ayala,https://www.bowman.com/,22,3,Low,Jennifer Anderson,https://www.linkedin.com/in/brittanythompson,kimberlysmith@example.org,232-367-3195,Product Manager
Rocha PLC,https://www.linkedin.com/company/rochaplc,https://www.mcgee.com/,25,0,High,David Barnes,https://www.linkedin.com/in/marylopez,randolphalexander@example.com,890-577-2709x12801,VP of Sales
Fisher-Howard,https://www.linkedin.com/company/fisher-howard,http://www.hoffman.org/,42,3,Low,Rachael Brooks,https://www.linkedin.com/in/williamnorris,imorgan@example.net,323-275-2191,Lead Engineer
Fisher-Howard,https://www.linkedin.com/company/fisher-howard,http://allen.com/,43,2,Low,Stefanie Haney,https://www.linkedin.com/in/shannonbarton,mwatts@example.org,923-481-9651x450,CFO
Fisher-Howard,https://www.linkedin.com/company/fisher-howard,http://baker-zuniga.com/,45,2,Medium,Jeremy Floyd,https://www.linkedin.com/in/sherrymorales,david76@example.org,893-461-0168x894,CFO
Morales Group,https://www.linkedin.com/company/moralesgroup,http://www.rangel.com/,26,1,High,Thomas Turner,https://www.linkedin.com/in/andreawright,ebrock@example.net,441-763-4018,Lead Engineer
Martinez PLC,https://www.linkedin.com/company/martinezplc,https://collins-mcdaniel.info/,34,1,High,Jonathan Simpson,https://www.linkedin.com/in/crystalcompton,kjones@example.com,7237686543,CTO
Martinez PLC,https://www.linkedin.com/company/martinezplc,http://white.org/,17,2,High,Anthony Beck,https://www.linkedin.com/in/curtissanchez,paul33@example.org,818.776.6730,Marketing Manager
Martinez PLC,https://www.linkedin.com/company/martinezplc,http://www.bush.com/,29,0,High,Paul Mathews,https://www.linkedin.com/in/johnathankelly,laurajarvis@example.org,001-467-631-5997x469,Marketing Manager
Molina and Sons,https://www.linkedin.com/company/molinaandsons,http://campbell.com/,40,0,Medium,Dr. Jennifer Jones PhD,https://www.linkedin.com/in/johnhughes,usmith@example.com,540.275.3121,Product Manager
Molina and Sons,https://www.linkedin.com/company/molinaandsons,http://shelton.com/,21,2,High,Olivia Brown,https://www.linkedin.com/in/brianfoster,taylormelissa@example.com,+1-629-610-3053,CTO
Molina and Sons,https://www.linkedin.com/company/molinaandsons,https://reeves.biz/,45,4,High,Heidi Flores,https://www.linkedin.com/in/amberyoung,wagnercraig@example.net,+1-425-657-5383,CFO
Juarez-James,https://www.linkedin.com/company/juarez-james,http://www.lee.com/,15,4,Low,Donald Moore,https://www.linkedin.com/in/yolandaboyer,ivasquez@example.net,714.742.7355,Lead Engineer
Clark-Rodriguez,https://www.linkedin.com/company/clark-rodriguez,http://www.rosario-dean.com/,1,4,High,Brandon Valdez,https://www.linkedin.com/in/michellehoffman,kristina61@example.org,201.643.8665,COO
Clark-Rodriguez,https://www.linkedin.com/company/clark-rodriguez,http://www.montgomery.org/,8,2,Low,Cory Dominguez,https://www.linkedin.com/in/danielhudson,florespamela@example.net,(841)401-3002,Marketing Manager
Blake and Sons,https://www.linkedin.com/company/blakeandsons,https://www.stout.net/,48,2,High,Cody Haney,https://www.linkedin.com/in/samanthajackson,whitney04@example.com,720-722-5143x955,CFO
Weaver-Jackson,https://www.linkedin.com/company/weaver-jackson,http://simmons.com/,14,4,Medium,Amber Allen,https://www.linkedin.com/in/summercoleman,devinvasquez@example.org,(904)424-2071x999,VP of Sales
Russo LLC,https://www.linkedin.com/company/russollc,http://rivera-armstrong.com/,7,5,High,Robert Hatfield,https://www.linkedin.com/in/ericklein,shannon22@example.org,(298)545-4012,CFO
Russo LLC,https://www.linkedin.com/company/russollc,http://www.aguilar.com/,24,1,Medium,Barbara Lane,https://www.linkedin.com/in/nancyboyd,epayne@example.com,+1-472-239-9633x59259,CFO
Brennan-Day,https://www.linkedin.com/company/brennan-day,http://mercer.com/,15,5,Medium,Christian Camacho,https://www.linkedin.com/in/margaretmiller,riggssarah@example.net,674-601-8451x287,Lead Engineer
Brennan-Day,https://www.linkedin.com/company/brennan-day,http://meyer.com/,8,5,Low,Nathan Robinson,https://www.linkedin.com/in/dianaflowers,tony67@example.org,(270)441-7305,CEO
Brennan-Day,https://www.linkedin.com/company/brennan-day,http://www.anderson.biz/,41,5,Medium,David Ford,https://www.linkedin.com/in/samuelbrown,forbesmark@example.com,(582)465-2952x659,CTO
Romero Inc,https://www.linkedin.com/company/romeroinc,http://smith-medina.com/,5,2,Low,Robert Johnson,https://www.linkedin.com/in/juliedouglas,gonzalezbrandon@example.net,766-445-9342x3156,CEO
Romero Inc,https://www.linkedin.com/company/romeroinc,https://www.hayes.info/,24,5,Medium,Zachary Smith,https://www.linkedin.com/in/douglasfrazier,qwilliams@example.net,(876)865-8621,CEO
Cunningham-Dawson,https://www.linkedin.com/company/cunningham-dawson,http://www.moran.com/,40,0,Medium,Javier Ayala,https://www.linkedin.com/in/richardcook,fcastaneda@example.net,877.691.8825x97074,VP of Sales
Cunningham-Dawson,https://www.linkedin.com/company/cunningham-dawson,http://stokes.org/,47,3,High,Theodore Martinez,https://www.linkedin.com/in/bethanyflores,fholland@example.org,+1-401-274-1758x9616,Product Manager
"Ayala, Walton and Hickman","https://www.linkedin.com/company/ayala,waltonandhickman",http://gardner-bell.com/,47,2,Low,Rita Everett,https://www.linkedin.com/in/rebeccamurray,deborah37@example.org,(716)765-8110x33028,COO
"Ayala, Walton and Hickman","https://www.linkedin.com/company/ayala,waltonandhickman",http://perez.net/,4,5,Low,Larry Walker,https://www.linkedin.com/in/trevorhall,keithjacqueline@example.com,(424)737-8637,Lead Engineer
"Ayala, Walton and Hickman","https://www.linkedin.com/company/ayala,waltonandhickman",https://www.taylor.biz/,41,1,Low,Stephanie Edwards,https://www.linkedin.com/in/ashleysummers,feliciachambers@example.com,978-262-6687x13104,Marketing Manager
"Armstrong, Wells and Clayton","https://www.linkedin.com/company/armstrong,wellsandclayton",http://www.small.com/,38,1,Medium,Joseph Jackson,https://www.linkedin.com/in/robertmontgomery,mathewsmary@example.net,8059634941,VP of Sales
"Armstrong, Wells and Clayton","https://www.linkedin.com/company/armstrong,wellsandclayton",https://www.murphy-gilbert.com/,23,3,Low,James Olson,https://www.linkedin.com/in/melissakennedy,elizabeth76@example.net,(611)453-6051x511,Lead Engineer
Mills Ltd,https://www.linkedin.com/company/millsltd,http://mueller-reyes.com/,15,3,Medium,Jennifer Lee,https://www.linkedin.com/in/shelbymartinez,elizabethbush@example.net,958.473.8820,Lead Engineer
Mills Ltd,https://www.linkedin.com/company/millsltd,https://gordon-sloan.biz/,13,4,Low,Dennis Hodge,https://www.linkedin.com/in/tararush,vlucas@example.com,+1-773-501-6648x7178,Lead Engineer
Mills Ltd,https://www.linkedin.com/company/millsltd,https://yates.org/,10,1,Medium,Karen Carrillo,https://www.linkedin.com/in/brianwall,irwinpatricia@example.com,724-961-8878x4682,CFO
Saunders PLC,https://www.linkedin.com/company/saundersplc,https://barnes.com/,48,4,High,Tiffany Gamble,https://www.linkedin.com/in/michaelwilliams,william09@example.org,(308)266-7128x15862,Business Analyst
Saunders PLC,https://www.linkedin.com/company/saundersplc,https://stewart.com/,11,2,Low,Michael Livingston,https://www.linkedin.com/in/aprillittle,eatonkevin@example.net,+1-390-362-1491x713,COO
Hall Group,https://www.linkedin.com/company/hallgroup,http://www.clark-johnson.net/,13,5,Low,Jennifer Stout,https://www.linkedin.com/in/benjaminreed,johnsonmartin@example.org,+1-899-608-9454x548,VP of Sales
Hall Group,https://www.linkedin.com/company/hallgroup,https://www.nelson.biz/,17,5,High,Reginald Moore,https://www.linkedin.com/in/andreawoods,shannonpayne@example.com,(832)607-8405,CTO
Hall Group,https://www.linkedin.com/company/hallgroup,https://knight.net/,8,4,Low,David Nelson,https://www.linkedin.com/in/dr.margaretballard,robert15@example.org,(762)746-1789x9680,CFO
Fernandez PLC,https://www.linkedin.com/company/fernandezplc,http://clark.com/,11,0,Medium,Mark Cooper,https://www.linkedin.com/in/stevenhurst,daniel11@example.net,713.898.0685x98201,Business Analyst
"Howard, Lopez and Flynn","https://www.linkedin.com/company/howard,lopezandflynn",http://dunn.com/,36,1,Medium,Justin Mcgee,https://www.linkedin.com/in/heathergarcia,nelsoncarl@example.org,+1-920-249-9962x55121,Business Analyst
"Nguyen, Hamilton and Roberts","https://www.linkedin.com/company/nguyen,hamiltonandroberts",https://www.rodriguez-hayes.com/,32,0,High,Michael Sandoval,https://www.linkedin.com/in/nathanstephens,michaelmcfarland@example.org,+1-680-235-3286x82499,Marketing Manager
"Nguyen, Hamilton and Roberts","https://www.linkedin.com/company/nguyen,hamiltonandroberts",https://www.miller.com/,8,4,Low,Brian Williams,https://www.linkedin.com/in/stephaniejohnston,michael51@example.org,517.532.9108x72238,COO
"Bailey, Thompson and Carter","https://www.linkedin.com/company/bailey,thompsonandcarter",http://burns-joyce.info/,41,5,Low,Raymond Stephens,https://www.linkedin.com/in/barbaramiranda,marshallisabella@example.com,+1-512-623-3505x711,CTO
"Bailey, Thompson and Carter","https://www.linkedin.com/company/bailey,thompsonandcarter",http://lopez-williams.net/,43,3,Low,Anthony Meyer,https://www.linkedin.com/in/mitchelljarvisdds,adamsmichael@example.net,971-704-4655x5661,CFO
Murray-Perry,https://www.linkedin.com/company/murray-perry,https://jones.info/,42,5,Low,Albert Montoya,https://www.linkedin.com/in/jasonboone,gmiller@example.net,456-456-3846x81854,Product Manager
Murray-Perry,https://www.linkedin.com/company/murray-perry,http://www.espinoza.org/,41,5,Medium,David Brown,https://www.linkedin.com/in/stanleysmith,adam85@example.com,001-235-721-4236x53681,Product Manager
Murray-Perry,https://www.linkedin.com/company/murray-perry,http://www.davis.org/,30,4,Low,Justin Gilmore,https://www.linkedin.com/in/erinkrause,diana73@example.org,995-864-9389,Product Manager
Gregory-Robinson,https://www.linkedin.com/company/gregory-robinson,http://meyers.com/,44,3,Medium,Sarah Wright,https://www.linkedin.com/in/belindawells,lindsey47@example.net,255-717-6620x969,Marketing Manager
Gregory-Robinson,https://www.linkedin.com/company/gregory-robinson,https://www.hawkins-sullivan.com/,5,5,Medium,Dave Moore,https://www.linkedin.com/in/rhondawilson,smithcheryl@example.com,350.978.7368,COO
Mejia-Klein,https://www.linkedin.com/company/mejia-klein,https://www.taylor-mckenzie.com/,1,3,Low,Jamie Porter,https://www.linkedin.com/in/adamsolis,perryrobert@example.com,(601)398-1787,Marketing Manager
Mejia-Klein,https://www.linkedin.com/company/mejia-klein,http://scott.net/,44,0,Low,Christopher Moore,https://www.linkedin.com/in/matthewcole,zacharyharrison@example.org,+1-930-832-1274x182,Lead Engineer
Mejia-Klein,https://www.linkedin.com/company/mejia-klein,https://www.hoffman.com/,32,4,Medium,Jesse Ford,https://www.linkedin.com/in/amandayoung,kathrynkline@example.com,413.733.3582,Lead Engineer
Freeman-Daniel,https://www.linkedin.com/company/freeman-daniel,http://palmer.com/,39,1,Low,Brandon Burton,https://www.linkedin.com/in/patrickjones,xcollins@example.com,(867)652-5156x2357,VP of Sales
Freeman-Daniel,https://www.linkedin.com/company/freeman-daniel,http://ford.com/,12,0,Medium,Mary James,https://www.linkedin.com/in/walterpowell,michaelyates@example.com,(294)900-7346x32939,Marketing Manager
"Price, Miller and Weber","https://www.linkedin.com/company/price,millerandweber",https://www.hays.com/,16,4,Low,Alicia Browning,https://www.linkedin.com/in/nicolegarza,alicia82@example.org,8927932253,CEO
"Price, Miller and Weber","https://www.linkedin.com/company/price,millerandweber",https://www.perez.com/,10,2,Low,James Anderson,https://www.linkedin.com/in/brianshort,randy54@example.net,646.374.5770,VP of Sales
"Price, Miller and Weber","https://www.linkedin.com/company/price,millerandweber",https://rodgers-hansen.com/,18,1,Medium,Michael Daniels,https://www.linkedin.com/in/josephguerra,taylorphillip@example.net,001-851-937-3388x755,Marketing Manager
Cortez-Ruiz,https://www.linkedin.com/company/cortez-ruiz,https://hernandez.com/,17,2,Low,Crystal Young,https://www.linkedin.com/in/katrinagonzales,kennethsmith@example.com,+1-814-641-4932x8286,CFO
"Smith, Hayden and Hall","https://www.linkedin.com/company/smith,haydenandhall",http://www.meyer.biz/,11,0,High,Robert Mcdonald,https://www.linkedin.com/in/stevenkirby,scruz@example.net,837.661.7443,CEO
"Smith, Hayden and Hall","https://www.linkedin.com/company/smith,haydenandhall",http://contreras.com/,49,2,Low,Stephanie Craig,https://www.linkedin.com/in/stephaniegarcia,myersshawn@example.com,001-855-264-1627x179,CFO
"Smith, Hayden and Hall","https://www.linkedin.com/company/smith,haydenandhall",http://boyer.com/,16,2,High,Susan Acosta,https://www.linkedin.com/in/gregorypruitt,vicki44@example.net,735.952.0213x272,CTO
Gilbert-Brooks,https://www.linkedin.com/company/gilbert-brooks,https://thompson.com/,20,4,High,Mary Turner,https://www.linkedin.com/in/jonathanhoodmd,davidchapman@example.org,(349)339-0591,CFO
Gilbert-Brooks,https://www.linkedin.com/company/gilbert-brooks,http://www.taylor.com/,50,4,Low,Victor Brennan,https://www.linkedin.com/in/kristinablackwell,thompsonann@example.com,4667502358,CEO
Santos-Jackson,https://www.linkedin.com/company/santos-jackson,https://www.hall.com/,4,2,Medium,Erica Jones,https://www.linkedin.com/in/robertchang,jessicadavis@example.org,+1-306-303-0690,Lead Engineer
Santos-Jackson,https://www.linkedin.com/company/santos-jackson,https://www.sanchez.com/,48,3,Medium,Daniel Fleming,https://www.linkedin.com/in/stephaniewest,phorn@example.com,+1-497-886-2828x57511,Business Analyst
Strickland LLC,https://www.linkedin.com/company/stricklandllc,https://www.clark.com/,6,4,Medium,Caroline Jones,https://www.linkedin.com/in/janerobertson,jennifer76@example.com,286.590.1327x1760,CFO
Strickland LLC,https://www.linkedin.com/company/stricklandllc,https://www.snyder.info/,16,4,Low,Manuel Lopez,https://www.linkedin.com/in/kellyavila,watsoncharles@example.com,924-733-1802x4839,CEO
Chase PLC,https://www.linkedin.com/company/chaseplc,https://www.rowe-thompson.net/,49,1,High,George Wade,https://www.linkedin.com/in/robertwilsonii,apadilla@example.org,001-478-778-0658x6047,Product Manager
Chase PLC,https://www.linkedin.com/company/chaseplc,http://gilmore.com/,17,5,High,Sarah Williams,https://www.linkedin.com/in/erinwright,mbarnes@example.net,841-365-2677x14810,CFO
Stewart-Jimenez,https://www.linkedin.com/company/stewart-jimenez,http://www.curtis-bishop.com/,20,5,High,Gina Bell,https://www.linkedin.com/in/lynnhaney,josephgreene@example.net,(514)391-6560,Product Manager
Stewart-Jimenez,https://www.linkedin.com/company/stewart-jimenez,http://www.smith.com/,43,3,Low,Brandon Johnson,https://www.linkedin.com/in/matthewgibson,watsontristan@example.org,2666557565,Product Manager
Stewart-Jimenez,https://www.linkedin.com/company/stewart-jimenez,http://burns.com/,16,1,High,Carolyn Williamson,https://www.linkedin.com/in/trevorgarner,emilydonovan@example.net,(768)891-0873,CFO
Henry Inc,https://www.linkedin.com/company/henryinc,http://www.gordon-rhodes.info/,17,1,Low,Rachel Leonard,https://www.linkedin.com/in/hannahdaugherty,goldenjennifer@example.net,450-579-9359x86497,Marketing Manager
Herrera Ltd,https://www.linkedin.com/company/herreraltd,http://vaughn.com/,4,1,Low,Benjamin Stewart,https://www.linkedin.com/in/jessicawilson,wilsonjordan@example.net,792.528.8871x822,Business Analyst
"Cabrera, Graham and Lawrence","https://www.linkedin.com/company/cabrera,grahamandlawrence",https://hartman.com/,6,5,Low,Carolyn Oconnor,https://www.linkedin.com/in/sierramcdaniel,susan39@example.org,879-844-7515,CFO
Conrad-Smith,https://www.linkedin.com/company/conrad-smith,http://rodriguez.com/,15,2,Low,Sandra Rodriguez,https://www.linkedin.com/in/derekraymond,arthur85@example.net,6618178707,Product Manager
Conrad-Smith,https://www.linkedin.com/company/conrad-smith,http://www.mcgee-stephens.info/,46,3,Low,Michael Moore,https://www.linkedin.com/in/ryandavis,paul89@example.com,870.444.2872,VP of Sales
Conrad-Smith,https://www.linkedin.com/company/conrad-smith,http://ward-moreno.com/,30,5,Medium,Gregory Luna,https://www.linkedin.com/in/matthewherring,tammymoran@example.com,001-655-878-0839,VP of Sales
"Banks, Mayer and Maldonado","https://www.linkedin.com/company/banks,mayerandmaldonado",http://price.org/,30,5,High,James Greene,https://www.linkedin.com/in/alanpowers,jhawkins@example.org,309-200-3238,CFO
"Banks, Mayer and Maldonado","https://www.linkedin.com/company/banks,mayerandmaldonado",http://www.weaver-mullins.com/,17,1,High,Dorothy Dunn,https://www.linkedin.com/in/carolynmartin,rollinslee@example.org,889-220-9298x372,CFO
"Banks, Mayer and Maldonado","https://www.linkedin.com/company/banks,mayerandmaldonado",http://garcia-vargas.net/,41,5,High,Rebekah Cordova,https://www.linkedin.com/in/ericbrown,samantha29@example.net,8238567717,Marketing Manager
Alexander-Rodgers,https://www.linkedin.com/company/alexander-rodgers,http://www.downs.info/,28,1,Low,Michael Dean,https://www.linkedin.com/in/angelrussell,paula40@example.org,+1-891-242-0111,Business Analyst
Alexander-Rodgers,https://www.linkedin.com/company/alexander-rodgers,https://www.johnson-armstrong.com/,27,2,Low,Robert Cook,https://www.linkedin.com/in/albertmarsh,alyssawhite@example.net,681-888-4222x08875,Marketing Manager
Alexander-Rodgers,https://www.linkedin.com/company/alexander-rodgers,https://www.phillips.com/,4,4,Medium,Annette Jefferson,https://www.linkedin.com/in/patrickanderson,robertscott@example.com,993.414.0096x448,VP of Sales
Flores-Hardin,https://www.linkedin.com/company/flores-hardin,https://www.lara.com/,35,3,Medium,Patty Harper,https://www.linkedin.com/in/karenwilliams,hayeslinda@example.org,001-333-644-5167x632,CEO
Steele Inc,https://www.linkedin.com/company/steeleinc,http://www.diaz.com/,38,1,High,Christine Barnes,https://www.linkedin.com/in/tashamitchell,george85@example.net,559-280-2191x607,Product Manager
Steele Inc,https://www.linkedin.com/company/steeleinc,https://www.murphy.com/,32,0,Medium,Heather Robinson,https://www.linkedin.com/in/jesseholloway,thomasjeffrey@example.org,+1-700-963-9090x448,VP of Sales
Steele Inc,https://www.linkedin.com/company/steeleinc,https://brown.com/,5,0,Medium,Donna Harris,https://www.linkedin.com/in/laurenmcknight,smithamanda@example.org,662-275-1476x29323,CFO
Nelson-Cooley,https://www.linkedin.com/company/nelson-cooley,https://white-price.info/,27,2,Medium,Ashley Pena,https://www.linkedin.com/in/amandabarrera,charleswilliams@example.org,283.652.5754,COO
Nelson-Cooley,https://www.linkedin.com/company/nelson-cooley,https://www.potter-drake.com/,40,3,High,Jonathan Marks,https://www.linkedin.com/in/carolmorgan,xmoss@example.net,(764)795-9636,CFO
Coleman PLC,https://www.linkedin.com/company/colemanplc,http://www.bridges-rodriguez.com/,8,5,High,Jennifer Woods,https://www.linkedin.com/in/annettekelly,angela80@example.org,370-346-8423x027,Product Manager
Palmer Ltd,https://www.linkedin.com/company/palmerltd,http://www.collins.biz/,42,1,Low,Brenda Dunlap,https://www.linkedin.com/in/samanthajones,derek88@example.org,001-326-408-6298x002,Business Analyst
Palmer Ltd,https://www.linkedin.com/company/palmerltd,http://www.garcia.net/,29,1,High,Paul Drake,https://www.linkedin.com/in/michellewest,jessica18@example.com,(223)850-1420,CFO
"Smith, Rivera and Cross","https://www.linkedin.com/company/smith,riveraandcross",https://www.taylor.info/,43,5,Low,Barry Oconnor,https://www.linkedin.com/in/cassandrachan,edrake@example.net,(854)598-6079x324,COO
Sanford-Williams,https://www.linkedin.com/company/sanford-williams,http://taylor.net/,31,2,Low,Jason Smith,https://www.linkedin.com/in/kathleenhamilton,harperjason@example.org,808-724-4824,Marketing Manager
Sanford-Williams,https://www.linkedin.com/company/sanford-williams,http://graham.com/,26,3,High,Harold Diaz,https://www.linkedin.com/in/calvinbrown,jaimerobinson@example.org,(682)557-8212x7836,Marketing Manager
"Patrick, Nelson and Rivas","https://www.linkedin.com/company/patrick,nelsonandrivas",https://www.trevino.org/,27,4,Low,Miguel Brown,https://www.linkedin.com/in/ronnienguyenjr.,ellisshirley@example.org,(455)329-0673,CEO
"Patrick, Nelson and Rivas","https://www.linkedin.com/company/patrick,nelsonandrivas",http://www.webster.net/,5,3,High,Danielle Parrish,https://www.linkedin.com/in/tinaperkins,steven93@example.net,808.258.0083,Business Analyst
Powell-Serrano,https://www.linkedin.com/company/powell-serrano,https://www.hobbs.com/,5,4,Low,Michael Williams,https://www.linkedin.com/in/sharonbrooks,gatkinson@example.net,2939446557,CFO
Johnson PLC,https://www.linkedin.com/company/johnsonplc,http://www.mejia.com/,9,4,High,Savannah Jones,https://www.linkedin.com/in/emilyrodriguez,phunter@example.org,(212)302-9750,CEO
Jones Inc,https://www.linkedin.com/company/jonesinc,https://garza.com/,3,4,Low,Christy Green,https://www.linkedin.com/in/sarahthomas,lewisamy@example.net,942-817-7219x22431,Marketing Manager
Jones Inc,https://www.linkedin.com/company/jonesinc,https://www.davis.com/,40,1,High,Stephanie Hudson,https://www.linkedin.com/in/thomasandrews,msolomon@example.net,(562)643-1542,Marketing Manager
Chase-Williams,https://www.linkedin.com/company/chase-williams,https://www.tran-russell.com/,9,1,High,Valerie Edwards,https://www.linkedin.com/in/kellycarter,christianrandall@example.org,+1-445-483-5267x21438,COO
Patel and Sons,https://www.linkedin.com/company/patelandsons,http://hamilton.com/,28,5,High,Kevin Cantu,https://www.linkedin.com/in/ronaldevans,ricky48@example.org,001-490-289-8761,CTO
Jackson and Sons,https://www.linkedin.com/company/jacksonandsons,http://walton.com/,12,5,Low,Melissa Martin,https://www.linkedin.com/in/christinawillismd,peckangela@example.com,+1-468-636-1531,Marketing Manager
Green-Hernandez,https://www.linkedin.com/company/green-hernandez,http://thomas.com/,25,5,Low,Joseph Carson,https://www.linkedin.com/in/marksmith,moradeborah@example.org,8857342829,Business Analyst
Green-Hernandez,https://www.linkedin.com/company/green-hernandez,https://www.rodriguez.com/,45,5,Medium,Stacy Nielsen,https://www.linkedin.com/in/hannahdunn,colleen69@example.net,(915)478-3683,CEO
"Herrera, Bell and Simmons","https://www.linkedin.com/company/herrera,bellandsimmons",http://williams.com/,36,2,Medium,Robert Rodriguez,https://www.linkedin.com/in/jeffreyalexander,martineztammy@example.net,+1-462-287-1574x498,Marketing Manager
"Herrera, Bell and Simmons","https://www.linkedin.com/company/herrera,bellandsimmons",http://www.harper.com/,36,5,Low,Patricia Robinson,https://www.linkedin.com/in/dennisklein,schmittryan@example.com,9139205913,COO
"Herrera, Bell and Simmons","https://www.linkedin.com/company/herrera,bellandsimmons",https://perry-watson.biz/,33,3,High,Jeremy Sharp,https://www.linkedin.com/in/tonibarton,stephaniemcclain@example.org,001-549-494-4498,Lead Engineer
Hughes-King,https://www.linkedin.com/company/hughes-king,https://www.butler-brooks.com/,14,3,Medium,Karen Warren,https://www.linkedin.com/in/jasongibson,lphillips@example.com,001-547-741-5624x31269,CFO
"Reed, Jefferson and Robinson","https://www.linkedin.com/company/reed,jeffersonandrobinson",http://taylor.com/,16,0,Low,Dr. Shannon Bryan,https://www.linkedin.com/in/ethanpotter,brandonvillarreal@example.org,556.972.2510x24832,VP of Sales
Daniels and Sons,https://www.linkedin.com/company/danielsandsons,http://www.cooke.com/,9,2,High,Kevin Mcgee,https://www.linkedin.com/in/paulgarcia,bergtanner@example.org,(825)338-0030,Marketing Manager
Daniels and Sons,https://www.linkedin.com/company/danielsandsons,https://www.pierce-johnson.com/,24,4,Medium,Andrea Martinez,https://www.linkedin.com/in/kevinbrown,srodriguez@example.com,+1-939-508-0383x825,Lead Engineer
Daniels and Sons,https://www.linkedin.com/company/danielsandsons,https://bailey.org/,45,5,High,Thomas Steele,https://www.linkedin.com/in/darlenejohnson,maria21@example.net,001-371-744-1995x227,COO
Gillespie-Coleman,https://www.linkedin.com/company/gillespie-coleman,https://jones-anderson.com/,30,4,Low,Stephen King,https://www.linkedin.com/in/jessicaturner,fred36@example.net,001-481-745-8870,VP of Sales
Gillespie-Coleman,https://www.linkedin.com/company/gillespie-coleman,https://www.henry.com/,43,3,High,Ms. Tammy Beck DDS,https://www.linkedin.com/in/melissawright,zrodriguez@example.org,001-908-794-6276x647,Product Manager
Mason Ltd,https://www.linkedin.com/company/masonltd,http://www.moore-lewis.com/,5,3,Low,Bridget Walker,https://www.linkedin.com/in/matthewcooper,wilsonalexis@example.org,+1-484-273-2443,CFO
Mason Ltd,https://www.linkedin.com/company/masonltd,http://www.harper.com/,11,4,Medium,Brian Nichols,https://www.linkedin.com/in/jessicawhite,sandraward@example.net,476-379-1512x0898,CTO
"Lee, Mccullough and Russell","https://www.linkedin.com/company/lee,mcculloughandrussell",http://www.rivera.org/,10,2,Medium,Diane Brown,https://www.linkedin.com/in/jacobswanson,gillespiechristie@example.net,386.230.1866x0980,VP of Sales
"Lee, Mccullough and Russell","https://www.linkedin.com/company/lee,mcculloughandrussell",https://brown.com/,36,2,Medium,Adrienne Martinez,https://www.linkedin.com/in/rebeccamiller,oscott@example.org,+1-743-274-9796,Marketing Manager
Turner LLC,https://www.linkedin.com/company/turnerllc,http://www.cole.com/,21,3,Medium,Joseph Mercado,https://www.linkedin.com/in/gregorymcneil,psuarez@example.net,900-554-9013x864,Marketing Manager
Turner LLC,https://www.linkedin.com/company/turnerllc,https://richardson.com/,28,3,Medium,Alexander Hull,https://www.linkedin.com/in/timothydixon,holly77@example.net,001-912-923-7107x2151,Business Analyst
Richards and Sons,https://www.linkedin.com/company/richardsandsons,http://weeks.com/,41,5,High,Jason Collier,https://www.linkedin.com/in/benjaminshields,gail35@example.net,001-609-805-3637x5086,Business Analyst
Richards and Sons,https://www.linkedin.com/company/richardsandsons,https://parks-yang.com/,17,4,Low,Jared Williams,https://www.linkedin.com/in/jamesalvarado,danielsweeney@example.org,+1-805-590-6825x26606,Business Analyst
Richards and Sons,https://www.linkedin.com/company/richardsandsons,http://thompson.com/,35,1,Low,Nicholas Garner,https://www.linkedin.com/in/mariofletcher,brucewhite@example.com,+1-810-700-5212x278,CTO
Pennington Group,https://www.linkedin.com/company/penningtongroup,https://stokes-booth.com/,29,3,High,Kimberly Trevino,https://www.linkedin.com/in/rebeccagomez,yvaughn@example.net,(339)989-3391,Business Analyst
"Singh, Evans and Hogan","https://www.linkedin.com/company/singh,evansandhogan",http://ross-jackson.com/,24,3,High,Cathy Kennedy,https://www.linkedin.com/in/emilymiller,pauljohnson@example.com,950-505-4905x93348,CFO
"Singh, Evans and Hogan","https://www.linkedin.com/company/singh,evansandhogan",http://www.king-scott.com/,2,3,High,Ashley Monroe,https://www.linkedin.com/in/jameswiggins,vegacharlene@example.net,919-627-9083,CTO
Garcia-King,https://www.linkedin.com/company/garcia-king,https://owen.biz/,28,2,Medium,Carl Stafford,https://www.linkedin.com/in/julieavery,brewerhelen@example.org,001-842-883-1660x65839,CFO
Garcia-King,https://www.linkedin.com/company/garcia-king,https://hopkins-campbell.com/,11,1,Medium,Andrew Mcknight,https://www.linkedin.com/in/donaldcummings,dchurch@example.org,(583)854-0521x108,Business Analyst
"Martin, Ramsey and Hopkins","https://www.linkedin.com/company/martin,ramseyandhopkins",http://www.patterson.com/,18,5,Low,Lisa Richards,https://www.linkedin.com/in/michaelross,nsutton@example.net,609-648-9056x2900,Marketing Manager
"Martin, Ramsey and Hopkins","https://www.linkedin.com/company/martin,ramseyandhopkins",http://www.johnson.com/,41,2,Medium,Sydney Burke,https://www.linkedin.com/in/johnhughes,robin03@example.org,(705)317-7891x36191,Business Analyst
"Davis, Mcdowell and Lucas","https://www.linkedin.com/company/davis,mcdowellandlucas",http://www.davenport.info/,3,4,Low,Melissa Conner,https://www.linkedin.com/in/garyparker,zallen@example.com,9542919154,Business Analyst
"Davis, Mcdowell and Lucas","https://www.linkedin.com/company/davis,mcdowellandlucas",https://williams.com/,36,5,High,Rachel Gonzalez,https://www.linkedin.com/in/jeremyfrost,nicholasgutierrez@example.com,(769)840-1445x351,Lead Engineer
Kemp-Davis,https://www.linkedin.com/company/kemp-davis,https://www.benson.com/,42,2,Medium,Sean Colon,https://www.linkedin.com/in/mrs.rachelbaird,ann74@example.net,744.773.7924x2486,CFO
"Oconnell, Payne and Barry","https://www.linkedin.com/company/oconnell,payneandbarry",http://scott.com/,15,5,Low,Monique Griffin,https://www.linkedin.com/in/andrewsmith,joseph10@example.org,(959)235-0923,Marketing Manager
"Oconnell, Payne and Barry","https://www.linkedin.com/company/oconnell,payneandbarry",http://www.alexander-douglas.com/,28,2,Medium,Kim York,https://www.linkedin.com/in/josephgillespie,richardsondonald@example.net,(584)725-4793x336,COO
"Duran, Hayden and Sharp","https://www.linkedin.com/company/duran,haydenandsharp",http://www.valentine-kerr.net/,34,0,High,Timothy Tyler,https://www.linkedin.com/in/johnbooker,carpentercaitlin@example.net,381.834.8246x29218,CTO
"Duran, Hayden and Sharp","https://www.linkedin.com/company/duran,haydenandsharp",https://www.warren-johnson.com/,44,4,Medium,Kevin White,https://www.linkedin.com/in/gabrielletapia,tonya51@example.net,001-666-405-5319x94833,CEO
"Arnold, Hickman and Thomas","https://www.linkedin.com/company/arnold,hickmanandthomas",https://www.graham.com/,11,3,Medium,Jason Klein,https://www.linkedin.com/in/katiecruz,fkelly@example.com,419-371-4262,CFO
"Arnold, Hickman and Thomas","https://www.linkedin.com/company/arnold,hickmanandthomas",https://www.gordon.com/,45,5,High,Terri Gregory,https://www.linkedin.com/in/isaiahmolina,jason55@example.net,+1-763-258-9320x055,VP of Sales
Long-Hernandez,https://www.linkedin.com/company/long-hernandez,http://www.lopez.com/,30,1,Medium,Karen Christian,https://www.linkedin.com/in/jennifergarcia,yvonneosborn@example.com,(781)310-6383,CFO
Mccoy PLC,https://www.linkedin.com/company/mccoyplc,http://www.bass.com/,46,2,Low,Alicia Daniels,https://www.linkedin.com/in/brendasmith,suttonadam@example.org,519.994.4376x993,Business Analyst
Thompson Ltd,https://www.linkedin.com/company/thompsonltd,http://arias.org/,5,2,Medium,Joseph Wilkins,https://www.linkedin.com/in/emilywilliams,emilyreed@example.com,443.690.1923x5497,Product Manager
Thompson Ltd,https://www.linkedin.com/company/thompsonltd,http://www.ford.org/,44,3,Low,Steven Kelly,https://www.linkedin.com/in/manuellam,patriciaknight@example.com,6399255792,Lead Engineer
Thompson Ltd,https://www.linkedin.com/company/thompsonltd,http://andrews.info/,45,3,Low,Ronald Perez,https://www.linkedin.com/in/melissalloyd,ryanwheeler@example.net,(455)316-3244x078,Lead Engineer
Reed Group,https://www.linkedin.com/company/reedgroup,https://jacobs-mason.com/,20,5,High,Steven Compton,https://www.linkedin.com/in/mollygarcia,wriggs@example.com,+1-748-353-5710,Product Manager
Reed Group,https://www.linkedin.com/company/reedgroup,https://rodriguez.biz/,5,2,Low,Shawn Powell,https://www.linkedin.com/in/juliearnold,longchristopher@example.com,8159514292,Business Analyst
"Cowan, Fitzgerald and Martin","https://www.linkedin.com/company/cowan,fitzgeraldandmartin",http://www.kaufman.org/,45,1,High,Michael Brooks,https://www.linkedin.com/in/rachelbrown,millerheather@example.org,8283690750,Business Analyst
"Cowan, Fitzgerald and Martin","https://www.linkedin.com/company/cowan,fitzgeraldandmartin",http://quinn.com/,48,2,Medium,Ms. Lindsey Jackson,https://www.linkedin.com/in/carmenfloresdvm,kayla87@example.org,(397)214-4666x90509,VP of Sales
"Knight, Smith and Morrison","https://www.linkedin.com/company/knight,smithandmorrison",https://www.jordan-rivera.com/,24,3,High,Alexander Rodgers,https://www.linkedin.com/in/jessicabrown,tyler16@example.net,680-527-0042x97153,CTO
"Knight, Smith and Morrison","https://www.linkedin.com/company/knight,smithandmorrison",https://www.brooks.com/,13,0,Low,Brandon Patel,https://www.linkedin.com/in/pamelawallace,dominic11@example.org,6907857155,Product Manager
"Evans, Thompson and Morgan","https://www.linkedin.com/company/evans,thompsonandmorgan",http://www.roy.com/,15,4,Low,Randy Solomon,https://www.linkedin.com/in/brendashortmd,gmorgan@example.net,658-696-8563,VP of Sales
"Evans, Thompson and Morgan","https://www.linkedin.com/company/evans,thompsonandmorgan",http://davis.biz/,38,4,Low,Erica Logan DDS,https://www.linkedin.com/in/seanwells,stevenjackson@example.org,001-446-399-5868x981,Lead Engineer
"Fernandez, Williams and Lara","https://www.linkedin.com/company/fernandez,williamsandlara",https://frost-chambers.com/,5,0,Low,Deborah Wiggins,https://www.linkedin.com/in/katherinepowers,murphykenneth@example.org,753.834.3983,Marketing Manager
Fuller-Johnston,https://www.linkedin.com/company/fuller-johnston,http://clark-williams.com/,33,5,Low,Eric George,https://www.linkedin.com/in/jordanbrooks,karenfrazier@example.com,001-531-786-7633x35569,COO
"Rodriguez, Cross and Davis","https://www.linkedin.com/company/rodriguez,crossanddavis",http://herrera.org/,49,0,Low,Mary Caldwell,https://www.linkedin.com/in/parkeredwards,edgar55@example.com,+1-235-243-9404,CFO
"Rodriguez, Cross and Davis","https://www.linkedin.com/company/rodriguez,crossanddavis",https://www.davis-ballard.org/,44,0,High,Joseph Payne,https://www.linkedin.com/in/kevinmcdaniel,megan24@example.net,332.360.6882x42227,Marketing Manager
"Rodriguez, Cross and Davis","https://www.linkedin.com/company/rodriguez,crossanddavis",https://www.thomas-vasquez.com/,50,1,High,Marc Diaz,https://www.linkedin.com/in/dillonhines,piercecody@example.com,(970)763-6804x93778,Product Manager
Contreras LLC,https://www.linkedin.com/company/contrerasllc,https://www.montgomery.com/,35,0,High,Brian Hatfield,https://www.linkedin.com/in/madisonmartin,davidfrost@example.com,586.694.0951x614,CEO
Contreras LLC,https://www.linkedin.com/company/contrerasllc,https://hernandez-andrade.org/,20,3,Low,Kayla Armstrong,https://www.linkedin.com/in/raymondrose,langrandy@example.com,594.288.9759,Product Manager
"Velasquez, Zimmerman and Hicks","https://www.linkedin.com/company/velasquez,zimmermanandhicks",https://farrell-lewis.com/,24,1,Low,Mike Holden,https://www.linkedin.com/in/michelletaylor,mariapatton@example.com,001-909-303-9073,Product Manager
Weaver PLC,https://www.linkedin.com/company/weaverplc,https://allen-stewart.com/,31,0,Low,Melanie Weiss,https://www.linkedin.com/in/robertstone,andrew82@example.com,(286)728-1023x81864,Product Manager
Smith-Gay,https://www.linkedin.com/company/smith-gay,https://www.tran.com/,22,5,High,Mr. Michael Gillespie,https://www.linkedin.com/in/sheilakoch,monica68@example.net,887-806-5970x7159,CFO
Smith-Gay,https://www.linkedin.com/company/smith-gay,https://www.case.com/,32,3,High,Hailey Garrison,https://www.linkedin.com/in/heatherkeller,smithmary@example.com,880.540.1797,Business Analyst
Smith-Gay,https://www.linkedin.com/company/smith-gay,http://www.wagner.com/,41,4,Medium,Christopher Thompson,https://www.linkedin.com/in/derekpatton,flowersjesus@example.org,+1-395-778-6905x754,Business Analyst
Haney-Richards,https://www.linkedin.com/company/haney-richards,https://richard.com/,35,4,High,Jordan Wright,https://www.linkedin.com/in/beverlyjackson,harriskristina@example.net,+1-232-972-0816x3145,COO
Haney-Richards,https://www.linkedin.com/company/haney-richards,https://may-hernandez.net/,34,1,Medium,Glen Boyd,https://www.linkedin.com/in/curtisadams,kturner@example.org,335.358.5113x055,CTO
Haney-Richards,https://www.linkedin.com/company/haney-richards,https://www.brown.biz/,43,4,Low,Ashley Brown,https://www.linkedin.com/in/davidhernandez,jwu@example.org,001-571-473-2487x590,CEO
Quinn-Smith,https://www.linkedin.com/company/quinn-smith,https://www.garcia-clark.info/,24,0,High,William Santos,https://www.linkedin.com/in/briangross,joseph17@example.net,+1-673-685-8563x66930,COO
Quinn-Smith,https://www.linkedin.com/company/quinn-smith,http://www.garcia.info/,6,4,High,Eddie Burns,https://www.linkedin.com/in/jessicawright,brandon10@example.org,(367)521-9029x670,Business Analyst
"Mccormick, Lindsey and Hensley","https://www.linkedin.com/company/mccormick,lindseyandhensley",https://www.stewart.org/,32,5,Medium,Sarah Tucker,https://www.linkedin.com/in/lisagonzales,jennifermiller@example.net,281.674.3927x025,Marketing Manager
"Mccormick, Lindsey and Hensley","https://www.linkedin.com/company/mccormick,lindseyandhensley",https://www.villa.com/,21,1,Low,Lynn Watkins,https://www.linkedin.com/in/brandongrant,brittany77@example.org,(544)695-4587x0746,Lead Engineer
Coleman-Michael,https://www.linkedin.com/company/coleman-michael,https://www.thompson-banks.com/,11,1,High,Vanessa Kelly,https://www.linkedin.com/in/vickierobinson,levybrian@example.com,001-568-681-7331x8619,Product Manager
Coleman-Michael,https://www.linkedin.com/company/coleman-michael,http://haynes.net/,11,0,Low,Katie Alvarado,https://www.linkedin.com/in/maryhammond,lloydethan@example.net,+1-281-691-3328x88209,Lead Engineer
Hernandez Ltd,https://www.linkedin.com/company/hernandezltd,http://holmes.info/,19,0,High,Susan Jones,https://www.linkedin.com/in/robertberry,heather62@example.net,001-208-650-3106x0176,VP of Sales
Hernandez Ltd,https://www.linkedin.com/company/hernandezltd,https://mitchell.com/,24,2,Low,Troy Callahan,https://www.linkedin.com/in/timothylowe,rosalesdennis@example.net,829.426.9285,Product Manager
Ford-Hughes,https://www.linkedin.com/company/ford-hughes,http://reyes.com/,8,0,Low,Laura Craig,https://www.linkedin.com/in/frederickrivera,andrewsjason@example.org,279.691.9451x80645,Marketing Manager
Krause-Smith,https://www.linkedin.com/company/krause-smith,https://www.peters-cantu.org/,1,2,High,Ruben Wright,https://www.linkedin.com/in/wyattjones,julian57@example.net,574.213.0699,CEO
Krause-Smith,https://www.linkedin.com/company/krause-smith,https://carson.org/,30,4,High,Johnny Reese,https://www.linkedin.com/in/jenniferromero,josephrodney@example.net,001-684-421-7237x3180,Lead Engineer
Krause-Smith,https://www.linkedin.com/company/krause-smith,http://vazquez-west.com/,19,1,High,Holly Bailey DDS,https://www.linkedin.com/in/mr.jorgenewman,zalexander@example.net,001-934-301-3616x268,VP of Sales
Moore-Barnett,https://www.linkedin.com/company/moore-barnett,https://oliver.net/,31,2,Medium,Michael Horne,https://www.linkedin.com/in/mackenziemorgan,malloryfrost@example.com,899.436.6678,VP of Sales
Moore-Barnett,https://www.linkedin.com/company/moore-barnett,http://garcia.org/,38,1,Low,Wendy Brown,https://www.linkedin.com/in/billyhernandez,carlos31@example.org,908-353-2368,VP of Sales
Moore-Barnett,https://www.linkedin.com/company/moore-barnett,https://parker.com/,1,3,High,Christopher Nelson,https://www.linkedin.com/in/rebeccaclementsmd,mikayla11@example.com,225.578.8082x402,Product Manager
Rivera-Mcdaniel,https://www.linkedin.com/company/rivera-mcdaniel,http://mcguire.net/,38,0,Medium,David Garcia,https://www.linkedin.com/in/kellyrobinson,waltergomez@example.com,(851)314-4400,CFO
Rivera-Mcdaniel,https://www.linkedin.com/company/rivera-mcdaniel,http://www.johnson.com/,25,0,High,Lauren Schmitt,https://www.linkedin.com/in/christinaroberts,zoeevans@example.net,(831)893-0935,VP of Sales
Fleming-Fisher,https://www.linkedin.com/company/fleming-fisher,http://hayes.net/,1,0,Medium,Louis Hogan,https://www.linkedin.com/in/carllong,douglashull@example.com,841.895.8595x425,VP of Sales
Fleming-Fisher,https://www.linkedin.com/company/fleming-fisher,http://richard.com/,40,5,High,Lindsay Allen,https://www.linkedin.com/in/ericjackson,mariomartin@example.com,9175280302,CFO
Parker and Sons,https://www.linkedin.com/company/parkerandsons,http://davies.net/,17,1,Medium,John Bradley,https://www.linkedin.com/in/susanhardy,evan69@example.net,(571)567-9927x0355,CEO
Parker and Sons,https://www.linkedin.com/company/parkerandsons,http://smith-singh.org/,3,2,Low,Dr. Stephanie Shaw,https://www.linkedin.com/in/cindyellis,josephwhite@example.com,7105035534,COO
Parker and Sons,https://www.linkedin.com/company/parkerandsons,http://case.com/,44,1,Low,Joshua Tucker,https://www.linkedin.com/in/andrewmiller,jacobford@example.org,857.275.3741x010,Lead Engineer
"Webster, Griffin and Walters","https://www.linkedin.com/company/webster,griffinandwalters",https://thomas-thomas.info/,45,5,Medium,Samantha Harrison,https://www.linkedin.com/in/nicolesandoval,mackenzie61@example.net,+1-995-811-8834,Product Manager
"Webster, Griffin and Walters","https://www.linkedin.com/company/webster,griffinandwalters",http://vasquez.com/,45,3,High,Kimberly Henderson,https://www.linkedin.com/in/alexanderadams,kimberlylane@example.net,001-565-420-3091x0142,Marketing Manager
"Webster, Griffin and Walters","https://www.linkedin.com/company/webster,griffinandwalters",https://www.richards.com/,15,0,Medium,Stephanie Weaver,https://www.linkedin.com/in/juliekelly,howerebecca@example.org,001-451-815-8236x13603,VP of Sales
"Berger, Guzman and Jordan","https://www.linkedin.com/company/berger,guzmanandjordan",http://www.griffith.biz/,27,3,High,Janice Mcdaniel,https://www.linkedin.com/in/paulperez,rhonda79@example.com,(730)555-8876x8330,Marketing Manager
"Berger, Guzman and Jordan","https://www.linkedin.com/company/berger,guzmanandjordan",https://richard.com/,9,2,High,Brian Morales,https://www.linkedin.com/in/stephaniecooper,bakerethan@example.net,001-439-426-5778x4230,Business Analyst
"Berger, Guzman and Jordan","https://www.linkedin.com/company/berger,guzmanandjordan",http://mccarty.com/,1,0,Medium,Thomas Ellis,https://www.linkedin.com/in/sandramitchell,ulawrence@example.net,558-948-9633,VP of Sales
Boyer-Johnson,https://www.linkedin.com/company/boyer-johnson,http://www.solis.com/,13,5,Low,Samuel Baker,https://www.linkedin.com/in/lindajohnson,jameslawson@example.com,001-227-750-8067x36116,CTO
Holt-Reynolds,https://www.linkedin.com/company/holt-reynolds,http://www.manning.com/,28,3,High,Teresa Santiago,https://www.linkedin.com/in/lindsaymorrow,rortiz@example.com,(830)645-7230,CEO
Holt-Reynolds,https://www.linkedin.com/company/holt-reynolds,http://www.whitney-tran.biz/,50,0,Medium,Kurt Payne,https://www.linkedin.com/in/lindastephens,newmannatalie@example.com,(870)551-4660x67592,VP of Sales
Jones-Thompson,https://www.linkedin.com/company/jones-thompson,https://arnold-miller.com/,41,2,High,Brian Hill MD,https://www.linkedin.com/in/vanessarandolph,gpatel@example.org,976-285-8007x510,COO
Harrison Ltd,https://www.linkedin.com/company/harrisonltd,https://www.hernandez.net/,30,0,Low,Jeffrey Salinas,https://www.linkedin.com/in/ryanramirez,calvin89@example.com,671-572-0495x7407,Product Manager
Harrison Ltd,https://www.linkedin.com/company/harrisonltd,http://www.rodriguez-hubbard.biz/,24,4,High,Gary Solomon,https://www.linkedin.com/in/lindapatton,burnettrebekah@example.com,001-959-553-5212,Lead Engineer
Moore-Wiley,https://www.linkedin.com/company/moore-wiley,http://allen-rojas.info/,43,2,High,Mary Gardner,https://www.linkedin.com/in/jennifermartin,jenniferritter@example.net,001-554-969-5139,Marketing Manager
Robertson Group,https://www.linkedin.com/company/robertsongroup,https://www.thomas.com/,45,4,Low,Wendy Jones,https://www.linkedin.com/in/alishazimmerman,dmcknight@example.org,+1-727-852-0911x337,Lead Engineer
Robertson Group,https://www.linkedin.com/company/robertsongroup,https://garcia.com/,8,5,Low,James Sanchez,https://www.linkedin.com/in/scotthensley,tanner78@example.org,316-769-1749x73868,Product Manager
Moore Group,https://www.linkedin.com/company/mooregroup,http://miller-ward.com/,9,1,High,Antonio Bean,https://www.linkedin.com/in/williamandrews,tranlarry@example.net,694-434-1708x24082,Lead Engineer
Moore Group,https://www.linkedin.com/company/mooregroup,https://kim.org/,36,1,Low,John Brown,https://www.linkedin.com/in/heatherchandler,ballkeith@example.org,885-606-7764x77065,Marketing Manager
Michael PLC,https://www.linkedin.com/company/michaelplc,http://www.green.com/,17,3,Medium,Patrick Graham,https://www.linkedin.com/in/rebeccabell,cynthia53@example.org,3062610216,Business Analyst
"Rowe, Webb and Atkinson","https://www.linkedin.com/company/rowe,webbandatkinson",https://www.spears.com/,24,4,Medium,Mr. Matthew Stafford MD,https://www.linkedin.com/in/elizabethhill,callahancourtney@example.org,001-662-749-7633,COO
"Rowe, Webb and Atkinson","https://www.linkedin.com/company/rowe,webbandatkinson",https://www.anderson-evans.com/,28,3,Low,Tina Newman,https://www.linkedin.com/in/vanessahenderson,carriehatfield@example.org,001-960-201-2924x779,CTO
Meza PLC,https://www.linkedin.com/company/mezaplc,https://www.whitehead.biz/,33,0,High,Samuel Marshall,https://www.linkedin.com/in/karinahuber,scottemily@example.org,734-208-3899x6006,Business Analyst
Meza PLC,https://www.linkedin.com/company/mezaplc,http://sanchez.com/,43,0,High,Michael Walker,https://www.linkedin.com/in/derrickcollins,stephaniewright@example.com,698-528-8203x4070,VP of Sales
Meza PLC,https://www.linkedin.com/company/mezaplc,http://www.liu-cole.com/,4,1,High,Alex Gonzalez,https://www.linkedin.com/in/rachelmueller,becky75@example.net,(444)288-5412x7425,Business Analyst
"Campbell, Wilson and Mills","https://www.linkedin.com/company/campbell,wilsonandmills",http://www.campbell.com/,3,4,High,Pam Cohen,https://www.linkedin.com/in/joypowers,tsosa@example.org,395-668-6341x4921,COO
Gonzales Inc,https://www.linkedin.com/company/gonzalesinc,https://reed.info/,11,1,High,Matthew Mckay,https://www.linkedin.com/in/melindathomas,bbarrett@example.org,(604)395-0822x3417,Lead Engineer
Gonzales Inc,https://www.linkedin.com/company/gonzalesinc,http://smith.com/,42,1,High,Daniel Wood,https://www.linkedin.com/in/thomassnyder,christopher66@example.com,547-700-2749x312,CTO
King and Sons,https://www.linkedin.com/company/kingandsons,https://hoffman.com/,25,1,High,Patrick Finley,https://www.linkedin.com/in/margaretnelson,loneill@example.net,+1-969-415-8159,Business Analyst
King and Sons,https://www.linkedin.com/company/kingandsons,https://campbell.com/,20,0,High,Paul Curtis,https://www.linkedin.com/in/rebekahaguirre,amy98@example.net,2134056097,VP of Sales
King and Sons,https://www.linkedin.com/company/kingandsons,https://costa.biz/,7,4,Low,Michael Davis,https://www.linkedin.com/in/nancymayo,dylan27@example.org,557.916.1229x34435,Product Manager
Morris-Howe,https://www.linkedin.com/company/morris-howe,https://www.baker.com/,31,1,High,Jonathan Huffman,https://www.linkedin.com/in/vanessabarnes,jgutierrez@example.org,(697)231-7569x5324,CTO
Morris-Howe,https://www.linkedin.com/company/morris-howe,http://www.blanchard.biz/,2,3,Medium,Christopher Mendoza,https://www.linkedin.com/in/sarahherrera,mendozacarol@example.com,230.835.9318,CTO
Morris-Howe,https://www.linkedin.com/company/morris-howe,http://www.holloway.com/,25,4,Medium,Robert Allen,https://www.linkedin.com/in/gloriagaines,steven58@example.net,+1-664-929-3083,CFO
Zhang-Meyers,https://www.linkedin.com/company/zhang-meyers,http://hamilton.org/,48,1,Low,Sarah Simmons,https://www.linkedin.com/in/coreyguerrero,cheryljackson@example.org,396-200-3239x4317,CFO
Zhang-Meyers,https://www.linkedin.com/company/zhang-meyers,http://sanders.com/,38,1,High,Jesse Aguilar,https://www.linkedin.com/in/michaelbird,timothy29@example.net,757-382-4868x3763,COO
Zhang-Meyers,https://www.linkedin.com/company/zhang-meyers,https://www.cain.org/,24,2,High,Bobby Johnson,https://www.linkedin.com/in/nancykirk,fvillegas@example.net,789.553.1460x66461,Business Analyst
Hancock Inc,https://www.linkedin.com/company/hancockinc,https://rosales-parker.com/,48,4,Medium,Emily Aguirre,https://www.linkedin.com/in/louisbrown,destinymartin@example.net,001-996-326-6337x7217,CFO
Hancock Inc,https://www.linkedin.com/company/hancockinc,https://mcclain.com/,27,2,Low,Jacob Andrews,https://www.linkedin.com/in/ricardoserrano,murphychristine@example.net,001-714-855-0471x00966,Business Analyst
Butler PLC,https://www.linkedin.com/company/butlerplc,http://www.dixon-miller.com/,20,1,High,Jillian Torres,https://www.linkedin.com/in/michelleellisdds,morganbrad@example.com,(838)871-2896x383,Lead Engineer
Haynes PLC,https://www.linkedin.com/company/haynesplc,https://www.yates-campbell.com/,33,0,Medium,Melissa Miller,https://www.linkedin.com/in/shawnbrowndvm,sabrinabecker@example.net,(422)554-6927x9152,Product Manager
"Murray, Maldonado and Park","https://www.linkedin.com/company/murray,maldonadoandpark",https://www.flores-gomez.biz/,40,1,High,Ricky Herman,https://www.linkedin.com/in/dr.kaitlynkeith,mitchellkristina@example.org,3153062575,Business Analyst
"Murray, Maldonado and Park","https://www.linkedin.com/company/murray,maldonadoandpark",https://lin.com/,23,4,Low,Donna Harris,https://www.linkedin.com/in/katherineyoungdds,qrandolph@example.org,530.583.2108,Marketing Manager
"Murray, Maldonado and Park","https://www.linkedin.com/company/murray,maldonadoandpark",https://www.henderson-obrien.com/,25,4,High,Jasmine Wallace,https://www.linkedin.com/in/kylepatrick,johnsonjuan@example.org,2323491219,Product Manager
Phillips-Lang,https://www.linkedin.com/company/phillips-lang,http://www.lewis-bailey.com/,22,0,High,Michelle Hernandez,https://www.linkedin.com/in/marcusharrismd,lbowman@example.com,452.498.1733x05441,Marketing Manager
Phillips-Lang,https://www.linkedin.com/company/phillips-lang,http://hall.org/,17,4,Medium,Marvin Medina,https://www.linkedin.com/in/nancybrooks,carol47@example.net,+1-799-704-1043,VP of Sales
Phillips-Lang,https://www.linkedin.com/company/phillips-lang,http://www.padilla-proctor.net/,41,1,Medium,Karen Lawson,https://www.linkedin.com/in/rebeccaknight,dana14@example.net,001-344-454-8098x00091,Business Analyst
Stanley Ltd,https://www.linkedin.com/company/stanleyltd,https://www.kelly.com/,44,0,Medium,Kyle Thompson,https://www.linkedin.com/in/dakotalee,linda14@example.com,(709)675-0803,CFO
Stanley Ltd,https://www.linkedin.com/company/stanleyltd,http://www.stephens-doyle.com/,39,4,High,James Frazier,https://www.linkedin.com/in/bradortega,richardhughes@example.net,(821)445-1040x7283,Product Manager
Stanley Ltd,https://www.linkedin.com/company/stanleyltd,http://oliver.com/,11,5,Medium,Robert Newton,https://www.linkedin.com/in/markfrancis,esmith@example.com,(714)727-5880,VP of Sales
Jones Ltd,https://www.linkedin.com/company/jonesltd,https://www.gonzalez.com/,11,3,Low,Amy Warren,https://www.linkedin.com/in/jenniferedwards,jesse65@example.org,001-461-678-1409x760,CEO
Jones Ltd,https://www.linkedin.com/company/jonesltd,https://www.brown.biz/,25,2,Medium,Susan Benson,https://www.linkedin.com/in/kylewilson,james24@example.com,001-603-567-6577x07202,Business Analyst
Kelly Inc,https://www.linkedin.com/company/kellyinc,https://www.shelton.org/,42,5,Medium,Evan Bailey,https://www.linkedin.com/in/jenniferhebert,heathercurtis@example.org,908-215-0261,Marketing Manager
Kelly Inc,https://www.linkedin.com/company/kellyinc,http://www.bailey.biz/,11,5,Low,Kayla Jensen,https://www.linkedin.com/in/dawndixon,atkinsonbrandy@example.net,9709190373,CFO
"Miller, Harris and Hardin","https://www.linkedin.com/company/miller,harrisandhardin",https://www.sullivan-wood.org/,26,0,High,John Parker,https://www.linkedin.com/in/phillipanderson,vincentroman@example.com,+1-785-527-3117,CEO
"Evans, Moody and Franklin","https://www.linkedin.com/company/evans,moodyandfranklin",http://holland.com/,34,1,Low,Anthony Hill,https://www.linkedin.com/in/matthewperez,mark07@example.net,(832)775-4628,Lead Engineer
Scott-Thompson,https://www.linkedin.com/company/scott-thompson,http://mcdowell-clark.com/,27,0,High,Cindy Martinez,https://www.linkedin.com/in/josephmurray,bradleycarroll@example.net,474-684-7202x3767,Lead Engineer
Miller-Castro,https://www.linkedin.com/company/miller-castro,https://www.murillo-moss.com/,28,5,Low,Tara Young,https://www.linkedin.com/in/stephencampbell,james81@example.org,+1-659-663-0784x36537,CTO
Miller-Castro,https://www.linkedin.com/company/miller-castro,https://www.weeks.com/,41,5,Low,Roger Martinez,https://www.linkedin.com/in/ralphbuchanan,smithandrew@example.org,+1-945-997-5326x972,CTO
Davis-Harris,https://www.linkedin.com/company/davis-harris,http://moran.com/,50,4,Medium,Scott Harvey,https://www.linkedin.com/in/taylorrobinson,duncanjames@example.org,647.702.8757,CEO
Davis-Harris,https://www.linkedin.com/company/davis-harris,http://www.gonzalez-webster.com/,17,1,Medium,Ebony Crosby,https://www.linkedin.com/in/brendawong,opalmer@example.com,(996)657-4859x75914,Product Manager
Soto Inc,https://www.linkedin.com/company/sotoinc,http://romero.com/,31,1,Low,Jeremy Johnson,https://www.linkedin.com/in/monicahobbs,patrickunderwood@example.net,+1-977-944-2356,CFO
Hardin LLC,https://www.linkedin.com/company/hardinllc,https://www.evans.com/,41,0,High,Juan Adams,https://www.linkedin.com/in/richardbailey,kennedyjames@example.com,+1-797-675-8793x7514,Business Analyst
Scott Group,https://www.linkedin.com/company/scottgroup,http://hawkins.com/,48,1,Medium,Dr. Cody Rogers DDS,https://www.linkedin.com/in/amytate,tmcgee@example.net,001-955-494-3071x3583,Product Manager
Green-Sanders,https://www.linkedin.com/company/green-sanders,https://www.doyle.org/,28,1,Low,Tara Butler,https://www.linkedin.com/in/charlescannon,ashley02@example.com,001-641-855-5343,Product Manager
"Martin, Miranda and Torres","https://www.linkedin.com/company/martin,mirandaandtorres",https://taylor-herrera.net/,33,1,Low,Christopher Perez,https://www.linkedin.com/in/christophermiller,uhawkins@example.com,+1-334-641-0517,CEO
"Martin, Miranda and Torres","https://www.linkedin.com/company/martin,mirandaandtorres",https://flynn.com/,23,2,High,Hannah Walters,https://www.linkedin.com/in/joannaandrade,gfuller@example.com,894.890.7487,CEO
"Martin, Miranda and Torres","https://www.linkedin.com/company/martin,mirandaandtorres",http://santos-frazier.com/,2,1,Medium,Annette Flores,https://www.linkedin.com/in/traceygibson,marisastrickland@example.net,001-856-719-3513x18012,Product Manager
Rose and Sons,https://www.linkedin.com/company/roseandsons,https://www.salinas.net/,45,0,High,Nancy Rosario,https://www.linkedin.com/in/connorwiggins,pcook@example.net,+1-814-946-0603x0898,COO
Spence Inc,https://www.linkedin.com/company/spenceinc,https://holloway-taylor.biz/,3,1,Low,David Meyer,https://www.linkedin.com/in/samanthamcconnell,russell65@example.com,(325)572-4373x7614,CTO
Spence Inc,https://www.linkedin.com/company/spenceinc,https://www.cruz-green.org/,18,0,Medium,Kelly Huerta,https://www.linkedin.com/in/markmalone,taylor12@example.org,733-973-9148x9437,COO
Spence Inc,https://www.linkedin.com/company/spenceinc,https://stokes.org/,2,2,Medium,Michael Morgan,https://www.linkedin.com/in/robertgonzalez,pattersoneric@example.org,001-680-544-0514x3660,Marketing Manager
"Murray, Rodriguez and Richardson","https://www.linkedin.com/company/murray,rodriguezandrichardson",http://green.com/,5,4,Low,Molly Vega,https://www.linkedin.com/in/josephmeyers,chelsea21@example.com,+1-987-856-3991x1601,CTO
"Murray, Rodriguez and Richardson","https://www.linkedin.com/company/murray,rodriguezandrichardson",http://www.rich.net/,43,0,Low,Andrew Jones DVM,https://www.linkedin.com/in/kimberlycarlson,kelly60@example.net,(815)957-2056x68699,CFO
"Murray, Rodriguez and Richardson","https://www.linkedin.com/company/murray,rodriguezandrichardson",https://www.gill.com/,21,1,Low,Sarah Acevedo,https://www.linkedin.com/in/amandaparks,matthewdavis@example.net,(561)637-8587x834,VP of Sales
"Mcgee, Morgan and Jones","https://www.linkedin.com/company/mcgee,morganandjones",https://lowery.biz/,20,4,Medium,Denise Macias,https://www.linkedin.com/in/kathyparker,madisonanderson@example.com,+1-839-247-0470x14951,COO
"Mcgee, Morgan and Jones","https://www.linkedin.com/company/mcgee,morganandjones",https://harrington-woods.info/,8,1,Low,Brittany Pittman,https://www.linkedin.com/in/frankrios,hmeyer@example.com,001-667-848-0773,Business Analyst
Hicks Inc,https://www.linkedin.com/company/hicksinc,https://russell-rose.com/,49,0,Low,Sharon Watson,https://www.linkedin.com/in/carollopez,stephen64@example.net,231-836-6734,Product Manager
Hicks Inc,https://www.linkedin.com/company/hicksinc,http://www.dunn.com/,44,1,High,David Ray,https://www.linkedin.com/in/shelbydavis,garytucker@example.com,+1-938-802-7457x5244,CFO
"Ramirez, Lewis and Duarte","https://www.linkedin.com/company/ramirez,lewisandduarte",http://www.pennington.com/,50,0,Medium,Allison Gonzalez,https://www.linkedin.com/in/christinehernandez,robertdurham@example.org,(655)338-9786,Lead Engineer
"Ramirez, Lewis and Duarte","https://www.linkedin.com/company/ramirez,lewisandduarte",https://phillips.com/,41,5,Low,Timothy Keith,https://www.linkedin.com/in/paulcampbell,edgarward@example.org,+1-246-899-6595x03895,COO
"Ferguson, Lloyd and Jordan","https://www.linkedin.com/company/ferguson,lloydandjordan",http://www.edwards.com/,43,3,High,Steven Jackson,https://www.linkedin.com/in/ericamendez,stevenvargas@example.com,773-563-8741,CTO
"Ferguson, Lloyd and Jordan","https://www.linkedin.com/company/ferguson,lloydandjordan",http://www.beard-gray.com/,35,4,High,Mark Mitchell,https://www.linkedin.com/in/meganhowell,morenochristopher@example.com,(681)625-1547,Lead Engineer
"Brown, Patton and Green","https://www.linkedin.com/company/brown,pattonandgreen",http://watson.com/,27,2,High,Jennifer Chapman,https://www.linkedin.com/in/barbaraknapp,sara35@example.net,(750)754-1493,Product Manager
"Brown, Patton and Green","https://www.linkedin.com/company/brown,pattonandgreen",http://www.grant.com/,21,0,High,Joseph Chambers,https://www.linkedin.com/in/brianberger,jeffrey29@example.net,677.893.2934x1280,CFO
"Allen, Johnson and Hull","https://www.linkedin.com/company/allen,johnsonandhull",http://rasmussen.org/,11,5,Medium,Mark Allen,https://www.linkedin.com/in/davidleon,zhenderson@example.com,6603253627,COO
"Allen, Johnson and Hull","https://www.linkedin.com/company/allen,johnsonandhull",https://www.payne-santiago.info/,50,3,Medium,Kim Cunningham,https://www.linkedin.com/in/anthonyjordan,jacksonrose@example.org,001-995-229-4513,VP of Sales
"Allen, Johnson and Hull","https://www.linkedin.com/company/allen,johnsonandhull",http://clark.com/,33,1,High,Zachary Mcguire,https://www.linkedin.com/in/richardwarren,natalie72@example.net,4883306991,Marketing Manager
"Sexton, Holden and Simmons","https://www.linkedin.com/company/sexton,holdenandsimmons",http://arias.info/,13,3,High,Tammy Erickson,https://www.linkedin.com/in/samanthastewart,townsendcynthia@example.com,546-893-3975x0695,VP of Sales
Lane-Kennedy,https://www.linkedin.com/company/lane-kennedy,http://jenkins.com/,4,5,Medium,Scott Spence,https://www.linkedin.com/in/joseryan,mclark@example.net,001-952-425-9025x915,Product Manager
"White, Jones and Howard","https://www.linkedin.com/company/white,jonesandhoward",https://baker.com/,34,2,High,Robin Burns,https://www.linkedin.com/in/williamharrell,fkrueger@example.org,+1-916-856-3284x645,COO
Caldwell LLC,https://www.linkedin.com/company/caldwellllc,http://burns-scott.org/,2,0,High,Jennifer Farrell,https://www.linkedin.com/in/joshuaboyle,john75@example.com,+1-663-941-8702,Business Analyst
Caldwell LLC,https://www.linkedin.com/company/caldwellllc,https://johnson.com/,5,3,High,Joel Kelly,https://www.linkedin.com/in/teresawiley,nlamb@example.org,3982849224,CEO
Caldwell LLC,https://www.linkedin.com/company/caldwellllc,http://hernandez.info/,23,5,High,David Jones,https://www.linkedin.com/in/loganho,mmcclure@example.net,001-493-704-8286x0050,VP of Sales
Howell PLC,https://www.linkedin.com/company/howellplc,http://www.spencer.com/,25,5,Low,David Rivas,https://www.linkedin.com/in/philipsmith,christophermoore@example.org,877.874.1565x095,CEO
Howell PLC,https://www.linkedin.com/company/howellplc,https://www.hoover.com/,7,1,Medium,Jonathan Turner,https://www.linkedin.com/in/jeffreysmith,dustin94@example.net,639.952.5682x0411,Business Analyst
Dunlap Ltd,https://www.linkedin.com/company/dunlapltd,http://mccarty.com/,10,0,High,Stephen Burke,https://www.linkedin.com/in/victorianelsondds,russell26@example.net,(480)299-2643,Product Manager
Dunlap Ltd,https://www.linkedin.com/company/dunlapltd,https://howard.com/,12,1,Medium,Steven Miller,https://www.linkedin.com/in/jeanettemaddox,ricedouglas@example.com,(232)655-0449,COO
Dunlap Ltd,https://www.linkedin.com/company/dunlapltd,http://kidd.net/,23,1,Low,Anthony Cox DDS,https://www.linkedin.com/in/jacquelinetaylor,wolfwilliam@example.org,509.465.3171x1510,Business Analyst
Maldonado PLC,https://www.linkedin.com/company/maldonadoplc,http://www.taylor.biz/,37,1,Medium,Rebekah Boyd,https://www.linkedin.com/in/josephshaw,williamdixon@example.com,+1-572-762-4172,Marketing Manager
Maldonado PLC,https://www.linkedin.com/company/maldonadoplc,https://preston.com/,22,5,High,Charles Williams,https://www.linkedin.com/in/jasongordon,johnsmith@example.org,+1-794-485-6862x118,CTO
"Lyons, Little and Reid","https://www.linkedin.com/company/lyons,littleandreid",http://savage-cummings.com/,30,4,Low,Michelle Morris,https://www.linkedin.com/in/jasonhall,angelahoward@example.com,(540)697-7811x7293,Business Analyst
"Lyons, Little and Reid","https://www.linkedin.com/company/lyons,littleandreid",http://cannon-rodriguez.biz/,1,3,High,Jennifer Knapp,https://www.linkedin.com/in/michaelwarren,william70@example.com,681-244-8453x211,Business Analyst
"Valencia, Lewis and Jones","https://www.linkedin.com/company/valencia,lewisandjones",https://www.mooney.com/,48,0,Low,Mrs. Wendy Wilson DDS,https://www.linkedin.com/in/georgebranch,perrysusan@example.org,849.522.1761x3747,Product Manager
"Valencia, Lewis and Jones","https://www.linkedin.com/company/valencia,lewisandjones",https://soto.com/,49,4,Low,David Hughes,https://www.linkedin.com/in/jennifershaw,christopher16@example.com,516-655-3946,CFO
"Sullivan, Hernandez and Roy","https://www.linkedin.com/company/sullivan,hernandezandroy",https://bullock.com/,50,5,High,Sonya King,https://www.linkedin.com/in/davidmathis,michaelfranklin@example.net,+1-260-306-2482,Lead Engineer
"Sullivan, Hernandez and Roy","https://www.linkedin.com/company/sullivan,hernandezandroy",http://www.miller.com/,7,3,High,James Perry,https://www.linkedin.com/in/richardmartinmd,rfitzgerald@example.com,(707)446-3516x905,CTO
"Green, Powers and Turner","https://www.linkedin.com/company/green,powersandturner",https://bailey-myers.com/,5,0,Low,Ashley Lee,https://www.linkedin.com/in/cassandranguyen,kayla65@example.org,+1-939-677-4378x98829,Lead Engineer
"Green, Powers and Turner","https://www.linkedin.com/company/green,powersandturner",http://franklin.org/,5,0,High,Larry Hammond,https://www.linkedin.com/in/lindabecker,stevenhoward@example.net,419.553.8327,Business Analyst
"Green, Powers and Turner","https://www.linkedin.com/company/green,powersandturner",http://mullins.com/,1,3,Medium,Katherine Harris,https://www.linkedin.com/in/ericlandry,norrisnicholas@example.net,742.499.5259x54014,CFO
Payne-Burke,https://www.linkedin.com/company/payne-burke,http://castillo.com/,26,0,High,Brandon Howard,https://www.linkedin.com/in/ellenrice,kingshawn@example.net,+1-815-939-4051,VP of Sales
"Brown, Robinson and Woodward","https://www.linkedin.com/company/brown,robinsonandwoodward",https://armstrong.com/,7,2,High,Kylie Glenn,https://www.linkedin.com/in/amyjones,jenniferthomas@example.org,(294)567-1703x65070,COO
"Brown, Robinson and Woodward","https://www.linkedin.com/company/brown,robinsonandwoodward",https://www.mccarthy-mccormick.com/,24,2,Low,Benjamin Stewart,https://www.linkedin.com/in/robertturner,gnguyen@example.org,803.353.8621,CFO
Baker LLC,https://www.linkedin.com/company/bakerllc,https://www.joseph.com/,31,3,Medium,Erika Brewer,https://www.linkedin.com/in/veronicawinters,elizabethhayden@example.com,+1-321-493-8314x95108,Marketing Manager
Baker LLC,https://www.linkedin.com/company/bakerllc,https://www.mcintyre.org/,17,5,Low,Thomas Garcia,https://www.linkedin.com/in/robynroman,john29@example.com,001-233-917-1037x167,Business Analyst
Baker LLC,https://www.linkedin.com/company/bakerllc,https://www.owen.com/,36,0,Low,Jack Anderson,https://www.linkedin.com/in/robertespinoza,gregoryshields@example.net,644-405-3775,CFO
Buchanan Ltd,https://www.linkedin.com/company/buchananltd,http://scott.net/,45,2,Low,Samuel Brewer,https://www.linkedin.com/in/danielswanson,amanda59@example.net,001-917-310-8154x3412,Product Manager
Buchanan Ltd,https://www.linkedin.com/company/buchananltd,http://www.smith.com/,35,2,High,Ashley Gay,https://www.linkedin.com/in/sabrinakhan,agardner@example.org,(366)742-2585,Product Manager
"Mckinney, Spencer and Harrell","https://www.linkedin.com/company/mckinney,spencerandharrell",https://www.matthews.org/,19,0,Medium,Matthew Mcconnell,https://www.linkedin.com/in/franksmith,laurie77@example.net,+1-352-650-5056,Marketing Manager
"Mckinney, Spencer and Harrell","https://www.linkedin.com/company/mckinney,spencerandharrell",http://choi.com/,13,2,Low,Daniel Welch,https://www.linkedin.com/in/jameswalsh,vernonperez@example.com,+1-487-483-2363,Lead Engineer
"Mckinney, Spencer and Harrell","https://www.linkedin.com/company/mckinney,spencerandharrell",https://www.young-moore.com/,37,4,High,Jessica Alvarez,https://www.linkedin.com/in/josephjohnson,zvalentine@example.net,628.731.7561x7063,CFO
Castro Inc,https://www.linkedin.com/company/castroinc,http://davidson-richardson.com/,12,5,Medium,Katherine Velez,https://www.linkedin.com/in/andreamartin,jeremy37@example.net,+1-925-886-7795,Marketing Manager
"Anderson, Stone and Owens","https://www.linkedin.com/company/anderson,stoneandowens",http://www.nelson-gallegos.com/,39,4,Low,Erik Baker,https://www.linkedin.com/in/amandajensen,kathryngilbert@example.org,731.856.0916x9685,CEO
"Anderson, Stone and Owens","https://www.linkedin.com/company/anderson,stoneandowens",https://www.richards-miller.com/,29,4,Low,Angela Webster,https://www.linkedin.com/in/oliviacuevas,ashleefloyd@example.net,+1-313-691-5677x3193,CTO
Williams-Brown,https://www.linkedin.com/company/williams-brown,https://www.mcclure.com/,48,0,Low,Robert Hudson,https://www.linkedin.com/in/heatherparks,flewis@example.net,001-871-981-4223x721,Business Analyst
"Patel, Ibarra and Young","https://www.linkedin.com/company/patel,ibarraandyoung",https://torres-crane.com/,38,1,Medium,Karen Ruiz,https://www.linkedin.com/in/michaeljones,tjones@example.org,(851)566-4523,CFO
Lee-Wade,https://www.linkedin.com/company/lee-wade,http://williams-khan.org/,15,1,Low,Justin Lindsey,https://www.linkedin.com/in/chelseaelliott,troy78@example.com,843-544-5915,Lead Engineer
Lee-Wade,https://www.linkedin.com/company/lee-wade,http://harris-miller.info/,2,0,Medium,Samuel Murphy,https://www.linkedin.com/in/rickeyadams,ovargas@example.net,(576)499-9519,Lead Engineer
Lee-Wade,https://www.linkedin.com/company/lee-wade,https://mcdonald.info/,24,1,High,Mary Campbell,https://www.linkedin.com/in/albertarnold,webbstephanie@example.com,(833)227-5810,Lead Engineer
Butler PLC,https://www.linkedin.com/company/butlerplc,https://williams-young.com/,30,3,Medium,Elizabeth Russell,https://www.linkedin.com/in/stephenavila,maryelliott@example.com,696.861.6854,Business Analyst
Butler PLC,https://www.linkedin.com/company/butlerplc,https://alvarado.com/,45,1,High,Patricia Potter,https://www.linkedin.com/in/jameschoi,nross@example.com,477-931-7032x111,Marketing Manager
Santiago Inc,https://www.linkedin.com/company/santiagoinc,https://rivas.org/,31,0,Medium,Tyler Jordan,https://www.linkedin.com/in/jaredlewis,josephshannon@example.org,559.656.7043,CEO
Santiago Inc,https://www.linkedin.com/company/santiagoinc,https://www.franklin-williams.com/,35,2,High,Joseph Kelly,https://www.linkedin.com/in/jillmurphy,richardphillips@example.org,529.939.6448,CFO
"Fisher, Douglas and Browning","https://www.linkedin.com/company/fisher,douglasandbrowning",https://nixon.com/,47,3,Low,Miranda Johnson,https://www.linkedin.com/in/jenniferandrews,nicoleanderson@example.com,673-311-4598x4634,Business Analyst
Cantu PLC,https://www.linkedin.com/company/cantuplc,http://campbell.biz/,6,2,Low,Jerome Garcia,https://www.linkedin.com/in/jonathanbrown,rachel46@example.net,959.270.4508,VP of Sales
Martinez-Russell,https://www.linkedin.com/company/martinez-russell,https://simmons.com/,32,5,Low,Thomas Roberts,https://www.linkedin.com/in/maryhall,rbullock@example.org,(576)868-2570,Business Analyst
Martinez-Russell,https://www.linkedin.com/company/martinez-russell,http://www.shepherd.biz/,19,1,Medium,Mrs. Tina Cox,https://www.linkedin.com/in/kylesantana,kathrynjones@example.org,341.918.0287,COO
Martinez-Russell,https://www.linkedin.com/company/martinez-russell,http://www.good.com/,44,3,High,Jeffery Beasley,https://www.linkedin.com/in/zacharywilliams,jessehill@example.com,223.446.5215x17238,Business Analyst
Reynolds-Holmes,https://www.linkedin.com/company/reynolds-holmes,https://murray-flores.biz/,7,4,High,Sheila Williams,https://www.linkedin.com/in/kimberlysilva,eric45@example.org,(698)472-2525,CFO
Reynolds-Holmes,https://www.linkedin.com/company/reynolds-holmes,http://cooley.com/,22,1,Low,Joshua Kemp,https://www.linkedin.com/in/michaelgarcia,pamela25@example.com,897-562-9292,CEO
"Willis, Hubbard and Garcia","https://www.linkedin.com/company/willis,hubbardandgarcia",http://www.ellis.com/,18,1,Low,Crystal Cooper,https://www.linkedin.com/in/alexandrawilliamson,gina75@example.org,555-610-2371,CTO
"Willis, Hubbard and Garcia","https://www.linkedin.com/company/willis,hubbardandgarcia",http://salinas-king.net/,21,0,Medium,Michelle Horne,https://www.linkedin.com/in/deannasmith,chelsearobinson@example.org,(555)744-7876x603,VP of Sales
"Willis, Hubbard and Garcia","https://www.linkedin.com/company/willis,hubbardandgarcia",http://www.hayes.com/,45,3,Medium,Christopher Young,https://www.linkedin.com/in/nicolemarshall,brandon97@example.net,+1-734-286-4552x475,VP of Sales
Moore-Salazar,https://www.linkedin.com/company/moore-salazar,http://nichols-li.com/,44,3,Low,Shawn Fischer,https://www.linkedin.com/in/nataliehunter,john16@example.com,974-420-3556x6848,CEO
Moore-Salazar,https://www.linkedin.com/company/moore-salazar,http://www.soto-park.info/,10,5,High,Kelly Nelson,https://www.linkedin.com/in/luisperez,hprice@example.net,(473)318-8257,Lead Engineer
Ramirez-Moore,https://www.linkedin.com/company/ramirez-moore,https://www.brown-wood.info/,18,0,Medium,Emily Smith,https://www.linkedin.com/in/lanceroberts,smalljohnny@example.org,9417712412,VP of Sales
Ramirez-Moore,https://www.linkedin.com/company/ramirez-moore,http://valdez.com/,49,3,Medium,Molly Holland,https://www.linkedin.com/in/josecallahan,pamelahughes@example.net,+1-962-202-4019x04185,VP of Sales
"Frost, Nelson and Jackson","https://www.linkedin.com/company/frost,nelsonandjackson",https://www.chan.biz/,20,3,Low,Randy Ward,https://www.linkedin.com/in/hollythompson,vlowe@example.org,001-978-804-2165x4258,VP of Sales
"Frost, Nelson and Jackson","https://www.linkedin.com/company/frost,nelsonandjackson",http://www.sawyer.org/,16,1,Low,Ryan Herman,https://www.linkedin.com/in/jacobsolis,tracyleblanc@example.com,758-904-5347,Business Analyst
"Frost, Nelson and Jackson","https://www.linkedin.com/company/frost,nelsonandjackson",http://www.cook.biz/,14,3,Low,Austin Bell,https://www.linkedin.com/in/jonathanross,skim@example.com,+1-849-874-4896,Product Manager
"Rich, Dean and Thompson","https://www.linkedin.com/company/rich,deanandthompson",http://www.rodriguez-smith.net/,45,5,High,Janet Price,https://www.linkedin.com/in/randallriley,rhodeswendy@example.com,(622)517-1709,Lead Engineer
"Rich, Dean and Thompson","https://www.linkedin.com/company/rich,deanandthompson",http://johnson-flores.com/,50,5,Medium,Alex Gonzalez,https://www.linkedin.com/in/albertschwartz,jeffrey89@example.org,001-344-403-8231x1761,CEO
"Rich, Dean and Thompson","https://www.linkedin.com/company/rich,deanandthompson",https://mccoy.com/,34,4,Medium,Richard Clark,https://www.linkedin.com/in/jasonwilson,oharrison@example.org,5338599915,COO
Miller-Nelson,https://www.linkedin.com/company/miller-nelson,https://www.keller-anderson.org/,3,0,Low,Monique Estes,https://www.linkedin.com/in/melissaowens,baileythomas@example.com,744-537-2570x01600,CTO
Miller-Nelson,https://www.linkedin.com/company/miller-nelson,http://smith.com/,2,5,Low,Kevin Harper,https://www.linkedin.com/in/katherinepetersen,michael74@example.net,816-225-5148x48039,COO
Powers-Carter,https://www.linkedin.com/company/powers-carter,https://www.weaver.com/,7,0,Low,Kristen Doyle,https://www.linkedin.com/in/robertfleming,lucerodavid@example.net,7766283828,CEO
"Morales, Fuller and Bolton","https://www.linkedin.com/company/morales,fullerandbolton",http://www.salas-bishop.info/,41,5,Low,Margaret Dixon,https://www.linkedin.com/in/davidbray,turnerbrooke@example.com,001-459-555-8065x26116,Marketing Manager
"Morales, Fuller and Bolton","https://www.linkedin.com/company/morales,fullerandbolton",https://www.wilson.com/,50,5,High,Kyle Dean,https://www.linkedin.com/in/ericharris,waltersjennifer@example.com,001-760-671-2997x51430,CFO
"Morales, Fuller and Bolton","https://www.linkedin.com/company/morales,fullerandbolton",http://lawrence-martinez.com/,1,0,Low,Denise Schwartz,https://www.linkedin.com/in/jasontaylor,brandy35@example.com,(668)255-5053,Product Manager
"Mcintyre, Pham and Perez","https://www.linkedin.com/company/mcintyre,phamandperez",http://donovan-hodges.com/,29,2,High,Karen Watson,https://www.linkedin.com/in/johnrocha,douglasperry@example.net,(248)800-5376,VP of Sales
"Mcintyre, Pham and Perez","https://www.linkedin.com/company/mcintyre,phamandperez",https://harris.net/,47,1,High,Kyle Mccoy,https://www.linkedin.com/in/jeremyferguson,pwallace@example.net,001-367-412-9129x5522,Business Analyst
"Mcintyre, Pham and Perez","https://www.linkedin.com/company/mcintyre,phamandperez",https://day.com/,12,5,Medium,Leslie Morris,https://www.linkedin.com/in/josephsnow,david37@example.net,001-523-349-6986x473,CTO
"White, Cannon and Reed","https://www.linkedin.com/company/white,cannonandreed",http://www.smith.com/,47,0,High,Patrick Perkins,https://www.linkedin.com/in/lorraineallen,vbond@example.org,+1-313-786-6546x6917,Lead Engineer
Campbell-James,https://www.linkedin.com/company/campbell-james,https://espinoza.org/,26,1,Medium,Troy Valencia,https://www.linkedin.com/in/adamharris,kellybaker@example.org,837-248-0911x269,CFO
Campbell-James,https://www.linkedin.com/company/campbell-james,https://sutton.com/,7,4,Medium,David Riley,https://www.linkedin.com/in/jennifermartinez,alexanderbrittany@example.org,001-428-287-6263,CFO
Thompson Inc,https://www.linkedin.com/company/thompsoninc,https://howard.com/,22,1,Low,Richard Hoffman,https://www.linkedin.com/in/dianabryan,martinpalmer@example.org,+1-937-676-6385,CFO
Thompson Inc,https://www.linkedin.com/company/thompsoninc,https://www.gay-garcia.com/,32,1,Low,Olivia Newman,https://www.linkedin.com/in/williammontgomery,delgadosteven@example.org,867.733.9976x2477,Business Analyst
Rodriguez-Roth,https://www.linkedin.com/company/rodriguez-roth,https://powell-hudson.com/,7,5,Low,Christian Harper,https://www.linkedin.com/in/aliciaarnold,robertvega@example.com,(408)642-3870,CEO
Ray-Harris,https://www.linkedin.com/company/ray-harris,http://berry.com/,16,2,Low,Sarah Young,https://www.linkedin.com/in/danielbeck,laura07@example.org,423.252.8649x99105,Business Analyst
Ray-Harris,https://www.linkedin.com/company/ray-harris,https://www.beasley.com/,15,5,Low,Ryan Miller,https://www.linkedin.com/in/zacharyglenn,thomas54@example.com,001-287-652-9756x68152,Product Manager
Ray-Harris,https://www.linkedin.com/company/ray-harris,http://www.west.org/,16,1,Low,Tamara Burke,https://www.linkedin.com/in/racheljohnson,jessica49@example.org,001-309-682-4103x7331,Marketing Manager
"Boyer, Francis and Howard","https://www.linkedin.com/company/boyer,francisandhoward",http://www.martinez-peterson.biz/,19,0,Low,Ryan Gutierrez,https://www.linkedin.com/in/dr.geraldswansonmd,victorfrank@example.com,+1-709-531-6495x228,Product Manager
"Boyer, Francis and Howard","https://www.linkedin.com/company/boyer,francisandhoward",http://hensley.info/,1,0,High,Vincent Gardner,https://www.linkedin.com/in/bernardwilliams,carlareese@example.net,(447)826-4672,Marketing Manager
"Boyer, Francis and Howard","https://www.linkedin.com/company/boyer,francisandhoward",https://coleman.com/,10,3,Medium,Christopher Jones,https://www.linkedin.com/in/stephenrowe,pmckinney@example.net,568.360.7207x563,COO
Hall-Nelson,https://www.linkedin.com/company/hall-nelson,http://www.lewis-taylor.com/,33,1,High,Nathan Lopez,https://www.linkedin.com/in/lesliebyrd,kstephens@example.net,001-547-491-0652x4382,Product Manager
Hall-Nelson,https://www.linkedin.com/company/hall-nelson,http://www.benitez.biz/,16,3,High,Vincent Ibarra,https://www.linkedin.com/in/matthewpadilla,tmoon@example.com,547.432.1984x927,COO
Hall-Nelson,https://www.linkedin.com/company/hall-nelson,http://yoder.biz/,45,2,Low,Veronica Taylor,https://www.linkedin.com/in/stephaniegarner,jbell@example.org,(562)398-9510x6255,Marketing Manager
"Sellers, Crane and James","https://www.linkedin.com/company/sellers,craneandjames",http://gilmore.info/,12,2,Low,Kimberly Simmons,https://www.linkedin.com/in/allisonlevine,manuelkane@example.com,(773)858-6521x2105,Lead Engineer
"Sellers, Crane and James","https://www.linkedin.com/company/sellers,craneandjames",https://www.young.com/,34,5,Low,Joanna Guzman,https://www.linkedin.com/in/davidhall,smithlinda@example.com,926.864.5738,CFO
Miller Inc,https://www.linkedin.com/company/millerinc,https://johnson-robinson.org/,48,3,Medium,Daniel White,https://www.linkedin.com/in/sarahpeters,richardcooper@example.com,693.415.4771x2118,COO
Miller Inc,https://www.linkedin.com/company/millerinc,http://www.todd.com/,16,1,Medium,David Sims,https://www.linkedin.com/in/aliciacarter,zrichardson@example.org,483-673-6484x4685,VP of Sales
Miller Inc,https://www.linkedin.com/company/millerinc,http://harrison.net/,29,3,Medium,Leah Lang,https://www.linkedin.com/in/rhondacabrera,dawn97@example.com,001-427-798-4293,CFO
Pierce-Knox,https://www.linkedin.com/company/pierce-knox,https://www.bridges-hughes.com/,26,1,High,David Johnson,https://www.linkedin.com/in/robertpatel,upierce@example.com,001-895-282-7323x760,Business Analyst
Walker-Alexander,https://www.linkedin.com/company/walker-alexander,https://ramsey-humphrey.com/,20,2,Low,Angela Mills,https://www.linkedin.com/in/felicialopez,derekwalker@example.net,(363)411-1773,Marketing Manager
"Williams, Santana and Martinez","https://www.linkedin.com/company/williams,santanaandmartinez",https://burns-allen.net/,12,2,High,James Brown,https://www.linkedin.com/in/pamelachavez,bfrench@example.net,(411)867-5115x5917,CEO
"Green, Waller and Simmons","https://www.linkedin.com/company/green,wallerandsimmons",https://pineda.info/,22,1,Low,Seth Schultz,https://www.linkedin.com/in/austinbest,matthewflores@example.com,6414298333,CTO
"Green, Waller and Simmons","https://www.linkedin.com/company/green,wallerandsimmons",https://www.holloway.com/,9,1,Low,Debbie Harris,https://www.linkedin.com/in/kaylachristensen,catherinelee@example.net,988.891.4129x25659,CEO
"Brown, Taylor and Roman","https://www.linkedin.com/company/brown,taylorandroman",http://www.orr.com/,3,1,Low,Robert Wilson,https://www.linkedin.com/in/jessicapierce,lewisjennifer@example.net,(280)501-7268x78688,Product Manager
Vega-Gallegos,https://www.linkedin.com/company/vega-gallegos,http://hamilton-shaffer.com/,22,2,High,Douglas Flores,https://www.linkedin.com/in/matthewrios,martin41@example.net,680-411-2029x80676,CTO
Vega-Gallegos,https://www.linkedin.com/company/vega-gallegos,http://williams-scott.info/,11,5,Medium,Robert Meyers,https://www.linkedin.com/in/lynnharrington,obrown@example.org,583.794.1195x442,CTO
"Johnson, Stevens and Williams","https://www.linkedin.com/company/johnson,stevensandwilliams",https://www.patel.com/,2,2,High,Debra Logan,https://www.linkedin.com/in/mrs.jenniferponce,longbelinda@example.org,+1-601-814-7551x56675,Marketing Manager
Chavez and Sons,https://www.linkedin.com/company/chavezandsons,http://www.sanders.com/,10,5,Medium,Heather Thompson,https://www.linkedin.com/in/maliksanchez,thomasvalencia@example.com,917.864.4190x437,COO
Chavez and Sons,https://www.linkedin.com/company/chavezandsons,http://www.burgess-powell.org/,23,2,Low,Mark Steele,https://www.linkedin.com/in/thomaswright,ojohnson@example.net,745-289-3439,COO
Chavez and Sons,https://www.linkedin.com/company/chavezandsons,http://www.ramirez.com/,29,2,Low,Janice Mueller,https://www.linkedin.com/in/patrickgonzalez,david25@example.org,445-748-6344x5349,COO
"Patrick, Lewis and Brewer","https://www.linkedin.com/company/patrick,lewisandbrewer",http://www.avery.org/,18,4,High,David Guerrero,https://www.linkedin.com/in/patriciamurray,thompsonrobert@example.org,+1-674-307-5964,Lead Engineer
"Patrick, Lewis and Brewer","https://www.linkedin.com/company/patrick,lewisandbrewer",https://www.thomas.com/,3,2,Low,Jeffery Frederick,https://www.linkedin.com/in/markcole,lisa97@example.net,+1-461-740-0662x852,Lead Engineer
"Eaton, Douglas and Garrett","https://www.linkedin.com/company/eaton,douglasandgarrett",https://tucker.com/,49,5,High,David Hensley,https://www.linkedin.com/in/robertmiller,eugenetaylor@example.net,+1-379-663-2096,VP of Sales
Mueller-Henderson,https://www.linkedin.com/company/mueller-henderson,https://lutz-esparza.com/,6,5,Medium,Matthew Carson,https://www.linkedin.com/in/justindean,brett31@example.org,+1-577-517-9498x705,Lead Engineer
Mueller-Henderson,https://www.linkedin.com/company/mueller-henderson,https://contreras.com/,3,4,High,Jeff May,https://www.linkedin.com/in/jacquelinejohnston,aaronleonard@example.com,447.716.1488,CFO
"Richard, Elliott and Ward","https://www.linkedin.com/company/richard,elliottandward",https://www.knight.net/,31,0,Medium,Melissa Jackson,https://www.linkedin.com/in/manuelstewart,jsimmons@example.org,961-841-1059x46376,Business Analyst
"Richard, Elliott and Ward","https://www.linkedin.com/company/richard,elliottandward",https://horne-liu.com/,47,3,Medium,Devin Dorsey,https://www.linkedin.com/in/robertthompson,mdavis@example.org,2053240883,Marketing Manager
"Richard, Elliott and Ward","https://www.linkedin.com/company/richard,elliottandward",http://byrd.com/,8,5,Low,Chad Schultz,https://www.linkedin.com/in/heatherreyes,llove@example.net,+1-448-886-8331x6905,COO
Eaton-Wiggins,https://www.linkedin.com/company/eaton-wiggins,http://www.beasley.net/,32,5,Medium,Tina Robinson,https://www.linkedin.com/in/katherinewilliamson,vwong@example.com,001-532-947-1263,VP of Sales
Eaton-Wiggins,https://www.linkedin.com/company/eaton-wiggins,http://www.kelly-harris.com/,24,2,Low,Rita Brown,https://www.linkedin.com/in/christinalee,robert62@example.com,618.780.5256x300,Business Analyst
Eaton-Wiggins,https://www.linkedin.com/company/eaton-wiggins,http://www.clark.com/,22,1,High,John Wells,https://www.linkedin.com/in/jenniferwilliams,jillsmith@example.com,(580)909-5040,Marketing Manager
Graham PLC,https://www.linkedin.com/company/grahamplc,https://www.frank-stone.com/,21,3,Low,Zachary Buckley,https://www.linkedin.com/in/ms.stacyhamptonmd,nicholas11@example.org,459-643-6911x854,Lead Engineer
Graham PLC,https://www.linkedin.com/company/grahamplc,http://oconnor.net/,12,4,Low,Michael English,https://www.linkedin.com/in/misshelenlopez,kyleporter@example.org,(923)858-4953x00547,CTO
Smith-Parsons,https://www.linkedin.com/company/smith-parsons,https://www.evans.info/,4,1,Low,Jimmy Doyle,https://www.linkedin.com/in/dr.brendadoyle,ycross@example.net,(899)379-1276x352,Product Manager
Smith-Parsons,https://www.linkedin.com/company/smith-parsons,http://www.lynch.com/,12,0,Low,Natalie Hayden MD,https://www.linkedin.com/in/justinpena,kimberly10@example.com,(501)533-0990,Marketing Manager
Smith-Parsons,https://www.linkedin.com/company/smith-parsons,http://www.mills-key.com/,16,3,Low,Kayla Farmer,https://www.linkedin.com/in/fernandoward,patrickmelissa@example.org,001-418-260-7145,CFO
Elliott-Cunningham,https://www.linkedin.com/company/elliott-cunningham,https://kane.com/,23,4,High,Katherine Walker,https://www.linkedin.com/in/stevenjackson,vickiyoung@example.net,748.503.9705x0672,COO
Elliott-Cunningham,https://www.linkedin.com/company/elliott-cunningham,https://www.rivera.com/,17,3,Low,James Bates,https://www.linkedin.com/in/janemiller,josejacobs@example.com,(901)323-3344,CFO
Coleman-Henderson,https://www.linkedin.com/company/coleman-henderson,http://flores.net/,39,5,High,Scott Payne,https://www.linkedin.com/in/dustinsimpson,scottfoster@example.net,(383)828-0349x971,Lead Engineer
Coleman-Henderson,https://www.linkedin.com/company/coleman-henderson,https://hamilton.com/,48,5,Medium,Christina Caldwell,https://www.linkedin.com/in/georgehooper,destiny46@example.com,599-998-8633x2787,Marketing Manager
Hester-Howard,https://www.linkedin.com/company/hester-howard,http://nguyen-george.com/,38,4,High,Allison Martin,https://www.linkedin.com/in/michaelwilliams,alejandra69@example.com,912.200.5685,COO
Hester-Howard,https://www.linkedin.com/company/hester-howard,https://banks.info/,11,4,High,Lynn Yu,https://www.linkedin.com/in/michaelfleming,ashley43@example.net,(469)501-3673,CFO
"Simon, Miller and Summers","https://www.linkedin.com/company/simon,millerandsummers",http://www.johnson.com/,25,4,Medium,Jennifer Davidson,https://www.linkedin.com/in/jessicagolden,qtucker@example.com,984-238-8146,CFO
"Simon, Miller and Summers","https://www.linkedin.com/company/simon,millerandsummers",http://anderson-fitzpatrick.com/,42,3,High,Amy Navarro,https://www.linkedin.com/in/barbaracochran,paul00@example.org,278.485.8596x30962,Lead Engineer
"Simon, Miller and Summers","https://www.linkedin.com/company/simon,millerandsummers",http://taylor-mcdaniel.org/,16,1,Medium,Melissa Welch,https://www.linkedin.com/in/adammills,chadgreen@example.net,(846)318-1750x144,CEO
Wise-Gill,https://www.linkedin.com/company/wise-gill,https://silva.com/,21,0,Low,Luis Sullivan,https://www.linkedin.com/in/darlenebrown,christopherhensley@example.org,9649930241,CFO
Wise-Gill,https://www.linkedin.com/company/wise-gill,http://cook-mueller.info/,18,2,High,Allison Frederick,https://www.linkedin.com/in/sethnicholson,graydaniel@example.net,001-769-400-5197,Product Manager
Wise-Gill,https://www.linkedin.com/company/wise-gill,http://www.flores.biz/,3,2,High,Samantha French,https://www.linkedin.com/in/kevinflynn,patricia32@example.org,001-905-970-5184x466,Business Analyst
Hamilton-Mclean,https://www.linkedin.com/company/hamilton-mclean,https://stafford-mason.com/,16,5,High,Leslie Lang,https://www.linkedin.com/in/stephenmorgan,petersenabigail@example.com,(634)442-8067x8582,VP of Sales
"Armstrong, Long and Chapman","https://www.linkedin.com/company/armstrong,longandchapman",https://hayes.biz/,40,4,Low,Emily Richards,https://www.linkedin.com/in/josefarmer,jamespugh@example.com,787-285-0313x34643,Product Manager
"Robinson, Banks and Price","https://www.linkedin.com/company/robinson,banksandprice",http://johnson.com/,35,3,High,Karen Swanson,https://www.linkedin.com/in/elizabeththomas,kgriffin@example.net,909.999.8207,Product Manager
"Young, Harris and Mitchell","https://www.linkedin.com/company/young,harrisandmitchell",http://www.smith.com/,13,2,Medium,Abigail Lee,https://www.linkedin.com/in/danielwalters,donnajohnson@example.org,5159077090,CTO
Hernandez-Kennedy,https://www.linkedin.com/company/hernandez-kennedy,http://camacho.com/,32,4,Medium,Rhonda Murillo,https://www.linkedin.com/in/heathernguyen,orobinson@example.net,848-968-6737x390,VP of Sales
Hernandez-Kennedy,https://www.linkedin.com/company/hernandez-kennedy,http://roman.net/,21,1,Low,Carol Hammond,https://www.linkedin.com/in/ravenharrison,nalexander@example.net,405.788.8443x742,Marketing Manager
Hernandez-Kennedy,https://www.linkedin.com/company/hernandez-kennedy,http://www.wyatt-white.com/,26,1,Medium,Jeffery Kelly,https://www.linkedin.com/in/jillianwalker,fcalhoun@example.net,921.269.7444,Product Manager
Scott LLC,https://www.linkedin.com/company/scottllc,http://www.woods.org/,35,0,Medium,Christian Johnson,https://www.linkedin.com/in/vanessachase,debbie30@example.org,+1-749-370-7050,CFO
Scott LLC,https://www.linkedin.com/company/scottllc,http://avila.com/,16,0,Low,Paula James,https://www.linkedin.com/in/kevinchang,phelpsfranklin@example.org,619-202-6185x43679,Product Manager
Scott LLC,https://www.linkedin.com/company/scottllc,https://www.tucker-rodriguez.com/,3,5,High,Christy Rogers,https://www.linkedin.com/in/jefferymendez,megan60@example.net,(635)959-3242x500,Business Analyst
Nguyen PLC,https://www.linkedin.com/company/nguyenplc,http://powell.com/,39,5,Low,Jesse Curtis,https://www.linkedin.com/in/dustinosborne,stephen28@example.net,960-574-6048,CEO
Chapman Ltd,https://www.linkedin.com/company/chapmanltd,https://www.nelson-robertson.com/,38,3,Low,Rhonda Allen,https://www.linkedin.com/in/kevinwaller,jbailey@example.net,001-652-610-2614x79392,COO
Chapman Ltd,https://www.linkedin.com/company/chapmanltd,https://orr.com/,4,1,High,Keith Adams,https://www.linkedin.com/in/morgansampson,williamgarcia@example.net,+1-683-697-8457x46014,CEO
Chapman Ltd,https://www.linkedin.com/company/chapmanltd,https://www.davis.com/,26,2,Low,Antonio Mendez,https://www.linkedin.com/in/loridennis,rsmith@example.com,419.743.9431x528,Marketing Manager
Holmes and Sons,https://www.linkedin.com/company/holmesandsons,http://ramsey.biz/,39,0,Low,Charles Hobbs,https://www.linkedin.com/in/tracysanchez,rubiobrian@example.com,746.671.2547x8092,Marketing Manager
Holmes and Sons,https://www.linkedin.com/company/holmesandsons,http://rose.biz/,44,1,High,Louis Mckay,https://www.linkedin.com/in/craigjackson,lwells@example.org,459.427.9203,COO
York Ltd,https://www.linkedin.com/company/yorkltd,https://www.lane.com/,17,2,High,Billy Carter,https://www.linkedin.com/in/jovaughn,ngonzalez@example.com,485.460.9760x3199,Product Manager
York Ltd,https://www.linkedin.com/company/yorkltd,http://sanford-dougherty.com/,50,5,High,Sarah Baker,https://www.linkedin.com/in/brianrivera,howard87@example.net,001-960-277-5119x2455,Business Analyst
Garcia and Sons,https://www.linkedin.com/company/garciaandsons,http://www.watson-ward.com/,9,0,High,Brian Romero,https://www.linkedin.com/in/geraldrobinson,sheriruiz@example.org,(947)993-9494x4198,CTO
Garcia and Sons,https://www.linkedin.com/company/garciaandsons,http://www.figueroa-clark.com/,24,5,Medium,Mindy Stewart,https://www.linkedin.com/in/jessicaolsen,hharris@example.org,(595)522-7685,VP of Sales
Moran-Rogers,https://www.linkedin.com/company/moran-rogers,https://jones-freeman.info/,18,2,Low,Amanda Walker,https://www.linkedin.com/in/barbaraayala,tanyanguyen@example.com,252-498-6487,CEO
Moran-Rogers,https://www.linkedin.com/company/moran-rogers,http://www.mora.com/,29,3,Medium,Gregory Williams,https://www.linkedin.com/in/jasonhendricks,daniel08@example.com,001-769-860-5004x632,Business Analyst
Fields-Duffy,https://www.linkedin.com/company/fields-duffy,https://soto.com/,41,0,Medium,Rachel Pham,https://www.linkedin.com/in/cynthiatyler,tcortez@example.net,+1-827-851-5744x6071,Marketing Manager
"Everett, Spencer and Gallegos","https://www.linkedin.com/company/everett,spencerandgallegos",http://www.hopkins.com/,50,4,Medium,Michael Barrett,https://www.linkedin.com/in/cynthiascott,holmeslaura@example.org,+1-856-412-4185x273,Marketing Manager
"Everett, Spencer and Gallegos","https://www.linkedin.com/company/everett,spencerandgallegos",https://wilson.com/,36,2,Medium,Richard Brown,https://www.linkedin.com/in/mitchellsmith,martinezmadison@example.com,634-320-4264,COO
Martinez PLC,https://www.linkedin.com/company/martinezplc,http://www.herrera.com/,40,4,High,Kenneth Hill,https://www.linkedin.com/in/dominiquegordon,samantha55@example.com,001-953-794-4656x179,VP of Sales
Grant and Sons,https://www.linkedin.com/company/grantandsons,https://www.clark.com/,35,5,Low,Christopher Patterson,https://www.linkedin.com/in/jessicavelasquez,dtaylor@example.org,001-570-824-1809x1800,CEO
Grant and Sons,https://www.linkedin.com/company/grantandsons,http://www.wolfe.com/,6,1,Low,Mrs. Caitlyn Smith,https://www.linkedin.com/in/charlesbryant,melissamcintyre@example.org,613.506.3187x661,Lead Engineer
Flores PLC,https://www.linkedin.com/company/floresplc,http://carpenter.org/,24,2,Medium,Brandon Hoffman,https://www.linkedin.com/in/melaniesanders,natalie83@example.com,(422)987-1811,CFO
Flores PLC,https://www.linkedin.com/company/floresplc,https://www.martin.org/,42,5,Low,Dawn Butler,https://www.linkedin.com/in/jasonfrank,ricardopayne@example.com,353.722.6941,VP of Sales
Le PLC,https://www.linkedin.com/company/leplc,http://henson.com/,39,1,High,Kathleen Olsen,https://www.linkedin.com/in/jeremysmith,karensheppard@example.net,829.288.9903,CFO
Gomez-Jackson,https://www.linkedin.com/company/gomez-jackson,http://wise-walker.com/,35,3,Medium,Karen Day,https://www.linkedin.com/in/daniellewells,smithbrittany@example.net,+1-343-691-6797x51628,CEO
Gomez-Jackson,https://www.linkedin.com/company/gomez-jackson,https://www.chavez-robertson.com/,14,3,High,Jordan Craig,https://www.linkedin.com/in/douglasdeleonmd,woodnatasha@example.org,319.655.0335,Lead Engineer
Gomez-Jackson,https://www.linkedin.com/company/gomez-jackson,http://www.ruiz.com/,11,2,Medium,Jacqueline Pierce,https://www.linkedin.com/in/ericespinoza,louis16@example.org,+1-265-205-1416x21035,VP of Sales
Lewis-Graves,https://www.linkedin.com/company/lewis-graves,http://www.black.com/,49,2,High,Stephen Holloway,https://www.linkedin.com/in/gregorycobb,dwayne38@example.net,926-927-4484x59597,COO
Lewis-Graves,https://www.linkedin.com/company/lewis-graves,http://rowe.com/,48,3,Low,Robert Martin,https://www.linkedin.com/in/richardromero,davisrichard@example.org,001-457-340-1815x288,CTO
"Copeland, Martin and Cummings","https://www.linkedin.com/company/copeland,martinandcummings",https://flores-yoder.com/,33,5,High,Thomas Young,https://www.linkedin.com/in/lisachaney,haydensheri@example.org,001-237-499-3885x767,VP of Sales
"Copeland, Martin and Cummings","https://www.linkedin.com/company/copeland,martinandcummings",https://johnson.com/,22,3,Low,Stephen Benson,https://www.linkedin.com/in/jasoncollier,blewis@example.com,5102995323,Business Analyst
"Copeland, Martin and Cummings","https://www.linkedin.com/company/copeland,martinandcummings",https://www.ramsey-wilson.org/,25,3,Medium,Michelle Sanders,https://www.linkedin.com/in/mariaholt,jprice@example.org,001-411-777-2469x028,Product Manager
