time,current
0,0
0.0058594,-2.3004e-08
0.069336,-1.1536e-08
0.12598,-9.7482e-09
0.18945,-9.1089e-09
0.25293,-8.8368e-09
0.30957,-8.7062e-09
0.36719,-8.6623e-09
0.42383,-8.6822e-09
0.4873,-8.7521e-09
0.55176,-8.8629e-09
0.61621,-8.9754e-09
0.69043,-9.1872e-09
0.75293,-9.3484e-09
0.81641,-9.5556e-09
0.88086,-9.7477e-09
0.9375,-1.001e-08
1.001,-1.0122e-08
1.0586,-1.0333e-08
1.123,-1.0526e-08
1.1865,-1.0668e-08
1.2432,-1.0957e-08
1.3066,-1.117e-08
1.3828,-1.1542e-08
1.4453,-1.1757e-08
1.5029,-1.2001e-08
1.5664,-1.2259e-08
1.623,-1.2473e-08
1.6807,-1.2721e-08
1.7451,-1.2985e-08
1.8096,-1.3246e-08
1.8672,-1.3532e-08
1.9307,-1.3788e-08
1.9951,-1.4067e-08
2.0635,-1.445e-08
2.127,-1.4712e-08
2.1904,-1.4965e-08
2.2549,-1.5333e-08
2.3184,-1.5635e-08
2.3818,-1.5852e-08
2.4385,-1.6081e-08
2.4961,-1.6386e-08
2.5605,-1.6647e-08
2.6182,-1.6885e-08
2.6748,-1.724e-08
2.75,-1.7585e-08
2.8135,-1.7903e-08
2.877,-1.8184e-08
2.9336,-1.8494e-08
2.9971,-1.8767e-08
3.0605,-1.9021e-08
3.1182,-1.9366e-08
3.1826,-1.9762e-08
3.2461,-2.0095e-08
3.3096,-2.0414e-08
3.373,-2.0654e-08
3.4482,-2.1131e-08
3.5117,-2.137e-08
3.5752,-2.1733e-08
3.6396,-2.1975e-08
3.7041,-2.2253e-08
3.7617,-2.2594e-08
3.8262,-2.286e-08
3.8906,-2.3167e-08
3.9541,-2.3401e-08
4.0117,-2.3787e-08
4.0762,-2.4049e-08
4.1504,-2.441e-08
4.2139,-2.4669e-08
4.2705,-2.5036e-08
4.334,-2.5357e-08
4.3975,-2.5586e-08
4.4541,-2.5918e-08
4.5176,-2.6124e-08
4.5742,-2.6464e-08
4.6318,-2.675e-08
4.6953,-2.7022e-08
4.7529,-2.7305e-08
4.8271,-2.7661e-08
4.8906,-2.7886e-08
4.9473,-2.8223e-08
5.0107,-2.851e-08
5.0674,-2.8804e-08
5.1318,-2.9153e-08
5.1963,-2.9378e-08
5.2549,-2.9721e-08
5.3184,-2.9971e-08
5.376,-3.0259e-08
5.4395,-3.054e-08
5.5156,-3.0907e-08
5.5781,-3.1131e-08
5.6357,-3.1462e-08
5.6992,-3.1698e-08
5.7568,-3.1949e-08
5.8135,-3.2235e-08
5.877,-3.2541e-08
5.9404,-3.2728e-08
5.9971,-3.3029e-08
6.0615,-3.3261e-08
6.126,-3.3572e-08
6.1953,-3.3869e-08
6.2578,-3.4217e-08
6.3223,-3.4461e-08
6.3857,-3.4741e-08
6.4492,-3.5041e-08
6.5127,-3.5271e-08
6.5703,-3.5523e-08
6.6338,-3.5845e-08
6.6973,-3.6027e-08
6.7607,-3.6279e-08
6.8174,-3.6557e-08
6.8916,-3.6853e-08
6.9551,-3.7091e-08
7.0117,-3.7297e-08
7.0684,-3.7559e-08
7.1318,-3.779e-08
7.1953,-3.8064e-08
7.252,-3.8254e-08
7.3096,-3.85e-08
7.3721,-3.8751e-08
7.4355,-3.9049e-08
7.499,-3.9326e-08
7.5762,-3.9622e-08
7.6387,-3.979e-08
7.7031,-4.0018e-08
7.7676,-4.0274e-08
7.8252,-4.0462e-08
7.8887,-4.067e-08
7.9521,-4.0915e-08
8.0156,-4.116e-08
8.0791,-4.1385e-08
8.1367,-4.1642e-08
8.2002,-4.1785e-08
8.2754,-4.2157e-08
8.3389,-4.2366e-08
8.4023,-4.2576e-08
8.4658,-4.2846e-08
8.5293,-4.3034e-08
8.5869,-4.3226e-08
8.6504,-4.3436e-08
8.707,-4.3613e-08
8.7705,-4.3833e-08
8.834,-4.401e-08
8.8906,-4.4253e-08
8.9658,-4.4462e-08
9.0293,-4.4745e-08
9.0928,-4.5019e-08
9.1562,-4.5189e-08
9.2207,-4.5415e-08
9.2852,-4.5636e-08
9.3418,-4.5865e-08
9.4053,-4.6036e-08
9.4688,-4.6231e-08
9.5254,-4.6433e-08
9.5898,-4.6665e-08
9.6641,-4.6845e-08
9.7275,-4.7027e-08
9.791,-4.7192e-08
9.8535,-4.7354e-08
9.9102,-4.7545e-08
9.9736,-4.7783e-08
10.037,-4.7977e-08
10.102,-4.8173e-08
10.158,-4.8412e-08
10.222,-4.8526e-08
10.285,-4.8653e-08
10.364,-4.8974e-08
10.427,-4.9195e-08
10.49,-4.9328e-08
10.548,-4.9569e-08
10.611,-4.981e-08
10.675,-4.9932e-08
10.738,-5.0023e-08
10.795,-5.0316e-08
10.858,-5.0415e-08
10.922,-5.0543e-08
10.985,-5.0754e-08
11.062,-5.0908e-08
11.124,-5.1164e-08
11.188,-5.1289e-08
11.253,-5.1505e-08
11.316,-5.1577e-08
11.374,-5.1808e-08
11.438,-5.2015e-08
11.501,-5.219e-08
11.564,-5.2368e-08
11.621,-5.2583e-08
11.685,-5.2589e-08
11.759,-5.2754e-08
11.822,-5.2893e-08
11.886,-5.3039e-08
11.949,-5.3266e-08
12.006,-5.3345e-08
12.069,-5.3483e-08
12.134,-5.3669e-08
12.197,-5.3827e-08
12.254,-5.403e-08
12.317,-5.4158e-08
12.381,-5.4287e-08
12.45,-5.4479e-08
12.513,-5.4519e-08
12.569,-5.4681e-08
12.634,-5.4807e-08
12.69,-5.5009e-08
12.754,-5.5107e-08
12.817,-5.5254e-08
12.874,-5.5389e-08
12.938,-5.5509e-08
12.994,-5.5671e-08
13.059,-5.5905e-08
13.14,-5.6065e-08
13.202,-5.6214e-08
13.266,-5.6297e-08
13.324,-5.6451e-08
13.388,-5.6527e-08
13.451,-5.6654e-08
13.515,-5.6762e-08
13.571,-5.694e-08
13.636,-5.6928e-08
13.699,-5.714e-08
13.763,-5.7315e-08
13.839,-5.7453e-08
13.902,-5.7522e-08
13.966,-5.7687e-08
14.029,-5.7802e-08
14.093,-5.793e-08
14.149,-5.8027e-08
14.214,-5.8257e-08
14.277,-5.8387e-08
14.341,-5.8477e-08
14.397,-5.8585e-08
14.461,-5.8678e-08
14.536,-5.8785e-08
14.6,-5.8897e-08
14.656,-5.907e-08
14.72,-5.9206e-08
14.776,-5.9201e-08
14.834,-5.9322e-08
14.891,-5.9524e-08
14.948,-5.9508e-08
15.012,-5.9793e-08
15.076,-5.9858e-08
15.14,-5.9951e-08
15.208,-6.009e-08
15.271,-6.0253e-08
15.335,-6.0487e-08
15.392,-6.0572e-08
15.455,-6.0599e-08
15.519,-6.0682e-08
15.583,-6.0698e-08
15.64,-6.0848e-08
15.696,-6.1045e-08
15.76,-6.0996e-08
15.817,-6.1121e-08
15.893,-6.1208e-08
15.955,-6.1327e-08
16.02,-6.1379e-08
16.083,-6.1487e-08
16.14,-6.1732e-08
16.197,-6.1733e-08
16.261,-6.1868e-08
16.324,-6.1905e-08
16.38,-6.205e-08
16.444,-6.2135e-08
16.508,-6.2225e-08
16.576,-6.2304e-08
16.64,-6.2312e-08
16.703,-6.2447e-08
16.767,-6.2571e-08
16.83,-6.2703e-08
16.894,-6.2803e-08
16.951,-6.2862e-08
17.008,-6.2933e-08
17.063,-6.3088e-08
17.126,-6.3152e-08
17.19,-6.32e-08
17.266,-6.3293e-08
17.328,-6.3411e-08
17.393,-6.3427e-08
17.449,-6.3593e-08
17.506,-6.3661e-08
17.57,-6.3748e-08
17.626,-6.3799e-08
17.688,-6.3942e-08
17.753,-6.4015e-08
17.816,-6.4098e-08
17.873,-6.4249e-08
17.948,-6.4313e-08
18.012,-6.4354e-08
18.067,-6.4454e-08
18.131,-6.453e-08
18.194,-6.4625e-08
18.258,-6.4673e-08
18.321,-6.4741e-08
18.385,-6.4801e-08
18.448,-6.4808e-08
18.506,-6.4882e-08
18.562,-6.4988e-08
18.63,-6.5121e-08
18.693,-6.5205e-08
18.749,-6.5272e-08
18.812,-6.5452e-08
18.876,-6.5497e-08
18.932,-6.5466e-08
18.988,-6.5567e-08
19.046,-6.5588e-08
19.109,-6.5698e-08
19.173,-6.5789e-08
19.237,-6.585e-08
19.313,-6.5892e-08
19.376,-6.5968e-08
19.434,-6.5992e-08
19.497,-6.5987e-08
19.561,-6.6114e-08
19.617,-6.6242e-08
19.681,-6.6321e-08
19.738,-6.6347e-08
19.802,-6.6383e-08
19.865,-6.6488e-08
19.929,-6.6694e-08
19.996,-6.6748e-08
20.06,-6.6796e-08
20.123,-6.6799e-08
20.188,-6.6892e-08
20.251,-6.7018e-08
20.308,-6.7029e-08
20.37,-6.7032e-08
20.435,-6.7107e-08
20.491,-6.7125e-08
20.555,-6.7331e-08
20.617,-6.7262e-08
20.691,-6.7354e-08
20.755,-6.7484e-08
20.818,-6.7516e-08
20.876,-6.7578e-08
20.939,-6.7563e-08
21.003,-6.76e-08
21.067,-6.766e-08
21.124,-6.7727e-08
21.188,-6.7799e-08
21.252,-6.785e-08
21.308,-6.7823e-08
21.383,-6.7884e-08
21.445,-6.8017e-08
21.503,-6.8094e-08
21.56,-6.8071e-08
21.622,-6.8187e-08
21.687,-6.8229e-08
21.75,-6.8343e-08
21.808,-6.8496e-08
21.871,-6.8425e-08
21.935,-6.8548e-08
21.992,-6.8573e-08
22.067,-6.8659e-08
22.131,-6.872e-08
22.188,-6.8732e-08
22.251,-6.8759e-08
22.309,-6.8789e-08
22.372,-6.8867e-08
22.436,-6.8891e-08
22.493,-6.8902e-08
22.557,-6.9069e-08
22.62,-6.9083e-08
22.685,-6.9152e-08
22.759,-6.9221e-08
22.821,-6.9217e-08
22.878,-6.9315e-08
22.942,-6.9315e-08
23.006,-6.933e-08
23.069,-6.9466e-08
23.133,-6.9508e-08
23.196,-6.9511e-08
23.254,-6.9617e-08
23.317,-6.9577e-08
23.381,-6.9524e-08
23.455,-6.9713e-08
23.519,-6.9706e-08
23.582,-6.9763e-08
23.646,-6.9782e-08
23.709,-6.9788e-08
23.772,-6.979e-08
23.83,-6.9969e-08
23.887,-7.0121e-08
23.943,-7.0109e-08
24.007,-7.0181e-08
24.07,-7.0179e-08
24.146,-7.0242e-08
24.209,-7.0329e-08
24.272,-7.0334e-08
24.336,-7.0397e-08
24.393,-7.0371e-08
24.45,-7.0415e-08
24.514,-7.0431e-08
24.577,-7.0575e-08
24.641,-7.0521e-08
24.704,-7.0667e-08
24.769,-7.0688e-08
24.843,-7.0658e-08
24.906,-7.0767e-08
24.963,-7.0801e-08
25.026,-7.0872e-08
25.091,-7.0922e-08
25.147,-7.0937e-08
25.211,-7.0954e-08
25.269,-7.0995e-08
25.325,-7.1099e-08
25.389,-7.1137e-08
25.453,-7.101e-08
25.527,-7.1148e-08
25.591,-7.1184e-08
25.654,-7.1169e-08
25.718,-7.1204e-08
25.78,-7.1225e-08
25.838,-7.1256e-08
25.894,-7.1348e-08
25.958,-7.1383e-08
26.021,-7.14e-08
26.085,-7.139e-08
26.148,-7.146e-08
26.224,-7.1497e-08
26.287,-7.1431e-08
26.351,-7.1515e-08
26.408,-7.1587e-08
26.465,-7.1643e-08
26.528,-7.1565e-08
26.593,-7.1606e-08
26.656,-7.1729e-08
26.72,-7.1801e-08
26.783,-7.1778e-08
26.84,-7.1818e-08
26.915,-7.1846e-08
26.978,-7.1843e-08
27.035,-7.1919e-08
27.092,-7.1938e-08
27.155,-7.1948e-08
27.22,-7.1978e-08
27.283,-7.2053e-08
27.341,-7.2131e-08
27.404,-7.2062e-08
27.468,-7.2166e-08
27.531,-7.2143e-08
27.599,-7.2146e-08
27.662,-7.2248e-08
27.726,-7.2225e-08
27.79,-7.2329e-08
27.854,-7.2325e-08
27.91,-7.2367e-08
27.975,-7.2368e-08
28.038,-7.2377e-08
28.095,-7.2313e-08
28.159,-7.2416e-08
28.223,-7.2343e-08
28.298,-7.239e-08
28.361,-7.2544e-08
28.425,-7.2531e-08
28.482,-7.2557e-08
28.539,-7.2583e-08
28.596,-7.2594e-08
28.66,-7.2638e-08
28.724,-7.2627e-08
28.787,-7.2737e-08
28.845,-7.282e-08
28.908,-7.2822e-08
28.983,-7.2786e-08
29.047,-7.2767e-08
29.11,-7.2803e-08
29.174,-7.2836e-08
29.237,-7.2877e-08
29.301,-7.2847e-08
29.364,-7.2841e-08
29.421,-7.2929e-08
29.478,-7.297e-08
29.535,-7.2935e-08
29.599,-7.2898e-08
29.674,-7.2993e-08
29.737,-7.2928e-08
29.793,-7.3068e-08
29.856,-7.3123e-08
29.914,-7.3147e-08
29.978,-7.3133e-08
30.04,-7.3148e-08
30.098,-7.3186e-08
30.161,-7.3151e-08
30.225,-7.316e-08
30.288,-7.3205e-08
30.364,-7.3319e-08
30.427,-7.3212e-08
30.49,-7.3256e-08
30.555,-7.3338e-08
30.618,-7.3258e-08
30.682,-7.3253e-08
30.745,-7.3261e-08
30.81,-7.3403e-08
30.873,-7.3369e-08
30.93,-7.34e-08
30.987,-7.3296e-08
31.062,-7.3373e-08
31.125,-7.3372e-08
31.189,-7.3409e-08
31.253,-7.3464e-08
31.316,-7.3492e-08
31.379,-7.3516e-08
31.443,-7.3507e-08
31.499,-7.3577e-08
31.557,-7.3582e-08
31.613,-7.3553e-08
31.669,-7.3668e-08
31.744,-7.3545e-08
31.808,-7.3638e-08
31.871,-7.3697e-08
31.935,-7.3656e-08
31.992,-7.3684e-08
32.049,-7.3693e-08
32.105,-7.3605e-08
32.17,-7.3643e-08
32.233,-7.3701e-08
32.297,-7.3722e-08
32.354,-7.3727e-08
32.422,-7.3737e-08
32.485,-7.3783e-08
32.549,-7.3733e-08
32.605,-7.3719e-08
32.67,-7.3755e-08
32.733,-7.389e-08
32.797,-7.3854e-08
32.854,-7.384e-08
32.918,-7.3873e-08
32.981,-7.3841e-08
33.038,-7.3845e-08
33.114,-7.3786e-08
33.177,-7.3843e-08
33.233,-7.3925e-08
33.298,-7.3976e-08
33.354,-7.4032e-08
33.411,-7.3999e-08
33.476,-7.4017e-08
33.539,-7.4007e-08
33.603,-7.4e-08
33.665,-7.4057e-08
33.729,-7.4105e-08
33.805,-7.4143e-08
33.867,-7.4191e-08
33.924,-7.4185e-08
33.988,-7.4148e-08
34.052,-7.413e-08
34.115,-7.4162e-08
34.178,-7.4145e-08
34.242,-7.4296e-08
34.298,-7.43e-08
34.354,-7.4216e-08
34.419,-7.4248e-08
34.493,-7.4339e-08
34.556,-7.4285e-08
34.62,-7.4377e-08
34.684,-7.4435e-08
34.747,-7.4405e-08
34.805,-7.4393e-08
34.861,-7.4306e-08
34.917,-7.4339e-08
34.981,-7.4381e-08
35.045,-7.4327e-08
35.108,-7.4377e-08
35.184,-7.4355e-08
35.247,-7.4381e-08
35.311,-7.4326e-08
35.367,-7.438e-08
35.425,-7.4432e-08
35.488,-7.4523e-08
35.552,-7.4381e-08
35.609,-7.4533e-08
35.673,-7.4444e-08
35.729,-7.4603e-08
35.787,-7.4583e-08
35.862,-7.4506e-08
35.925,-7.4541e-08
35.989,-7.4598e-08
36.053,-7.4525e-08
36.116,-7.4599e-08
36.181,-7.4549e-08
36.244,-7.4516e-08
36.308,-7.457e-08
36.365,-7.4597e-08
36.422,-7.4563e-08
36.485,-7.4539e-08
36.561,-7.4589e-08
36.624,-7.455e-08
36.68,-7.4622e-08
36.744,-7.4719e-08
36.808,-7.4705e-08
36.864,-7.473e-08
36.929,-7.4679e-08
36.992,-7.4682e-08
37.049,-7.466e-08
37.113,-7.4693e-08
37.177,-7.4722e-08
37.251,-7.4736e-08
37.314,-7.4692e-08
37.378,-7.4746e-08
37.436,-7.4626e-08
37.492,-7.4792e-08
37.549,-7.4793e-08
37.613,-7.4813e-08
37.677,-7.4751e-08
37.74,-7.4827e-08
37.798,-7.4771e-08
37.861,-7.477e-08
37.937,-7.482e-08
38,-7.4695e-08
38.063,-7.4747e-08
38.126,-7.4723e-08
38.19,-7.4826e-08
38.254,-7.4883e-08
38.317,-7.49e-08
38.374,-7.4838e-08
38.431,-7.4827e-08
38.488,-7.4871e-08
38.552,-7.4822e-08
38.627,-7.4856e-08
38.69,-7.4845e-08
38.747,-7.4857e-08
38.81,-7.4825e-08
38.867,-7.4838e-08
38.931,-7.4778e-08
38.994,-7.48e-08
39.052,-7.483e-08
39.115,-7.4848e-08
39.179,-7.4808e-08
39.243,-7.4886e-08
39.319,-7.4903e-08
39.382,-7.4892e-08
39.445,-7.492e-08
39.509,-7.4911e-08
39.564,-7.4927e-08
39.628,-7.488e-08
39.691,-7.4889e-08
39.755,-7.4872e-08
39.819,-7.487e-08
39.876,-7.483e-08
39.939,-7.4992e-08
40.015,-7.4958e-08
40.077,-7.4838e-08
40.142,-7.4924e-08
40.206,-7.496e-08
40.27,-7.4945e-08
40.333,-7.4966e-08
40.396,-7.4936e-08
40.454,-7.5006e-08
40.518,-7.4999e-08
40.581,-7.5129e-08
40.645,-7.5097e-08
40.713,-7.5117e-08
40.776,-7.5111e-08
40.84,-7.5034e-08
40.903,-7.5015e-08
40.968,-7.4975e-08
41.024,-7.4997e-08
41.08,-7.5075e-08
41.145,-7.5101e-08
41.208,-7.5091e-08
41.271,-7.5004e-08
41.335,-7.5019e-08
41.41,-7.4994e-08
41.474,-7.5009e-08
41.537,-7.508e-08
41.595,-7.5026e-08
41.651,-7.5102e-08
41.715,-7.5117e-08
41.779,-7.5132e-08
41.836,-7.5139e-08
41.899,-7.5078e-08
41.957,-7.5075e-08
42.014,-7.5165e-08
42.089,-7.512e-08
42.152,-7.5109e-08
42.216,-7.5183e-08
42.279,-7.515e-08
42.343,-7.5161e-08
42.407,-7.513e-08
42.471,-7.5058e-08
42.527,-7.5097e-08
42.585,-7.5119e-08
42.648,-7.5091e-08
42.712,-7.5202e-08
42.786,-7.5113e-08
42.85,-7.5146e-08
42.913,-7.5079e-08
42.977,-7.5087e-08
43.041,-7.5113e-08
43.098,-7.512e-08
43.154,-7.5156e-08
43.219,-7.5173e-08
43.282,-7.5129e-08
43.346,-7.514e-08
43.408,-7.5125e-08
43.483,-7.5175e-08
43.546,-7.5213e-08
43.609,-7.521e-08
43.667,-7.5291e-08
43.724,-7.5183e-08
43.786,-7.5176e-08
43.851,-7.5125e-08
43.906,-7.5111e-08
43.97,-7.5052e-08
44.027,-7.5111e-08
44.091,-7.5249e-08
44.165,-7.5099e-08
44.229,-7.5095e-08
44.292,-7.508e-08
44.354,-7.5174e-08
44.419,-7.5161e-08
44.482,-7.5089e-08
44.546,-7.5119e-08
44.61,-7.5138e-08
44.667,-7.5138e-08
44.724,-7.5136e-08
44.788,-7.5212e-08
44.863,-7.5182e-08
44.926,-7.5213e-08
44.988,-7.5224e-08
45.053,-7.5217e-08
45.116,-7.5285e-08
45.173,-7.524e-08
45.23,-7.5155e-08
45.294,-7.5249e-08
45.357,-7.5273e-08
45.422,-7.5261e-08
45.485,-7.5197e-08
45.561,-7.5177e-08
45.623,-7.5118e-08
45.688,-7.5123e-08
45.751,-7.5122e-08
45.813,-7.5192e-08
45.878,-7.5135e-08
45.935,-7.5144e-08
45.998,-7.5107e-08
46.062,-7.5108e-08
46.125,-7.5124e-08
46.182,-7.5092e-08
46.25,-7.5172e-08
46.312,-7.5076e-08
46.377,-7.5135e-08
46.44,-7.5056e-08
46.504,-7.5101e-08
46.568,-7.5062e-08
46.632,-7.5105e-08
46.695,-7.5095e-08
46.753,-7.5082e-08
46.809,-7.5089e-08
46.873,-7.5095e-08
46.948,-7.5038e-08
47.011,-7.5098e-08
47.075,-7.5141e-08
47.139,-7.51e-08
47.203,-7.5102e-08
47.267,-7.5086e-08
47.323,-7.5098e-08
47.388,-7.5095e-08
47.451,-7.5168e-08
47.509,-7.5166e-08
47.572,-7.519e-08
47.647,-7.5235e-08
47.71,-7.5166e-08
47.774,-7.5204e-08
47.838,-7.5216e-08
47.895,-7.5157e-08
47.959,-7.5178e-08
48.022,-7.5151e-08
48.085,-7.5119e-08
48.143,-7.5035e-08
48.206,-7.5073e-08
48.27,-7.5147e-08
48.345,-7.524e-08
48.408,-7.5256e-08
48.472,-7.5109e-08
48.535,-7.5106e-08
48.599,-7.5122e-08
48.655,-7.5136e-08
48.719,-7.5093e-08
48.783,-7.5044e-08
48.847,-7.5133e-08
48.904,-7.5113e-08
48.968,-7.5132e-08
49.043,-7.5173e-08
49.106,-7.515e-08
49.17,-7.5146e-08
49.233,-7.5085e-08
49.297,-7.5145e-08
49.36,-7.5125e-08
49.424,-7.5121e-08
49.487,-7.51e-08
49.544,-7.5098e-08
49.608,-7.5107e-08
49.672,-7.5121e-08
49.74,-7.5167e-08
49.803,-7.5209e-08
49.867,-7.5175e-08
49.931,-7.5155e-08
49.995,-7.5139e-08
50.059,-7.5074e-08
50.116,-7.5154e-08
50.18,-7.5204e-08
50.243,-7.525e-08
50.307,-7.5238e-08
50.363,-7.5139e-08
50.438,-7.5192e-08
50.501,-7.5187e-08
50.565,-7.5112e-08
50.629,-7.5104e-08
50.686,-7.5042e-08
50.742,-7.5088e-08
50.807,-7.5061e-08
50.87,-7.507e-08
50.934,-7.5135e-08
50.997,-7.5196e-08
51.062,-7.5103e-08
51.137,-7.5184e-08
51.2,-7.5103e-08
51.264,-7.5108e-08
51.327,-7.517e-08
51.385,-7.5046e-08
51.441,-7.5097e-08
51.505,-7.5057e-08
51.562,-7.5173e-08
51.619,-7.516e-08
51.683,-7.5088e-08
51.74,-7.5047e-08
51.815,-7.5142e-08
51.878,-7.5159e-08
51.936,-7.5056e-08
51.999,-7.5064e-08
52.062,-7.5109e-08
52.12,-7.5101e-08
52.184,-7.516e-08
52.247,-7.5078e-08
52.311,-7.507e-08
52.368,-7.5165e-08
52.432,-7.5064e-08
52.507,-7.5141e-08
52.57,-7.5108e-08
52.634,-7.5216e-08
52.69,-7.5176e-08
52.747,-7.5167e-08
52.812,-7.5141e-08
52.875,-7.5162e-08
52.938,-7.5152e-08
53.002,-7.5093e-08
53.065,-7.5128e-08
53.122,-7.5064e-08
53.19,-7.5113e-08
53.254,-7.508e-08
53.317,-7.4965e-08
53.381,-7.5035e-08
53.445,-7.5084e-08
53.509,-7.5163e-08
53.572,-7.5095e-08
53.635,-7.5233e-08
53.692,-7.5116e-08
53.748,-7.5087e-08
53.812,-7.5108e-08
53.888,-7.5159e-08
53.95,-7.5032e-08
54.007,-7.506e-08
54.071,-7.5082e-08
54.135,-7.5103e-08
54.191,-7.5163e-08
54.249,-7.5116e-08
54.312,-7.5056e-08
54.376,-7.5075e-08
54.44,-7.5122e-08
54.504,-7.5115e-08
54.579,-7.5076e-08
54.642,-7.5065e-08
54.706,-7.5112e-08
54.763,-7.5061e-08
54.819,-7.4937e-08
54.884,-7.4972e-08
54.947,-7.4942e-08
55.011,-7.4834e-08
55.073,-7.4831e-08
55.138,-7.5021e-08
55.193,-7.4971e-08
55.262,-7.4968e-08
55.325,-7.4918e-08
55.389,-7.4894e-08
55.452,-7.4941e-08
55.517,-7.4946e-08
55.58,-7.485e-08
55.644,-7.4855e-08
55.7,-7.488e-08
55.758,-7.4906e-08
55.821,-7.4998e-08
55.878,-7.5062e-08
55.954,-7.504e-08
56.017,-7.4933e-08
56.073,-7.5032e-08
56.138,-7.4964e-08
56.201,-7.4971e-08
56.258,-7.5073e-08
56.315,-7.4914e-08
56.372,-7.4926e-08
56.436,-7.4961e-08
56.498,-7.4918e-08
56.562,-7.4976e-08
56.639,-7.4926e-08
56.701,-7.4889e-08
56.759,-7.4912e-08
56.822,-7.4852e-08
56.885,-7.4895e-08
56.949,-7.4857e-08
57.013,-7.4872e-08
57.075,-7.4831e-08
57.133,-7.4881e-08
57.196,-7.4831e-08
57.26,-7.4873e-08
57.329,-7.4714e-08
57.392,-7.4775e-08
57.456,-7.4829e-08
57.52,-7.4842e-08
57.582,-7.4783e-08
57.646,-7.4809e-08
57.703,-7.4851e-08
57.768,-7.4679e-08
57.831,-7.4807e-08
57.895,-7.4832e-08
57.952,-7.4864e-08
58.026,-7.4834e-08
58.089,-7.4911e-08
58.152,-7.4811e-08
58.216,-7.4976e-08
58.271,-7.4859e-08
58.334,-7.4819e-08
58.398,-7.4841e-08
58.462,-7.4965e-08
58.519,-7.4855e-08
58.583,-7.4823e-08
58.646,-7.4808e-08
58.723,-7.4923e-08
58.786,-7.4864e-08
58.843,-7.4962e-08
58.906,-7.4851e-08
58.971,-7.4843e-08
59.026,-7.4798e-08
59.09,-7.485e-08
59.146,-7.4781e-08
59.21,-7.4818e-08
59.272,-7.4819e-08
59.33,-7.4841e-08
59.404,-7.4793e-08
59.467,-7.4785e-08
59.524,-7.4746e-08
59.588,-7.4758e-08
59.645,-7.4778e-08
59.708,-7.4779e-08
59.771,-7.4747e-08
59.835,-7.4792e-08
59.893,-7.4693e-08
59.956,-7.4725e-08
60.019,-7.4712e-08
60.097,-7.475e-08
60.159,-7.4755e-08
60.223,-7.4702e-08
60.28,-7.4786e-08
60.344,-7.4744e-08
60.4,-7.4749e-08
60.458,-7.4675e-08
60.521,-7.4651e-08
60.585,-7.4539e-08
60.642,-7.4602e-08
60.699,-7.4628e-08
60.774,-7.4601e-08
60.837,-7.4692e-08
60.901,-7.4597e-08
60.965,-7.4627e-08
61.028,-7.4583e-08
61.092,-7.4556e-08
61.149,-7.4537e-08
61.206,-7.4635e-08
61.27,-7.4644e-08
61.332,-7.4598e-08
61.39,-7.4626e-08
61.465,-7.4597e-08
61.527,-7.4636e-08
61.591,-7.4552e-08
61.655,-7.4593e-08
61.712,-7.454e-08
61.769,-7.4538e-08
61.833,-7.4526e-08
61.896,-7.4497e-08
61.96,-7.4505e-08
62.023,-7.4534e-08
62.081,-7.4479e-08
62.157,-7.4508e-08
62.22,-7.4592e-08
62.283,-7.4619e-08
62.348,-7.455e-08
62.404,-7.4605e-08
62.468,-7.4594e-08
62.531,-7.4457e-08
62.595,-7.4415e-08
62.651,-7.4482e-08
62.708,-7.457e-08
62.772,-7.4505e-08
62.848,-7.4468e-08
62.91,-7.4469e-08
62.975,-7.4445e-08
63.038,-7.4446e-08
63.102,-7.4465e-08
63.166,-7.4505e-08
63.223,-7.4453e-08
63.285,-7.4382e-08
63.35,-7.433e-08
63.406,-7.4433e-08
63.47,-7.445e-08
63.545,-7.4396e-08
63.608,-7.4412e-08
63.672,-7.4429e-08
63.735,-7.4478e-08
63.792,-7.4337e-08
63.85,-7.4466e-08
63.913,-7.4359e-08
63.976,-7.4258e-08
64.04,-7.4282e-08
64.104,-7.4261e-08
64.167,-7.4314e-08
64.243,-7.4367e-08
64.307,-7.4283e-08
64.37,-7.4367e-08
64.434,-7.4382e-08
64.491,-7.4324e-08
64.555,-7.424e-08
64.618,-7.4404e-08
64.683,-7.443e-08
64.739,-7.4271e-08
64.803,-7.4336e-08
64.866,-7.4223e-08
64.934,-7.4248e-08
64.997,-7.4209e-08
65.053,-7.4265e-08
65.116,-7.4176e-08
65.18,-7.4225e-08
65.236,-7.4122e-08
65.3,-7.4142e-08
65.363,-7.4137e-08
65.427,-7.4277e-08
65.484,-7.4191e-08
65.548,-7.4213e-08
65.623,-7.4218e-08
65.687,-7.4164e-08
65.75,-7.4264e-08
65.807,-7.4196e-08
65.871,-7.4223e-08
65.935,-7.4177e-08
65.998,-7.4122e-08
66.056,-7.416e-08
66.119,-7.4138e-08
66.183,-7.4182e-08
66.24,-7.413e-08
66.314,-7.4209e-08
66.377,-7.415e-08
66.434,-7.4168e-08
66.498,-7.4104e-08
66.562,-7.4081e-08
66.625,-7.4108e-08
66.688,-7.4099e-08
66.752,-7.4118e-08
66.808,-7.4063e-08
66.871,-7.4117e-08
66.936,-7.4018e-08
67.011,-7.4035e-08
67.074,-7.4058e-08
67.138,-7.4066e-08
67.201,-7.4037e-08
67.265,-7.4031e-08
67.328,-7.3977e-08
67.386,-7.3912e-08
67.442,-7.3858e-08
67.506,-7.3902e-08
67.569,-7.3958e-08
67.626,-7.3911e-08
67.7,-7.3992e-08
67.764,-7.3977e-08
67.827,-7.4022e-08
67.891,-7.4063e-08
67.947,-7.4026e-08
68.011,-7.4009e-08
68.075,-7.3929e-08
68.139,-7.4013e-08
68.196,-7.3944e-08
68.26,-7.398e-08
68.323,-7.4007e-08
68.398,-7.3949e-08
68.462,-7.3937e-08
68.525,-7.3889e-08
68.59,-7.3918e-08
68.646,-7.3847e-08
68.709,-7.3879e-08
68.772,-7.3945e-08
68.835,-7.4002e-08
68.893,-7.3925e-08
68.956,-7.3833e-08
69.02,-7.3822e-08
69.087,-7.3849e-08
69.149,-7.3756e-08
69.213,-7.3737e-08
69.276,-7.3714e-08
69.339,-7.3713e-08
69.396,-7.3781e-08
69.453,-7.3729e-08
69.517,-7.3766e-08
69.58,-7.3779e-08
69.643,-7.3697e-08
69.707,-7.3708e-08
69.782,-7.3638e-08
69.845,-7.3673e-08
69.909,-7.3699e-08
69.973,-7.3724e-08
70.03,-7.3656e-08
70.094,-7.3688e-08
70.157,-7.3736e-08
70.215,-7.3676e-08
70.278,-7.3555e-08
70.342,-7.3635e-08
70.406,-7.3658e-08
70.483,-7.3623e-08
70.546,-7.356e-08
70.61,-7.3593e-08
70.667,-7.3704e-08
70.725,-7.3694e-08
70.781,-7.372e-08
70.845,-7.3744e-08
70.907,-7.3688e-08
70.965,-7.3728e-08
71.021,-7.3677e-08
71.078,-7.3527e-08
71.146,-7.3523e-08
71.21,-7.3703e-08
71.266,-7.3592e-08
71.329,-7.3625e-08
71.386,-7.3639e-08
71.442,-7.3578e-08
71.5,-7.3549e-08
71.563,-7.3602e-08
71.627,-7.3578e-08
71.691,-7.3609e-08
71.748,-7.3547e-08
71.823,-7.3554e-08
71.886,-7.3595e-08
71.943,-7.3525e-08
72,-7.3484e-08
72.063,-7.3488e-08
72.128,-7.3465e-08
72.191,-7.3367e-08
72.249,-7.3419e-08
72.312,-7.3485e-08
72.376,-7.3443e-08
72.438,-7.3429e-08
72.507,-7.3464e-08
72.57,-7.3381e-08
72.634,-7.3396e-08
72.697,-7.3386e-08
72.761,-7.341e-08
72.817,-7.3414e-08
72.881,-7.3421e-08
72.944,-7.3341e-08
73.008,-7.3449e-08
73.065,-7.3383e-08
73.129,-7.341e-08
73.204,-7.3348e-08
73.268,-7.3489e-08
73.331,-7.3409e-08
73.388,-7.3454e-08
73.451,-7.3476e-08
73.515,-7.3494e-08
73.578,-7.3442e-08
73.636,-7.3371e-08
73.699,-7.3413e-08
73.763,-7.3431e-08
73.827,-7.3503e-08
73.901,-7.3366e-08
73.965,-7.3354e-08
74.028,-7.3368e-08
74.091,-7.335e-08
74.148,-7.3374e-08
74.212,-7.3319e-08
74.274,-7.3352e-08
74.339,-7.3335e-08
74.396,-7.3268e-08
74.459,-7.3322e-08
74.522,-7.3314e-08
74.598,-7.325e-08
74.66,-7.3348e-08
74.725,-7.3294e-08
74.788,-7.3379e-08
74.852,-7.3258e-08
74.915,-7.3373e-08
74.971,-7.3289e-08
75.027,-7.3315e-08
75.085,-7.326e-08
75.148,-7.3341e-08
75.212,-7.3297e-08
75.287,-7.3392e-08
75.351,-7.3299e-08
75.414,-7.3275e-08
75.478,-7.3249e-08
75.534,-7.3126e-08
75.598,-7.325e-08
75.662,-7.3272e-08
75.719,-7.327e-08
75.782,-7.3291e-08
75.847,-7.3262e-08
75.91,-7.3188e-08
75.986,-7.3228e-08
76.049,-7.3248e-08
76.106,-7.3265e-08
76.17,-7.3287e-08
76.234,-7.3181e-08
76.298,-7.326e-08
76.361,-7.3164e-08
76.426,-7.3048e-08
76.482,-7.309e-08
76.539,-7.3134e-08
76.597,-7.3143e-08
76.671,-7.3115e-08
76.734,-7.3094e-08
76.791,-7.3037e-08
76.854,-7.3038e-08
76.911,-7.3118e-08
76.975,-7.3138e-08
77.039,-7.3092e-08
77.095,-7.3085e-08
77.157,-7.3037e-08
77.222,-7.3015e-08
77.284,-7.3048e-08
77.36,-7.3115e-08
77.424,-7.3137e-08
77.487,-7.3138e-08
77.551,-7.3119e-08
77.606,-7.3085e-08
77.67,-7.3029e-08
77.734,-7.3029e-08
77.798,-7.3088e-08
77.855,-7.3007e-08
77.919,-7.2967e-08
77.982,-7.3005e-08
78.049,-7.2906e-08
78.112,-7.2998e-08
78.176,-7.2998e-08
78.239,-7.297e-08
78.302,-7.3025e-08
78.359,-7.2993e-08
78.416,-7.3057e-08
78.479,-7.3131e-08
78.543,-7.2977e-08
78.606,-7.2919e-08
78.663,-7.2881e-08
78.737,-7.2792e-08
78.801,-7.283e-08
78.864,-7.287e-08
78.929,-7.2868e-08
78.984,-7.2914e-08
79.048,-7.2872e-08
79.111,-7.2991e-08
79.175,-7.2964e-08
79.232,-7.2969e-08
79.296,-7.2928e-08
79.36,-7.2957e-08
79.436,-7.2843e-08
79.498,-7.2794e-08
79.556,-7.2822e-08
79.619,-7.2855e-08
79.684,-7.2826e-08
79.739,-7.2873e-08
79.796,-7.2882e-08
79.854,-7.2895e-08
79.917,-7.2767e-08
79.981,-7.274e-08
80.037,-7.2771e-08
80.111,-7.2768e-08
80.174,-7.282e-08
80.231,-7.2807e-08
80.295,-7.283e-08
80.352,-7.2794e-08
80.409,-7.2785e-08
80.473,-7.2805e-08
80.535,-7.276e-08
80.6,-7.2788e-08
80.663,-7.2764e-08
80.727,-7.2733e-08
80.803,-7.2784e-08
80.866,-7.2701e-08
80.923,-7.2723e-08
80.986,-7.2631e-08
81.051,-7.2768e-08
81.106,-7.277e-08
81.169,-7.2667e-08
81.233,-7.2663e-08
81.29,-7.2721e-08
81.354,-7.2632e-08
81.418,-7.2661e-08
81.486,-7.2697e-08
81.549,-7.2686e-08
81.613,-7.2702e-08
81.677,-7.2591e-08
81.741,-7.2611e-08
81.805,-7.2494e-08
81.862,-7.2639e-08
81.926,-7.2671e-08
81.989,-7.2599e-08
82.047,-7.2645e-08
82.11,-7.2637e-08
82.186,-7.2523e-08
82.249,-7.2514e-08
82.312,-7.2479e-08
82.376,-7.2552e-08
82.434,-7.2588e-08
82.497,-7.2522e-08
82.561,-7.2511e-08
82.618,-7.2483e-08
82.682,-7.2511e-08
82.745,-7.2457e-08
82.81,-7.2419e-08
82.885,-7.2462e-08
82.948,-7.2462e-08
83.005,-7.2428e-08
83.069,-7.2466e-08
83.133,-7.2523e-08
83.196,-7.2489e-08
83.26,-7.2488e-08
83.323,-7.2442e-08
83.38,-7.2533e-08
83.438,-7.2476e-08
83.493,-7.2443e-08
83.568,-7.2519e-08
83.632,-7.2405e-08
83.688,-7.2421e-08
83.751,-7.2394e-08
83.808,-7.238e-08
83.871,-7.2421e-08
83.935,-7.2334e-08
83.991,-7.2358e-08
84.055,-7.2391e-08
84.117,-7.235e-08
84.182,-7.2358e-08
84.258,-7.2338e-08
84.32,-7.2329e-08
84.384,-7.2395e-08
84.447,-7.2277e-08
84.51,-7.2306e-08
84.574,-7.2372e-08
84.638,-7.2335e-08
84.7,-7.2365e-08
84.765,-7.2354e-08
84.82,-7.2324e-08
84.884,-7.227e-08
84.958,-7.2269e-08
85.021,-7.2307e-08
85.085,-7.2293e-08
85.143,-7.2253e-08
85.206,-7.2137e-08
85.27,-7.233e-08
85.334,-7.2128e-08
85.391,-7.2236e-08
85.454,-7.2348e-08
85.518,-7.2195e-08
85.581,-7.2302e-08
85.649,-7.2208e-08
85.713,-7.2177e-08
85.776,-7.2232e-08
85.84,-7.2213e-08
85.904,-7.2203e-08
85.961,-7.2153e-08
86.018,-7.2193e-08
86.075,-7.2188e-08
86.139,-7.2293e-08
86.201,-7.2211e-08
86.266,-7.2174e-08
86.341,-7.2135e-08
86.403,-7.2143e-08
86.46,-7.2111e-08
86.524,-7.2025e-08
86.588,-7.2159e-08
86.651,-7.2149e-08
86.715,-7.212e-08
86.777,-7.2055e-08
86.835,-7.2007e-08
86.898,-7.1981e-08
86.962,-7.1986e-08
87.028,-7.1955e-08
87.091,-7.2106e-08
87.154,-7.196e-08
87.218,-7.1951e-08
87.28,-7.198e-08
87.345,-7.1943e-08
87.401,-7.195e-08
87.466,-7.1931e-08
87.529,-7.1936e-08
87.587,-7.1884e-08
87.65,-7.1895e-08
87.725,-7.185e-08
87.788,-7.1905e-08
87.852,-7.1988e-08
87.915,-7.1941e-08
87.972,-7.1872e-08
88.035,-7.1908e-08
88.093,-7.1984e-08
88.156,-7.1806e-08
88.22,-7.1854e-08
88.284,-7.1877e-08
88.348,-7.1875e-08
88.424,-7.1834e-08
88.487,-7.1887e-08
88.551,-7.1905e-08
88.614,-7.1936e-08
88.671,-7.1981e-08
88.734,-7.1927e-08
88.799,-7.1921e-08
88.862,-7.198e-08
88.92,-7.181e-08
88.983,-7.19e-08
89.047,-7.1841e-08
89.114,-7.1852e-08
89.178,-7.1821e-08
89.234,-7.1788e-08
89.299,-7.1873e-08
89.362,-7.1879e-08
89.42,-7.1835e-08
89.483,-7.1821e-08
89.54,-7.1743e-08
89.604,-7.1855e-08
89.668,-7.1784e-08
89.731,-7.1769e-08
89.807,-7.1717e-08
89.869,-7.176e-08
89.934,-7.1723e-08
89.989,-7.1723e-08
90.053,-7.1813e-08
90.116,-7.1758e-08
90.18,-7.1696e-08
90.237,-7.1682e-08
90.301,-7.1695e-08
90.364,-7.1765e-08
90.421,-7.1737e-08
90.489,-7.1737e-08
90.553,-7.1661e-08
90.616,-7.1685e-08
90.681,-7.1751e-08
90.744,-7.1635e-08
90.808,-7.1689e-08
90.87,-7.1647e-08
90.935,-7.1719e-08
90.991,-7.1569e-08
91.056,-7.1565e-08
91.119,-7.1621e-08
91.194,-7.1624e-08
91.258,-7.1588e-08
91.321,-7.1543e-08
91.385,-7.1489e-08
91.449,-7.154e-08
91.513,-7.1548e-08
91.576,-7.1639e-08
91.633,-7.1563e-08
91.696,-7.1647e-08
91.761,-7.1647e-08
91.817,-7.156e-08
91.893,-7.161e-08
91.955,-7.1517e-08
92.013,-7.1574e-08
92.076,-7.152e-08
92.134,-7.1573e-08
92.197,-7.164e-08
92.261,-7.155e-08
92.324,-7.1629e-08
92.381,-7.1489e-08
92.444,-7.1445e-08
92.509,-7.1587e-08
92.584,-7.1538e-08
92.647,-7.1452e-08
92.711,-7.1455e-08
92.775,-7.153e-08
92.839,-7.1451e-08
92.902,-7.1399e-08
92.966,-7.1433e-08
93.029,-7.1445e-08
93.093,-7.1505e-08
93.149,-7.1438e-08
93.213,-7.1392e-08
93.287,-7.1325e-08
93.351,-7.1362e-08
93.414,-7.1363e-08
93.479,-7.1464e-08
93.542,-7.147e-08
93.605,-7.1373e-08
93.669,-7.1451e-08
93.725,-7.1356e-08
93.78,-7.148e-08
93.838,-7.1505e-08
93.894,-7.1562e-08
93.968,-7.1415e-08
94.031,-7.1427e-08
94.095,-7.1401e-08
94.158,-7.1367e-08
94.216,-7.1398e-08
94.279,-7.1286e-08
94.343,-7.1358e-08
94.406,-7.1252e-08
94.463,-7.134e-08
94.526,-7.1312e-08
94.591,-7.1385e-08
94.668,-7.1244e-08
94.731,-7.1331e-08
94.795,-7.1355e-08
94.852,-7.1363e-08
94.908,-7.1301e-08
94.972,-7.1416e-08
95.028,-7.1256e-08
95.093,-7.127e-08
95.148,-7.14e-08
95.205,-7.1204e-08
95.269,-7.1302e-08
95.337,-7.1346e-08
95.4,-7.1437e-08
95.464,-7.1319e-08
95.527,-7.1288e-08
95.591,-7.1252e-08
95.654,-7.1347e-08
95.712,-7.1215e-08
95.775,-7.1249e-08
95.839,-7.1356e-08
95.896,-7.1285e-08
95.96,-7.1314e-08
96.035,-7.1198e-08
96.099,-7.1136e-08
96.162,-7.1125e-08
96.226,-7.1119e-08
96.283,-7.1194e-08
96.347,-7.1195e-08
96.41,-7.1227e-08
96.468,-7.1176e-08
96.531,-7.117e-08
96.595,-7.1109e-08
96.659,-7.1129e-08
96.733,-7.1151e-08
96.796,-7.1153e-08
96.854,-7.1032e-08
96.91,-7.0961e-08
96.974,-7.1017e-08
97.038,-7.1089e-08
97.102,-7.1068e-08
97.159,-7.1134e-08
97.223,-7.1133e-08
97.286,-7.1075e-08
97.344,-7.1101e-08
97.419,-7.1142e-08
97.481,-7.1101e-08
97.539,-7.1105e-08
97.603,-7.1036e-08
97.66,-7.1122e-08
97.724,-7.1146e-08
97.78,-7.1063e-08
97.845,-7.0975e-08
97.908,-7.0998e-08
97.971,-7.1017e-08
98.035,-7.0941e-08
98.11,-7.0877e-08
98.174,-7.0876e-08
98.237,-7.0924e-08
98.302,-7.0893e-08
98.357,-7.0867e-08
98.421,-7.0938e-08
98.484,-7.083e-08
98.548,-7.0864e-08
98.604,-7.0885e-08
98.668,-7.0923e-08
98.732,-7.084e-08
98.799,-7.0927e-08
98.862,-7.0945e-08
98.918,-7.0901e-08
98.981,-7.0924e-08
99.038,-7.0928e-08
99.102,-7.0832e-08
99.166,-7.0921e-08
99.222,-7.0863e-08
99.285,-7.088e-08
99.349,-7.0941e-08
99.412,-7.0875e-08
99.487,-7.0896e-08
99.551,-7.0825e-08
99.614,-7.0743e-08
99.679,-7.0758e-08
99.742,-7.0689e-08
99.807,-7.0728e-08
99.87,-7.078e-08
99.934,-7.0844e-08
99.997,-7.0742e-08
100.05,-7.0771e-08
100.12,-7.0764e-08
100.19,-7.0809e-08
100.26,-7.0729e-08
100.32,-7.0692e-08
100.38,-7.0702e-08
100.45,-7.0638e-08
100.51,-7.0666e-08
100.58,-7.0588e-08
100.63,-7.0643e-08
100.7,-7.0495e-08
100.76,-7.0641e-08
100.82,-7.0691e-08
100.88,-7.0445e-08
100.95,-7.0503e-08
101.01,-7.0479e-08
101.07,-7.0475e-08
101.13,-7.0415e-08
101.2,-7.0366e-08
101.26,-7.0488e-08
101.32,-7.0442e-08
101.37,-7.0432e-08
101.43,-7.0504e-08
101.49,-7.0581e-08
101.56,-7.0491e-08
101.62,-7.0509e-08
101.68,-7.0433e-08
101.75,-7.0434e-08
101.81,-7.0454e-08
101.87,-7.0459e-08
101.94,-7.0503e-08
101.99,-7.0452e-08
102.05,-7.0473e-08
102.11,-7.0377e-08
102.17,-7.0378e-08
102.25,-7.0343e-08
102.31,-7.0396e-08
102.37,-7.0449e-08
102.42,-7.0424e-08
102.48,-7.0419e-08
102.54,-7.0406e-08
102.61,-7.0416e-08
102.67,-7.0379e-08
102.73,-7.0404e-08
102.79,-7.0443e-08
102.85,-7.0388e-08
102.92,-7.0427e-08
102.99,-7.0398e-08
103.05,-7.0365e-08
103.11,-7.0433e-08
103.18,-7.0369e-08
103.23,-7.0388e-08
103.29,-7.0379e-08
103.35,-7.0402e-08
103.41,-7.0438e-08
103.47,-7.0361e-08
103.53,-7.0299e-08
103.61,-7.0332e-08
103.67,-7.0428e-08
103.73,-7.0399e-08
103.8,-7.0415e-08
103.86,-7.0341e-08
103.92,-7.0379e-08
103.97,-7.0444e-08
104.04,-7.0407e-08
104.09,-7.0358e-08
104.16,-7.0317e-08
104.22,-7.0394e-08
104.3,-7.0366e-08
104.36,-7.029e-08
104.42,-7.0296e-08
104.48,-7.0297e-08
104.55,-7.0342e-08
104.61,-7.0222e-08
104.67,-7.0175e-08
104.72,-7.0193e-08
104.78,-7.0259e-08
104.84,-7.0191e-08
104.9,-7.0183e-08
104.98,-7.025e-08
105.04,-7.0167e-08
105.1,-7.0176e-08
105.17,-7.0181e-08
105.23,-7.0207e-08
105.29,-7.015e-08
105.36,-7.0144e-08
105.41,-7.0072e-08
105.47,-7.0158e-08
105.53,-7.0165e-08
105.6,-7.0195e-08
105.67,-7.0145e-08
105.74,-7.0082e-08
105.8,-7.0071e-08
105.86,-7.0035e-08
105.93,-7.005e-08
105.99,-6.9984e-08
106.05,-7.0096e-08
106.11,-7.007e-08
106.17,-7.0086e-08
106.23,-7.0123e-08
106.29,-7.0011e-08
106.36,-6.9964e-08
106.42,-6.9989e-08
106.49,-7e-08
106.55,-7.0029e-08
106.61,-7.0025e-08
106.67,-7.0094e-08
106.73,-6.9979e-08
106.79,-7.0105e-08
106.86,-7.0111e-08
106.92,-7.0047e-08
106.98,-7.0026e-08
107.06,-7.0056e-08
107.12,-7.0013e-08
107.18,-6.9998e-08
107.24,-7.0072e-08
107.3,-7.0104e-08
107.36,-7.0134e-08
107.43,-7.0117e-08
107.48,-6.9998e-08
107.54,-7.0085e-08
107.61,-7.0056e-08
107.67,-7.0004e-08
107.74,-7.0029e-08
107.8,-6.9984e-08
107.86,-6.9927e-08
107.91,-6.9908e-08
107.97,-6.9873e-08
108.04,-6.9907e-08
108.1,-6.9916e-08
108.16,-6.9962e-08
108.22,-6.9944e-08
108.28,-6.9934e-08
108.35,-6.988e-08
108.42,-6.9949e-08
108.49,-6.9876e-08
108.55,-6.9945e-08
108.61,-6.9853e-08
108.67,-6.9905e-08
108.73,-6.9883e-08
108.8,-6.9892e-08
108.86,-6.9838e-08
108.92,-6.9888e-08
108.98,-6.9866e-08
109.04,-6.9791e-08
109.11,-6.9796e-08
109.18,-6.9862e-08
109.23,-6.9822e-08
109.3,-6.9748e-08
109.35,-6.9781e-08
109.42,-6.9855e-08
109.48,-6.9839e-08
109.54,-6.9878e-08
109.6,-6.9696e-08
109.67,-6.9847e-08
109.73,-6.9798e-08
109.8,-6.9713e-08
109.87,-6.9716e-08
109.93,-6.9745e-08
110,-6.9707e-08
110.06,-6.9764e-08
110.12,-6.9769e-08
110.19,-6.9702e-08
110.25,-6.973e-08
110.31,-6.966e-08
110.37,-6.9661e-08
110.43,-6.9642e-08
110.5,-6.9699e-08
110.56,-6.9646e-08
110.61,-6.963e-08
110.68,-6.9612e-08
110.74,-6.9591e-08
110.8,-6.9613e-08
110.86,-6.9626e-08
110.92,-6.9663e-08
110.98,-6.965e-08
111.04,-6.9613e-08
111.11,-6.9639e-08
111.18,-6.9565e-08
111.25,-6.9555e-08
111.31,-6.9652e-08
111.37,-6.9528e-08
111.44,-6.9528e-08
111.5,-6.9523e-08
111.56,-6.9508e-08
111.62,-6.9541e-08
111.68,-6.9479e-08
111.75,-6.9494e-08
111.8,-6.9542e-08
111.87,-6.9536e-08
111.94,-6.9518e-08
112,-6.958e-08
112.06,-6.9592e-08
112.13,-6.9537e-08
112.19,-6.9593e-08
112.25,-6.9501e-08
112.32,-6.9554e-08
112.37,-6.944e-08
112.44,-6.9442e-08
112.5,-6.9535e-08
112.57,-6.9573e-08
112.63,-6.942e-08
112.69,-6.9487e-08
112.75,-6.9515e-08
112.82,-6.954e-08
112.87,-6.9503e-08
112.94,-6.9554e-08
113,-6.9515e-08
113.06,-6.9412e-08
113.12,-6.9403e-08
113.19,-6.9471e-08
113.26,-6.946e-08
113.32,-6.9517e-08
113.39,-6.9389e-08
113.44,-6.9409e-08
113.51,-6.9434e-08
113.57,-6.935e-08
113.63,-6.9393e-08
113.69,-6.9414e-08
113.75,-6.9341e-08
113.82,-6.938e-08
113.88,-6.9407e-08
113.94,-6.938e-08
114.01,-6.9362e-08
114.07,-6.9296e-08
114.13,-6.9301e-08
114.2,-6.9366e-08
114.26,-6.9286e-08
114.32,-6.936e-08
114.39,-6.9341e-08
114.45,-6.933e-08
114.51,-6.9334e-08
114.57,-6.9326e-08
114.65,-6.9389e-08
114.71,-6.9389e-08
114.78,-6.9348e-08
114.84,-6.9304e-08
114.9,-6.9315e-08
114.97,-6.9364e-08
115.03,-6.9353e-08
115.09,-6.9333e-08
115.15,-6.9263e-08
115.21,-6.9257e-08
115.27,-6.9212e-08
115.35,-6.923e-08
115.41,-6.9263e-08
115.47,-6.9172e-08
115.53,-6.9208e-08
115.59,-6.91e-08
115.65,-6.9215e-08
115.72,-6.9212e-08
115.77,-6.9224e-08
115.83,-6.9208e-08
115.9,-6.9133e-08
115.96,-6.916e-08
116.04,-6.9159e-08
116.1,-6.9127e-08
116.16,-6.909e-08
116.22,-6.9091e-08
116.29,-6.9086e-08
116.34,-6.9032e-08
116.41,-6.9135e-08
116.46,-6.9114e-08
116.52,-6.9122e-08
116.58,-6.906e-08
116.64,-6.9061e-08
116.71,-6.9058e-08
116.78,-6.9058e-08
116.84,-6.9106e-08
116.91,-6.8996e-08
116.96,-6.8966e-08
117.02,-6.905e-08
117.08,-6.9029e-08
117.14,-6.8997e-08
117.2,-6.8998e-08
117.27,-6.9005e-08
117.32,-6.8946e-08
117.4,-6.9018e-08
117.46,-6.9006e-08
117.52,-6.8969e-08
117.57,-6.8897e-08
117.64,-6.9011e-08
117.7,-6.8974e-08
117.76,-6.8949e-08
117.82,-6.8873e-08
117.87,-6.8923e-08
117.94,-6.8886e-08
117.99,-6.8848e-08
118.07,-6.8865e-08
118.13,-6.878e-08
118.19,-6.8895e-08
118.26,-6.8882e-08
118.32,-6.8887e-08
118.38,-6.8896e-08
118.44,-6.8894e-08
118.5,-6.893e-08
118.56,-6.8954e-08
118.63,-6.8907e-08
118.69,-6.8955e-08
118.77,-6.8834e-08
118.83,-6.8893e-08
118.89,-6.8881e-08
118.95,-6.8915e-08
119.01,-6.8901e-08
119.07,-6.8923e-08
119.13,-6.8861e-08
119.19,-6.8936e-08
119.25,-6.8796e-08
119.31,-6.8788e-08
119.37,-6.8812e-08
119.45,-6.8823e-08
119.51,-6.886e-08
119.58,-6.8801e-08
119.64,-6.8799e-08
119.7,-6.8848e-08
119.76,-6.8794e-08
119.82,-6.8803e-08
119.87,-6.8809e-08
119.94,-6.8823e-08
120,-6.884e-08
120.06,-6.8814e-08
120.14,-6.8762e-08
120.2,-6.8867e-08
120.27,-6.8826e-08
120.33,-6.8703e-08
120.39,-6.8685e-08
120.45,-6.8696e-08
120.51,-6.869e-08
120.58,-6.8672e-08
120.64,-6.8695e-08
120.71,-6.8715e-08
120.77,-6.8684e-08
120.84,-6.8663e-08
120.91,-6.8688e-08
120.96,-6.8657e-08
121.03,-6.8659e-08
121.09,-6.8671e-08
121.16,-6.8624e-08
121.22,-6.8627e-08
121.28,-6.8699e-08
121.34,-6.8556e-08
121.4,-6.8703e-08
121.47,-6.8685e-08
121.53,-6.8578e-08
121.6,-6.8552e-08
121.65,-6.8565e-08
121.72,-6.8638e-08
121.78,-6.8665e-08
121.84,-6.8668e-08
121.89,-6.8569e-08
121.95,-6.8601e-08
122.01,-6.8615e-08
122.08,-6.8566e-08
122.14,-6.8532e-08
122.22,-6.8591e-08
122.28,-6.8589e-08
122.34,-6.8545e-08
122.4,-6.8529e-08
122.46,-6.8548e-08
122.52,-6.8515e-08
122.58,-6.8573e-08
122.65,-6.8619e-08
122.71,-6.8546e-08
122.76,-6.8513e-08
122.82,-6.8559e-08
122.89,-6.8553e-08
122.96,-6.8575e-08
123.02,-6.8466e-08
123.08,-6.8451e-08
123.15,-6.8456e-08
123.21,-6.8525e-08
123.26,-6.8593e-08
123.32,-6.8526e-08
123.38,-6.8496e-08
123.44,-6.8499e-08
123.5,-6.849e-08
123.58,-6.8458e-08
123.64,-6.8525e-08
123.7,-6.8532e-08
123.76,-6.8419e-08
123.82,-6.8541e-08
123.88,-6.8511e-08
123.94,-6.8509e-08
124,-6.8593e-08
124.07,-6.8424e-08
124.12,-6.8424e-08
124.19,-6.8453e-08
124.26,-6.8385e-08
124.32,-6.8457e-08
124.39,-6.8322e-08
124.45,-6.83e-08
124.51,-6.8364e-08
124.58,-6.8283e-08
124.64,-6.8303e-08
124.71,-6.8351e-08
124.76,-6.8245e-08
124.82,-6.8299e-08
124.89,-6.8306e-08
124.96,-6.8227e-08
125.03,-6.8268e-08
125.09,-6.8284e-08
125.15,-6.8268e-08
125.22,-6.8316e-08
125.28,-6.8271e-08
125.34,-6.8264e-08
125.39,-6.8266e-08
125.45,-6.8257e-08
125.51,-6.829e-08
125.57,-6.8162e-08
125.64,-6.8282e-08
125.71,-6.8293e-08
125.77,-6.8242e-08
125.83,-6.8354e-08
125.89,-6.8306e-08
125.95,-6.8341e-08
126.02,-6.8284e-08
126.08,-6.8322e-08
126.14,-6.8291e-08
126.2,-6.8298e-08
126.26,-6.8206e-08
126.33,-6.8186e-08
126.39,-6.8221e-08
126.45,-6.8177e-08
126.52,-6.8157e-08
126.58,-6.8173e-08
126.64,-6.8246e-08
126.7,-6.8227e-08
126.76,-6.8111e-08
126.82,-6.8211e-08
126.88,-6.8249e-08
126.94,-6.8174e-08
127.01,-6.8117e-08
127.07,-6.815e-08
127.13,-6.8144e-08
127.19,-6.8213e-08
127.25,-6.8162e-08
127.32,-6.8048e-08
127.38,-6.8124e-08
127.44,-6.8097e-08
127.5,-6.8202e-08
127.56,-6.8123e-08
127.63,-6.8128e-08
127.7,-6.8157e-08
127.76,-6.8071e-08
127.83,-6.8043e-08
127.89,-6.8153e-08
127.96,-6.8061e-08
128.02,-6.8176e-08
128.08,-6.8199e-08
128.15,-6.8127e-08
128.21,-6.8125e-08
128.27,-6.8033e-08
128.33,-6.8027e-08
128.4,-6.8018e-08
128.47,-6.8019e-08
128.53,-6.7951e-08
128.59,-6.7979e-08
128.65,-6.7971e-08
128.72,-6.7987e-08
128.77,-6.8042e-08
128.83,-6.795e-08
128.89,-6.7999e-08
128.95,-6.8002e-08
129.01,-6.7971e-08
129.08,-6.8005e-08
129.15,-6.7955e-08
129.21,-6.8034e-08
129.27,-6.8069e-08
129.33,-6.8009e-08
129.39,-6.7984e-08
129.46,-6.798e-08
129.52,-6.7985e-08
129.58,-6.7993e-08
129.64,-6.7928e-08
129.7,-6.7913e-08
129.78,-6.7883e-08
129.84,-6.7894e-08
129.9,-6.7855e-08
129.96,-6.7791e-08
130.03,-6.7886e-08
130.09,-6.7874e-08
130.15,-6.7794e-08
130.22,-6.7774e-08
130.27,-6.7743e-08
130.34,-6.7792e-08
130.4,-6.7823e-08
130.47,-6.7728e-08
130.53,-6.78e-08
130.59,-6.7823e-08
130.65,-6.7866e-08
130.71,-6.7853e-08
130.77,-6.778e-08
130.84,-6.7792e-08
130.9,-6.779e-08
130.96,-6.7805e-08
131.02,-6.7759e-08
131.08,-6.7785e-08
131.16,-6.7653e-08
131.22,-6.7667e-08
131.28,-6.7692e-08
131.34,-6.7715e-08
131.4,-6.7738e-08
131.46,-6.7794e-08
131.52,-6.7839e-08
131.58,-6.7775e-08
131.65,-6.7805e-08
131.7,-6.7801e-08
131.76,-6.7758e-08
131.84,-6.7679e-08
131.9,-6.769e-08
131.96,-6.7751e-08
132.02,-6.7715e-08
132.09,-6.7682e-08
132.15,-6.7694e-08
132.21,-6.7673e-08
132.26,-6.7647e-08
132.32,-6.7666e-08
132.39,-6.7534e-08
132.45,-6.7595e-08
132.52,-6.7546e-08
132.59,-6.758e-08
132.65,-6.7557e-08
132.71,-6.7714e-08
132.77,-6.763e-08
132.83,-6.7512e-08
132.88,-6.7543e-08
132.95,-6.755e-08
133.01,-6.7619e-08
133.08,-6.7585e-08
133.14,-6.7571e-08
133.21,-6.7538e-08
133.28,-6.7521e-08
133.34,-6.7536e-08
133.4,-6.7515e-08
133.46,-6.7442e-08
133.52,-6.7497e-08
133.59,-6.7467e-08
133.65,-6.7494e-08
133.71,-6.7475e-08
133.77,-6.7567e-08
133.84,-6.7454e-08
133.9,-6.7553e-08
133.97,-6.7527e-08
134.03,-6.7542e-08
134.09,-6.7458e-08
134.16,-6.7437e-08
134.22,-6.748e-08
134.28,-6.7556e-08
134.34,-6.7414e-08
134.41,-6.7452e-08
134.46,-6.7543e-08
134.53,-6.7519e-08
134.6,-6.7405e-08
134.66,-6.7414e-08
134.73,-6.7361e-08
134.79,-6.7466e-08
134.85,-6.7389e-08
134.91,-6.7418e-08
134.98,-6.742e-08
135.04,-6.7364e-08
135.1,-6.7297e-08
135.16,-6.7365e-08
135.23,-6.7367e-08
135.3,-6.7395e-08
135.36,-6.7422e-08
135.43,-6.7419e-08
135.49,-6.7385e-08
135.55,-6.7354e-08
135.61,-6.7379e-08
135.68,-6.7396e-08
135.74,-6.7435e-08
135.8,-6.7351e-08
135.86,-6.7463e-08
135.92,-6.7368e-08
135.99,-6.7419e-08
136.05,-6.7315e-08
136.12,-6.7247e-08
136.18,-6.74e-08
136.25,-6.734e-08
136.31,-6.729e-08
136.37,-6.7399e-08
136.43,-6.733e-08
136.49,-6.73e-08
136.56,-6.7299e-08
136.62,-6.7359e-08
136.69,-6.7329e-08
136.75,-6.7256e-08
136.82,-6.7302e-08
136.88,-6.7277e-08
136.94,-6.7321e-08
137,-6.7238e-08
137.07,-6.718e-08
137.12,-6.723e-08
137.19,-6.7145e-08
137.25,-6.726e-08
137.31,-6.7249e-08
137.39,-6.7197e-08
137.45,-6.72e-08
137.51,-6.7133e-08
137.57,-6.7129e-08
137.64,-6.7167e-08
137.7,-6.7169e-08
137.76,-6.7177e-08
137.83,-6.7292e-08
137.88,-6.7109e-08
137.95,-6.7108e-08
138.01,-6.7151e-08
138.08,-6.7197e-08
138.15,-6.717e-08
138.21,-6.7157e-08
138.27,-6.7194e-08
138.34,-6.7177e-08
138.4,-6.72e-08
138.46,-6.7109e-08
138.51,-6.7084e-08
138.57,-6.718e-08
138.63,-6.7163e-08
138.7,-6.7124e-08
138.77,-6.7115e-08
138.84,-6.7164e-08
138.9,-6.7165e-08
138.96,-6.7046e-08
139.02,-6.7098e-08
139.08,-6.7052e-08
139.15,-6.7083e-08
139.21,-6.7043e-08
139.27,-6.7062e-08
139.33,-6.7126e-08
139.4,-6.7172e-08
139.47,-6.7049e-08
139.54,-6.7042e-08
139.6,-6.7057e-08
139.66,-6.6986e-08
139.72,-6.7036e-08
139.78,-6.6969e-08
139.85,-6.6957e-08
139.91,-6.6968e-08
139.97,-6.7045e-08
140.03,-6.701e-08
140.1,-6.7021e-08
140.16,-6.6978e-08
140.23,-6.6999e-08
140.29,-6.7057e-08
140.35,-6.7022e-08
140.42,-6.7006e-08
140.47,-6.6993e-08
140.53,-6.6942e-08
140.59,-6.6935e-08
140.65,-6.6927e-08
140.71,-6.6988e-08
140.77,-6.696e-08
140.85,-6.6884e-08
140.91,-6.6955e-08
140.97,-6.6947e-08
141.03,-6.6911e-08
141.09,-6.6912e-08
141.15,-6.695e-08
141.21,-6.6871e-08
141.27,-6.6915e-08
141.33,-6.6877e-08
141.38,-6.6864e-08
141.44,-6.6927e-08
141.51,-6.6929e-08
141.57,-6.6891e-08
141.64,-6.6838e-08
141.7,-6.6919e-08
141.76,-6.6854e-08
141.82,-6.6788e-08
141.88,-6.6761e-08
141.93,-6.6827e-08
142,-6.6799e-08
142.06,-6.6889e-08
142.12,-6.682e-08
142.2,-6.6735e-08
142.26,-6.6874e-08
142.32,-6.6799e-08
142.38,-6.6762e-08
142.45,-6.6703e-08
142.51,-6.6708e-08
142.57,-6.6795e-08
142.64,-6.682e-08
142.7,-6.6775e-08
142.75,-6.6649e-08
142.82,-6.6773e-08
142.89,-6.6746e-08
142.96,-6.6816e-08
143.02,-6.6757e-08
143.08,-6.6726e-08
143.15,-6.6693e-08
143.2,-6.6659e-08
143.26,-6.6673e-08
143.32,-6.6685e-08
143.38,-6.6657e-08
143.44,-6.6639e-08
143.51,-6.6568e-08
143.58,-6.6593e-08
143.65,-6.6598e-08
143.71,-6.6629e-08
143.77,-6.6632e-08
143.83,-6.6716e-08
143.89,-6.6711e-08
143.96,-6.6739e-08
144.01,-6.6675e-08
144.08,-6.665e-08
144.14,-6.6658e-08
144.2,-6.6648e-08
144.26,-6.6652e-08
144.33,-6.6649e-08
144.39,-6.66e-08
144.46,-6.6625e-08
144.52,-6.6743e-08
144.58,-6.6579e-08
144.65,-6.6559e-08
144.7,-6.67e-08
144.76,-6.6585e-08
144.82,-6.6609e-08
144.88,-6.6581e-08
144.96,-6.6533e-08
145.02,-6.6539e-08
145.08,-6.6582e-08
145.14,-6.6599e-08
145.19,-6.6476e-08
145.26,-6.6431e-08
145.32,-6.6362e-08
145.38,-6.6361e-08
145.44,-6.6437e-08
145.5,-6.6438e-08
145.57,-6.6439e-08
145.64,-6.6494e-08
145.71,-6.6494e-08
145.76,-6.6431e-08
145.83,-6.6499e-08
145.89,-6.6482e-08
145.95,-6.6493e-08
146.02,-6.6473e-08
146.08,-6.6452e-08
146.14,-6.6529e-08
146.2,-6.6437e-08
146.26,-6.6552e-08
146.33,-6.6497e-08
146.4,-6.65e-08
146.45,-6.6519e-08
146.52,-6.6496e-08
146.58,-6.6499e-08
146.64,-6.65e-08
146.69,-6.643e-08
146.75,-6.646e-08
146.81,-6.6382e-08
146.87,-6.6367e-08
146.93,-6.6446e-08
147,-6.6459e-08
147.06,-6.6368e-08
147.12,-6.6442e-08
147.18,-6.6493e-08
147.24,-6.6452e-08
147.31,-6.6433e-08
147.37,-6.6468e-08
147.43,-6.652e-08
147.48,-6.6488e-08
147.55,-6.6397e-08
147.61,-6.6452e-08
147.67,-6.6328e-08
147.73,-6.6424e-08
147.8,-6.6398e-08
147.86,-6.6334e-08
147.92,-6.635e-08
147.97,-6.6388e-08
148.04,-6.6306e-08
148.1,-6.6314e-08
148.16,-6.6176e-08
148.22,-6.6228e-08
148.28,-6.619e-08
148.36,-6.629e-08
148.42,-6.6354e-08
148.48,-6.6317e-08
148.54,-6.6268e-08
148.61,-6.6321e-08
148.67,-6.6291e-08
148.73,-6.6273e-08
148.8,-6.6274e-08
148.85,-6.6282e-08
148.91,-6.636e-08
148.98,-6.6263e-08
149.05,-6.6281e-08
149.11,-6.623e-08
149.17,-6.6209e-08
149.23,-6.6126e-08
149.3,-6.6158e-08
149.36,-6.6172e-08
149.42,-6.6261e-08
149.49,-6.6283e-08
149.54,-6.6286e-08
149.61,-6.6337e-08
149.67,-6.6273e-08
149.75,-6.6137e-08
149.81,-6.6172e-08
149.87,-6.6158e-08
149.93,-6.6207e-08
149.99,-6.6148e-08
150.05,-6.6182e-08
150.12,-6.6117e-08
150.18,-6.6243e-08
150.24,-6.6188e-08
150.31,-6.6224e-08
150.37,-6.619e-08
150.45,-6.6188e-08
150.51,-6.6271e-08
150.57,-6.6306e-08
150.64,-6.6164e-08
150.7,-6.6158e-08
150.76,-6.6223e-08
150.82,-6.6113e-08
150.88,-6.6139e-08
150.94,-6.6206e-08
151,-6.613e-08
151.06,-6.6094e-08
151.14,-6.614e-08
151.2,-6.6182e-08
151.26,-6.6109e-08
151.32,-6.6135e-08
151.39,-6.6101e-08
151.44,-6.6108e-08
151.5,-6.6064e-08
151.56,-6.6021e-08
151.63,-6.6171e-08
151.69,-6.6069e-08
151.75,-6.6083e-08
151.83,-6.6028e-08
151.89,-6.6086e-08
151.96,-6.6032e-08
152.01,-6.6048e-08
152.07,-6.6055e-08
152.13,-6.5935e-08
152.2,-6.597e-08
152.26,-6.5961e-08
152.32,-6.5967e-08
152.39,-6.601e-08
152.44,-6.5871e-08
152.51,-6.6006e-08
152.58,-6.5901e-08
152.64,-6.5981e-08
152.7,-6.6009e-08
152.77,-6.5983e-08
152.83,-6.5902e-08
152.89,-6.5979e-08
152.96,-6.605e-08
153.01,-6.6022e-08
153.08,-6.5982e-08
153.14,-6.5878e-08
153.21,-6.5924e-08
153.27,-6.5879e-08
153.34,-6.5928e-08
153.4,-6.5883e-08
153.46,-6.5983e-08
153.52,-6.5891e-08
153.58,-6.5772e-08
153.64,-6.5822e-08
153.7,-6.585e-08
153.76,-6.5905e-08
153.83,-6.5907e-08
153.9,-6.5909e-08
153.96,-6.5912e-08
154.03,-6.5949e-08
154.09,-6.5968e-08
154.15,-6.5835e-08
154.21,-6.5815e-08
154.28,-6.5825e-08
154.34,-6.5883e-08
154.4,-6.589e-08
154.46,-6.5786e-08
154.52,-6.5834e-08
154.6,-6.5873e-08
154.66,-6.5852e-08
154.72,-6.5791e-08
154.79,-6.5795e-08
154.85,-6.574e-08
154.91,-6.5712e-08
154.97,-6.5763e-08
155.04,-6.5818e-08
155.09,-6.5744e-08
155.15,-6.5765e-08
155.21,-6.5755e-08
155.29,-6.57e-08
155.35,-6.5778e-08
155.42,-6.5747e-08
155.48,-6.5753e-08
155.54,-6.5762e-08
155.61,-6.5739e-08
155.66,-6.5685e-08
155.72,-6.5668e-08
155.79,-6.5701e-08
155.85,-6.5704e-08
155.91,-6.5618e-08
155.99,-6.5595e-08
156.05,-6.5654e-08
156.11,-6.568e-08
156.18,-6.5659e-08
156.23,-6.5685e-08
156.29,-6.5673e-08
156.35,-6.5647e-08
156.42,-6.5661e-08
156.48,-6.5668e-08
156.54,-6.5624e-08
156.61,-6.5645e-08
156.68,-6.5576e-08
156.75,-6.5531e-08
156.81,-6.5675e-08
156.88,-6.5677e-08
156.93,-6.5554e-08
156.99,-6.554e-08
157.05,-6.553e-08
157.11,-6.5584e-08
157.17,-6.561e-08
157.23,-6.5686e-08
157.29,-6.5651e-08
157.36,-6.566e-08
157.43,-6.5573e-08
157.48,-6.563e-08
157.55,-6.5508e-08
157.61,-6.5569e-08
157.67,-6.5503e-08
157.72,-6.5527e-08
157.78,-6.5479e-08
157.84,-6.5536e-08
157.9,-6.553e-08
157.97,-6.555e-08
158.04,-6.5651e-08
158.1,-6.5575e-08
158.17,-6.5496e-08
158.23,-6.5563e-08
158.29,-6.5575e-08
158.35,-6.5524e-08
158.41,-6.5533e-08
158.48,-6.5563e-08
158.54,-6.5513e-08
158.6,-6.5476e-08
158.66,-6.5485e-08
158.73,-6.5508e-08
158.79,-6.5475e-08
158.86,-6.5494e-08
158.91,-6.5491e-08
158.98,-6.554e-08
159.04,-6.5493e-08
159.1,-6.5487e-08
159.16,-6.5347e-08
159.23,-6.5386e-08
159.28,-6.5418e-08
159.34,-6.5443e-08
159.42,-6.5431e-08
159.48,-6.5322e-08
159.54,-6.5407e-08
159.61,-6.5401e-08
159.66,-6.5452e-08
159.72,-6.5486e-08
159.78,-6.544e-08
159.85,-6.5421e-08
159.91,-6.5339e-08
159.98,-6.5416e-08
160.04,-6.5442e-08
160.12,-6.5412e-08
160.18,-6.5329e-08
160.23,-6.5367e-08
160.3,-6.5365e-08
160.36,-6.5419e-08
160.42,-6.541e-08
160.48,-6.5321e-08
160.55,-6.5324e-08
160.6,-6.5474e-08
160.66,-6.5381e-08
160.72,-6.5354e-08
160.8,-6.5304e-08
160.86,-6.5387e-08
160.93,-6.5305e-08
160.99,-6.5208e-08
161.05,-6.5264e-08
161.12,-6.5357e-08
161.18,-6.5303e-08
161.24,-6.5417e-08
161.29,-6.5364e-08
161.36,-6.5343e-08
161.42,-6.5233e-08
161.5,-6.5346e-08
161.56,-6.5297e-08
161.62,-6.5272e-08
161.68,-6.534e-08
161.74,-6.5282e-08
161.79,-6.5232e-08
161.86,-6.5292e-08
161.92,-6.5291e-08
161.98,-6.528e-08
162.04,-6.5288e-08
162.11,-6.5284e-08
162.18,-6.5213e-08
162.25,-6.5207e-08
162.31,-6.521e-08
162.37,-6.5242e-08
162.43,-6.519e-08
162.49,-6.5162e-08
162.55,-6.5236e-08
162.62,-6.525e-08
162.68,-6.5185e-08
162.74,-6.5251e-08
162.81,-6.5172e-08
162.88,-6.5151e-08
162.94,-6.5275e-08
163.01,-6.5235e-08
163.06,-6.5159e-08
163.13,-6.5296e-08
163.19,-6.5131e-08
163.26,-6.5158e-08
163.31,-6.5306e-08
163.37,-6.519e-08
163.43,-6.5221e-08
163.5,-6.5127e-08
163.57,-6.5072e-08
163.63,-6.5077e-08
163.69,-6.5165e-08
163.75,-6.5064e-08
163.81,-6.5033e-08
163.88,-6.5073e-08
163.94,-6.5139e-08
164,-6.5127e-08
164.05,-6.5072e-08
164.11,-6.5122e-08
164.18,-6.5082e-08
164.25,-6.5077e-08
164.32,-6.5001e-08
164.38,-6.5e-08
164.44,-6.509e-08
164.51,-6.4986e-08
164.57,-6.4978e-08
164.63,-6.5116e-08
164.69,-6.5188e-08
164.75,-6.5144e-08
164.81,-6.51e-08
164.87,-6.5029e-08
164.94,-6.499e-08
165.01,-6.506e-08
165.07,-6.5112e-08
165.13,-6.5025e-08
165.2,-6.5014e-08
165.26,-6.4996e-08
165.33,-6.4995e-08
165.38,-6.4921e-08
165.44,-6.4882e-08
165.5,-6.4889e-08
165.57,-6.4923e-08
165.63,-6.4872e-08
165.7,-6.4856e-08
165.76,-6.4945e-08
165.83,-6.4845e-08
165.88,-6.4878e-08
165.95,-6.4873e-08
166.01,-6.4949e-08
166.07,-6.4911e-08
166.13,-6.488e-08
166.19,-6.4946e-08
166.26,-6.4943e-08
166.34,-6.4789e-08
166.4,-6.4851e-08
166.46,-6.4861e-08
166.52,-6.4915e-08
166.58,-6.4862e-08
166.65,-6.4848e-08
166.7,-6.486e-08
166.77,-6.481e-08
166.83,-6.4755e-08
166.89,-6.4832e-08
166.96,-6.4693e-08
167.03,-6.4707e-08
167.09,-6.4735e-08
167.15,-6.4719e-08
167.22,-6.4712e-08
167.28,-6.4665e-08
167.34,-6.4711e-08
167.4,-6.4701e-08
167.47,-6.4742e-08
167.53,-6.4739e-08
167.59,-6.4635e-08
167.64,-6.4771e-08
167.71,-6.4733e-08
167.78,-6.4733e-08
167.84,-6.4611e-08
167.9,-6.4663e-08
167.97,-6.4546e-08
168.03,-6.4651e-08
168.09,-6.4638e-08
168.15,-6.4676e-08
168.21,-6.4619e-08
168.27,-6.4616e-08
168.34,-6.4588e-08
168.41,-6.469e-08
168.47,-6.4592e-08
168.54,-6.4623e-08
168.6,-6.4632e-08
168.66,-6.4716e-08
168.72,-6.472e-08
168.79,-6.4666e-08
168.84,-6.464e-08
168.9,-6.4717e-08
168.96,-6.4679e-08
169.03,-6.4607e-08
169.11,-6.4629e-08
169.17,-6.4637e-08
169.23,-6.4566e-08
169.29,-6.4714e-08
169.35,-6.4594e-08
169.41,-6.4613e-08
169.48,-6.4564e-08
169.54,-6.4528e-08
169.6,-6.4474e-08
169.65,-6.4536e-08
169.72,-6.451e-08
169.79,-6.4448e-08
169.86,-6.4477e-08
169.92,-6.4494e-08
169.98,-6.4536e-08
170.05,-6.4515e-08
170.11,-6.4545e-08
170.17,-6.4544e-08
170.23,-6.457e-08
170.29,-6.4547e-08
170.35,-6.461e-08
170.41,-6.4556e-08
170.49,-6.4557e-08
170.55,-6.4543e-08
170.61,-6.4527e-08
170.68,-6.4497e-08
170.73,-6.4395e-08
170.79,-6.4437e-08
170.85,-6.4516e-08
170.92,-6.458e-08
170.98,-6.4546e-08
171.04,-6.4486e-08
171.11,-6.4521e-08
171.18,-6.4467e-08
171.25,-6.4502e-08
171.3,-6.4515e-08
171.37,-6.4491e-08
171.43,-6.4449e-08
171.49,-6.4436e-08
171.55,-6.4531e-08
171.62,-6.4474e-08
171.67,-6.4498e-08
171.73,-6.4537e-08
171.79,-6.4503e-08
171.85,-6.4506e-08
171.91,-6.4393e-08
171.98,-6.436e-08
172.04,-6.4437e-08
172.1,-6.4442e-08
172.16,-6.4402e-08
172.22,-6.4453e-08
172.28,-6.4383e-08
172.34,-6.4463e-08
172.4,-6.4444e-08
172.47,-6.4455e-08
172.54,-6.4382e-08
172.61,-6.4368e-08
172.66,-6.4378e-08
172.73,-6.4471e-08
172.78,-6.4465e-08
172.85,-6.4419e-08
172.91,-6.435e-08
172.97,-6.4348e-08
173.03,-6.4281e-08
173.09,-6.4265e-08
173.16,-6.4245e-08
173.22,-6.4292e-08
173.29,-6.4251e-08
173.35,-6.4383e-08
173.41,-6.4351e-08
173.48,-6.4402e-08
173.54,-6.4291e-08
173.6,-6.4285e-08
173.66,-6.4265e-08
173.72,-6.4381e-08
173.77,-6.4213e-08
173.84,-6.4235e-08
173.91,-6.4256e-08
173.98,-6.4211e-08
174.04,-6.4194e-08
174.1,-6.413e-08
174.16,-6.4195e-08
174.22,-6.4233e-08
174.27,-6.4286e-08
174.34,-6.4177e-08
174.4,-6.4281e-08
174.46,-6.4168e-08
174.53,-6.4193e-08
174.6,-6.4229e-08
174.66,-6.4132e-08
174.72,-6.4091e-08
174.79,-6.4168e-08
174.84,-6.4186e-08
174.91,-6.4179e-08
174.97,-6.4141e-08
175.04,-6.4085e-08
175.1,-6.4022e-08
175.16,-6.4082e-08
175.21,-6.4129e-08
175.28,-6.4117e-08
175.34,-6.4129e-08
175.41,-6.4071e-08
175.47,-6.4062e-08
175.54,-6.4042e-08
175.6,-6.3999e-08
175.66,-6.4019e-08
175.71,-6.4031e-08
175.77,-6.403e-08
175.83,-6.406e-08
175.89,-6.408e-08
175.97,-6.3919e-08
176.03,-6.4078e-08
176.09,-6.4021e-08
176.15,-6.4096e-08
176.21,-6.4077e-08
176.26,-6.4207e-08
176.33,-6.4124e-08
176.39,-6.42e-08
176.46,-6.4208e-08
176.52,-6.4176e-08
176.58,-6.4131e-08
176.64,-6.4212e-08
176.71,-6.4137e-08
176.77,-6.4115e-08
176.83,-6.4078e-08
176.9,-6.4128e-08
176.96,-6.4136e-08
177.03,-6.4094e-08
177.09,-6.4059e-08
177.15,-6.3996e-08
177.21,-6.3957e-08
177.27,-6.3941e-08
177.34,-6.3952e-08
177.4,-6.4031e-08
177.47,-6.3925e-08
177.53,-6.3961e-08
177.59,-6.3902e-08
177.66,-6.3865e-08
177.72,-6.386e-08
177.78,-6.3948e-08
177.84,-6.3914e-08
177.9,-6.386e-08
177.96,-6.3813e-08
178.04,-6.3909e-08
178.1,-6.3943e-08
178.16,-6.3886e-08
178.23,-6.3884e-08
178.29,-6.3806e-08
178.34,-6.3877e-08
178.41,-6.3771e-08
178.46,-6.3838e-08
178.53,-6.3808e-08
178.59,-6.3746e-08
178.65,-6.3699e-08
178.73,-6.3736e-08
178.79,-6.3687e-08
178.86,-6.376e-08
178.92,-6.3821e-08
178.98,-6.3742e-08
179.05,-6.3711e-08
179.1,-6.374e-08
179.17,-6.3742e-08
179.23,-6.3825e-08
179.29,-6.3759e-08
179.34,-6.3817e-08
179.42,-6.3863e-08
179.48,-6.3835e-08
179.55,-6.3837e-08
179.6,-6.38e-08
179.67,-6.3785e-08
179.73,-6.383e-08
179.79,-6.3799e-08
179.85,-6.3863e-08
179.91,-6.3885e-08
179.97,-6.3843e-08
180.03,-6.374e-08
180.1,-6.3673e-08
180.17,-6.3654e-08
180.23,-6.3682e-08
180.29,-6.3718e-08
180.35,-6.3728e-08
180.41,-6.373e-08
180.47,-6.3755e-08
180.54,-6.3726e-08
180.59,-6.3675e-08
180.66,-6.3717e-08
180.72,-6.3797e-08
180.8,-6.3696e-08
180.86,-6.3685e-08
180.92,-6.3705e-08
180.99,-6.3647e-08
181.04,-6.3713e-08
181.1,-6.367e-08
181.16,-6.3675e-08
181.23,-6.3666e-08
181.29,-6.3668e-08
181.35,-6.366e-08
181.42,-6.3701e-08
181.49,-6.3649e-08
181.56,-6.3619e-08
181.62,-6.3671e-08
181.68,-6.3659e-08
181.74,-6.375e-08
181.8,-6.3718e-08
181.86,-6.3672e-08
181.92,-6.372e-08
181.98,-6.3607e-08
182.04,-6.3637e-08
182.1,-6.3692e-08
182.17,-6.3656e-08
182.24,-6.37e-08
182.3,-6.3572e-08
182.36,-6.3542e-08
182.41,-6.3585e-08
182.47,-6.3577e-08
182.53,-6.3595e-08
182.59,-6.3611e-08
182.65,-6.3591e-08
182.71,-6.3578e-08
182.77,-6.3637e-08
182.84,-6.3552e-08
182.9,-6.3648e-08
182.96,-6.362e-08
183.02,-6.3543e-08
183.08,-6.3557e-08
183.14,-6.3634e-08
183.2,-6.3542e-08
183.25,-6.3621e-08
183.32,-6.369e-08
183.38,-6.3628e-08
183.45,-6.3572e-08
183.53,-6.361e-08
183.59,-6.3553e-08
183.65,-6.3553e-08
183.71,-6.3652e-08
183.77,-6.3655e-08
183.83,-6.3598e-08
183.9,-6.3612e-08
183.96,-6.3525e-08
184.02,-6.3535e-08
184.07,-6.3526e-08
184.13,-6.3448e-08
184.2,-6.3507e-08
184.26,-6.353e-08
184.32,-6.3435e-08
184.39,-6.3497e-08
184.45,-6.3499e-08
184.51,-6.3452e-08
184.57,-6.3417e-08
184.62,-6.3509e-08
184.69,-6.3496e-08
184.75,-6.3508e-08
184.81,-6.3534e-08
184.9,-6.3367e-08
184.96,-6.3403e-08
185.02,-6.3422e-08
185.09,-6.3378e-08
185.15,-6.3362e-08
185.21,-6.3374e-08
185.27,-6.3361e-08
185.33,-6.3283e-08
185.4,-6.3351e-08
185.45,-6.3315e-08
185.51,-6.3355e-08
185.58,-6.334e-08
185.64,-6.3481e-08
185.71,-6.3476e-08
185.77,-6.3451e-08
185.83,-6.3332e-08
185.9,-6.3384e-08
185.96,-6.3384e-08
186.02,-6.3389e-08
186.07,-6.3398e-08
186.13,-6.3365e-08
186.2,-6.3363e-08
186.27,-6.34e-08
186.33,-6.3429e-08
186.4,-6.3417e-08
186.46,-6.3445e-08
186.52,-6.3376e-08
186.57,-6.3413e-08
186.63,-6.3476e-08
186.69,-6.3374e-08
186.76,-6.3424e-08
186.82,-6.3391e-08
186.88,-6.3361e-08
186.96,-6.3364e-08
187.02,-6.3316e-08
187.09,-6.3378e-08
187.15,-6.3256e-08
187.21,-6.3202e-08
187.26,-6.3267e-08
187.33,-6.3207e-08
187.39,-6.3179e-08
187.46,-6.3234e-08
187.52,-6.3289e-08
187.58,-6.3235e-08
187.66,-6.3331e-08
187.72,-6.3257e-08
187.78,-6.3168e-08
187.85,-6.3259e-08
187.91,-6.3197e-08
187.97,-6.323e-08
188.04,-6.3219e-08
188.09,-6.3235e-08
188.16,-6.3188e-08
188.22,-6.3251e-08
188.29,-6.3232e-08
188.35,-6.3279e-08
188.42,-6.3233e-08
188.48,-6.3159e-08
188.54,-6.3204e-08
188.61,-6.3228e-08
188.67,-6.3164e-08
188.73,-6.317e-08
188.79,-6.3165e-08
188.86,-6.3241e-08
188.91,-6.3213e-08
188.98,-6.3168e-08
189.05,-6.3235e-08
189.11,-6.3254e-08
189.18,-6.3128e-08
189.24,-6.3143e-08
189.3,-6.3183e-08
189.36,-6.3198e-08
189.42,-6.3185e-08
189.48,-6.3102e-08
189.54,-6.3152e-08
189.6,-6.3115e-08
189.67,-6.3239e-08
189.74,-6.3159e-08
189.8,-6.3166e-08
189.87,-6.3096e-08
189.93,-6.305e-08
190,-6.3093e-08
190.06,-6.3079e-08
190.12,-6.3066e-08
190.18,-6.3083e-08
190.24,-6.3036e-08
190.3,-6.3086e-08
190.36,-6.3197e-08
190.43,-6.3099e-08
190.5,-6.3129e-08
190.56,-6.3097e-08
190.62,-6.3015e-08
190.69,-6.3011e-08
190.75,-6.29e-08
190.81,-6.3073e-08
190.87,-6.2946e-08
190.93,-6.3028e-08
190.99,-6.2986e-08
191.04,-6.302e-08
191.12,-6.2959e-08
191.18,-6.3005e-08
191.24,-6.3065e-08
191.31,-6.3006e-08
191.36,-6.3003e-08
191.42,-6.2974e-08
191.48,-6.3004e-08
191.54,-6.3096e-08
191.61,-6.3089e-08
191.67,-6.2893e-08
191.73,-6.3031e-08
191.8,-6.3056e-08
191.86,-6.3035e-08
191.92,-6.3127e-08
191.98,-6.3029e-08
192.04,-6.3095e-08
192.1,-6.3003e-08
192.17,-6.2983e-08
192.23,-6.3048e-08
192.29,-6.2996e-08
192.34,-6.2969e-08
192.4,-6.3067e-08
192.48,-6.3021e-08
192.54,-6.2958e-08
192.6,-6.2943e-08
192.66,-6.2989e-08
192.72,-6.2911e-08
192.77,-6.2945e-08
192.83,-6.2943e-08
192.89,-6.2939e-08
192.96,-6.2936e-08
193.02,-6.296e-08
193.09,-6.2983e-08
193.16,-6.2989e-08
193.22,-6.2916e-08
193.29,-6.2972e-08
193.35,-6.2955e-08
193.41,-6.2902e-08
193.46,-6.2898e-08
193.53,-6.2851e-08
193.59,-6.2864e-08
193.65,-6.2771e-08
193.72,-6.2833e-08
193.78,-6.2853e-08
193.86,-6.293e-08
193.92,-6.2861e-08
193.98,-6.2827e-08
194.05,-6.2898e-08
194.11,-6.2916e-08
194.17,-6.2884e-08
194.24,-6.2903e-08
194.29,-6.2877e-08
194.35,-6.2924e-08
194.41,-6.2876e-08
194.48,-6.2818e-08
194.55,-6.2832e-08
194.61,-6.2891e-08
194.67,-6.2888e-08
194.73,-6.2864e-08
194.79,-6.2779e-08
194.84,-6.2823e-08
194.9,-6.2795e-08
194.96,-6.2866e-08
195.03,-6.2895e-08
195.09,-6.2896e-08
195.15,-6.2845e-08
195.22,-6.2765e-08
195.29,-6.2794e-08
195.34,-6.2738e-08
195.4,-6.2751e-08
195.46,-6.2718e-08
195.52,-6.2851e-08
195.59,-6.2781e-08
195.65,-6.2654e-08
195.71,-6.2634e-08
195.77,-6.2771e-08
195.84,-6.2747e-08
195.91,-6.2751e-08
195.97,-6.2671e-08
196.03,-6.2732e-08
196.1,-6.2808e-08
196.16,-6.2852e-08
196.22,-6.2788e-08
196.28,-6.2709e-08
196.34,-6.2713e-08
196.39,-6.2739e-08
196.46,-6.2685e-08
196.52,-6.2686e-08
196.6,-6.2663e-08
196.66,-6.2686e-08
196.72,-6.2718e-08
196.79,-6.2709e-08
196.85,-6.2618e-08
196.91,-6.2676e-08
196.98,-6.263e-08
197.03,-6.2611e-08
197.1,-6.2659e-08
197.16,-6.2706e-08
197.22,-6.2746e-08
197.3,-6.2722e-08
197.36,-6.2638e-08
197.43,-6.2727e-08
197.49,-6.2662e-08
197.55,-6.273e-08
197.62,-6.2647e-08
197.67,-6.2693e-08
197.74,-6.2673e-08
197.8,-6.2652e-08
197.86,-6.2664e-08
197.91,-6.2737e-08
197.98,-6.2696e-08
198.04,-6.2707e-08
198.11,-6.263e-08
198.17,-6.2629e-08
198.24,-6.2679e-08
198.3,-6.2684e-08
198.36,-6.2658e-08
198.42,-6.2626e-08
198.48,-6.2555e-08
198.54,-6.2634e-08
198.61,-6.2583e-08
198.68,-6.2654e-08
198.74,-6.2646e-08
198.81,-6.2608e-08
198.87,-6.2656e-08
198.94,-6.2692e-08
198.99,-6.2625e-08
199.05,-6.2639e-08
199.11,-6.265e-08
199.17,-6.256e-08
199.23,-6.2565e-08
199.3,-6.2585e-08
199.37,-6.2508e-08
199.43,-6.2639e-08
199.49,-6.2637e-08
199.56,-6.2582e-08
199.62,-6.2505e-08
199.68,-6.259e-08
199.74,-6.2518e-08
199.8,-6.2486e-08
199.86,-6.2586e-08
199.92,-6.2589e-08
199.99,-6.2463e-08
200.06,-6.252e-08
200.13,-6.2503e-08
200.19,-6.2504e-08
200.25,-6.2509e-08
200.3,-6.2462e-08
200.37,-6.2493e-08
200.42,-6.252e-08
200.49,-6.2422e-08
200.55,-6.2423e-08
200.61,-6.2457e-08
200.67,-6.238e-08
200.75,-6.2398e-08
200.81,-6.2397e-08
200.87,-6.2376e-08
200.94,-6.2426e-08
201,-6.2434e-08
201.06,-6.2402e-08
201.12,-6.2462e-08
201.18,-6.2466e-08
201.24,-6.2408e-08
201.31,-6.2364e-08
201.36,-6.2374e-08
201.44,-6.2354e-08
201.5,-6.2298e-08
201.57,-6.2439e-08
201.63,-6.2373e-08
201.69,-6.2294e-08
201.75,-6.2416e-08
201.81,-6.2403e-08
201.87,-6.2548e-08
201.93,-6.2422e-08
201.99,-6.2344e-08
202.05,-6.2385e-08
202.12,-6.247e-08
202.19,-6.2424e-08
202.25,-6.2437e-08
202.31,-6.2452e-08
202.38,-6.2381e-08
202.44,-6.2329e-08
202.5,-6.2378e-08
202.56,-6.2392e-08
202.62,-6.236e-08
202.69,-6.2354e-08
202.75,-6.2305e-08
202.82,-6.234e-08
202.88,-6.2353e-08
202.95,-6.2348e-08
203.01,-6.2385e-08
203.07,-6.2324e-08
203.13,-6.2214e-08
203.19,-6.2311e-08
203.26,-6.2323e-08
203.32,-6.2405e-08
203.38,-6.2279e-08
203.44,-6.2336e-08
203.52,-6.2263e-08
203.58,-6.2311e-08
203.64,-6.2254e-08
203.7,-6.2299e-08
203.76,-6.2261e-08
203.83,-6.2251e-08
203.89,-6.2252e-08
203.95,-6.2302e-08
204.01,-6.2193e-08
204.07,-6.2296e-08
204.13,-6.2317e-08
204.2,-6.2276e-08
204.26,-6.2343e-08
204.33,-6.2272e-08
204.39,-6.2156e-08
204.45,-6.2186e-08
204.51,-6.2207e-08
204.58,-6.2203e-08
204.64,-6.2214e-08
204.7,-6.2193e-08
204.76,-6.2284e-08
204.82,-6.2163e-08
204.9,-6.2143e-08
204.96,-6.212e-08
205.03,-6.2227e-08
205.09,-6.2197e-08
205.15,-6.2256e-08
205.21,-6.2048e-08
205.27,-6.2057e-08
205.33,-6.2083e-08
205.39,-6.2131e-08
205.46,-6.2132e-08
205.51,-6.2144e-08
205.59,-6.2063e-08
205.65,-6.2201e-08
205.72,-6.219e-08
205.78,-6.2167e-08
205.84,-6.2112e-08
205.9,-6.2155e-08
205.96,-6.2079e-08
206.03,-6.2101e-08
206.09,-6.2111e-08
206.15,-6.2057e-08
206.21,-6.2073e-08
206.29,-6.2195e-08
206.35,-6.2058e-08
206.41,-6.2095e-08
206.48,-6.2081e-08
206.53,-6.2081e-08
206.6,-6.2132e-08
206.66,-6.209e-08
206.72,-6.2073e-08
206.78,-6.2151e-08
206.84,-6.2122e-08
206.9,-6.2058e-08
206.97,-6.1965e-08
207.03,-6.2004e-08
207.1,-6.1911e-08
207.16,-6.1999e-08
207.22,-6.1959e-08
207.28,-6.1919e-08
207.34,-6.2004e-08
207.4,-6.1994e-08
207.46,-6.1983e-08
207.52,-6.1982e-08
207.59,-6.1898e-08
207.66,-6.1948e-08
207.72,-6.1895e-08
207.79,-6.1861e-08
207.84,-6.2028e-08
207.91,-6.2045e-08
207.97,-6.2035e-08
208.03,-6.1983e-08
208.09,-6.188e-08
208.15,-6.1824e-08
208.21,-6.1815e-08
208.28,-6.1895e-08
208.35,-6.1866e-08
208.41,-6.1868e-08
208.47,-6.1801e-08
208.53,-6.187e-08
208.59,-6.1874e-08
208.66,-6.1855e-08
208.72,-6.1838e-08
208.78,-6.1909e-08
208.83,-6.1939e-08
208.9,-6.1769e-08
208.96,-6.188e-08
209.03,-6.1781e-08
209.09,-6.1706e-08
209.16,-6.176e-08
209.22,-6.1679e-08
209.28,-6.1714e-08
209.34,-6.1722e-08
209.4,-6.1775e-08
209.46,-6.1737e-08
209.52,-6.1797e-08
209.58,-6.1799e-08
209.65,-6.1771e-08
209.72,-6.1757e-08
209.78,-6.1706e-08
209.85,-6.1768e-08
209.91,-6.1725e-08
209.97,-6.1734e-08
210.04,-6.1744e-08
210.1,-6.1719e-08
210.16,-6.1819e-08
210.22,-6.1765e-08
210.29,-6.1717e-08
210.35,-6.1782e-08
210.42,-6.1837e-08
210.48,-6.1777e-08
210.54,-6.1898e-08
210.61,-6.1775e-08
210.67,-6.1785e-08
210.74,-6.1802e-08
210.79,-6.1733e-08
210.86,-6.1788e-08
210.92,-6.1851e-08
210.98,-6.1788e-08
211.04,-6.1718e-08
211.12,-6.172e-08
211.18,-6.1801e-08
211.24,-6.1745e-08
211.31,-6.1763e-08
211.36,-6.1716e-08
211.43,-6.1632e-08
211.49,-6.1611e-08
211.55,-6.17e-08
211.61,-6.1655e-08
211.67,-6.1724e-08
211.73,-6.1663e-08
211.81,-6.1753e-08
211.87,-6.1776e-08
211.93,-6.1814e-08
212,-6.1735e-08
212.06,-6.1656e-08
212.12,-6.1706e-08
212.17,-6.1701e-08
212.24,-6.1674e-08
212.29,-6.1638e-08
212.36,-6.1539e-08
212.42,-6.1529e-08
212.5,-6.154e-08
212.56,-6.161e-08
212.62,-6.1675e-08
212.69,-6.1557e-08
212.75,-6.1568e-08
212.81,-6.1645e-08
212.88,-6.1562e-08
212.94,-6.1601e-08
213,-6.1599e-08
213.06,-6.1652e-08
213.12,-6.1609e-08
213.19,-6.1561e-08
213.25,-6.1544e-08
213.31,-6.161e-08
213.38,-6.1537e-08
213.43,-6.1581e-08
213.5,-6.1577e-08
213.56,-6.1532e-08
213.62,-6.1553e-08
213.68,-6.1485e-08
213.75,-6.1477e-08
213.81,-6.1445e-08
213.89,-6.1557e-08
213.95,-6.1497e-08
214.01,-6.1526e-08
214.07,-6.1497e-08
214.13,-6.1453e-08
214.2,-6.146e-08
214.25,-6.1439e-08
214.31,-6.1507e-08
214.38,-6.1407e-08
214.44,-6.1438e-08
214.5,-6.1468e-08
214.57,-6.1471e-08
214.63,-6.1427e-08
214.69,-6.1442e-08
214.75,-6.1351e-08
214.81,-6.1351e-08
214.88,-6.1389e-08
214.94,-6.139e-08
215,-6.146e-08
215.06,-6.1474e-08
215.12,-6.1385e-08
215.19,-6.1367e-08
215.26,-6.1355e-08
215.32,-6.1366e-08
215.38,-6.1403e-08
215.45,-6.1477e-08
215.51,-6.1443e-08
215.57,-6.1398e-08
215.63,-6.1372e-08
215.69,-6.1421e-08
215.76,-6.1287e-08
215.82,-6.1282e-08
215.87,-6.1377e-08
215.95,-6.1462e-08
216.01,-6.1417e-08
216.07,-6.1357e-08
216.13,-6.1323e-08
216.2,-6.1337e-08
216.26,-6.1256e-08
216.32,-6.1262e-08
216.38,-6.1356e-08
216.44,-6.1335e-08
216.5,-6.1299e-08
216.56,-6.136e-08
216.63,-6.1464e-08
216.7,-6.1338e-08
216.76,-6.1297e-08
216.82,-6.1332e-08
216.88,-6.1293e-08
216.94,-6.1258e-08
217,-6.1276e-08
217.06,-6.1273e-08
217.12,-6.1233e-08
217.19,-6.127e-08
217.25,-6.1267e-08
217.32,-6.1272e-08
217.38,-6.1284e-08
217.45,-6.1321e-08
217.51,-6.1356e-08
217.57,-6.1395e-08
217.64,-6.1356e-08
217.69,-6.1387e-08
217.76,-6.1409e-08
217.82,-6.139e-08
217.88,-6.1335e-08
217.94,-6.1349e-08
218.02,-6.1309e-08
218.08,-6.1356e-08
218.14,-6.1324e-08
218.21,-6.1275e-08
218.27,-6.1344e-08
218.33,-6.1247e-08
218.39,-6.1376e-08
218.45,-6.1279e-08
218.51,-6.1353e-08
218.57,-6.1193e-08
218.63,-6.1323e-08
218.71,-6.1327e-08
218.77,-6.124e-08
218.83,-6.1297e-08
218.89,-6.1216e-08
218.95,-6.1292e-08
219.01,-6.1257e-08
219.07,-6.1191e-08
219.14,-6.1236e-08
219.19,-6.1233e-08
219.26,-6.1208e-08
219.32,-6.1336e-08
219.4,-6.1217e-08
219.46,-6.1142e-08
219.52,-6.1121e-08
219.59,-6.1194e-08
219.65,-6.1171e-08
219.71,-6.1054e-08
219.78,-6.1107e-08
219.84,-6.1088e-08
219.9,-6.1133e-08
219.96,-6.1012e-08
220.02,-6.11e-08
220.09,-6.1152e-08
220.15,-6.1183e-08
220.22,-6.1134e-08
220.28,-6.1239e-08
220.34,-6.1178e-08
220.41,-6.1252e-08
220.46,-6.1271e-08
220.53,-6.1256e-08
220.59,-6.1324e-08
220.66,-6.1268e-08
220.71,-6.1194e-08
220.78,-6.1154e-08
220.84,-6.1055e-08
220.91,-6.102e-08
220.96,-6.1015e-08
221.03,-6.1082e-08
221.09,-6.1171e-08
221.16,-6.1211e-08
221.21,-6.1282e-08
221.27,-6.1144e-08
221.33,-6.1185e-08
221.39,-6.1221e-08
221.47,-6.1225e-08
221.53,-6.1099e-08
221.59,-6.1047e-08
221.66,-6.1052e-08
221.72,-6.1032e-08
221.78,-6.1117e-08
221.84,-6.1133e-08
221.9,-6.1038e-08
221.96,-6.1086e-08
222.03,-6.0975e-08
222.09,-6.0959e-08
222.16,-6.1007e-08
222.23,-6.1069e-08
222.29,-6.1098e-08
222.35,-6.1037e-08
222.42,-6.1174e-08
222.47,-6.1087e-08
222.54,-6.1102e-08
222.59,-6.1053e-08
222.65,-6.106e-08
222.72,-6.1018e-08
222.77,-6.1042e-08
222.85,-6.1066e-08
222.91,-6.1029e-08
222.97,-6.1023e-08
223.04,-6.0974e-08
223.1,-6.1067e-08
223.16,-6.1066e-08
223.22,-6.1059e-08
223.29,-6.0928e-08
223.34,-6.0983e-08
223.41,-6.092e-08
223.47,-6.1024e-08
223.55,-6.0984e-08
223.61,-6.1022e-08
223.68,-6.1028e-08
223.73,-6.1065e-08
223.8,-6.1034e-08
223.86,-6.0928e-08
223.93,-6.0952e-08
223.98,-6.0926e-08
224.05,-6.0899e-08
224.11,-6.0923e-08
224.17,-6.0979e-08
224.24,-6.1103e-08
224.31,-6.0968e-08
224.37,-6.099e-08
224.43,-6.0964e-08
224.5,-6.0876e-08
224.55,-6.0915e-08
224.61,-6.0894e-08
224.67,-6.0873e-08
224.73,-6.0806e-08
224.79,-6.0888e-08
224.86,-6.093e-08
224.93,-6.0975e-08
225,-6.0995e-08
225.06,-6.0991e-08
225.12,-6.0884e-08
225.19,-6.0835e-08
225.25,-6.0912e-08
225.32,-6.088e-08
225.38,-6.0856e-08
225.44,-6.0879e-08
225.51,-6.092e-08
225.56,-6.0896e-08
225.63,-6.0858e-08
225.69,-6.0823e-08
225.76,-6.0861e-08
225.82,-6.0897e-08
225.88,-6.0875e-08
225.94,-6.0864e-08
226.01,-6.0779e-08
226.06,-6.0764e-08
226.12,-6.0831e-08
226.18,-6.0774e-08
226.25,-6.0926e-08
226.32,-6.0885e-08
226.38,-6.0867e-08
226.44,-6.0797e-08
226.51,-6.088e-08
226.57,-6.0758e-08
226.63,-6.0777e-08
226.68,-6.078e-08
226.75,-6.0756e-08
226.8,-6.0821e-08
226.87,-6.0793e-08
226.93,-6.0816e-08
227,-6.0796e-08
227.06,-6.0822e-08
227.12,-6.0688e-08
227.19,-6.0758e-08
227.25,-6.0739e-08
227.31,-6.0775e-08
227.37,-6.0751e-08
227.44,-6.0838e-08
227.5,-6.0821e-08
227.56,-6.0786e-08
227.62,-6.0726e-08
227.69,-6.0838e-08
227.75,-6.0738e-08
227.81,-6.0689e-08
227.88,-6.0724e-08
227.93,-6.0605e-08
228,-6.0689e-08
228.06,-6.0703e-08
228.12,-6.0715e-08
228.18,-6.0712e-08
228.24,-6.0644e-08
228.3,-6.073e-08
228.37,-6.0667e-08
228.43,-6.0666e-08
228.5,-6.066e-08
228.56,-6.0702e-08
228.63,-6.0686e-08
228.68,-6.0728e-08
228.74,-6.0733e-08
228.8,-6.0707e-08
228.86,-6.0732e-08
228.92,-6.0782e-08
228.99,-6.0747e-08
229.06,-6.0662e-08
229.12,-6.0661e-08
229.18,-6.0656e-08
229.25,-6.0736e-08
229.31,-6.0637e-08
229.38,-6.0636e-08
229.43,-6.0635e-08
229.5,-6.0667e-08
229.56,-6.067e-08
229.62,-6.0609e-08
229.68,-6.0609e-08
229.75,-6.0613e-08
229.82,-6.0671e-08
229.88,-6.0573e-08
229.94,-6.0607e-08
230,-6.0604e-08
230.06,-6.0654e-08
230.12,-6.0666e-08
230.19,-6.0622e-08
230.24,-6.0631e-08
230.31,-6.063e-08
230.37,-6.0611e-08
230.45,-6.0551e-08
230.51,-6.0518e-08
230.58,-6.0602e-08
230.63,-6.0566e-08
230.7,-6.0663e-08
230.76,-6.0597e-08
230.82,-6.0558e-08
230.88,-6.0558e-08
230.93,-6.0542e-08
230.99,-6.0573e-08
231.05,-6.0597e-08
231.13,-6.0616e-08
231.19,-6.063e-08
231.25,-6.0572e-08
231.32,-6.0599e-08
231.38,-6.0598e-08
231.44,-6.06e-08
231.5,-6.0567e-08
231.56,-6.0531e-08
231.62,-6.0628e-08
231.69,-6.0549e-08
231.75,-6.0599e-08
231.82,-6.0602e-08
231.88,-6.0595e-08
231.95,-6.0476e-08
232.01,-6.0526e-08
232.07,-6.0433e-08
232.14,-6.0531e-08
232.19,-6.0548e-08
232.26,-6.0506e-08
232.32,-6.0513e-08
232.38,-6.0527e-08
232.44,-6.0515e-08
232.52,-6.0564e-08
232.58,-6.0446e-08
232.64,-6.052e-08
232.71,-6.0478e-08
232.76,-6.0596e-08
232.83,-6.045e-08
232.89,-6.0365e-08
232.96,-6.0399e-08
233.01,-6.0436e-08
233.07,-6.0425e-08
233.13,-6.0397e-08
233.21,-6.0413e-08
233.27,-6.0468e-08
233.33,-6.036e-08
233.4,-6.0475e-08
233.46,-6.0476e-08
233.52,-6.0407e-08
233.58,-6.0443e-08
233.64,-6.0417e-08
233.7,-6.0432e-08
233.76,-6.0351e-08
233.82,-6.0417e-08
233.89,-6.043e-08
233.96,-6.044e-08
234.02,-6.035e-08
234.08,-6.0503e-08
234.14,-6.0491e-08
234.2,-6.0418e-08
234.26,-6.0421e-08
234.32,-6.0412e-08
234.39,-6.0381e-08
234.44,-6.0364e-08
234.51,-6.0307e-08
234.58,-6.0478e-08
234.65,-6.0354e-08
234.71,-6.0345e-08
234.77,-6.0443e-08
234.83,-6.0462e-08
234.89,-6.0366e-08
234.96,-6.0474e-08
235.02,-6.0498e-08
235.08,-6.04e-08
235.13,-6.0437e-08
235.2,-6.0368e-08
235.27,-6.0464e-08
235.34,-6.0439e-08
235.4,-6.0352e-08
235.46,-6.038e-08
235.53,-6.0312e-08
235.59,-6.0323e-08
235.65,-6.026e-08
235.71,-6.0244e-08
235.78,-6.025e-08
235.83,-6.0219e-08
235.9,-6.0218e-08
235.97,-6.0368e-08
236.04,-6.0339e-08
236.09,-6.0421e-08
236.16,-6.0471e-08
236.22,-6.0325e-08
236.28,-6.0347e-08
236.34,-6.0327e-08
236.4,-6.0236e-08
236.46,-6.0202e-08
236.52,-6.0225e-08
236.58,-6.0298e-08
236.66,-6.0225e-08
236.72,-6.0287e-08
236.78,-6.0263e-08
236.83,-6.0195e-08
236.89,-6.0228e-08
236.95,-6.0218e-08
237.02,-6.0249e-08
237.08,-6.0195e-08
237.14,-6.0296e-08
237.2,-6.029e-08
237.26,-6.0319e-08
237.33,-6.0261e-08
237.4,-6.028e-08
237.46,-6.0203e-08
237.52,-6.0262e-08
237.58,-6.0184e-08
237.64,-6.0241e-08
237.71,-6.0121e-08
237.77,-6.0138e-08
237.83,-6.0224e-08
237.89,-6.029e-08
237.96,-6.0193e-08
238.03,-6.0216e-08
238.09,-6.0189e-08
238.15,-6.0143e-08
238.21,-6.0171e-08
238.28,-6.0122e-08
238.34,-6.0208e-08
238.4,-6.0272e-08
238.46,-6.0166e-08
238.53,-6.0193e-08
238.59,-6.015e-08
238.65,-6.0139e-08
238.72,-6.0125e-08
238.78,-6.0104e-08
238.85,-6.0172e-08
238.91,-6.0126e-08
238.98,-6.01e-08
239.04,-6.0039e-08
239.1,-6.0125e-08
239.16,-6.011e-08
239.22,-6.007e-08
239.28,-6.0067e-08
239.34,-6.0009e-08
239.42,-6.0082e-08
239.48,-6.0105e-08
239.55,-6.0064e-08
239.61,-6.0157e-08
239.67,-6.0131e-08
239.73,-6.0062e-08
239.79,-6.0126e-08
239.86,-6.0146e-08
239.91,-6.0147e-08
239.97,-6.0165e-08
240.04,-6.0086e-08
240.11,-6.0132e-08
240.17,-6.0146e-08
240.24,-6.0072e-08
240.3,-6e-08
240.36,-6.0079e-08
240.42,-6.0053e-08
240.48,-6.0009e-08
240.55,-6.0053e-08
240.61,-6.0089e-08
240.67,-6.011e-08
240.73,-6.0114e-08
240.81,-6.0005e-08
240.87,-6.0135e-08
240.93,-5.9977e-08
240.99,-6.0033e-08
241.05,-6.007e-08
241.11,-6.0003e-08
241.17,-5.999e-08
241.23,-6.0068e-08
241.29,-6.0032e-08
241.36,-6.0067e-08
241.42,-6.0092e-08
241.49,-5.9987e-08
241.55,-5.9937e-08
241.61,-5.9849e-08
241.67,-5.9909e-08
241.73,-6.0018e-08
241.8,-5.9991e-08
241.86,-5.9977e-08
241.92,-5.9891e-08
241.98,-5.9906e-08
242.04,-5.9818e-08
242.11,-5.9894e-08
242.18,-5.9864e-08
242.25,-5.9997e-08
242.31,-5.9937e-08
242.37,-5.9953e-08
242.43,-5.9877e-08
242.5,-5.9914e-08
242.55,-5.9836e-08
242.61,-5.9888e-08
242.67,-5.992e-08
242.74,-5.9972e-08
242.79,-6.0025e-08
242.86,-5.9946e-08
242.92,-5.9892e-08
242.98,-5.9911e-08
243.04,-5.9992e-08
243.1,-6.0089e-08
243.16,-6.0002e-08
243.22,-6.0042e-08
243.29,-5.9981e-08
243.35,-5.9967e-08
243.41,-5.9907e-08
243.46,-5.9983e-08
243.54,-5.9982e-08
243.6,-5.9903e-08
243.66,-5.9998e-08
243.73,-5.9893e-08
243.79,-5.9897e-08
243.85,-5.9869e-08
243.91,-5.9935e-08
243.97,-5.9924e-08
244.03,-5.9958e-08
244.09,-5.9953e-08
244.15,-5.9908e-08
244.22,-5.9821e-08
244.29,-5.9881e-08
244.35,-5.9813e-08
244.41,-5.9804e-08
244.48,-5.9814e-08
244.53,-5.9809e-08
244.6,-5.9839e-08
244.66,-5.98e-08
244.73,-5.9739e-08
244.78,-5.9849e-08
244.84,-5.9837e-08
244.91,-5.9744e-08
244.98,-5.9737e-08
245.04,-5.9805e-08
245.11,-5.9724e-08
245.17,-5.9623e-08
245.23,-5.9691e-08
245.3,-5.9671e-08
245.35,-5.9715e-08
245.42,-5.9719e-08
245.48,-5.9653e-08
245.54,-5.9685e-08
245.61,-5.9707e-08
245.68,-5.9725e-08
245.74,-5.9701e-08
245.8,-5.9641e-08
245.87,-5.9635e-08
245.93,-5.9677e-08
245.99,-5.9702e-08
246.04,-5.9684e-08
246.11,-5.9702e-08
246.16,-5.9764e-08
246.23,-5.9763e-08
246.3,-5.9777e-08
246.36,-5.9716e-08
246.43,-5.9713e-08
246.48,-5.9784e-08
246.55,-5.9691e-08
246.61,-5.9746e-08
246.68,-5.9686e-08
246.73,-5.9636e-08
246.79,-5.9776e-08
246.86,-5.9753e-08
246.92,-5.9701e-08
247,-5.9693e-08
247.06,-5.9708e-08
247.12,-5.9767e-08
247.19,-5.9715e-08
247.25,-5.9726e-08
247.31,-5.9708e-08
247.37,-5.9679e-08
247.43,-5.9624e-08
247.49,-5.9705e-08
247.54,-5.9732e-08
247.61,-5.9662e-08
247.68,-5.9732e-08
247.74,-5.9658e-08
247.8,-5.9651e-08
247.87,-5.9663e-08
247.93,-5.9659e-08
247.99,-5.9579e-08
248.05,-5.9546e-08
248.11,-5.9468e-08
248.17,-5.9575e-08
248.23,-5.9556e-08
248.3,-5.9556e-08
248.37,-5.9508e-08
248.44,-5.9539e-08
248.5,-5.959e-08
248.56,-5.9659e-08
248.62,-5.9517e-08
248.68,-5.9474e-08
248.75,-5.9507e-08
248.81,-5.9549e-08
248.87,-5.9503e-08
248.93,-5.956e-08
249,-5.9546e-08
249.07,-5.9533e-08
249.14,-5.9511e-08
249.2,-5.949e-08
249.26,-5.9623e-08
249.32,-5.9526e-08
249.39,-5.9487e-08
249.45,-5.9634e-08
249.51,-5.9515e-08
249.56,-5.9518e-08
249.63,-5.9496e-08
249.68,-5.9581e-08
249.76,-5.9512e-08
249.82,-5.9489e-08
249.88,-5.944e-08
249.94,-5.9482e-08
250,-5.9479e-08
250.06,-5.9553e-08
250.13,-5.9534e-08
250.18,-5.9482e-08
250.25,-5.9479e-08
250.31,-5.9546e-08
250.38,-5.9481e-08
250.44,-5.9471e-08
250.51,-5.9418e-08
250.57,-5.9502e-08
250.63,-5.954e-08
250.7,-5.9511e-08
250.76,-5.9478e-08
250.82,-5.9511e-08
250.88,-5.9473e-08
250.94,-5.9457e-08
251,-5.9338e-08
251.07,-5.9401e-08
251.14,-5.9437e-08
251.2,-5.9453e-08
251.27,-5.9399e-08
251.33,-5.939e-08
251.39,-5.9375e-08
251.45,-5.9325e-08
251.51,-5.9436e-08
251.58,-5.9379e-08
251.63,-5.9424e-08
251.7,-5.9376e-08
251.76,-5.9416e-08
251.84,-5.9314e-08
251.9,-5.9375e-08
251.97,-5.9337e-08
252.03,-5.9377e-08
252.08,-5.9379e-08
252.15,-5.9384e-08
252.21,-5.9396e-08
252.27,-5.9367e-08
252.33,-5.9457e-08
252.39,-5.9381e-08
252.45,-5.9446e-08
252.53,-5.9317e-08
252.59,-5.9328e-08
252.65,-5.9311e-08
252.71,-5.9348e-08
252.77,-5.9435e-08
252.84,-5.9416e-08
252.9,-5.9366e-08
252.96,-5.944e-08
253.02,-5.9416e-08
253.09,-5.9366e-08
253.15,-5.9366e-08
253.22,-5.9386e-08
253.29,-5.9333e-08
253.35,-5.9364e-08
253.41,-5.928e-08
253.48,-5.9406e-08
253.53,-5.9446e-08
253.6,-5.9422e-08
253.65,-5.9361e-08
253.72,-5.9359e-08
253.78,-5.9471e-08
253.84,-5.9375e-08
253.91,-5.9386e-08
253.98,-5.9434e-08
254.03,-5.9356e-08
254.09,-5.9296e-08
254.15,-5.9307e-08
254.21,-5.9288e-08
254.27,-5.9277e-08
254.33,-5.9209e-08
254.4,-5.911e-08
254.46,-5.9329e-08
254.52,-5.9354e-08
254.61,-5.9241e-08
254.67,-5.922e-08
254.73,-5.9172e-08
254.79,-5.9223e-08
254.85,-5.9261e-08
254.92,-5.9205e-08
254.98,-5.9176e-08
255.04,-5.9202e-08
255.09,-5.9215e-08
255.15,-5.9126e-08
255.21,-5.911e-08
255.29,-5.9218e-08
255.35,-5.9234e-08
255.41,-5.9308e-08
255.47,-5.9204e-08
255.54,-5.9236e-08
255.6,-5.9182e-08
255.66,-5.9178e-08
255.73,-5.9208e-08
255.78,-5.9247e-08
255.85,-5.9296e-08
255.91,-5.9258e-08
255.98,-5.9208e-08
256.04,-5.9201e-08
256.11,-5.9222e-08
256.17,-5.9194e-08
256.23,-5.9225e-08
256.3,-5.924e-08
256.35,-5.9229e-08
256.42,-5.9235e-08
256.48,-5.9273e-08
256.54,-5.9161e-08
256.6,-5.917e-08
256.68,-5.9256e-08
256.74,-5.9146e-08
256.8,-5.9171e-08
256.85,-5.9124e-08
256.92,-5.9122e-08
256.98,-5.9099e-08
257.04,-5.905e-08
257.1,-5.9075e-08
257.16,-5.9118e-08
257.22,-5.9102e-08
257.28,-5.9121e-08
257.35,-5.9205e-08
257.41,-5.9283e-08
257.47,-5.9169e-08
257.53,-5.9145e-08
257.59,-5.9168e-08
257.66,-5.9197e-08
257.72,-5.9236e-08
257.79,-5.9193e-08
257.84,-5.9218e-08
257.91,-5.9251e-08
257.97,-5.9191e-08
258.04,-5.9144e-08
258.1,-5.9163e-08
258.16,-5.9224e-08
258.22,-5.9226e-08
258.28,-5.9171e-08
258.34,-5.9175e-08
258.4,-5.9098e-08
258.47,-5.921e-08
258.53,-5.9089e-08
258.59,-5.9023e-08
258.65,-5.9102e-08
258.73,-5.918e-08
258.79,-5.9075e-08
258.85,-5.9077e-08
258.91,-5.9105e-08
258.97,-5.9117e-08
259.03,-5.9152e-08
259.09,-5.9143e-08
259.15,-5.9098e-08
259.21,-5.9173e-08
259.27,-5.9123e-08
259.33,-5.9121e-08
259.4,-5.9172e-08
259.47,-5.9046e-08
259.52,-5.9117e-08
259.59,-5.9145e-08
259.64,-5.9162e-08
259.71,-5.9055e-08
259.77,-5.9053e-08
259.83,-5.9038e-08
259.89,-5.9057e-08
259.96,-5.9079e-08
260.01,-5.8968e-08
260.09,-5.9007e-08
260.15,-5.9028e-08
260.21,-5.9054e-08
260.28,-5.8981e-08
260.34,-5.8999e-08
260.41,-5.8984e-08
260.46,-5.8997e-08
260.53,-5.9007e-08
260.59,-5.9005e-08
260.65,-5.8951e-08
260.71,-5.902e-08
260.79,-5.9083e-08
260.85,-5.9022e-08
260.91,-5.8985e-08
260.98,-5.9007e-08
261.03,-5.9021e-08
261.1,-5.8998e-08
261.16,-5.8916e-08
261.22,-5.8953e-08
261.28,-5.9003e-08
261.34,-5.8996e-08
261.41,-5.8927e-08
261.49,-5.8901e-08
261.55,-5.8873e-08
261.61,-5.8902e-08
261.67,-5.8947e-08
261.73,-5.8927e-08
261.8,-5.8911e-08
261.85,-5.9026e-08
261.92,-5.8974e-08
261.98,-5.8928e-08
262.04,-5.9007e-08
262.11,-5.8972e-08
262.18,-5.8968e-08
262.25,-5.8901e-08
262.31,-5.8916e-08
262.37,-5.883e-08
262.44,-5.9044e-08
262.49,-5.8981e-08
262.56,-5.8947e-08
262.62,-5.8973e-08
262.69,-5.8908e-08
262.74,-5.8932e-08
262.81,-5.8889e-08
262.88,-5.8952e-08
262.94,-5.9008e-08
263,-5.9061e-08
263.06,-5.8973e-08
263.13,-5.8979e-08
263.19,-5.8848e-08
263.25,-5.888e-08
263.32,-5.8928e-08
263.38,-5.8838e-08
263.45,-5.8883e-08
263.51,-5.8859e-08
263.58,-5.8848e-08
263.65,-5.881e-08
263.71,-5.8862e-08
263.77,-5.8775e-08
263.83,-5.8817e-08
263.88,-5.8711e-08
263.94,-5.885e-08
264,-5.8808e-08
264.07,-5.8739e-08
264.13,-5.874e-08
264.19,-5.8758e-08
264.27,-5.8756e-08
264.33,-5.8798e-08
264.39,-5.8797e-08
264.45,-5.8798e-08
264.52,-5.888e-08
264.58,-5.8861e-08
264.64,-5.8801e-08
264.7,-5.8784e-08
264.76,-5.8782e-08
264.81,-5.8739e-08
264.88,-5.8835e-08
264.95,-5.8774e-08
265.02,-5.8759e-08
265.07,-5.8812e-08
265.14,-5.8719e-08
265.19,-5.8674e-08
265.26,-5.8676e-08
265.32,-5.8719e-08
265.38,-5.8778e-08
265.44,-5.8756e-08
265.5,-5.8732e-08
265.56,-5.8795e-08
265.64,-5.8772e-08
265.7,-5.8736e-08
265.76,-5.8682e-08
265.83,-5.8734e-08
265.89,-5.8762e-08
265.95,-5.8631e-08
266.01,-5.8582e-08
266.08,-5.8634e-08
266.14,-5.8606e-08
266.2,-5.8687e-08
266.26,-5.868e-08
266.33,-5.8552e-08
266.39,-5.8595e-08
266.46,-5.8583e-08
266.52,-5.8604e-08
266.58,-5.8587e-08
266.64,-5.8567e-08
266.7,-5.8625e-08
266.76,-5.8616e-08
266.82,-5.8597e-08
266.87,-5.854e-08
266.93,-5.8613e-08
267,-5.852e-08
267.07,-5.8465e-08
267.12,-5.8534e-08
267.19,-5.8616e-08
267.25,-5.8521e-08
267.31,-5.8561e-08
267.37,-5.8559e-08
267.43,-5.8601e-08
267.49,-5.8628e-08
267.56,-5.8633e-08
267.62,-5.8694e-08
267.69,-5.8664e-08
267.75,-5.8641e-08
267.81,-5.8601e-08
267.87,-5.8583e-08
267.92,-5.8671e-08
267.99,-5.8586e-08
268.05,-5.86e-08
268.11,-5.8654e-08
268.17,-5.8678e-08
268.24,-5.8715e-08
268.3,-5.8648e-08
268.38,-5.8612e-08
268.44,-5.8544e-08
268.5,-5.8571e-08
268.56,-5.8615e-08
268.63,-5.862e-08
268.69,-5.8576e-08
268.75,-5.8572e-08
268.81,-5.8556e-08
268.88,-5.8528e-08
268.94,-5.842e-08
269,-5.8544e-08
269.08,-5.856e-08
269.14,-5.8601e-08
269.21,-5.8607e-08
269.27,-5.8588e-08
269.33,-5.8585e-08
269.39,-5.8532e-08
269.45,-5.8613e-08
269.51,-5.8536e-08
269.57,-5.8614e-08
269.64,-5.8542e-08
269.69,-5.8573e-08
269.77,-5.8528e-08
269.83,-5.8405e-08
269.9,-5.8426e-08
269.96,-5.847e-08
270.02,-5.8403e-08
270.08,-5.8435e-08
270.14,-5.8427e-08
270.21,-5.8401e-08
270.26,-5.8421e-08
270.32,-5.8412e-08
270.38,-5.8429e-08
270.45,-5.848e-08
270.51,-5.8469e-08
270.57,-5.8518e-08
270.64,-5.843e-08
270.69,-5.8501e-08
270.76,-5.8334e-08
270.82,-5.8314e-08
270.89,-5.8372e-08
270.95,-5.8349e-08
271.01,-5.8317e-08
271.07,-5.8299e-08
271.14,-5.8421e-08
271.21,-5.8333e-08
271.27,-5.8351e-08
271.33,-5.8349e-08
271.39,-5.838e-08
271.45,-5.8348e-08
271.51,-5.8354e-08
271.57,-5.8384e-08
271.63,-5.8364e-08
271.7,-5.8412e-08
271.75,-5.837e-08
271.82,-5.8326e-08
271.89,-5.8284e-08
271.95,-5.8321e-08
272.01,-5.8324e-08
272.07,-5.831e-08
272.13,-5.8359e-08
272.2,-5.8341e-08
272.25,-5.8373e-08
272.32,-5.8339e-08
272.38,-5.8334e-08
272.45,-5.8424e-08
272.53,-5.8328e-08
272.59,-5.8334e-08
272.65,-5.8295e-08
272.71,-5.8308e-08
272.77,-5.8356e-08
272.84,-5.8313e-08
272.9,-5.8309e-08
272.96,-5.831e-08
273.01,-5.8463e-08
273.08,-5.837e-08
273.13,-5.8341e-08
273.21,-5.84e-08
273.27,-5.8327e-08
273.33,-5.8372e-08
273.39,-5.8374e-08
273.45,-5.8405e-08
273.51,-5.8328e-08
273.56,-5.8294e-08
273.63,-5.8286e-08
273.69,-5.8255e-08
273.75,-5.833e-08
273.81,-5.831e-08
273.89,-5.8315e-08
273.95,-5.8345e-08
274.01,-5.829e-08
274.07,-5.8305e-08
274.13,-5.8347e-08
274.19,-5.8283e-08
274.25,-5.8188e-08
274.31,-5.8257e-08
274.38,-5.8229e-08
274.44,-5.8271e-08
274.5,-5.8148e-08
274.58,-5.8167e-08
274.65,-5.821e-08
274.71,-5.8179e-08
274.77,-5.8151e-08
274.83,-5.817e-08
274.89,-5.8234e-08
274.95,-5.8279e-08
275.01,-5.8233e-08
275.08,-5.8281e-08
275.14,-5.8282e-08
275.21,-5.8288e-08
275.28,-5.8327e-08
275.34,-5.8286e-08
275.41,-5.8265e-08
275.47,-5.8366e-08
275.54,-5.831e-08
275.59,-5.8223e-08
275.65,-5.8316e-08
275.71,-5.8238e-08
275.77,-5.8237e-08
275.83,-5.8332e-08
275.9,-5.8294e-08
275.97,-5.8327e-08
276.04,-5.8371e-08
276.1,-5.8223e-08
276.16,-5.8291e-08
276.23,-5.8232e-08
276.29,-5.8184e-08
276.35,-5.8235e-08
276.42,-5.8215e-08
276.48,-5.8336e-08
276.54,-5.8263e-08
276.61,-5.8157e-08
276.68,-5.8157e-08
276.74,-5.8139e-08
276.8,-5.8158e-08
276.87,-5.8208e-08
276.93,-5.8164e-08
276.99,-5.8214e-08
277.05,-5.8146e-08
277.12,-5.8187e-08
277.18,-5.8154e-08
277.24,-5.8078e-08
277.3,-5.8092e-08
277.37,-5.8052e-08
277.44,-5.8145e-08
277.5,-5.8158e-08
277.56,-5.8147e-08
277.62,-5.8211e-08
277.68,-5.8155e-08
277.75,-5.8173e-08
277.8,-5.8107e-08
277.87,-5.8046e-08
277.93,-5.8024e-08
278,-5.7948e-08
278.07,-5.802e-08
278.14,-5.8098e-08
278.2,-5.8072e-08
278.26,-5.8022e-08
278.32,-5.8067e-08
278.38,-5.8039e-08
278.44,-5.8005e-08
278.51,-5.8031e-08
278.57,-5.8043e-08
278.63,-5.8063e-08
278.7,-5.8024e-08
278.77,-5.7964e-08
278.83,-5.814e-08
278.9,-5.8127e-08
278.96,-5.8032e-08
279.03,-5.806e-08
279.08,-5.8039e-08
279.15,-5.8108e-08
279.21,-5.8028e-08
279.27,-5.8057e-08
279.33,-5.8059e-08
279.4,-5.8049e-08
279.47,-5.7969e-08
279.53,-5.8094e-08
279.59,-5.8037e-08
279.65,-5.8023e-08
279.72,-5.796e-08
279.78,-5.7917e-08
279.84,-5.8025e-08
279.91,-5.8036e-08
279.96,-5.7994e-08
280.03,-5.7926e-08
280.09,-5.7893e-08
280.16,-5.8005e-08
280.22,-5.8035e-08
280.29,-5.8048e-08
280.35,-5.8072e-08
280.41,-5.8047e-08
280.48,-5.8118e-08
280.54,-5.8144e-08
280.6,-5.8121e-08
280.66,-5.8082e-08
280.72,-5.796e-08
280.78,-5.8061e-08
280.86,-5.8071e-08
280.92,-5.7989e-08
280.98,-5.809e-08
281.04,-5.8026e-08
281.1,-5.7973e-08
281.16,-5.8015e-08
281.23,-5.8068e-08
281.28,-5.8013e-08
281.35,-5.7938e-08
281.41,-5.7924e-08
281.47,-5.7928e-08
281.55,-5.7934e-08
281.61,-5.7918e-08
281.67,-5.7924e-08
281.73,-5.7902e-08
281.79,-5.7912e-08
281.86,-5.7921e-08
281.92,-5.7861e-08
281.98,-5.7878e-08
282.04,-5.7852e-08
282.1,-5.7845e-08
282.17,-5.7867e-08
282.24,-5.7874e-08
282.3,-5.7845e-08
282.36,-5.7862e-08
282.42,-5.7847e-08
282.49,-5.7922e-08
282.55,-5.7846e-08
282.62,-5.7827e-08
282.67,-5.786e-08
282.74,-5.7866e-08
282.8,-5.7941e-08
282.86,-5.7962e-08
282.93,-5.7767e-08
283,-5.7818e-08
283.06,-5.7764e-08
283.12,-5.7839e-08
283.19,-5.7841e-08
283.24,-5.7852e-08
283.31,-5.7731e-08
283.37,-5.7732e-08
283.43,-5.7858e-08
283.49,-5.7871e-08
283.55,-5.7817e-08
283.63,-5.7704e-08
283.69,-5.7721e-08
283.75,-5.7729e-08
283.81,-5.7789e-08
283.87,-5.7813e-08
283.94,-5.7788e-08
284,-5.7851e-08
284.06,-5.7705e-08
284.12,-5.7708e-08
284.19,-5.7693e-08
284.25,-5.7678e-08
284.33,-5.7707e-08
284.39,-5.7839e-08
284.45,-5.7707e-08
284.52,-5.7758e-08
284.58,-5.7811e-08
284.64,-5.7764e-08
284.7,-5.7742e-08
284.76,-5.7736e-08
284.83,-5.7838e-08
284.88,-5.7726e-08
284.95,-5.7718e-08
285.02,-5.7716e-08
285.09,-5.7744e-08
285.14,-5.7754e-08
285.21,-5.7844e-08
285.27,-5.7757e-08
285.33,-5.7654e-08
285.4,-5.7614e-08
285.46,-5.7607e-08
285.52,-5.7566e-08
285.58,-5.7583e-08
285.65,-5.7551e-08
285.71,-5.7555e-08
285.78,-5.7573e-08
285.84,-5.7658e-08
285.9,-5.7678e-08
285.97,-5.775e-08
286.03,-5.7694e-08
286.09,-5.7604e-08
286.15,-5.7626e-08
286.22,-5.7679e-08
286.27,-5.7667e-08
286.34,-5.7728e-08
286.41,-5.759e-08
286.47,-5.7646e-08
286.53,-5.7668e-08
286.6,-5.7621e-08
286.65,-5.7575e-08
286.72,-5.7618e-08
286.78,-5.7647e-08
286.84,-5.7607e-08
286.9,-5.7638e-08
286.96,-5.7744e-08
287.03,-5.7673e-08
287.11,-5.7634e-08
287.17,-5.7683e-08
287.24,-5.7649e-08
287.29,-5.774e-08
287.36,-5.7712e-08
287.42,-5.7638e-08
287.48,-5.7712e-08
287.54,-5.7745e-08
287.6,-5.7605e-08
287.67,-5.7648e-08
287.73,-5.7586e-08
287.81,-5.7718e-08
287.87,-5.7695e-08
287.93,-5.7689e-08
288,-5.7553e-08
288.06,-5.7582e-08
288.12,-5.76e-08
288.18,-5.7631e-08
288.23,-5.7702e-08
288.29,-5.76e-08
288.35,-5.7624e-08
288.42,-5.7541e-08
288.48,-5.764e-08
288.55,-5.7608e-08
288.61,-5.7678e-08
288.67,-5.7648e-08
288.74,-5.7636e-08
288.8,-5.7575e-08
288.86,-5.7636e-08
288.92,-5.762e-08
288.99,-5.7631e-08
289.05,-5.7639e-08
289.11,-5.752e-08
289.18,-5.7543e-08
289.24,-5.7579e-08
289.3,-5.7617e-08
289.36,-5.7534e-08
289.42,-5.76e-08
289.49,-5.757e-08
289.55,-5.7511e-08
289.61,-5.7549e-08
289.67,-5.7574e-08
289.72,-5.7518e-08
289.78,-5.7473e-08
289.85,-5.7497e-08
289.92,-5.756e-08
289.97,-5.7506e-08
290.04,-5.7434e-08
290.1,-5.754e-08
290.16,-5.7572e-08
290.23,-5.7516e-08
290.29,-5.7459e-08
290.35,-5.7559e-08
290.41,-5.7602e-08
290.48,-5.7544e-08
290.54,-5.7572e-08
290.61,-5.754e-08
290.67,-5.7497e-08
290.73,-5.7516e-08
290.79,-5.7504e-08
290.85,-5.7487e-08
290.91,-5.7484e-08
290.98,-5.762e-08
291.03,-5.7445e-08
291.1,-5.7466e-08
291.16,-5.7484e-08
291.24,-5.7448e-08
291.3,-5.7514e-08
291.36,-5.7525e-08
291.43,-5.7475e-08
291.48,-5.7498e-08
291.55,-5.752e-08
291.61,-5.7474e-08
291.67,-5.7472e-08
291.73,-5.7431e-08
291.79,-5.7442e-08
291.85,-5.7491e-08
291.93,-5.7393e-08
291.99,-5.7476e-08
292.05,-5.7398e-08
292.12,-5.7421e-08
292.18,-5.7487e-08
292.24,-5.7504e-08
292.29,-5.7423e-08
292.36,-5.745e-08
292.42,-5.7423e-08
292.48,-5.7383e-08
292.54,-5.7425e-08
292.62,-5.7433e-08
292.68,-5.7425e-08
292.75,-5.7537e-08
292.81,-5.742e-08
292.87,-5.7378e-08
292.94,-5.7317e-08
293,-5.7357e-08
293.06,-5.7395e-08
293.12,-5.7311e-08
293.18,-5.7323e-08
293.25,-5.735e-08
293.32,-5.7241e-08
293.38,-5.728e-08
293.44,-5.7368e-08
293.51,-5.7314e-08
293.57,-5.7238e-08
293.63,-5.7297e-08
293.69,-5.7248e-08
293.75,-5.7202e-08
293.82,-5.7296e-08
293.88,-5.721e-08
293.94,-5.7262e-08
294.01,-5.7301e-08
294.08,-5.7309e-08
294.13,-5.7285e-08
294.19,-5.7288e-08
294.25,-5.7159e-08
294.32,-5.7234e-08
294.38,-5.7308e-08
294.44,-5.7366e-08
294.5,-5.735e-08
294.57,-5.734e-08
294.63,-5.7292e-08
294.7,-5.7269e-08
294.77,-5.7292e-08
294.83,-5.73e-08
294.89,-5.7315e-08
294.96,-5.7301e-08
295.02,-5.7171e-08
295.07,-5.724e-08
295.14,-5.7261e-08
295.19,-5.7308e-08
295.26,-5.7201e-08
295.32,-5.723e-08
295.4,-5.726e-08
295.46,-5.7346e-08
295.52,-5.7312e-08
295.58,-5.734e-08
295.65,-5.7262e-08
295.71,-5.7307e-08
295.78,-5.7314e-08
295.83,-5.7327e-08
295.9,-5.7348e-08
295.96,-5.7356e-08
296.02,-5.7372e-08
296.09,-5.7357e-08
296.16,-5.7276e-08
296.22,-5.7234e-08
296.28,-5.7279e-08
296.35,-5.7196e-08
296.41,-5.7197e-08
296.47,-5.7318e-08
296.53,-5.7309e-08
296.59,-5.7366e-08
296.65,-5.7284e-08
296.71,-5.7245e-08
296.79,-5.7218e-08
296.85,-5.7189e-08
296.92,-5.7253e-08
296.98,-5.7234e-08
297.04,-5.7181e-08
297.1,-5.7121e-08
297.16,-5.7163e-08
297.22,-5.7168e-08
297.29,-5.722e-08
297.35,-5.7238e-08
297.41,-5.7214e-08
297.49,-5.7262e-08
297.55,-5.7202e-08
297.62,-5.7127e-08
297.67,-5.721e-08
297.74,-5.7099e-08
297.8,-5.7087e-08
297.87,-5.7203e-08
297.92,-5.7114e-08
297.98,-5.7099e-08
298.04,-5.7166e-08
298.1,-5.713e-08
298.18,-5.719e-08
298.24,-5.714e-08
298.3,-5.7119e-08
298.37,-5.7086e-08
298.42,-5.7016e-08
298.48,-5.7058e-08
298.54,-5.7128e-08
298.6,-5.7154e-08
298.67,-5.7124e-08
298.73,-5.7087e-08
298.79,-5.7076e-08
298.86,-5.7091e-08
298.92,-5.7041e-08
298.99,-5.7002e-08
299.05,-5.7056e-08
299.11,-5.711e-08
299.17,-5.7048e-08
299.24,-5.7034e-08
299.3,-5.7057e-08
299.36,-5.7149e-08
299.42,-5.7094e-08
299.48,-5.7138e-08
299.55,-5.71e-08
299.62,-5.7069e-08
299.68,-5.7044e-08
299.74,-5.7038e-08
299.8,-5.7009e-08
299.87,-5.6996e-08
299.93,-5.7032e-08
299.99,-5.7136e-08
300.04,-5.7114e-08
300.11,-5.7164e-08
300.16,-5.7051e-08
300.24,-5.7174e-08
300.3,-5.7122e-08
300.36,-5.7153e-08
300.42,-5.6985e-08
300.49,-5.7037e-08
300.54,-5.7016e-08
300.61,-5.7036e-08
300.67,-5.7008e-08
300.72,-5.7047e-08
300.78,-5.7057e-08
300.84,-5.7062e-08
300.92,-5.7038e-08
300.98,-5.7092e-08
301.05,-5.7042e-08
301.11,-5.7051e-08
301.17,-5.7065e-08
301.23,-5.7132e-08
301.29,-5.7036e-08
301.36,-5.697e-08
301.41,-5.7124e-08
301.48,-5.7004e-08
301.54,-5.6954e-08
301.62,-5.7019e-08
301.68,-5.7062e-08
301.74,-5.7008e-08
301.8,-5.7015e-08
301.86,-5.7033e-08
301.91,-5.7007e-08
301.98,-5.7004e-08
302.04,-5.7027e-08
302.1,-5.6943e-08
302.17,-5.6979e-08
302.22,-5.7028e-08
302.29,-5.7054e-08
302.36,-5.6983e-08
302.41,-5.6921e-08
302.48,-5.6939e-08
302.53,-5.6939e-08
302.6,-5.7016e-08
302.66,-5.7027e-08
302.72,-5.6993e-08
302.78,-5.6954e-08
302.84,-5.7012e-08
302.91,-5.7002e-08
302.98,-5.6946e-08
303.04,-5.696e-08
303.1,-5.6915e-08
303.17,-5.6857e-08
303.23,-5.6971e-08
303.29,-5.6934e-08
303.34,-5.6948e-08
303.4,-5.7029e-08
303.47,-5.6973e-08
303.53,-5.7004e-08
303.59,-5.7033e-08
303.67,-5.6884e-08
303.73,-5.6834e-08
303.8,-5.6832e-08
303.85,-5.686e-08
303.92,-5.6905e-08
303.98,-5.6853e-08
304.04,-5.6854e-08
304.1,-5.6745e-08
304.17,-5.6765e-08
304.23,-5.6722e-08
304.29,-5.6759e-08
304.37,-5.681e-08
304.43,-5.6831e-08
304.5,-5.6815e-08
304.56,-5.6782e-08
304.62,-5.6718e-08
304.68,-5.6753e-08
304.74,-5.6718e-08
304.81,-5.6743e-08
304.87,-5.6812e-08
304.93,-5.6697e-08
304.99,-5.6679e-08
305.07,-5.6717e-08
305.13,-5.6794e-08
305.19,-5.6772e-08
305.25,-5.6888e-08
305.31,-5.6751e-08
305.37,-5.676e-08
305.44,-5.6736e-08
305.49,-5.6744e-08
305.56,-5.6733e-08
305.62,-5.6739e-08
305.68,-5.674e-08
305.75,-5.672e-08
305.81,-5.6863e-08
305.88,-5.6774e-08
305.94,-5.6845e-08
306.01,-5.677e-08
306.07,-5.6696e-08
306.13,-5.6692e-08
306.19,-5.6754e-08
306.25,-5.6775e-08
306.31,-5.6702e-08
306.37,-5.6772e-08
306.45,-5.667e-08
306.51,-5.6687e-08
306.57,-5.6634e-08
306.64,-5.6644e-08
306.69,-5.6646e-08
306.76,-5.6683e-08
306.82,-5.671e-08
306.88,-5.6698e-08
306.94,-5.6707e-08
307.01,-5.6719e-08
307.07,-5.6603e-08
307.15,-5.6523e-08
307.21,-5.6491e-08
307.27,-5.663e-08
307.33,-5.6538e-08
307.4,-5.6572e-08
307.46,-5.6602e-08
307.52,-5.6552e-08
307.58,-5.6657e-08
307.64,-5.6564e-08
307.7,-5.6526e-08
307.76,-5.6619e-08
307.83,-5.6628e-08
307.89,-5.6685e-08
307.96,-5.6647e-08
308.02,-5.6699e-08
308.08,-5.6698e-08
308.14,-5.6614e-08
308.21,-5.6676e-08
308.27,-5.6671e-08
308.33,-5.6658e-08
308.4,-5.665e-08
308.46,-5.6579e-08
308.54,-5.6611e-08
308.6,-5.6608e-08
308.66,-5.6532e-08
308.73,-5.6516e-08
308.79,-5.6537e-08
308.85,-5.6643e-08
308.92,-5.6645e-08
308.98,-5.6657e-08
309.04,-5.6539e-08
309.1,-5.6591e-08
309.16,-5.6539e-08
309.23,-5.6625e-08
309.3,-5.6585e-08
309.36,-5.6488e-08
309.42,-5.6465e-08
309.49,-5.6591e-08
309.55,-5.6548e-08
309.61,-5.6562e-08
309.67,-5.6628e-08
309.73,-5.6613e-08
309.79,-5.6584e-08
309.85,-5.6498e-08
309.93,-5.659e-08
309.99,-5.6518e-08
310.06,-5.6568e-08
310.12,-5.6577e-08
310.18,-5.6496e-08
310.24,-5.6535e-08
310.3,-5.6607e-08
310.36,-5.6594e-08
310.42,-5.6589e-08
310.48,-5.6559e-08
310.54,-5.6536e-08
310.61,-5.6627e-08
310.67,-5.656e-08
310.73,-5.662e-08
310.8,-5.6609e-08
310.86,-5.6584e-08
310.92,-5.6591e-08
310.98,-5.6604e-08
311.04,-5.6522e-08
311.11,-5.6543e-08
311.17,-5.6509e-08
311.23,-5.6559e-08
311.3,-5.6528e-08
311.37,-5.6489e-08
311.42,-5.6567e-08
311.49,-5.649e-08
311.54,-5.654e-08
311.6,-5.6648e-08
311.66,-5.6515e-08
311.72,-5.6528e-08
311.79,-5.6555e-08
311.84,-5.6532e-08
311.91,-5.6461e-08
311.98,-5.6522e-08
312.04,-5.6369e-08
312.1,-5.6423e-08
312.16,-5.649e-08
312.22,-5.6481e-08
312.29,-5.6468e-08
312.35,-5.6338e-08
312.41,-5.6311e-08
312.47,-5.6421e-08
312.53,-5.6397e-08
312.6,-5.6372e-08
312.67,-5.6351e-08
312.74,-5.6312e-08
312.8,-5.6347e-08
312.86,-5.6349e-08
312.92,-5.6377e-08
312.98,-5.6414e-08
313.04,-5.6339e-08
313.11,-5.6387e-08
313.17,-5.6391e-08
313.23,-5.6306e-08
313.3,-5.6369e-08
313.37,-5.6304e-08
313.44,-5.6293e-08
313.5,-5.6289e-08
313.56,-5.6332e-08
313.63,-5.6334e-08
313.68,-5.636e-08
313.74,-5.6331e-08
313.8,-5.6378e-08
313.87,-5.6406e-08
313.93,-5.638e-08
313.99,-5.6374e-08
314.06,-5.6379e-08
314.12,-5.6341e-08
314.18,-5.6379e-08
314.24,-5.6353e-08
314.3,-5.6372e-08
314.37,-5.634e-08
314.43,-5.64e-08
314.49,-5.6412e-08
314.55,-5.6439e-08
314.62,-5.65e-08
314.68,-5.6522e-08
314.75,-5.6439e-08
314.82,-5.6482e-08
314.88,-5.6373e-08
314.94,-5.6424e-08
315,-5.6354e-08
315.06,-5.6372e-08
315.12,-5.6385e-08
315.19,-5.6479e-08
315.25,-5.6426e-08
315.31,-5.6393e-08
315.38,-5.6499e-08
315.45,-5.647e-08
315.52,-5.6437e-08
315.58,-5.6326e-08
315.64,-5.6387e-08
315.71,-5.6341e-08
315.76,-5.6357e-08
315.83,-5.6478e-08
315.88,-5.6402e-08
315.94,-5.6445e-08
316,-5.6402e-08
316.07,-5.6343e-08
316.14,-5.6353e-08
316.21,-5.6393e-08
316.26,-5.6372e-08
316.33,-5.6384e-08
316.38,-5.6327e-08
316.45,-5.6314e-08
316.51,-5.6304e-08
316.57,-5.6338e-08
316.63,-5.6302e-08
316.69,-5.6222e-08
316.76,-5.6277e-08
316.84,-5.6181e-08
316.9,-5.6257e-08
316.96,-5.6259e-08
317.02,-5.6258e-08
317.08,-5.6299e-08
317.15,-5.6223e-08
317.21,-5.6211e-08
317.27,-5.6238e-08
317.33,-5.621e-08
317.39,-5.6236e-08
317.46,-5.6183e-08
317.53,-5.6272e-08
317.59,-5.6196e-08
317.65,-5.6224e-08
317.72,-5.6214e-08
317.78,-5.6247e-08
317.84,-5.6246e-08
317.9,-5.6248e-08
317.97,-5.6147e-08
318.03,-5.6192e-08
318.09,-5.6247e-08
318.15,-5.6294e-08
318.23,-5.6187e-08
318.29,-5.6178e-08
318.35,-5.6153e-08
318.42,-5.6152e-08
318.48,-5.6229e-08
318.54,-5.6151e-08
318.59,-5.6177e-08
318.66,-5.6132e-08
318.72,-5.6217e-08
318.78,-5.618e-08
318.84,-5.6188e-08
318.92,-5.6267e-08
318.98,-5.6154e-08
319.04,-5.6254e-08
319.1,-5.6222e-08
319.16,-5.6123e-08
319.22,-5.6187e-08
319.28,-5.6131e-08
319.34,-5.6078e-08
319.4,-5.6115e-08
319.46,-5.6136e-08
319.52,-5.6161e-08
319.59,-5.6104e-08
319.66,-5.6149e-08
319.72,-5.6133e-08
319.78,-5.6191e-08
319.84,-5.6181e-08
319.9,-5.6152e-08
319.97,-5.6229e-08
320.03,-5.6125e-08
320.09,-5.6131e-08
320.15,-5.6133e-08
320.21,-5.6111e-08
320.29,-5.6101e-08
320.35,-5.6124e-08
320.42,-5.6241e-08
320.48,-5.6158e-08
320.55,-5.6092e-08
320.6,-5.6102e-08
320.66,-5.6118e-08
320.72,-5.6091e-08
320.79,-5.6016e-08
320.85,-5.6193e-08
320.91,-5.6175e-08
320.98,-5.6185e-08
321.04,-5.6108e-08
321.1,-5.608e-08
321.17,-5.6085e-08
321.22,-5.6148e-08
321.29,-5.6136e-08
321.35,-5.6211e-08
321.41,-5.6079e-08
321.47,-5.6184e-08
321.54,-5.6023e-08
321.6,-5.6069e-08
321.68,-5.6105e-08
321.74,-5.5978e-08
321.81,-5.6001e-08
321.86,-5.5993e-08
321.93,-5.6004e-08
321.99,-5.6005e-08
322.05,-5.6075e-08
322.11,-5.6022e-08
322.17,-5.6001e-08
322.24,-5.5987e-08
322.3,-5.6097e-08
322.38,-5.5992e-08
322.44,-5.6e-08
322.5,-5.6133e-08
322.57,-5.6018e-08
322.63,-5.6033e-08
322.69,-5.602e-08
322.75,-5.6057e-08
322.81,-5.605e-08
322.88,-5.6099e-08
322.94,-5.6021e-08
323,-5.6029e-08
323.07,-5.6086e-08
323.14,-5.6003e-08
323.19,-5.6064e-08
323.26,-5.6079e-08
323.31,-5.604e-08
323.37,-5.6004e-08
323.43,-5.5967e-08
323.49,-5.5997e-08
323.56,-5.6095e-08
323.61,-5.605e-08
323.68,-5.5991e-08
323.75,-5.6043e-08
323.82,-5.596e-08
323.87,-5.6015e-08
323.93,-5.6229e-08
323.99,-5.5991e-08
324.06,-5.601e-08
324.12,-5.6072e-08
324.18,-5.6064e-08
324.24,-5.6074e-08
324.31,-5.6033e-08
324.37,-5.6031e-08
324.44,-5.6032e-08
324.51,-5.6026e-08
324.57,-5.6025e-08
324.63,-5.6046e-08
324.7,-5.602e-08
324.75,-5.5982e-08
324.82,-5.5954e-08
324.88,-5.596e-08
324.94,-5.5999e-08
325,-5.5929e-08
325.07,-5.5967e-08
325.14,-5.5993e-08
325.2,-5.5962e-08
325.26,-5.5934e-08
325.33,-5.5923e-08
325.38,-5.6008e-08
325.45,-5.5931e-08
325.51,-5.5967e-08
325.57,-5.5967e-08
325.63,-5.5921e-08
325.69,-5.5974e-08
325.76,-5.5977e-08
325.83,-5.591e-08
325.89,-5.5913e-08
325.95,-5.5903e-08
326.02,-5.5931e-08
326.08,-5.5819e-08
326.14,-5.5765e-08
326.2,-5.5903e-08
326.26,-5.5789e-08
326.32,-5.5947e-08
326.39,-5.5908e-08
326.44,-5.5838e-08
326.52,-5.5846e-08
326.58,-5.596e-08
326.65,-5.5916e-08
326.7,-5.5861e-08
326.77,-5.5902e-08
326.83,-5.5849e-08
326.9,-5.5907e-08
326.95,-5.5862e-08
327.02,-5.5865e-08
327.08,-5.5853e-08
327.14,-5.5823e-08
327.22,-5.5744e-08
327.28,-5.5823e-08
327.35,-5.5858e-08
327.41,-5.5787e-08
327.47,-5.59e-08
327.53,-5.591e-08
327.59,-5.5867e-08
327.66,-5.5866e-08
327.72,-5.5887e-08
327.78,-5.5852e-08
327.84,-5.5859e-08
327.92,-5.5764e-08
327.98,-5.5786e-08
328.04,-5.5806e-08
328.1,-5.5896e-08
328.16,-5.5812e-08
328.22,-5.5792e-08
328.28,-5.5819e-08
328.34,-5.5862e-08
328.4,-5.5839e-08
328.47,-5.5885e-08
328.53,-5.5863e-08
328.6,-5.574e-08
328.66,-5.5639e-08
328.73,-5.5756e-08
328.79,-5.5719e-08
328.85,-5.5766e-08
328.91,-5.5765e-08
328.97,-5.5742e-08
329.03,-5.5748e-08
329.09,-5.5654e-08
329.15,-5.5707e-08
329.21,-5.5681e-08
329.29,-5.5653e-08
329.35,-5.579e-08
329.42,-5.5748e-08
329.47,-5.5763e-08
329.54,-5.5743e-08
329.6,-5.5672e-08
329.66,-5.5671e-08
329.72,-5.5678e-08
329.78,-5.5624e-08
329.85,-5.571e-08
329.91,-5.5697e-08
329.99,-5.571e-08
330.05,-5.5717e-08
330.11,-5.5627e-08
330.18,-5.5608e-08
330.24,-5.5644e-08
330.3,-5.5592e-08
330.36,-5.5589e-08
330.42,-5.5728e-08
330.49,-5.5689e-08
330.55,-5.5665e-08
330.61,-5.566e-08
330.69,-5.5725e-08
330.75,-5.5719e-08
330.81,-5.564e-08
330.87,-5.5692e-08
330.93,-5.5704e-08
330.99,-5.571e-08
331.05,-5.5637e-08
331.11,-5.5799e-08
331.17,-5.5859e-08
331.24,-5.5796e-08
331.29,-5.577e-08
331.37,-5.5713e-08
331.43,-5.5622e-08
331.5,-5.568e-08
331.56,-5.561e-08
331.62,-5.5631e-08
331.68,-5.5621e-08
331.74,-5.5619e-08
331.81,-5.5582e-08
331.87,-5.567e-08
331.93,-5.5605e-08
331.99,-5.57e-08
332.07,-5.5739e-08
332.13,-5.567e-08
332.19,-5.5648e-08
332.25,-5.5641e-08
332.31,-5.5612e-08
332.38,-5.5562e-08
332.43,-5.5566e-08
332.5,-5.5604e-08
332.55,-5.5633e-08
332.61,-5.564e-08
332.67,-5.5665e-08
332.74,-5.56e-08
332.81,-5.5612e-08
332.86,-5.5653e-08
332.92,-5.5576e-08
332.98,-5.5642e-08
333.05,-5.5664e-08
333.11,-5.5694e-08
333.17,-5.5662e-08
333.23,-5.566e-08
333.29,-5.5627e-08
333.36,-5.562e-08
333.43,-5.5582e-08
333.49,-5.5646e-08
333.55,-5.5607e-08
333.62,-5.5634e-08
333.68,-5.5602e-08
333.74,-5.5594e-08
333.79,-5.5614e-08
333.86,-5.5578e-08
333.92,-5.5517e-08
333.98,-5.5511e-08
334.04,-5.5555e-08
334.12,-5.5582e-08
334.18,-5.5607e-08
334.24,-5.5649e-08
334.3,-5.5631e-08
334.36,-5.5655e-08
334.42,-5.5673e-08
334.48,-5.5616e-08
334.55,-5.5589e-08
334.6,-5.5664e-08
334.66,-5.5606e-08
334.73,-5.5518e-08
334.8,-5.5616e-08
334.86,-5.552e-08
334.92,-5.5571e-08
334.98,-5.5595e-08
335.04,-5.5569e-08
335.1,-5.5585e-08
335.17,-5.5551e-08
335.23,-5.5499e-08
335.29,-5.5462e-08
335.35,-5.5498e-08
335.42,-5.5488e-08
335.48,-5.5544e-08
335.55,-5.5563e-08
335.6,-5.5498e-08
335.67,-5.5598e-08
335.73,-5.5643e-08
335.79,-5.5581e-08
335.85,-5.5576e-08
335.92,-5.5504e-08
335.97,-5.5545e-08
336.04,-5.5583e-08
336.1,-5.5596e-08
336.17,-5.5568e-08
336.24,-5.5561e-08
336.3,-5.5561e-08
336.36,-5.5525e-08
336.42,-5.5366e-08
336.47,-5.5451e-08
336.54,-5.5464e-08
336.6,-5.5537e-08
336.66,-5.5451e-08
336.73,-5.5397e-08
336.78,-5.5395e-08
336.85,-5.5403e-08
336.91,-5.5435e-08
336.97,-5.5402e-08
337.03,-5.5394e-08
337.09,-5.5413e-08
337.16,-5.5423e-08
337.22,-5.5359e-08
337.28,-5.5414e-08
337.34,-5.5368e-08
337.4,-5.5409e-08
337.47,-5.5466e-08
337.53,-5.5372e-08
337.6,-5.5378e-08
337.66,-5.541e-08
337.72,-5.5371e-08
337.79,-5.5349e-08
337.85,-5.5383e-08
337.92,-5.5353e-08
337.98,-5.5429e-08
338.04,-5.5307e-08
338.1,-5.5342e-08
338.16,-5.5313e-08
338.24,-5.5385e-08
338.3,-5.5374e-08
338.36,-5.5393e-08
338.43,-5.5371e-08
338.48,-5.5403e-08
338.54,-5.535e-08
338.6,-5.5395e-08
338.67,-5.5413e-08
338.73,-5.5383e-08
338.79,-5.5354e-08
338.85,-5.5393e-08
338.92,-5.5397e-08
338.98,-5.5395e-08
339.05,-5.5425e-08
339.11,-5.5419e-08
339.17,-5.5469e-08
339.23,-5.5433e-08
339.29,-5.5403e-08
339.35,-5.5412e-08
339.41,-5.5331e-08
339.47,-5.5463e-08
339.54,-5.5446e-08
339.6,-5.5363e-08
339.67,-5.5379e-08
339.73,-5.5347e-08
339.79,-5.5297e-08
339.86,-5.5454e-08
339.92,-5.5395e-08
339.98,-5.5352e-08
340.04,-5.5295e-08
340.11,-5.5332e-08
340.17,-5.534e-08
340.23,-5.5331e-08
340.3,-5.5333e-08
340.37,-5.5332e-08
340.43,-5.5346e-08
340.49,-5.5468e-08
340.55,-5.5369e-08
340.61,-5.5391e-08
340.66,-5.5318e-08
340.73,-5.5319e-08
340.79,-5.5367e-08
340.85,-5.5329e-08
340.92,-5.5376e-08
340.99,-5.5329e-08
341.06,-5.5286e-08
341.12,-5.5267e-08
341.18,-5.53e-08
341.25,-5.533e-08
341.31,-5.5337e-08
341.37,-5.5308e-08
341.43,-5.5297e-08
341.5,-5.5323e-08
341.56,-5.5252e-08
341.61,-5.5268e-08
341.69,-5.5234e-08
341.75,-5.5182e-08
341.81,-5.5167e-08
341.88,-5.5278e-08
341.94,-5.5388e-08
342.01,-5.5392e-08
342.07,-5.5384e-08
342.13,-5.5268e-08
342.19,-5.5254e-08
342.24,-5.5263e-08
342.31,-5.5255e-08
342.38,-5.5295e-08
342.44,-5.5361e-08
342.5,-5.5335e-08
342.57,-5.5348e-08
342.62,-5.5339e-08
342.69,-5.5315e-08
342.75,-5.5292e-08
342.82,-5.535e-08
342.87,-5.5286e-08
342.94,-5.5211e-08
343,-5.5211e-08
343.08,-5.5281e-08
343.14,-5.5302e-08
343.2,-5.5223e-08
343.26,-5.5285e-08
343.32,-5.5273e-08
343.39,-5.5178e-08
343.45,-5.5285e-08
343.51,-5.5285e-08
343.57,-5.5337e-08
343.64,-5.5274e-08
343.7,-5.5207e-08
343.77,-5.5289e-08
343.83,-5.5207e-08
343.89,-5.5181e-08
343.96,-5.5273e-08
344.02,-5.5225e-08
344.08,-5.5202e-08
344.14,-5.5213e-08
344.21,-5.5186e-08
344.27,-5.5198e-08
344.33,-5.5216e-08
344.39,-5.5173e-08
344.46,-5.5049e-08
344.53,-5.5091e-08
344.58,-5.515e-08
344.65,-5.5121e-08
344.71,-5.5095e-08
344.76,-5.5123e-08
344.82,-5.5212e-08
344.88,-5.5135e-08
344.95,-5.52e-08
345,-5.5222e-08
345.07,-5.5212e-08
345.14,-5.5203e-08
345.21,-5.5141e-08
345.27,-5.5125e-08
345.33,-5.5179e-08
345.39,-5.515e-08
345.45,-5.5115e-08
345.51,-5.512e-08
345.57,-5.5059e-08
345.64,-5.5122e-08
345.69,-5.504e-08
345.75,-5.5117e-08
345.83,-5.5082e-08
345.89,-5.5105e-08
345.96,-5.509e-08
346.02,-5.5078e-08
346.08,-5.5048e-08
346.14,-5.4995e-08
346.2,-5.5009e-08
346.27,-5.5081e-08
346.33,-5.5163e-08
346.39,-5.5169e-08
346.45,-5.5301e-08
346.53,-5.5273e-08
346.59,-5.518e-08
346.65,-5.5303e-08
346.72,-5.5176e-08
346.77,-5.5188e-08
346.84,-5.5165e-08
346.9,-5.5159e-08
346.96,-5.5073e-08
347.02,-5.5095e-08
347.09,-5.5163e-08
347.15,-5.5032e-08
347.22,-5.5026e-08
347.28,-5.5183e-08
347.34,-5.5107e-08
347.41,-5.5084e-08
347.47,-5.5132e-08
347.53,-5.5064e-08
347.59,-5.5013e-08
347.64,-5.5034e-08
347.71,-5.5114e-08
347.77,-5.5126e-08
347.83,-5.5144e-08
347.91,-5.5178e-08
347.97,-5.5151e-08
348.04,-5.5105e-08
348.09,-5.5141e-08
348.16,-5.5135e-08
348.22,-5.5102e-08
348.28,-5.5143e-08
348.34,-5.5128e-08
348.41,-5.5122e-08
348.47,-5.5172e-08
348.53,-5.5069e-08
348.61,-5.5067e-08
348.67,-5.5075e-08
348.73,-5.4942e-08
348.8,-5.508e-08
348.86,-5.5139e-08
348.92,-5.5146e-08
348.98,-5.5083e-08
349.04,-5.5089e-08
349.11,-5.5125e-08
349.17,-5.5117e-08
349.23,-5.5027e-08
349.3,-5.5095e-08
349.37,-5.5094e-08
349.42,-5.5144e-08
349.49,-5.5156e-08
349.55,-5.5115e-08
349.61,-5.5075e-08
349.67,-5.5039e-08
349.73,-5.5006e-08
349.79,-5.5019e-08
349.86,-5.5037e-08
349.92,-5.504e-08
349.99,-5.4962e-08
350.05,-5.4931e-08
350.12,-5.5091e-08
350.18,-5.5038e-08
350.25,-5.5062e-08
350.3,-5.5049e-08
350.36,-5.5055e-08
350.42,-5.5026e-08
350.48,-5.5027e-08
350.55,-5.5013e-08
350.61,-5.506e-08
350.69,-5.5076e-08
350.75,-5.5096e-08
350.81,-5.51e-08
350.87,-5.5e-08
350.93,-5.5045e-08
351,-5.5045e-08
351.05,-5.5056e-08
351.12,-5.5027e-08
351.17,-5.5116e-08
351.23,-5.5039e-08
351.29,-5.5139e-08
351.37,-5.5033e-08
351.43,-5.504e-08
351.49,-5.5054e-08
351.55,-5.5153e-08
351.61,-5.4984e-08
351.67,-5.5074e-08
351.74,-5.5107e-08
351.79,-5.4966e-08
351.86,-5.4999e-08
351.92,-5.4888e-08
351.99,-5.4945e-08
352.06,-5.4995e-08
352.12,-5.4901e-08
352.18,-5.495e-08
352.25,-5.5018e-08
352.31,-5.5057e-08
352.37,-5.495e-08
352.42,-5.4941e-08
352.48,-5.4955e-08
352.54,-5.4955e-08
352.61,-5.4889e-08
352.67,-5.4872e-08
352.75,-5.497e-08
352.81,-5.4898e-08
352.87,-5.4954e-08
352.93,-5.49e-08
352.99,-5.4941e-08
353.05,-5.4964e-08
353.11,-5.4979e-08
353.18,-5.4996e-08
353.23,-5.4828e-08
353.29,-5.4803e-08
353.36,-5.4859e-08
353.43,-5.4867e-08
353.49,-5.4861e-08
353.55,-5.4875e-08
353.61,-5.4861e-08
353.67,-5.4878e-08
353.74,-5.4911e-08
353.8,-5.4887e-08
353.86,-5.4893e-08
353.92,-5.4854e-08
353.98,-5.4781e-08
354.05,-5.4877e-08
354.11,-5.491e-08
354.18,-5.4827e-08
354.23,-5.486e-08
354.3,-5.4755e-08
354.36,-5.4881e-08
354.42,-5.4869e-08
354.49,-5.4887e-08
354.55,-5.4866e-08
354.61,-5.4842e-08
354.67,-5.4844e-08
354.74,-5.4888e-08
354.81,-5.484e-08
354.88,-5.4883e-08
354.94,-5.4855e-08
355,-5.4808e-08
355.06,-5.4879e-08
355.12,-5.4895e-08
355.18,-5.4893e-08
355.25,-5.4839e-08
355.3,-5.4942e-08
355.36,-5.4865e-08
355.42,-5.4769e-08
355.5,-5.4793e-08
355.56,-5.4768e-08
355.62,-5.4865e-08
355.68,-5.4863e-08
355.74,-5.4746e-08
355.8,-5.4835e-08
355.87,-5.4928e-08
355.92,-5.4902e-08
355.99,-5.4847e-08
356.05,-5.4825e-08
356.12,-5.4806e-08
356.18,-5.4764e-08
356.25,-5.4808e-08
356.31,-5.4764e-08
356.37,-5.4785e-08
356.44,-5.4883e-08
356.49,-5.4807e-08
356.55,-5.4814e-08
356.61,-5.4811e-08
356.67,-5.4757e-08
356.73,-5.4787e-08
356.8,-5.4932e-08
356.87,-5.4799e-08
356.94,-5.4748e-08
357,-5.4874e-08
357.06,-5.4873e-08
357.12,-5.4779e-08
357.18,-5.4814e-08
357.24,-5.4892e-08
357.3,-5.4861e-08
357.37,-5.4926e-08
357.43,-5.4909e-08
357.49,-5.4835e-08
357.57,-5.4912e-08
357.63,-5.4864e-08
357.7,-5.4761e-08
357.76,-5.4773e-08
357.82,-5.4804e-08
357.88,-5.4779e-08
357.94,-5.4737e-08
358.01,-5.4806e-08
358.07,-5.4794e-08
358.13,-5.4778e-08
358.19,-5.4721e-08
358.27,-5.4687e-08
358.33,-5.471e-08
358.39,-5.4711e-08
358.45,-5.4628e-08
358.51,-5.4691e-08
358.57,-5.4724e-08
358.62,-5.4719e-08
358.69,-5.4662e-08
358.75,-5.4704e-08
358.81,-5.4699e-08
358.87,-5.4686e-08
358.95,-5.4665e-08
359.01,-5.4716e-08
359.07,-5.4727e-08
359.12,-5.4766e-08
359.19,-5.4739e-08
359.25,-5.466e-08
359.31,-5.4701e-08
359.37,-5.4695e-08
359.44,-5.4684e-08
359.5,-5.4743e-08
359.56,-5.4684e-08
359.64,-5.4728e-08
359.7,-5.4729e-08
359.76,-5.4694e-08
359.83,-5.4656e-08
359.89,-5.4604e-08
359.95,-5.4597e-08
360.01,-5.4603e-08
360.07,-5.4594e-08
360.14,-5.4596e-08
360.2,-5.4635e-08
360.26,-5.4667e-08
360.33,-5.4598e-08
360.4,-5.4605e-08
360.45,-5.4659e-08
360.52,-5.463e-08
360.57,-5.46e-08
360.63,-5.4592e-08
360.69,-5.4564e-08
360.75,-5.462e-08
360.82,-5.4617e-08
360.87,-5.4656e-08
360.94,-5.4579e-08
361.01,-5.4594e-08
361.08,-5.4539e-08
361.13,-5.4536e-08
361.19,-5.4568e-08
361.25,-5.4608e-08
361.32,-5.4571e-08
361.38,-5.4573e-08
361.44,-5.4627e-08
361.5,-5.467e-08
361.57,-5.4628e-08
361.63,-5.4592e-08
361.7,-5.455e-08
361.77,-5.4611e-08
361.83,-5.4643e-08
361.89,-5.4559e-08
361.96,-5.4555e-08
362.01,-5.4562e-08
362.08,-5.4497e-08
362.14,-5.4504e-08
362.2,-5.4556e-08
362.26,-5.4566e-08
362.32,-5.4537e-08
362.4,-5.4484e-08
362.46,-5.451e-08
362.52,-5.4562e-08
362.58,-5.4454e-08
362.64,-5.4538e-08
362.71,-5.453e-08
362.77,-5.4659e-08
362.83,-5.4667e-08
362.89,-5.4601e-08
362.95,-5.4438e-08
363.02,-5.4557e-08
363.09,-5.4551e-08
363.15,-5.4479e-08
363.21,-5.447e-08
363.28,-5.456e-08
363.34,-5.4539e-08
363.4,-5.4514e-08
363.46,-5.4563e-08
363.52,-5.4529e-08
363.59,-5.4457e-08
363.65,-5.4419e-08
363.71,-5.4512e-08
363.78,-5.4496e-08
363.85,-5.4451e-08
363.91,-5.4531e-08
363.97,-5.452e-08
364.03,-5.4487e-08
364.09,-5.4527e-08
364.15,-5.4499e-08
364.22,-5.4524e-08
364.28,-5.4461e-08
364.34,-5.4515e-08
364.41,-5.461e-08
364.48,-5.4474e-08
364.55,-5.4432e-08
364.61,-5.4481e-08
364.67,-5.4439e-08
364.73,-5.4309e-08
364.79,-5.4371e-08
364.85,-5.4357e-08
364.92,-5.4353e-08
364.98,-5.4449e-08
365.04,-5.4383e-08
365.1,-5.4367e-08
365.18,-5.4375e-08
365.24,-5.4306e-08
365.3,-5.4401e-08
365.37,-5.4355e-08
365.43,-5.4403e-08
365.49,-5.4405e-08
365.54,-5.4335e-08
365.61,-5.4382e-08
365.67,-5.44e-08
365.73,-5.4439e-08
365.79,-5.4387e-08
365.87,-5.4502e-08
365.93,-5.4428e-08
365.99,-5.4482e-08
366.05,-5.4433e-08
366.11,-5.4411e-08
366.17,-5.4446e-08
366.23,-5.4512e-08
366.29,-5.4367e-08
366.35,-5.4368e-08
366.42,-5.4376e-08
366.48,-5.4383e-08
366.56,-5.4339e-08
366.62,-5.4347e-08
366.69,-5.4382e-08
366.75,-5.4268e-08
366.81,-5.4318e-08
366.87,-5.4339e-08
366.94,-5.4369e-08
366.99,-5.433e-08
367.06,-5.4255e-08
367.12,-5.4306e-08
367.19,-5.4303e-08
367.26,-5.431e-08
367.33,-5.4353e-08
367.39,-5.4351e-08
367.45,-5.4389e-08
367.52,-5.4326e-08
367.57,-5.4362e-08
367.64,-5.4349e-08
367.7,-5.4435e-08
367.76,-5.4278e-08
367.82,-5.4328e-08
367.88,-5.4293e-08
367.96,-5.4429e-08
368.02,-5.4394e-08
368.08,-5.4388e-08
368.14,-5.4298e-08
368.21,-5.44e-08
368.27,-5.4303e-08
368.33,-5.4335e-08
368.4,-5.4346e-08
368.46,-5.4399e-08
368.52,-5.4396e-08
368.59,-5.4432e-08
368.66,-5.4474e-08
368.72,-5.4466e-08
368.78,-5.4342e-08
368.85,-5.4458e-08
368.91,-5.4472e-08
368.97,-5.4445e-08
369.03,-5.4442e-08
369.09,-5.4424e-08
369.16,-5.4387e-08
369.22,-5.4411e-08
369.28,-5.4427e-08
369.35,-5.4404e-08
369.42,-5.439e-08
369.48,-5.4367e-08
369.54,-5.4339e-08
369.6,-5.4357e-08
369.67,-5.4277e-08
369.73,-5.4286e-08
369.79,-5.4238e-08
369.85,-5.4262e-08
369.91,-5.4332e-08
369.98,-5.4369e-08
370.06,-5.4287e-08
370.12,-5.4356e-08
370.18,-5.437e-08
370.24,-5.431e-08
370.3,-5.4335e-08
370.37,-5.4261e-08
370.43,-5.4321e-08
370.49,-5.4268e-08
370.55,-5.4426e-08
370.62,-5.4336e-08
370.68,-5.4405e-08
370.76,-5.4339e-08
370.82,-5.4254e-08
370.88,-5.4269e-08
370.95,-5.4303e-08
371.01,-5.4307e-08
371.07,-5.4239e-08
371.13,-5.4266e-08
371.19,-5.4309e-08
371.26,-5.4263e-08
371.31,-5.4297e-08
371.38,-5.4259e-08
371.45,-5.4235e-08
371.52,-5.4197e-08
371.57,-5.427e-08
371.64,-5.4254e-08
371.69,-5.4277e-08
371.75,-5.429e-08
371.81,-5.4287e-08
371.86,-5.4227e-08
371.93,-5.4256e-08
371.99,-5.4311e-08
372.05,-5.4324e-08
372.13,-5.4245e-08
372.19,-5.425e-08
372.25,-5.4338e-08
372.31,-5.4351e-08
372.36,-5.43e-08
372.43,-5.4335e-08
372.49,-5.4273e-08
372.55,-5.4322e-08
372.61,-5.4219e-08
372.67,-5.4327e-08
372.72,-5.4311e-08
372.79,-5.4285e-08
372.86,-5.4292e-08
372.91,-5.4315e-08
372.98,-5.4273e-08
373.04,-5.4303e-08
373.11,-5.4239e-08
373.17,-5.4328e-08
373.23,-5.4292e-08
373.29,-5.4205e-08
373.35,-5.4267e-08
373.41,-5.4228e-08
373.48,-5.4172e-08
373.55,-5.4124e-08
373.61,-5.4157e-08
373.67,-5.4237e-08
373.74,-5.409e-08
373.8,-5.4211e-08
373.86,-5.4131e-08
373.92,-5.4221e-08
373.99,-5.4377e-08
374.04,-5.4285e-08
374.11,-5.4279e-08
374.18,-5.4208e-08
374.25,-5.4222e-08
374.31,-5.4254e-08
374.37,-5.4121e-08
374.43,-5.4136e-08
374.49,-5.4191e-08
374.56,-5.4214e-08
374.62,-5.4257e-08
374.68,-5.4155e-08
374.74,-5.4164e-08
374.81,-5.4148e-08
374.88,-5.4219e-08
374.95,-5.4224e-08
375.01,-5.421e-08
375.07,-5.4205e-08
375.13,-5.4159e-08
375.2,-5.4192e-08
375.25,-5.4157e-08
375.32,-5.4112e-08
375.38,-5.4147e-08
375.44,-5.4109e-08
375.51,-5.4143e-08
375.58,-5.4136e-08
375.65,-5.4131e-08
375.71,-5.4114e-08
375.77,-5.4055e-08
375.84,-5.4096e-08
375.89,-5.4197e-08
375.96,-5.4154e-08
376.02,-5.4174e-08
376.08,-5.4093e-08
376.14,-5.4203e-08
376.2,-5.4196e-08
376.28,-5.4148e-08
376.34,-5.4177e-08
376.4,-5.4119e-08
376.46,-5.4065e-08
376.53,-5.4046e-08
376.59,-5.402e-08
376.65,-5.4086e-08
376.72,-5.4056e-08
376.77,-5.4117e-08
376.84,-5.3974e-08
376.9,-5.402e-08
376.97,-5.4103e-08
377.03,-5.4194e-08
377.1,-5.4077e-08
377.16,-5.4166e-08
377.22,-5.4102e-08
377.29,-5.4135e-08
377.34,-5.4174e-08
377.41,-5.4143e-08
377.47,-5.4058e-08
377.53,-5.4096e-08
377.59,-5.4141e-08
377.67,-5.4167e-08
377.73,-5.4091e-08
377.79,-5.3988e-08
377.85,-5.4127e-08
377.91,-5.4023e-08
377.97,-5.4032e-08
378.04,-5.4069e-08
378.09,-5.411e-08
378.16,-5.4195e-08
378.22,-5.4148e-08
378.28,-5.4104e-08
378.36,-5.4184e-08
378.43,-5.4072e-08
378.49,-5.403e-08
378.55,-5.4069e-08
378.61,-5.4072e-08
378.67,-5.4102e-08
378.73,-5.4088e-08
378.79,-5.4079e-08
378.85,-5.409e-08
378.91,-5.4091e-08
378.97,-5.4111e-08
379.04,-5.4074e-08
379.1,-5.4e-08
379.17,-5.398e-08
379.23,-5.4061e-08
379.29,-5.3901e-08
379.36,-5.3948e-08
379.42,-5.3978e-08
379.48,-5.3962e-08
379.54,-5.3883e-08
379.61,-5.3961e-08
379.66,-5.3868e-08
379.74,-5.3944e-08
379.8,-5.4039e-08
379.86,-5.4047e-08
379.92,-5.4003e-08
379.98,-5.3983e-08
380.04,-5.3921e-08
380.11,-5.4014e-08
380.16,-5.3933e-08
380.23,-5.4009e-08
380.29,-5.3918e-08
380.35,-5.3929e-08
380.43,-5.3905e-08
380.49,-5.392e-08
380.55,-5.3906e-08
380.61,-5.401e-08
380.67,-5.3862e-08
380.73,-5.3939e-08
380.8,-5.3978e-08
380.86,-5.3874e-08
380.92,-5.3897e-08
380.98,-5.3885e-08
381.04,-5.385e-08
381.12,-5.3833e-08
381.18,-5.3894e-08
381.25,-5.3962e-08
381.31,-5.3859e-08
381.37,-5.3858e-08
381.43,-5.3949e-08
381.49,-5.3897e-08
381.55,-5.3824e-08
381.62,-5.3772e-08
381.68,-5.3849e-08
381.74,-5.3826e-08
381.81,-5.3877e-08
381.87,-5.3848e-08
381.93,-5.377e-08
381.99,-5.3883e-08
382.05,-5.39e-08
382.11,-5.3943e-08
382.18,-5.3894e-08
382.24,-5.3894e-08
382.3,-5.3856e-08
382.36,-5.3855e-08
382.43,-5.3815e-08
382.5,-5.3768e-08
382.56,-5.3768e-08
382.63,-5.3782e-08
382.69,-5.3799e-08
382.75,-5.3804e-08
382.81,-5.3856e-08
382.88,-5.3805e-08
382.94,-5.4011e-08
383,-5.3947e-08
383.06,-5.385e-08
383.12,-5.3795e-08
383.2,-5.3796e-08
383.26,-5.3783e-08
383.32,-5.3861e-08
383.38,-5.3817e-08
383.45,-5.3912e-08
383.5,-5.384e-08
383.57,-5.3868e-08
383.62,-5.3825e-08
383.69,-5.3901e-08
383.75,-5.3912e-08
383.81,-5.3878e-08
383.88,-5.3857e-08
383.94,-5.38e-08
384,-5.3795e-08
384.06,-5.3798e-08
384.12,-5.3818e-08
384.19,-5.3783e-08
384.24,-5.372e-08
384.31,-5.3779e-08
384.37,-5.3824e-08
384.43,-5.3828e-08
384.5,-5.3836e-08
384.57,-5.3855e-08
384.64,-5.3759e-08
384.7,-5.3741e-08
384.76,-5.3753e-08
384.82,-5.3805e-08
384.88,-5.3806e-08
384.95,-5.385e-08
385.01,-5.3796e-08
385.07,-5.3835e-08
385.13,-5.3744e-08
385.2,-5.3815e-08
385.27,-5.368e-08
385.33,-5.3842e-08
385.39,-5.3738e-08
385.45,-5.3735e-08
385.51,-5.3779e-08
385.57,-5.3736e-08
385.62,-5.3865e-08
385.68,-5.3852e-08
385.74,-5.3765e-08
385.81,-5.3811e-08
385.87,-5.3758e-08
385.93,-5.3824e-08
386,-5.3833e-08
386.06,-5.3949e-08
386.12,-5.3921e-08
386.17,-5.3871e-08
386.24,-5.3928e-08
386.3,-5.4054e-08
386.36,-5.3936e-08
386.42,-5.3865e-08
386.49,-5.3807e-08
386.54,-5.383e-08
386.62,-5.3758e-08
386.68,-5.381e-08
386.74,-5.3736e-08
386.8,-5.3741e-08
386.86,-5.3731e-08
386.92,-5.3787e-08
386.99,-5.3748e-08
387.04,-5.378e-08
387.11,-5.3737e-08
387.17,-5.3923e-08
387.23,-5.3834e-08
387.3,-5.3805e-08
387.37,-5.3803e-08
387.43,-5.379e-08
387.49,-5.3765e-08
387.56,-5.3692e-08
387.62,-5.3744e-08
387.68,-5.3747e-08
387.74,-5.3846e-08
387.8,-5.37e-08
387.86,-5.3659e-08
387.92,-5.3681e-08
388,-5.3705e-08
388.06,-5.3681e-08
388.13,-5.3683e-08
388.18,-5.3688e-08
388.25,-5.3715e-08
388.31,-5.3696e-08
388.37,-5.3712e-08
388.43,-5.3688e-08
388.49,-5.3726e-08
388.56,-5.3712e-08
388.62,-5.3754e-08
388.7,-5.3826e-08
388.76,-5.3793e-08
388.82,-5.3803e-08
388.89,-5.3774e-08
388.95,-5.3895e-08
389.01,-5.3883e-08
389.07,-5.3841e-08
389.14,-5.3792e-08
389.2,-5.3788e-08
389.26,-5.3793e-08
389.32,-5.3729e-08
389.4,-5.3645e-08
389.46,-5.3702e-08
389.52,-5.3696e-08
389.58,-5.3598e-08
389.64,-5.3656e-08
389.69,-5.3722e-08
389.75,-5.3654e-08
389.81,-5.3629e-08
389.88,-5.3661e-08
389.93,-5.3674e-08
390,-5.36e-08
390.07,-5.3663e-08
390.14,-5.3754e-08
390.19,-5.3699e-08
390.25,-5.3682e-08
390.31,-5.3716e-08
390.36,-5.3636e-08
390.43,-5.3619e-08
390.49,-5.3576e-08
390.55,-5.3651e-08
390.62,-5.3625e-08
390.67,-5.3626e-08
390.75,-5.367e-08
390.81,-5.3663e-08
390.88,-5.3596e-08
390.94,-5.3596e-08
391,-5.3607e-08
391.06,-5.3569e-08
391.13,-5.3575e-08
391.19,-5.3592e-08
391.25,-5.3584e-08
391.31,-5.3542e-08
391.37,-5.3567e-08
391.45,-5.3615e-08
391.51,-5.3641e-08
391.58,-5.3611e-08
391.64,-5.3572e-08
391.7,-5.3629e-08
391.75,-5.3612e-08
391.81,-5.3483e-08
391.87,-5.3441e-08
391.93,-5.3463e-08
391.99,-5.3477e-08
392.05,-5.3511e-08
392.12,-5.356e-08
392.18,-5.3511e-08
392.25,-5.353e-08
392.3,-5.3444e-08
392.36,-5.3441e-08
392.42,-5.3513e-08
392.49,-5.3588e-08
392.55,-5.3517e-08
392.6,-5.3498e-08
392.66,-5.3513e-08
392.72,-5.3514e-08
392.78,-5.3606e-08
392.85,-5.3519e-08
392.91,-5.3575e-08
392.97,-5.3587e-08
393.03,-5.3548e-08
393.08,-5.3535e-08
393.14,-5.3519e-08
393.2,-5.3501e-08
393.27,-5.3537e-08
393.32,-5.3557e-08
393.38,-5.3512e-08
393.46,-5.354e-08
393.52,-5.3575e-08
393.58,-5.3467e-08
393.63,-5.3483e-08
393.7,-5.3559e-08
393.76,-5.3569e-08
393.82,-5.3545e-08
393.89,-5.3596e-08
393.95,-5.3575e-08
394.01,-5.3583e-08
394.07,-5.3573e-08
394.15,-5.3577e-08
394.21,-5.3651e-08
394.27,-5.3613e-08
394.34,-5.3552e-08
394.4,-5.3509e-08
394.46,-5.3567e-08
394.53,-5.3582e-08
394.59,-5.3651e-08
394.65,-5.3553e-08
394.71,-5.3617e-08
394.78,-5.3431e-08
394.84,-5.3527e-08
394.91,-5.3551e-08
394.97,-5.3525e-08
395.03,-5.3471e-08
395.09,-5.3548e-08
395.15,-5.3566e-08
395.21,-5.3567e-08
395.28,-5.3482e-08
395.34,-5.3481e-08
395.4,-5.3525e-08
395.46,-5.3613e-08
395.54,-5.3532e-08
395.6,-5.3659e-08
395.66,-5.3528e-08
395.72,-5.3537e-08
395.79,-5.3521e-08
395.85,-5.3622e-08
395.91,-5.3598e-08
395.97,-5.3479e-08
396.03,-5.3486e-08
396.1,-5.3561e-08
396.16,-5.3698e-08
396.23,-5.3565e-08
396.3,-5.3476e-08
396.36,-5.3413e-08
396.42,-5.3452e-08
396.49,-5.3439e-08
396.55,-5.3492e-08
396.61,-5.3571e-08
396.67,-5.3473e-08
396.74,-5.3526e-08
396.79,-5.3423e-08
396.86,-5.34e-08
396.93,-5.3512e-08
397,-5.3475e-08
397.06,-5.3434e-08
397.12,-5.3395e-08
397.19,-5.3353e-08
397.25,-5.3386e-08
397.31,-5.3405e-08
397.38,-5.3398e-08
397.43,-5.3311e-08
397.5,-5.3421e-08
397.56,-5.3307e-08
397.63,-5.3355e-08
397.69,-5.3296e-08
397.76,-5.3322e-08
397.82,-5.3283e-08
397.88,-5.3326e-08
397.95,-5.3312e-08
398,-5.3311e-08
398.07,-5.3309e-08
398.13,-5.3397e-08
398.19,-5.3392e-08
398.25,-5.3359e-08
398.33,-5.3375e-08
398.39,-5.3402e-08
398.45,-5.3392e-08
398.51,-5.3453e-08
398.57,-5.3428e-08
398.63,-5.3311e-08
398.7,-5.3319e-08
398.76,-5.3351e-08
398.82,-5.3366e-08
398.88,-5.3417e-08
398.94,-5.3391e-08
399.02,-5.3427e-08
399.09,-5.3351e-08
399.15,-5.3333e-08
399.21,-5.3344e-08
399.26,-5.3308e-08
399.33,-5.3289e-08
399.39,-5.3356e-08
399.46,-5.3387e-08
399.51,-5.3401e-08
399.58,-5.3429e-08
399.63,-5.3378e-08
399.71,-5.336e-08
399.77,-5.3398e-08
399.83,-5.3337e-08
399.9,-5.3318e-08
399.96,-5.3261e-08
400.02,-5.3293e-08
400.08,-5.3314e-08
400.15,-5.3236e-08
400.21,-5.3344e-08
400.26,-5.3442e-08
400.33,-5.3372e-08
