time,current
0,0
0.0058594,-2.2513e-08
0.069336,-1.1467e-08
0.12598,-9.7563e-09
0.18945,-9.0553e-09
0.25293,-8.7399e-09
0.31641,-8.6303e-09
0.37305,-8.5798e-09
0.4375,-8.6654e-09
0.50098,-8.7571e-09
0.55762,-8.7452e-09
0.61523,-8.9272e-09
0.69141,-9.1197e-09
0.75488,-9.2627e-09
0.81836,-9.448e-09
0.875,-9.6368e-09
0.93848,-9.8368e-09
1.002,-1.0066e-08
1.0654,-1.0279e-08
1.123,-1.0519e-08
1.1875,-1.0688e-08
1.251,-1.0946e-08
1.3145,-1.1162e-08
1.3906,-1.1474e-08
1.4531,-1.1742e-08
1.5107,-1.1997e-08
1.5742,-1.2231e-08
1.6318,-1.2537e-08
1.6885,-1.2847e-08
1.752,-1.3083e-08
1.8154,-1.3457e-08
1.8721,-1.3711e-08
1.9297,-1.396e-08
1.9863,-1.4251e-08
2.0605,-1.4618e-08
2.124,-1.493e-08
2.1875,-1.5167e-08
2.25,-1.5454e-08
2.3145,-1.5773e-08
2.3721,-1.6096e-08
2.4355,-1.6437e-08
2.499,-1.6716e-08
2.5615,-1.7007e-08
2.6191,-1.733e-08
2.6826,-1.7652e-08
2.7568,-1.8001e-08
2.8193,-1.8332e-08
2.8828,-1.8613e-08
2.9404,-1.8932e-08
2.9971,-1.925e-08
3.0537,-1.955e-08
3.1172,-1.9796e-08
3.1748,-2.0173e-08
3.2393,-2.0494e-08
3.3037,-2.0785e-08
3.3613,-2.1135e-08
3.4355,-2.1514e-08
3.498,-2.1754e-08
3.5566,-2.2125e-08
3.6201,-2.24e-08
3.6777,-2.2724e-08
3.7412,-2.305e-08
3.8047,-2.3431e-08
3.8682,-2.3781e-08
3.9307,-2.4104e-08
3.9951,-2.4449e-08
4.0596,-2.4747e-08
4.1279,-2.5058e-08
4.1914,-2.5352e-08
4.2549,-2.5686e-08
4.3184,-2.5978e-08
4.3809,-2.632e-08
4.4453,-2.6592e-08
4.5039,-2.6889e-08
4.5605,-2.7218e-08
4.6182,-2.7523e-08
4.6826,-2.7832e-08
4.7461,-2.815e-08
4.8203,-2.8563e-08
4.8838,-2.8896e-08
4.9473,-2.9159e-08
5.0039,-2.9419e-08
5.0605,-2.9699e-08
5.1182,-2.9951e-08
5.1748,-3.0329e-08
5.2383,-3.0627e-08
5.3018,-3.0973e-08
5.3594,-3.1275e-08
5.4229,-3.1509e-08
5.4971,-3.1904e-08
5.5596,-3.22e-08
5.624,-3.2464e-08
5.6865,-3.2751e-08
5.7441,-3.2973e-08
5.8076,-3.3247e-08
5.8711,-3.3596e-08
5.9346,-3.3879e-08
5.9932,-3.4101e-08
6.0498,-3.439e-08
6.1074,-3.4734e-08
6.1836,-3.5077e-08
6.2461,-3.5324e-08
6.3096,-3.5599e-08
6.373,-3.5905e-08
6.4365,-3.6225e-08
6.499,-3.6448e-08
6.5576,-3.6735e-08
6.6143,-3.7005e-08
6.6787,-3.7299e-08
6.7422,-3.7568e-08
6.7998,-3.7815e-08
6.8721,-3.8129e-08
6.9346,-3.8381e-08
6.998,-3.8602e-08
7.0557,-3.8887e-08
7.1123,-3.9174e-08
7.1689,-3.9341e-08
7.2256,-3.9627e-08
7.2891,-3.9864e-08
7.3535,-4.012e-08
7.4111,-4.0401e-08
7.4678,-4.0637e-08
7.542,-4.0921e-08
7.6055,-4.1208e-08
7.6689,-4.1507e-08
7.7334,-4.1752e-08
7.7979,-4.2005e-08
7.8613,-4.2174e-08
7.9248,-4.2476e-08
7.9883,-4.2751e-08
8.0459,-4.2989e-08
8.1094,-4.3225e-08
8.1729,-4.3521e-08
8.2412,-4.3703e-08
8.3037,-4.3895e-08
8.3672,-4.4131e-08
8.4316,-4.441e-08
8.4961,-4.4663e-08
8.5596,-4.4823e-08
8.6172,-4.5063e-08
8.6807,-4.5322e-08
8.7441,-4.5549e-08
8.8076,-4.5715e-08
8.8652,-4.6027e-08
8.9395,-4.6279e-08
9.0029,-4.6518e-08
9.0664,-4.679e-08
9.1299,-4.6896e-08
9.1865,-4.7121e-08
9.25,-4.7353e-08
9.3145,-4.7567e-08
9.3779,-4.7793e-08
9.4346,-4.8018e-08
9.4922,-4.825e-08
9.5557,-4.8313e-08
9.6299,-4.8688e-08
9.6924,-4.8875e-08
9.7559,-4.9119e-08
9.8184,-4.9291e-08
9.8828,-4.9495e-08
9.9385,-4.9657e-08
9.9951,-4.9864e-08
10.06,-5.0004e-08
10.116,-5.0209e-08
10.18,-5.0456e-08
10.243,-5.0695e-08
10.317,-5.0843e-08
10.38,-5.1131e-08
10.444,-5.1322e-08
10.508,-5.1492e-08
10.572,-5.1711e-08
10.637,-5.1891e-08
10.701,-5.2031e-08
10.759,-5.2178e-08
10.815,-5.2294e-08
10.872,-5.256e-08
10.936,-5.2656e-08
11.011,-5.288e-08
11.073,-5.301e-08
11.131,-5.3213e-08
11.194,-5.3353e-08
11.251,-5.3508e-08
11.314,-5.3741e-08
11.378,-5.378e-08
11.436,-5.4031e-08
11.5,-5.4129e-08
11.564,-5.4375e-08
11.628,-5.4464e-08
11.709,-5.4761e-08
11.771,-5.4884e-08
11.835,-5.5028e-08
11.892,-5.5231e-08
11.956,-5.5492e-08
12.021,-5.5563e-08
12.078,-5.5679e-08
12.142,-5.5795e-08
12.198,-5.5973e-08
12.255,-5.6153e-08
12.319,-5.6238e-08
12.394,-5.6454e-08
12.456,-5.6542e-08
12.514,-5.6763e-08
12.57,-5.6931e-08
12.634,-5.7046e-08
12.697,-5.719e-08
12.762,-5.7292e-08
12.818,-5.7378e-08
12.882,-5.7658e-08
12.945,-5.7783e-08
13.009,-5.7838e-08
13.077,-5.806e-08
13.141,-5.8182e-08
13.204,-5.8314e-08
13.268,-5.8442e-08
13.331,-5.8621e-08
13.388,-5.8824e-08
13.452,-5.8895e-08
13.516,-5.9083e-08
13.579,-5.9267e-08
13.636,-5.9351e-08
13.699,-5.9463e-08
13.774,-5.9705e-08
13.837,-5.9736e-08
13.9,-5.9905e-08
13.964,-6.0105e-08
14.021,-6.012e-08
14.085,-6.0231e-08
14.148,-6.0323e-08
14.205,-6.0464e-08
14.27,-6.0598e-08
14.333,-6.0777e-08
14.396,-6.0808e-08
14.479,-6.0928e-08
14.541,-6.0985e-08
14.605,-6.1154e-08
14.662,-6.1284e-08
14.726,-6.1471e-08
14.79,-6.151e-08
14.854,-6.1601e-08
14.91,-6.1801e-08
14.968,-6.183e-08
15.031,-6.1975e-08
15.088,-6.2114e-08
15.163,-6.2233e-08
15.227,-6.2275e-08
15.283,-6.2427e-08
15.347,-6.2595e-08
15.411,-6.2588e-08
15.468,-6.2805e-08
15.531,-6.2992e-08
15.588,-6.3059e-08
15.646,-6.3151e-08
15.709,-6.3316e-08
15.772,-6.3501e-08
15.842,-6.3506e-08
15.904,-6.3589e-08
15.961,-6.3629e-08
16.025,-6.3744e-08
16.089,-6.3857e-08
16.152,-6.3923e-08
16.217,-6.4084e-08
16.273,-6.42e-08
16.337,-6.4282e-08
16.401,-6.4356e-08
16.465,-6.4435e-08
16.539,-6.4564e-08
16.602,-6.4744e-08
16.666,-6.4792e-08
16.729,-6.4874e-08
16.785,-6.4934e-08
16.842,-6.4959e-08
16.906,-6.5054e-08
16.97,-6.512e-08
17.027,-6.5228e-08
17.083,-6.5285e-08
17.146,-6.5295e-08
17.214,-6.5504e-08
17.277,-6.5562e-08
17.34,-6.5666e-08
17.404,-6.5775e-08
17.468,-6.5824e-08
17.525,-6.5988e-08
17.589,-6.6124e-08
17.652,-6.6089e-08
17.716,-6.6258e-08
17.772,-6.6283e-08
17.836,-6.6473e-08
17.91,-6.6443e-08
17.974,-6.6574e-08
18.037,-6.662e-08
18.095,-6.675e-08
18.158,-6.684e-08
18.222,-6.6885e-08
18.278,-6.7015e-08
18.342,-6.7101e-08
18.406,-6.7296e-08
18.47,-6.7337e-08
18.534,-6.7316e-08
18.608,-6.7432e-08
18.672,-6.7491e-08
18.735,-6.7571e-08
18.799,-6.7601e-08
18.856,-6.7694e-08
18.92,-6.7773e-08
18.983,-6.7847e-08
19.047,-6.7963e-08
19.104,-6.8009e-08
19.168,-6.8141e-08
19.231,-6.8096e-08
19.3,-6.8249e-08
19.363,-6.8291e-08
19.42,-6.8348e-08
19.484,-6.8479e-08
19.548,-6.8508e-08
19.605,-6.8648e-08
19.669,-6.8632e-08
19.726,-6.8808e-08
19.79,-6.8916e-08
19.846,-6.8947e-08
19.902,-6.9025e-08
19.978,-6.9079e-08
20.04,-6.9162e-08
20.104,-6.9099e-08
20.168,-6.9253e-08
20.231,-6.9232e-08
20.289,-6.9325e-08
20.353,-6.9343e-08
20.416,-6.9387e-08
20.473,-6.9489e-08
20.53,-6.9634e-08
20.594,-6.9614e-08
20.669,-6.9677e-08
20.732,-6.9749e-08
20.796,-6.979e-08
20.858,-6.9901e-08
20.923,-6.999e-08
20.986,-6.9971e-08
21.044,-7.0026e-08
21.107,-7.0138e-08
21.171,-7.016e-08
21.228,-7.0253e-08
21.292,-7.0296e-08
21.366,-7.0361e-08
21.43,-7.0358e-08
21.493,-7.0472e-08
21.557,-7.0444e-08
21.613,-7.0475e-08
21.671,-7.0584e-08
21.734,-7.071e-08
21.798,-7.0714e-08
21.861,-7.0779e-08
21.926,-7.0803e-08
21.989,-7.0803e-08
22.065,-7.0931e-08
22.128,-7.0974e-08
22.186,-7.1059e-08
22.249,-7.1095e-08
22.312,-7.1151e-08
22.376,-7.1161e-08
22.438,-7.1206e-08
22.503,-7.1218e-08
22.559,-7.128e-08
22.616,-7.1313e-08
22.68,-7.1424e-08
22.754,-7.1497e-08
22.816,-7.1471e-08
22.881,-7.1491e-08
22.944,-7.1557e-08
23.008,-7.1621e-08
23.065,-7.1666e-08
23.122,-7.1679e-08
23.186,-7.1735e-08
23.249,-7.1745e-08
23.306,-7.1852e-08
23.369,-7.1914e-08
23.444,-7.1938e-08
23.507,-7.2024e-08
23.571,-7.1917e-08
23.628,-7.2031e-08
23.685,-7.2068e-08
23.749,-7.2153e-08
23.812,-7.2153e-08
23.876,-7.2202e-08
23.939,-7.2286e-08
24.004,-7.2302e-08
24.06,-7.2357e-08
24.128,-7.2373e-08
24.191,-7.2438e-08
24.255,-7.2427e-08
24.318,-7.2543e-08
24.383,-7.2494e-08
24.446,-7.2556e-08
24.51,-7.2634e-08
24.566,-7.2708e-08
24.624,-7.2629e-08
24.688,-7.2631e-08
24.744,-7.2745e-08
24.812,-7.2767e-08
24.876,-7.2803e-08
24.939,-7.2885e-08
25.003,-7.2921e-08
25.06,-7.2882e-08
25.117,-7.2977e-08
25.181,-7.3025e-08
25.244,-7.3016e-08
25.302,-7.3005e-08
25.365,-7.2949e-08
25.422,-7.3021e-08
25.49,-7.3015e-08
25.554,-7.3044e-08
25.617,-7.3097e-08
25.674,-7.3093e-08
25.738,-7.3107e-08
25.802,-7.3162e-08
25.865,-7.3201e-08
25.923,-7.3333e-08
25.979,-7.3303e-08
26.043,-7.3416e-08
26.107,-7.3427e-08
26.182,-7.3448e-08
26.245,-7.3526e-08
26.302,-7.3555e-08
26.365,-7.3541e-08
26.423,-7.3622e-08
26.486,-7.3649e-08
26.55,-7.3731e-08
26.607,-7.3787e-08
26.671,-7.3807e-08
26.734,-7.3738e-08
26.798,-7.3804e-08
26.875,-7.3763e-08
26.938,-7.3821e-08
27.001,-7.3852e-08
27.059,-7.3866e-08
27.114,-7.389e-08
27.171,-7.3937e-08
27.235,-7.3914e-08
27.299,-7.3921e-08
27.355,-7.3985e-08
27.413,-7.3906e-08
27.469,-7.3987e-08
27.543,-7.4039e-08
27.606,-7.4029e-08
27.67,-7.4067e-08
27.734,-7.4075e-08
27.798,-7.4131e-08
27.861,-7.4135e-08
27.919,-7.4207e-08
27.982,-7.4162e-08
28.046,-7.4198e-08
28.109,-7.4277e-08
28.166,-7.4311e-08
28.241,-7.4369e-08
28.305,-7.4334e-08
28.368,-7.4349e-08
28.432,-7.4396e-08
28.488,-7.4469e-08
28.553,-7.457e-08
28.616,-7.4587e-08
28.68,-7.4557e-08
28.736,-7.4549e-08
28.8,-7.4725e-08
28.864,-7.4696e-08
28.939,-7.4722e-08
29.002,-7.4714e-08
29.059,-7.4689e-08
29.123,-7.4793e-08
29.187,-7.4769e-08
29.25,-7.4801e-08
29.313,-7.4848e-08
29.377,-7.4764e-08
29.435,-7.4744e-08
29.49,-7.4786e-08
29.554,-7.4808e-08
29.629,-7.4886e-08
29.691,-7.4892e-08
29.756,-7.4984e-08
29.819,-7.4965e-08
29.883,-7.4859e-08
29.946,-7.5028e-08
30.003,-7.4964e-08
30.067,-7.4907e-08
30.131,-7.4993e-08
30.188,-7.4962e-08
30.244,-7.4996e-08
30.319,-7.5082e-08
30.383,-7.51e-08
30.446,-7.5064e-08
30.503,-7.51e-08
30.566,-7.5038e-08
30.631,-7.5134e-08
30.688,-7.5182e-08
30.744,-7.5193e-08
30.809,-7.5286e-08
30.872,-7.5227e-08
30.929,-7.5206e-08
30.997,-7.5176e-08
31.061,-7.5248e-08
31.124,-7.5199e-08
31.188,-7.5257e-08
31.252,-7.5245e-08
31.315,-7.5279e-08
31.379,-7.5358e-08
31.443,-7.5399e-08
31.499,-7.538e-08
31.556,-7.5379e-08
31.62,-7.5332e-08
31.694,-7.5369e-08
31.757,-7.5439e-08
31.814,-7.5502e-08
31.87,-7.5477e-08
31.934,-7.5354e-08
31.99,-7.5509e-08
32.046,-7.5448e-08
32.11,-7.5438e-08
32.174,-7.5548e-08
32.237,-7.5465e-08
32.3,-7.5532e-08
32.376,-7.5565e-08
32.439,-7.5587e-08
32.503,-7.5594e-08
32.565,-7.5583e-08
32.623,-7.567e-08
32.687,-7.5562e-08
32.75,-7.5651e-08
32.814,-7.5564e-08
32.871,-7.5538e-08
32.928,-7.5634e-08
32.992,-7.5568e-08
33.067,-7.558e-08
33.13,-7.5636e-08
33.187,-7.561e-08
33.251,-7.5648e-08
33.308,-7.5644e-08
33.364,-7.5692e-08
33.422,-7.57e-08
33.479,-7.5697e-08
33.542,-7.5682e-08
33.6,-7.5718e-08
33.656,-7.5709e-08
33.731,-7.5697e-08
33.794,-7.569e-08
33.858,-7.5811e-08
33.922,-7.5813e-08
33.984,-7.585e-08
34.049,-7.5824e-08
34.112,-7.5796e-08
34.168,-7.5761e-08
34.225,-7.5885e-08
34.289,-7.5915e-08
34.345,-7.59e-08
34.42,-7.5872e-08
34.483,-7.5933e-08
34.539,-7.5981e-08
34.602,-7.5995e-08
34.666,-7.6018e-08
34.722,-7.6036e-08
34.778,-7.5984e-08
34.836,-7.5962e-08
34.892,-7.6058e-08
34.955,-7.6052e-08
35.013,-7.6123e-08
35.08,-7.6094e-08
35.143,-7.6069e-08
35.206,-7.6101e-08
35.271,-7.6109e-08
35.334,-7.6039e-08
35.397,-7.6044e-08
35.46,-7.5988e-08
35.518,-7.5986e-08
35.573,-7.5983e-08
35.637,-7.5946e-08
35.694,-7.6001e-08
35.77,-7.5981e-08
35.832,-7.6114e-08
35.89,-7.6181e-08
35.953,-7.6182e-08
36.009,-7.6099e-08
36.065,-7.6113e-08
36.13,-7.608e-08
36.193,-7.6109e-08
36.257,-7.6057e-08
36.32,-7.6088e-08
36.384,-7.6127e-08
36.46,-7.6123e-08
36.522,-7.6116e-08
36.586,-7.6188e-08
36.649,-7.6115e-08
36.706,-7.6142e-08
36.77,-7.6139e-08
36.833,-7.6186e-08
36.896,-7.6025e-08
36.953,-7.6234e-08
37.018,-7.6236e-08
37.081,-7.6225e-08
37.149,-7.6215e-08
37.212,-7.6236e-08
37.276,-7.6165e-08
37.34,-7.6168e-08
37.403,-7.619e-08
37.467,-7.6201e-08
37.523,-7.6199e-08
37.588,-7.625e-08
37.651,-7.6171e-08
37.715,-7.6223e-08
37.772,-7.6206e-08
37.847,-7.6255e-08
37.909,-7.6258e-08
37.973,-7.6252e-08
38.036,-7.6281e-08
38.093,-7.6274e-08
38.156,-7.6244e-08
38.22,-7.6263e-08
38.283,-7.6264e-08
38.341,-7.6176e-08
38.404,-7.6206e-08
38.468,-7.6267e-08
38.543,-7.6295e-08
38.606,-7.6357e-08
38.662,-7.6337e-08
38.726,-7.6299e-08
38.789,-7.6332e-08
38.853,-7.6389e-08
38.916,-7.6305e-08
38.98,-7.6458e-08
39.036,-7.6326e-08
39.099,-7.6278e-08
39.163,-7.6263e-08
39.238,-7.63e-08
39.301,-7.6508e-08
39.365,-7.6406e-08
39.429,-7.6457e-08
39.492,-7.6439e-08
39.556,-7.6412e-08
39.619,-7.6379e-08
39.677,-7.6441e-08
39.74,-7.6425e-08
39.804,-7.6478e-08
39.861,-7.6447e-08
39.936,-7.6484e-08
39.998,-7.6499e-08
40.055,-7.6394e-08
40.119,-7.6432e-08
40.176,-7.6448e-08
40.233,-7.6369e-08
40.297,-7.6427e-08
40.36,-7.6344e-08
40.424,-7.6391e-08
40.487,-7.6466e-08
40.551,-7.6463e-08
40.627,-7.6569e-08
40.69,-7.6467e-08
40.747,-7.6418e-08
40.811,-7.6462e-08
40.874,-7.6359e-08
40.938,-7.6315e-08
41.002,-7.6431e-08
41.065,-7.6428e-08
41.123,-7.6354e-08
41.18,-7.6381e-08
41.243,-7.6446e-08
41.317,-7.6321e-08
41.381,-7.6426e-08
41.438,-7.6468e-08
41.501,-7.6461e-08
41.565,-7.6467e-08
41.622,-7.6457e-08
41.686,-7.6471e-08
41.748,-7.647e-08
41.806,-7.6388e-08
41.869,-7.6401e-08
41.933,-7.6365e-08
42.004,-7.6453e-08
42.067,-7.6416e-08
42.131,-7.6443e-08
42.188,-7.6357e-08
42.245,-7.6417e-08
42.309,-7.6495e-08
42.371,-7.6414e-08
42.436,-7.6418e-08
42.499,-7.6428e-08
42.562,-7.638e-08
42.62,-7.6335e-08
42.688,-7.6452e-08
42.75,-7.6442e-08
42.813,-7.6428e-08
42.871,-7.6432e-08
42.928,-7.6394e-08
42.991,-7.6423e-08
43.049,-7.6403e-08
43.105,-7.6354e-08
43.169,-7.6344e-08
43.233,-7.643e-08
43.297,-7.6439e-08
43.371,-7.6505e-08
43.434,-7.6462e-08
43.497,-7.6357e-08
43.562,-7.6442e-08
43.617,-7.6463e-08
43.674,-7.6367e-08
43.738,-7.6395e-08
43.802,-7.6399e-08
43.865,-7.6345e-08
43.93,-7.6449e-08
43.993,-7.6354e-08
44.069,-7.6392e-08
44.132,-7.6326e-08
44.189,-7.6324e-08
44.253,-7.6394e-08
44.316,-7.6382e-08
44.38,-7.6388e-08
44.442,-7.6394e-08
44.507,-7.6341e-08
44.562,-7.6215e-08
44.619,-7.6372e-08
44.684,-7.632e-08
44.759,-7.6319e-08
44.821,-7.6286e-08
44.886,-7.6301e-08
44.949,-7.6362e-08
45.013,-7.6353e-08
45.077,-7.6288e-08
45.133,-7.6289e-08
45.189,-7.6286e-08
45.247,-7.6285e-08
45.303,-7.6283e-08
45.366,-7.638e-08
45.441,-7.6353e-08
45.504,-7.6349e-08
45.567,-7.6316e-08
45.624,-7.6298e-08
45.68,-7.6395e-08
45.744,-7.6471e-08
45.808,-7.6297e-08
45.871,-7.6329e-08
45.935,-7.6276e-08
45.999,-7.6392e-08
46.055,-7.6449e-08
46.123,-7.6366e-08
46.187,-7.6319e-08
46.25,-7.6391e-08
46.313,-7.6337e-08
46.378,-7.6283e-08
46.441,-7.6287e-08
46.505,-7.6325e-08
46.562,-7.6399e-08
46.619,-7.6349e-08
46.683,-7.6378e-08
46.739,-7.629e-08
46.815,-7.6235e-08
46.878,-7.6292e-08
46.936,-7.6288e-08
46.999,-7.628e-08
47.056,-7.6219e-08
47.12,-7.6164e-08
47.184,-7.6188e-08
47.247,-7.6177e-08
47.305,-7.6241e-08
47.368,-7.615e-08
47.432,-7.6203e-08
47.508,-7.6236e-08
47.571,-7.625e-08
47.635,-7.626e-08
47.698,-7.6179e-08
47.761,-7.6163e-08
47.818,-7.6183e-08
47.882,-7.6223e-08
47.945,-7.6238e-08
48.002,-7.627e-08
48.065,-7.622e-08
48.128,-7.6223e-08
48.196,-7.6265e-08
48.26,-7.6189e-08
48.323,-7.6188e-08
48.388,-7.6276e-08
48.451,-7.6269e-08
48.508,-7.617e-08
48.571,-7.6132e-08
48.635,-7.6122e-08
48.698,-7.6167e-08
48.755,-7.6036e-08
48.819,-7.6202e-08
48.895,-7.6106e-08
48.958,-7.6149e-08
49.021,-7.6124e-08
49.078,-7.6235e-08
49.142,-7.6264e-08
49.205,-7.6209e-08
49.269,-7.6209e-08
49.326,-7.6251e-08
49.39,-7.6167e-08
49.453,-7.6234e-08
49.511,-7.6162e-08
49.577,-7.6155e-08
49.64,-7.6249e-08
49.703,-7.6154e-08
49.767,-7.6155e-08
49.829,-7.6051e-08
49.894,-7.6047e-08
49.957,-7.6146e-08
50.014,-7.6123e-08
50.071,-7.6061e-08
50.128,-7.6061e-08
50.191,-7.6097e-08
50.267,-7.6026e-08
50.329,-7.6068e-08
50.387,-7.5921e-08
50.45,-7.6042e-08
50.514,-7.6102e-08
50.571,-7.5997e-08
50.628,-7.5987e-08
50.691,-7.5988e-08
50.755,-7.6093e-08
50.819,-7.6061e-08
50.883,-7.6039e-08
50.958,-7.5914e-08
51.021,-7.603e-08
51.085,-7.6066e-08
51.142,-7.6031e-08
51.199,-7.5955e-08
51.256,-7.6007e-08
51.319,-7.5984e-08
51.383,-7.5964e-08
51.44,-7.5978e-08
51.497,-7.6002e-08
51.561,-7.6054e-08
51.629,-7.5931e-08
51.692,-7.5973e-08
51.756,-7.5931e-08
51.82,-7.5882e-08
51.884,-7.587e-08
51.947,-7.5875e-08
52.004,-7.5883e-08
52.062,-7.5857e-08
52.125,-7.5864e-08
52.188,-7.5851e-08
52.252,-7.5954e-08
52.326,-7.5946e-08
52.39,-7.5916e-08
52.453,-7.5986e-08
52.518,-7.5881e-08
52.574,-7.5979e-08
52.631,-7.5979e-08
52.688,-7.5884e-08
52.752,-7.5988e-08
52.815,-7.596e-08
52.872,-7.5982e-08
52.93,-7.5954e-08
53.005,-7.6006e-08
53.067,-7.5876e-08
53.13,-7.6018e-08
53.194,-7.5964e-08
53.258,-7.5959e-08
53.321,-7.6005e-08
53.384,-7.5887e-08
53.448,-7.5947e-08
53.504,-7.5954e-08
53.561,-7.595e-08
53.625,-7.5933e-08
53.699,-7.5877e-08
53.762,-7.5908e-08
53.819,-7.5776e-08
53.883,-7.5803e-08
53.946,-7.5754e-08
54.004,-7.578e-08
54.067,-7.5897e-08
54.131,-7.5852e-08
54.188,-7.5847e-08
54.252,-7.5696e-08
54.315,-7.5785e-08
54.391,-7.5715e-08
54.453,-7.5673e-08
54.518,-7.5629e-08
54.574,-7.5719e-08
54.631,-7.5631e-08
54.695,-7.5656e-08
54.759,-7.5617e-08
54.822,-7.569e-08
54.887,-7.564e-08
54.95,-7.5592e-08
55.006,-7.5733e-08
55.074,-7.5611e-08
55.138,-7.5626e-08
55.201,-7.566e-08
55.265,-7.5722e-08
55.329,-7.5714e-08
55.393,-7.5687e-08
55.456,-7.5723e-08
55.513,-7.5772e-08
55.57,-7.5588e-08
55.634,-7.5611e-08
55.69,-7.5544e-08
55.766,-7.5565e-08
55.829,-7.5463e-08
55.886,-7.5467e-08
55.948,-7.5519e-08
56.006,-7.5495e-08
56.062,-7.544e-08
56.126,-7.5517e-08
56.19,-7.5451e-08
56.254,-7.5583e-08
56.317,-7.5591e-08
56.38,-7.56e-08
56.456,-7.5568e-08
56.52,-7.5465e-08
56.583,-7.5526e-08
56.646,-7.5421e-08
56.71,-7.5366e-08
56.768,-7.5419e-08
56.831,-7.5426e-08
56.895,-7.5363e-08
56.952,-7.5381e-08
57.008,-7.5332e-08
57.071,-7.5361e-08
57.146,-7.5348e-08
57.209,-7.5396e-08
57.267,-7.5434e-08
57.33,-7.5434e-08
57.394,-7.5487e-08
57.451,-7.538e-08
57.515,-7.5412e-08
57.578,-7.5415e-08
57.636,-7.5366e-08
57.699,-7.5353e-08
57.762,-7.5479e-08
57.837,-7.5443e-08
57.899,-7.5448e-08
57.962,-7.5488e-08
58.026,-7.5421e-08
58.09,-7.5396e-08
58.154,-7.5372e-08
58.211,-7.5268e-08
58.274,-7.5356e-08
58.339,-7.5362e-08
58.402,-7.543e-08
58.459,-7.5358e-08
58.527,-7.5344e-08
58.59,-7.5296e-08
58.652,-7.5278e-08
58.717,-7.5258e-08
58.78,-7.5184e-08
58.845,-7.522e-08
58.908,-7.5272e-08
58.965,-7.5302e-08
59.022,-7.5314e-08
59.079,-7.529e-08
59.143,-7.5194e-08
59.217,-7.5225e-08
59.28,-7.5169e-08
59.337,-7.5164e-08
59.401,-7.5186e-08
59.458,-7.5156e-08
59.521,-7.5141e-08
59.586,-7.5111e-08
59.643,-7.5126e-08
59.706,-7.5208e-08
59.771,-7.5091e-08
59.834,-7.5066e-08
59.91,-7.5138e-08
59.973,-7.5098e-08
60.03,-7.5076e-08
60.094,-7.5043e-08
60.158,-7.5117e-08
60.216,-7.5179e-08
60.279,-7.5095e-08
60.336,-7.5084e-08
60.4,-7.5092e-08
60.464,-7.5044e-08
60.521,-7.5115e-08
60.589,-7.5121e-08
60.652,-7.5082e-08
60.716,-7.5084e-08
60.779,-7.497e-08
60.836,-7.4989e-08
60.894,-7.4966e-08
60.95,-7.5103e-08
61.007,-7.507e-08
61.071,-7.5042e-08
61.135,-7.4957e-08
61.191,-7.4969e-08
61.267,-7.5027e-08
61.33,-7.505e-08
61.386,-7.5003e-08
61.448,-7.4986e-08
61.513,-7.4995e-08
61.576,-7.4908e-08
61.64,-7.4885e-08
61.697,-7.491e-08
61.754,-7.4956e-08
61.817,-7.4822e-08
61.875,-7.4838e-08
61.95,-7.485e-08
62.013,-7.4951e-08
62.07,-7.4853e-08
62.134,-7.4888e-08
62.197,-7.4768e-08
62.254,-7.4845e-08
62.312,-7.4876e-08
62.368,-7.4794e-08
62.432,-7.482e-08
62.494,-7.4821e-08
62.559,-7.48e-08
62.633,-7.4847e-08
62.696,-7.4764e-08
62.753,-7.4899e-08
62.817,-7.4776e-08
62.881,-7.4745e-08
62.944,-7.4754e-08
63.008,-7.4739e-08
63.065,-7.4733e-08
63.122,-7.4793e-08
63.186,-7.4793e-08
63.243,-7.4852e-08
63.311,-7.4807e-08
63.374,-7.4874e-08
63.438,-7.471e-08
63.501,-7.4755e-08
63.559,-7.4726e-08
63.615,-7.4631e-08
63.679,-7.4736e-08
63.741,-7.4719e-08
63.806,-7.4645e-08
63.869,-7.4591e-08
63.933,-7.4623e-08
64.01,-7.4584e-08
64.072,-7.4509e-08
64.13,-7.4488e-08
64.193,-7.459e-08
64.256,-7.4722e-08
64.32,-7.4607e-08
64.384,-7.4564e-08
64.447,-7.4594e-08
64.504,-7.4501e-08
64.561,-7.4584e-08
64.618,-7.4666e-08
64.693,-7.4569e-08
64.756,-7.4514e-08
64.813,-7.4501e-08
64.877,-7.4537e-08
64.934,-7.4541e-08
64.998,-7.4573e-08
65.062,-7.4538e-08
65.125,-7.4521e-08
65.183,-7.4459e-08
65.246,-7.435e-08
65.309,-7.4367e-08
65.384,-7.4475e-08
65.447,-7.4475e-08
65.503,-7.4411e-08
65.565,-7.4358e-08
65.63,-7.449e-08
65.693,-7.4464e-08
65.757,-7.4466e-08
65.821,-7.4304e-08
65.877,-7.43e-08
65.939,-7.4341e-08
66.004,-7.4361e-08
66.079,-7.4363e-08
66.142,-7.4422e-08
66.206,-7.4426e-08
66.27,-7.4313e-08
66.332,-7.4263e-08
66.396,-7.4284e-08
66.46,-7.4257e-08
66.518,-7.4381e-08
66.581,-7.4345e-08
66.645,-7.4404e-08
66.708,-7.4321e-08
66.775,-7.4307e-08
66.838,-7.4299e-08
66.895,-7.4266e-08
66.959,-7.4303e-08
67.016,-7.4264e-08
67.08,-7.4249e-08
67.136,-7.4218e-08
67.198,-7.4152e-08
67.263,-7.4153e-08
67.326,-7.4092e-08
67.391,-7.4208e-08
67.465,-7.4109e-08
67.527,-7.4081e-08
67.585,-7.4111e-08
67.648,-7.4172e-08
67.712,-7.4203e-08
67.775,-7.409e-08
67.839,-7.4127e-08
67.903,-7.4003e-08
67.959,-7.4169e-08
68.022,-7.4169e-08
68.086,-7.4127e-08
68.161,-7.4063e-08
68.225,-7.4113e-08
68.288,-7.4081e-08
68.353,-7.4091e-08
68.416,-7.4051e-08
68.479,-7.3992e-08
68.536,-7.406e-08
68.593,-7.4045e-08
68.656,-7.4077e-08
68.72,-7.4016e-08
68.783,-7.3977e-08
68.85,-7.3904e-08
68.912,-7.3939e-08
68.976,-7.388e-08
69.039,-7.3896e-08
69.103,-7.4003e-08
69.158,-7.3912e-08
69.222,-7.3915e-08
69.286,-7.3955e-08
69.35,-7.3984e-08
69.407,-7.3974e-08
69.471,-7.3912e-08
69.542,-7.3918e-08
69.605,-7.3921e-08
69.668,-7.3983e-08
69.726,-7.3848e-08
69.789,-7.3775e-08
69.854,-7.3878e-08
69.917,-7.3912e-08
69.98,-7.3829e-08
70.044,-7.3784e-08
70.107,-7.3747e-08
70.172,-7.371e-08
70.247,-7.3685e-08
70.311,-7.3713e-08
70.374,-7.3716e-08
70.438,-7.3713e-08
70.495,-7.3838e-08
70.559,-7.3739e-08
70.622,-7.3763e-08
70.687,-7.3746e-08
70.75,-7.3825e-08
70.807,-7.3674e-08
70.871,-7.3668e-08
70.945,-7.3664e-08
71.008,-7.3762e-08
71.072,-7.3708e-08
71.136,-7.3719e-08
71.199,-7.3699e-08
71.264,-7.3762e-08
71.327,-7.3794e-08
71.384,-7.3667e-08
71.448,-7.3729e-08
71.512,-7.3618e-08
71.568,-7.3623e-08
71.644,-7.3673e-08
71.707,-7.3672e-08
71.771,-7.3579e-08
71.833,-7.3596e-08
71.897,-7.3705e-08
71.961,-7.3643e-08
72.017,-7.3717e-08
72.074,-7.3672e-08
72.13,-7.3633e-08
72.192,-7.3606e-08
72.257,-7.3544e-08
72.333,-7.3667e-08
72.396,-7.3515e-08
72.46,-7.3531e-08
72.523,-7.3595e-08
72.587,-7.3516e-08
72.645,-7.349e-08
72.708,-7.364e-08
72.771,-7.3617e-08
72.829,-7.3534e-08
72.893,-7.3564e-08
72.956,-7.354e-08
73.03,-7.348e-08
73.094,-7.3374e-08
73.157,-7.3422e-08
73.221,-7.3437e-08
73.284,-7.3451e-08
73.348,-7.3387e-08
73.405,-7.3478e-08
73.462,-7.346e-08
73.519,-7.3427e-08
73.581,-7.3434e-08
73.646,-7.3384e-08
73.72,-7.3385e-08
73.782,-7.3394e-08
73.846,-7.3333e-08
73.91,-7.3275e-08
73.967,-7.3338e-08
74.03,-7.326e-08
74.094,-7.3343e-08
74.15,-7.3296e-08
74.215,-7.3268e-08
74.278,-7.3338e-08
74.341,-7.3352e-08
74.417,-7.3309e-08
74.48,-7.3222e-08
74.544,-7.3276e-08
74.606,-7.3177e-08
74.671,-7.3166e-08
74.734,-7.3244e-08
74.799,-7.3258e-08
74.862,-7.3186e-08
74.926,-7.3125e-08
74.983,-7.3083e-08
75.039,-7.303e-08
75.114,-7.306e-08
75.178,-7.3034e-08
75.241,-7.3005e-08
75.306,-7.3111e-08
75.369,-7.3135e-08
75.433,-7.3121e-08
75.49,-7.3121e-08
75.547,-7.2987e-08
75.604,-7.3003e-08
75.668,-7.301e-08
75.724,-7.3063e-08
75.798,-7.3062e-08
75.861,-7.3005e-08
75.925,-7.2988e-08
75.981,-7.2952e-08
76.039,-7.2978e-08
76.095,-7.2908e-08
76.158,-7.2953e-08
76.223,-7.2941e-08
76.286,-7.2979e-08
76.343,-7.2908e-08
76.407,-7.2889e-08
76.482,-7.2898e-08
76.545,-7.2846e-08
76.609,-7.2919e-08
76.673,-7.2926e-08
76.736,-7.2862e-08
76.8,-7.2853e-08
76.863,-7.2793e-08
76.921,-7.2862e-08
76.978,-7.2807e-08
77.04,-7.2801e-08
77.104,-7.2755e-08
77.18,-7.2892e-08
77.243,-7.281e-08
77.299,-7.2844e-08
77.362,-7.2827e-08
77.426,-7.2748e-08
77.482,-7.2726e-08
77.547,-7.2737e-08
77.603,-7.2739e-08
77.665,-7.2709e-08
77.729,-7.2612e-08
77.793,-7.2823e-08
77.868,-7.2702e-08
77.931,-7.2666e-08
77.994,-7.2697e-08
78.051,-7.2713e-08
78.114,-7.264e-08
78.179,-7.2673e-08
78.242,-7.2811e-08
78.3,-7.2773e-08
78.363,-7.2847e-08
78.427,-7.2769e-08
78.483,-7.2721e-08
78.559,-7.2698e-08
78.622,-7.2667e-08
78.679,-7.2715e-08
78.742,-7.2771e-08
78.8,-7.2652e-08
78.856,-7.2625e-08
78.913,-7.2678e-08
78.978,-7.2673e-08
79.041,-7.2671e-08
79.104,-7.2631e-08
79.161,-7.2655e-08
79.236,-7.2638e-08
79.3,-7.2546e-08
79.363,-7.2542e-08
79.426,-7.2617e-08
79.483,-7.2588e-08
79.547,-7.2586e-08
79.611,-7.2576e-08
79.667,-7.2575e-08
79.73,-7.2577e-08
79.794,-7.2587e-08
79.857,-7.251e-08
79.933,-7.2554e-08
79.996,-7.2548e-08
80.06,-7.263e-08
80.124,-7.253e-08
80.181,-7.2526e-08
80.238,-7.2597e-08
80.302,-7.2583e-08
80.365,-7.2524e-08
80.422,-7.2479e-08
80.486,-7.2432e-08
80.55,-7.2493e-08
80.625,-7.2455e-08
80.688,-7.2472e-08
80.752,-7.2417e-08
80.815,-7.2371e-08
80.879,-7.2378e-08
80.943,-7.2436e-08
81.007,-7.2331e-08
81.064,-7.228e-08
81.128,-7.221e-08
81.191,-7.2294e-08
81.255,-7.2239e-08
81.322,-7.2262e-08
81.386,-7.2268e-08
81.449,-7.2314e-08
81.514,-7.224e-08
81.577,-7.225e-08
81.634,-7.2258e-08
81.698,-7.227e-08
81.762,-7.2335e-08
81.818,-7.2299e-08
81.883,-7.2315e-08
81.946,-7.2295e-08
82.018,-7.2319e-08
82.081,-7.2248e-08
82.145,-7.2295e-08
82.202,-7.228e-08
82.259,-7.2245e-08
82.322,-7.2147e-08
82.379,-7.2252e-08
82.443,-7.2319e-08
82.507,-7.2208e-08
82.564,-7.2042e-08
82.628,-7.2154e-08
82.703,-7.2168e-08
82.767,-7.2147e-08
82.83,-7.2104e-08
82.895,-7.2059e-08
82.958,-7.203e-08
83.021,-7.2051e-08
83.086,-7.2028e-08
83.149,-7.2001e-08
83.206,-7.1998e-08
83.271,-7.1906e-08
83.334,-7.1945e-08
83.408,-7.2096e-08
83.472,-7.1969e-08
83.535,-7.2055e-08
83.599,-7.2009e-08
83.663,-7.1963e-08
83.727,-7.1908e-08
83.783,-7.1957e-08
83.841,-7.2023e-08
83.896,-7.1874e-08
83.953,-7.1908e-08
84.018,-7.1989e-08
84.093,-7.1948e-08
84.156,-7.1942e-08
84.22,-7.1958e-08
84.275,-7.19e-08
84.333,-7.194e-08
84.39,-7.1846e-08
84.453,-7.1783e-08
84.517,-7.1756e-08
84.58,-7.1787e-08
84.636,-7.1846e-08
84.693,-7.1868e-08
84.762,-7.1762e-08
84.824,-7.1766e-08
84.889,-7.1817e-08
84.952,-7.1882e-08
85.017,-7.1857e-08
85.08,-7.186e-08
85.137,-7.1787e-08
85.201,-7.1741e-08
85.265,-7.1742e-08
85.328,-7.1724e-08
85.386,-7.1702e-08
85.459,-7.168e-08
85.522,-7.1693e-08
85.586,-7.1751e-08
85.65,-7.1791e-08
85.707,-7.1762e-08
85.771,-7.1746e-08
85.835,-7.1687e-08
85.898,-7.1691e-08
85.955,-7.1566e-08
86.02,-7.1568e-08
86.083,-7.1575e-08
86.159,-7.1574e-08
86.222,-7.159e-08
86.286,-7.1644e-08
86.35,-7.1601e-08
86.414,-7.1649e-08
86.478,-7.1627e-08
86.541,-7.166e-08
86.604,-7.1611e-08
86.668,-7.1526e-08
86.725,-7.1478e-08
86.789,-7.146e-08
86.864,-7.1534e-08
86.928,-7.1455e-08
86.991,-7.1457e-08
87.056,-7.1481e-08
87.119,-7.1556e-08
87.184,-7.1466e-08
87.247,-7.1482e-08
87.312,-7.1478e-08
87.367,-7.1554e-08
87.431,-7.1425e-08
87.494,-7.1495e-08
87.569,-7.1545e-08
87.633,-7.1566e-08
87.696,-7.1542e-08
87.76,-7.1579e-08
87.823,-7.1551e-08
87.887,-7.1479e-08
87.95,-7.1471e-08
88.007,-7.1435e-08
88.071,-7.1315e-08
88.135,-7.1413e-08
88.192,-7.1497e-08
88.268,-7.1531e-08
88.33,-7.1459e-08
88.388,-7.1443e-08
88.444,-7.1336e-08
88.501,-7.1338e-08
88.565,-7.1391e-08
88.629,-7.1345e-08
88.692,-7.1271e-08
88.748,-7.1264e-08
88.812,-7.125e-08
88.875,-7.127e-08
88.951,-7.1244e-08
89.014,-7.1295e-08
89.077,-7.1359e-08
89.141,-7.1302e-08
89.197,-7.1316e-08
89.262,-7.1303e-08
89.325,-7.13e-08
89.39,-7.1273e-08
89.453,-7.1288e-08
89.511,-7.1237e-08
89.574,-7.1175e-08
89.649,-7.1296e-08
89.712,-7.1213e-08
89.775,-7.1189e-08
89.839,-7.1264e-08
89.902,-7.1202e-08
89.966,-7.118e-08
90.029,-7.1153e-08
90.086,-7.1086e-08
90.149,-7.108e-08
90.213,-7.1022e-08
90.275,-7.1097e-08
90.345,-7.1094e-08
90.407,-7.1074e-08
90.465,-7.1082e-08
90.528,-7.1053e-08
90.584,-7.1043e-08
90.641,-7.1011e-08
90.705,-7.1105e-08
90.769,-7.1091e-08
90.832,-7.0993e-08
90.896,-7.0945e-08
90.96,-7.0922e-08
91.036,-7.1094e-08
91.1,-7.0946e-08
91.163,-7.0989e-08
91.227,-7.0908e-08
91.283,-7.0942e-08
91.348,-7.098e-08
91.411,-7.09e-08
91.476,-7.0979e-08
91.532,-7.0873e-08
91.589,-7.0896e-08
91.646,-7.0802e-08
91.721,-7.081e-08
91.783,-7.0858e-08
91.841,-7.0798e-08
91.904,-7.0805e-08
91.961,-7.0898e-08
92.025,-7.0873e-08
92.089,-7.0837e-08
92.152,-7.0802e-08
92.21,-7.0846e-08
92.273,-7.0819e-08
92.337,-7.0838e-08
92.412,-7.0849e-08
92.476,-7.0827e-08
92.539,-7.0754e-08
92.603,-7.0721e-08
92.666,-7.0739e-08
92.729,-7.0779e-08
92.794,-7.0684e-08
92.857,-7.075e-08
92.921,-7.0726e-08
92.979,-7.0728e-08
93.034,-7.0654e-08
93.108,-7.063e-08
93.172,-7.0627e-08
93.235,-7.0655e-08
93.298,-7.0693e-08
93.362,-7.0592e-08
93.426,-7.0661e-08
93.488,-7.0676e-08
93.546,-7.0668e-08
93.609,-7.0591e-08
93.672,-7.0663e-08
93.729,-7.0625e-08
93.805,-7.0569e-08
93.868,-7.053e-08
93.925,-7.0623e-08
93.988,-7.0573e-08
94.045,-7.0476e-08
94.103,-7.0485e-08
94.166,-7.0507e-08
94.229,-7.0448e-08
94.294,-7.0577e-08
94.357,-7.0569e-08
94.421,-7.0576e-08
94.497,-7.0484e-08
94.56,-7.0679e-08
94.617,-7.0609e-08
94.681,-7.0579e-08
94.744,-7.0493e-08
94.809,-7.0589e-08
94.872,-7.0515e-08
94.936,-7.0545e-08
94.992,-7.0496e-08
95.05,-7.0477e-08
95.113,-7.0487e-08
95.188,-7.0495e-08
95.252,-7.061e-08
95.309,-7.0511e-08
95.372,-7.0438e-08
95.437,-7.0453e-08
95.493,-7.0381e-08
95.55,-7.041e-08
95.607,-7.0417e-08
95.664,-7.0405e-08
95.728,-7.0346e-08
95.784,-7.0442e-08
95.853,-7.04e-08
95.916,-7.0296e-08
95.972,-7.0361e-08
96.036,-7.0358e-08
96.1,-7.0325e-08
96.163,-7.0271e-08
96.227,-7.0331e-08
96.284,-7.0315e-08
96.341,-7.0306e-08
96.404,-7.0342e-08
96.462,-7.0238e-08
96.537,-7.0227e-08
96.6,-7.0234e-08
96.657,-7.0262e-08
96.721,-7.0246e-08
96.776,-7.02e-08
96.84,-7.0237e-08
96.904,-7.0202e-08
96.96,-7.0236e-08
97.022,-7.0139e-08
97.087,-7.0146e-08
97.15,-7.0138e-08
97.227,-7.0165e-08
97.29,-7.012e-08
97.354,-7.0116e-08
97.417,-7.0176e-08
97.474,-7.0164e-08
97.538,-7.0039e-08
97.602,-7.0098e-08
97.664,-7.0143e-08
97.722,-7.0174e-08
97.785,-7.0117e-08
97.849,-7.0078e-08
97.918,-7.0149e-08
97.98,-7.0093e-08
98.038,-7.0065e-08
98.102,-7.0054e-08
98.165,-7.0028e-08
98.223,-7.0041e-08
98.279,-7.0059e-08
98.343,-7.003e-08
98.406,-6.9984e-08
98.47,-6.989e-08
98.533,-6.9829e-08
98.609,-6.9946e-08
98.672,-6.9927e-08
98.735,-6.9916e-08
98.792,-6.987e-08
98.855,-6.9937e-08
98.919,-6.9905e-08
98.982,-7.0008e-08
99.038,-6.9904e-08
99.102,-6.9885e-08
99.166,-6.9875e-08
99.223,-6.9778e-08
99.298,-6.9826e-08
99.36,-6.98e-08
99.417,-6.9844e-08
99.481,-6.9875e-08
99.538,-6.9818e-08
99.596,-6.9781e-08
99.659,-6.9801e-08
99.715,-6.9892e-08
99.779,-6.9828e-08
99.843,-6.9849e-08
99.906,-6.9917e-08
99.981,-6.9808e-08
100.04,-6.9781e-08
100.1,-6.9738e-08
100.16,-6.9797e-08
100.21,-6.9746e-08
100.28,-6.9774e-08
100.34,-6.9751e-08
100.41,-6.9619e-08
100.46,-6.9738e-08
100.53,-6.9743e-08
100.59,-6.9754e-08
100.67,-6.9694e-08
100.73,-6.9702e-08
100.79,-6.9695e-08
100.85,-6.9833e-08
100.91,-6.9732e-08
100.98,-6.9789e-08
101.04,-6.9774e-08
101.1,-6.9795e-08
101.16,-6.9671e-08
101.22,-6.9696e-08
101.28,-6.9621e-08
101.36,-6.9715e-08
101.42,-6.956e-08
101.48,-6.9557e-08
101.54,-6.9565e-08
101.6,-6.9528e-08
101.66,-6.9679e-08
101.72,-6.9576e-08
101.78,-6.961e-08
101.84,-6.9531e-08
101.91,-6.9607e-08
101.97,-6.959e-08
102.05,-6.9705e-08
102.11,-6.954e-08
102.17,-6.9518e-08
102.23,-6.9519e-08
102.29,-6.9488e-08
102.35,-6.9589e-08
102.42,-6.9653e-08
102.47,-6.9634e-08
102.53,-6.9542e-08
102.59,-6.9526e-08
102.65,-6.9465e-08
102.72,-6.9465e-08
102.79,-6.9473e-08
102.85,-6.9415e-08
102.91,-6.9431e-08
102.98,-6.9488e-08
103.04,-6.9482e-08
103.1,-6.9439e-08
103.17,-6.9408e-08
103.22,-6.9441e-08
103.28,-6.9427e-08
103.35,-6.942e-08
103.42,-6.9439e-08
103.48,-6.9392e-08
103.55,-6.9239e-08
103.61,-6.927e-08
103.67,-6.9252e-08
103.73,-6.9295e-08
103.79,-6.9239e-08
103.85,-6.9271e-08
103.91,-6.9308e-08
103.97,-6.9399e-08
104.04,-6.9369e-08
104.11,-6.9299e-08
104.17,-6.9349e-08
104.24,-6.928e-08
104.3,-6.9364e-08
104.36,-6.9316e-08
104.42,-6.9301e-08
104.49,-6.9276e-08
104.55,-6.9225e-08
104.61,-6.919e-08
104.67,-6.9258e-08
104.73,-6.9244e-08
104.79,-6.9219e-08
104.86,-6.93e-08
104.92,-6.9217e-08
104.98,-6.9261e-08
105.04,-6.9221e-08
105.11,-6.9126e-08
105.17,-6.9203e-08
105.23,-6.9246e-08
105.28,-6.9198e-08
105.35,-6.9099e-08
105.4,-6.9146e-08
105.48,-6.9163e-08
105.54,-6.9071e-08
105.61,-6.9076e-08
105.67,-6.9047e-08
105.73,-6.9068e-08
105.79,-6.9032e-08
105.85,-6.9034e-08
105.91,-6.8956e-08
105.97,-6.8997e-08
106.04,-6.9003e-08
106.1,-6.8929e-08
106.18,-6.9048e-08
106.24,-6.9067e-08
106.3,-6.8981e-08
106.36,-6.9027e-08
106.42,-6.8907e-08
106.48,-6.8915e-08
106.54,-6.8948e-08
106.61,-6.8923e-08
106.67,-6.9017e-08
106.74,-6.8964e-08
106.8,-6.898e-08
106.87,-6.9031e-08
106.93,-6.8969e-08
106.99,-6.8885e-08
107.04,-6.8894e-08
107.11,-6.8848e-08
107.17,-6.8911e-08
107.23,-6.8969e-08
107.28,-6.8941e-08
107.34,-6.8899e-08
107.4,-6.8814e-08
107.46,-6.8847e-08
107.54,-6.8866e-08
107.6,-6.8867e-08
107.66,-6.8795e-08
107.73,-6.8781e-08
107.78,-6.8819e-08
107.85,-6.8769e-08
107.91,-6.8747e-08
107.98,-6.8841e-08
108.03,-6.8863e-08
108.1,-6.8713e-08
108.16,-6.8742e-08
108.24,-6.8776e-08
108.3,-6.8763e-08
108.36,-6.8847e-08
108.42,-6.8794e-08
108.48,-6.8769e-08
108.55,-6.8723e-08
108.61,-6.8724e-08
108.67,-6.871e-08
108.73,-6.876e-08
108.79,-6.8673e-08
108.86,-6.8748e-08
108.92,-6.8678e-08
108.99,-6.8634e-08
109.04,-6.8622e-08
109.11,-6.8589e-08
109.17,-6.8639e-08
109.23,-6.857e-08
109.29,-6.8534e-08
109.36,-6.858e-08
109.42,-6.8544e-08
109.48,-6.8552e-08
109.54,-6.8562e-08
109.61,-6.852e-08
109.68,-6.841e-08
109.74,-6.8513e-08
109.8,-6.8533e-08
109.86,-6.8514e-08
109.93,-6.8499e-08
109.98,-6.8467e-08
110.05,-6.8435e-08
110.11,-6.8523e-08
110.17,-6.8542e-08
110.23,-6.8446e-08
110.31,-6.8402e-08
110.37,-6.8482e-08
110.43,-6.8453e-08
110.48,-6.8482e-08
110.55,-6.841e-08
110.61,-6.8416e-08
110.67,-6.8404e-08
110.73,-6.8424e-08
110.79,-6.8503e-08
110.86,-6.8489e-08
110.92,-6.8572e-08
110.99,-6.8406e-08
111.05,-6.8456e-08
111.12,-6.8458e-08
111.18,-6.8497e-08
111.24,-6.846e-08
111.3,-6.8434e-08
111.37,-6.8405e-08
111.43,-6.836e-08
111.49,-6.8323e-08
111.55,-6.8402e-08
111.61,-6.8418e-08
111.69,-6.8404e-08
111.75,-6.8406e-08
111.81,-6.8402e-08
111.87,-6.8414e-08
111.94,-6.8387e-08
112,-6.8409e-08
112.06,-6.8418e-08
112.12,-6.8421e-08
112.18,-6.8384e-08
112.25,-6.8329e-08
112.3,-6.8373e-08
112.37,-6.8341e-08
112.44,-6.8335e-08
112.5,-6.8319e-08
112.56,-6.8274e-08
112.63,-6.83e-08
112.69,-6.8288e-08
112.75,-6.8145e-08
112.82,-6.8256e-08
112.87,-6.8211e-08
112.94,-6.824e-08
113,-6.8152e-08
113.07,-6.8182e-08
113.13,-6.8185e-08
113.19,-6.8143e-08
113.25,-6.8101e-08
113.31,-6.8055e-08
113.37,-6.8137e-08
113.44,-6.8175e-08
113.5,-6.8209e-08
113.56,-6.8205e-08
113.62,-6.8154e-08
113.68,-6.8173e-08
113.76,-6.8214e-08
113.82,-6.8219e-08
113.88,-6.8167e-08
113.94,-6.8002e-08
114.01,-6.8086e-08
114.07,-6.8182e-08
114.13,-6.811e-08
114.19,-6.8138e-08
114.25,-6.8009e-08
114.32,-6.7921e-08
114.38,-6.7887e-08
114.45,-6.8068e-08
114.51,-6.7972e-08
114.57,-6.7971e-08
114.63,-6.7967e-08
114.69,-6.8008e-08
114.75,-6.7882e-08
114.82,-6.7953e-08
114.88,-6.7929e-08
114.94,-6.7926e-08
115,-6.7995e-08
115.07,-6.8014e-08
115.13,-6.7927e-08
115.2,-6.8029e-08
115.26,-6.7893e-08
115.32,-6.7902e-08
115.39,-6.7888e-08
115.44,-6.7874e-08
115.51,-6.7811e-08
115.57,-6.7866e-08
115.64,-6.7927e-08
115.69,-6.7878e-08
115.76,-6.7872e-08
115.83,-6.7828e-08
115.89,-6.7783e-08
115.96,-6.7877e-08
116.01,-6.7869e-08
116.08,-6.782e-08
116.14,-6.7776e-08
116.21,-6.7785e-08
116.26,-6.791e-08
116.33,-6.7825e-08
116.39,-6.7843e-08
116.45,-6.7792e-08
116.52,-6.7853e-08
116.58,-6.7831e-08
116.65,-6.783e-08
116.71,-6.7878e-08
116.78,-6.7749e-08
116.84,-6.7654e-08
116.9,-6.7683e-08
116.96,-6.7679e-08
117.02,-6.7695e-08
117.07,-6.7721e-08
117.14,-6.7678e-08
117.21,-6.765e-08
117.27,-6.766e-08
117.32,-6.7801e-08
117.39,-6.7604e-08
117.45,-6.7613e-08
117.51,-6.7597e-08
117.57,-6.7603e-08
117.64,-6.7714e-08
117.69,-6.7699e-08
117.76,-6.7749e-08
117.82,-6.7674e-08
117.9,-6.7613e-08
117.96,-6.7696e-08
118.02,-6.7589e-08
118.09,-6.7579e-08
118.14,-6.7754e-08
118.21,-6.7645e-08
118.27,-6.7573e-08
118.33,-6.7505e-08
118.39,-6.7572e-08
118.46,-6.7517e-08
118.52,-6.7517e-08
118.59,-6.7469e-08
118.66,-6.7542e-08
118.72,-6.758e-08
118.78,-6.7514e-08
118.85,-6.7495e-08
118.91,-6.7498e-08
118.97,-6.7457e-08
119.03,-6.7413e-08
119.08,-6.7505e-08
119.15,-6.751e-08
119.21,-6.7529e-08
119.28,-6.7558e-08
119.35,-6.7514e-08
119.41,-6.7629e-08
119.48,-6.7516e-08
119.53,-6.7545e-08
119.6,-6.7541e-08
119.66,-6.7482e-08
119.72,-6.7412e-08
119.78,-6.7509e-08
119.84,-6.7483e-08
119.91,-6.742e-08
119.98,-6.7327e-08
120.05,-6.7355e-08
120.1,-6.7297e-08
120.17,-6.7397e-08
120.23,-6.7397e-08
120.3,-6.7331e-08
120.36,-6.7291e-08
120.42,-6.7261e-08
120.48,-6.7174e-08
120.54,-6.7277e-08
120.59,-6.7213e-08
120.67,-6.7287e-08
120.73,-6.7235e-08
120.79,-6.7279e-08
120.85,-6.7341e-08
120.91,-6.7312e-08
120.97,-6.7215e-08
121.04,-6.7228e-08
121.09,-6.7339e-08
121.16,-6.7226e-08
121.22,-6.7232e-08
121.29,-6.7329e-08
121.36,-6.7256e-08
121.42,-6.7259e-08
121.48,-6.722e-08
121.54,-6.7279e-08
121.61,-6.7321e-08
121.67,-6.7274e-08
121.73,-6.7092e-08
121.8,-6.7087e-08
121.86,-6.7077e-08
121.91,-6.7098e-08
121.97,-6.7072e-08
122.04,-6.7089e-08
122.11,-6.7077e-08
122.16,-6.7087e-08
122.23,-6.7173e-08
122.28,-6.7149e-08
122.35,-6.7086e-08
122.41,-6.714e-08
122.48,-6.7122e-08
122.53,-6.7077e-08
122.6,-6.7159e-08
122.66,-6.7156e-08
122.74,-6.7054e-08
122.8,-6.7054e-08
122.86,-6.7093e-08
122.92,-6.7129e-08
122.99,-6.7075e-08
123.05,-6.7027e-08
123.11,-6.7018e-08
123.17,-6.701e-08
123.23,-6.705e-08
123.29,-6.7007e-08
123.35,-6.6992e-08
123.42,-6.7018e-08
123.48,-6.7034e-08
123.54,-6.7017e-08
123.61,-6.6999e-08
123.67,-6.7001e-08
123.73,-6.7002e-08
123.8,-6.7068e-08
123.85,-6.6977e-08
123.92,-6.6955e-08
123.98,-6.701e-08
124.04,-6.6988e-08
124.11,-6.7046e-08
124.17,-6.6996e-08
124.24,-6.6928e-08
124.3,-6.6941e-08
124.36,-6.6942e-08
124.42,-6.6936e-08
124.49,-6.6937e-08
124.55,-6.6935e-08
124.61,-6.6945e-08
124.67,-6.6945e-08
124.73,-6.6902e-08
124.81,-6.6929e-08
124.87,-6.6937e-08
124.93,-6.6799e-08
124.99,-6.6785e-08
125.06,-6.6846e-08
125.12,-6.678e-08
125.18,-6.6724e-08
125.24,-6.678e-08
125.3,-6.677e-08
125.37,-6.685e-08
125.42,-6.676e-08
125.49,-6.6813e-08
125.55,-6.6755e-08
125.62,-6.6753e-08
125.68,-6.6708e-08
125.75,-6.6687e-08
125.81,-6.67e-08
125.87,-6.667e-08
125.94,-6.6583e-08
125.99,-6.6607e-08
126.06,-6.6691e-08
126.12,-6.6694e-08
126.19,-6.6678e-08
126.25,-6.6592e-08
126.32,-6.6572e-08
126.38,-6.6597e-08
126.44,-6.6682e-08
126.51,-6.6621e-08
126.56,-6.6652e-08
126.63,-6.6559e-08
126.69,-6.653e-08
126.75,-6.6516e-08
126.81,-6.6541e-08
126.89,-6.6518e-08
126.95,-6.6623e-08
127.01,-6.6567e-08
127.08,-6.6626e-08
127.13,-6.6594e-08
127.19,-6.6617e-08
127.25,-6.6612e-08
127.31,-6.6547e-08
127.37,-6.6611e-08
127.44,-6.6544e-08
127.49,-6.6592e-08
127.56,-6.6576e-08
127.62,-6.6529e-08
127.69,-6.6485e-08
127.75,-6.6469e-08
127.82,-6.6384e-08
127.88,-6.6422e-08
127.94,-6.6482e-08
128,-6.6489e-08
128.06,-6.6543e-08
128.12,-6.6414e-08
128.18,-6.6507e-08
128.25,-6.6426e-08
128.32,-6.6461e-08
128.37,-6.6395e-08
128.44,-6.6388e-08
128.5,-6.6371e-08
128.56,-6.6387e-08
128.62,-6.6402e-08
128.69,-6.6451e-08
128.75,-6.6387e-08
128.81,-6.6356e-08
128.87,-6.6312e-08
128.95,-6.6345e-08
129.01,-6.6357e-08
129.07,-6.6383e-08
129.13,-6.6291e-08
129.19,-6.6385e-08
129.25,-6.6371e-08
129.31,-6.6364e-08
129.38,-6.6361e-08
129.44,-6.6421e-08
129.5,-6.6305e-08
129.56,-6.629e-08
129.63,-6.6381e-08
129.69,-6.6301e-08
129.76,-6.6276e-08
129.82,-6.6188e-08
129.88,-6.6236e-08
129.95,-6.6374e-08
130.01,-6.637e-08
130.07,-6.6341e-08
130.13,-6.63e-08
130.19,-6.6282e-08
130.25,-6.6294e-08
130.32,-6.6213e-08
130.38,-6.6308e-08
130.44,-6.6191e-08
130.51,-6.6235e-08
130.57,-6.6313e-08
130.63,-6.6345e-08
130.69,-6.6325e-08
130.75,-6.6261e-08
130.82,-6.6214e-08
130.88,-6.6222e-08
130.94,-6.6208e-08
131.01,-6.6342e-08
131.08,-6.6197e-08
131.14,-6.6134e-08
131.2,-6.6258e-08
131.27,-6.6249e-08
131.33,-6.6261e-08
131.39,-6.6227e-08
131.45,-6.6191e-08
131.51,-6.6086e-08
131.58,-6.6322e-08
131.63,-6.6179e-08
131.7,-6.6084e-08
131.77,-6.6117e-08
131.83,-6.6097e-08
131.89,-6.6153e-08
131.96,-6.6181e-08
132.02,-6.6064e-08
132.08,-6.6123e-08
132.14,-6.6015e-08
132.2,-6.6067e-08
132.26,-6.5951e-08
132.33,-6.6041e-08
132.39,-6.61e-08
132.46,-6.6098e-08
132.51,-6.6014e-08
132.58,-6.6037e-08
132.63,-6.6106e-08
132.69,-6.6059e-08
132.75,-6.605e-08
132.82,-6.606e-08
132.87,-6.6041e-08
132.94,-6.5966e-08
132.99,-6.5913e-08
133.06,-6.5979e-08
133.12,-6.596e-08
133.18,-6.5901e-08
133.25,-6.5972e-08
133.31,-6.6092e-08
133.37,-6.6003e-08
133.44,-6.596e-08
133.5,-6.5915e-08
133.56,-6.5989e-08
133.62,-6.5942e-08
133.68,-6.5904e-08
133.76,-6.5846e-08
133.82,-6.5947e-08
133.89,-6.5988e-08
133.95,-6.597e-08
134.01,-6.5885e-08
134.08,-6.587e-08
134.14,-6.5926e-08
134.2,-6.5941e-08
134.25,-6.5886e-08
134.32,-6.5872e-08
134.38,-6.5753e-08
134.46,-6.5813e-08
134.52,-6.5828e-08
134.58,-6.5752e-08
134.65,-6.5789e-08
134.71,-6.5739e-08
134.77,-6.5698e-08
134.82,-6.573e-08
134.88,-6.5751e-08
134.94,-6.5763e-08
135,-6.5698e-08
135.06,-6.574e-08
135.13,-6.5721e-08
135.19,-6.5727e-08
135.25,-6.5651e-08
135.32,-6.5699e-08
135.38,-6.57e-08
135.44,-6.5686e-08
135.5,-6.5674e-08
135.57,-6.5702e-08
135.62,-6.5775e-08
135.68,-6.5677e-08
135.74,-6.5663e-08
135.82,-6.5662e-08
135.88,-6.5734e-08
135.94,-6.5681e-08
136,-6.5663e-08
136.07,-6.5634e-08
136.12,-6.5611e-08
136.18,-6.5527e-08
136.24,-6.559e-08
136.29,-6.5668e-08
136.36,-6.5624e-08
136.42,-6.5632e-08
136.5,-6.5618e-08
136.56,-6.5627e-08
136.62,-6.556e-08
136.69,-6.5453e-08
136.75,-6.5575e-08
136.81,-6.5634e-08
136.87,-6.5597e-08
136.93,-6.555e-08
136.99,-6.545e-08
137.05,-6.5533e-08
137.11,-6.5379e-08
137.18,-6.5522e-08
137.24,-6.5559e-08
137.3,-6.5646e-08
137.37,-6.5592e-08
137.43,-6.5547e-08
137.49,-6.5465e-08
137.54,-6.5477e-08
137.6,-6.5591e-08
137.66,-6.5499e-08
137.72,-6.5485e-08
137.78,-6.5463e-08
137.85,-6.5497e-08
137.91,-6.5441e-08
137.97,-6.5447e-08
138.03,-6.547e-08
138.09,-6.5394e-08
138.16,-6.5421e-08
138.22,-6.5365e-08
138.28,-6.5385e-08
138.34,-6.535e-08
138.4,-6.5374e-08
138.46,-6.5336e-08
138.54,-6.5379e-08
138.6,-6.5288e-08
138.66,-6.532e-08
138.73,-6.5392e-08
138.79,-6.5367e-08
138.85,-6.5371e-08
138.91,-6.5398e-08
138.97,-6.5366e-08
139.03,-6.5301e-08
139.09,-6.5332e-08
139.15,-6.5326e-08
139.23,-6.5376e-08
139.29,-6.5394e-08
139.35,-6.5302e-08
139.42,-6.5289e-08
139.47,-6.5352e-08
139.53,-6.5379e-08
139.59,-6.5316e-08
139.66,-6.5293e-08
139.71,-6.5205e-08
139.78,-6.5281e-08
139.84,-6.5172e-08
139.91,-6.5263e-08
139.97,-6.5228e-08
140.04,-6.5291e-08
140.1,-6.529e-08
140.16,-6.5258e-08
140.22,-6.5216e-08
140.28,-6.5133e-08
140.34,-6.5178e-08
140.4,-6.5229e-08
140.46,-6.5223e-08
140.52,-6.5177e-08
140.6,-6.5263e-08
140.66,-6.5283e-08
140.72,-6.5276e-08
140.79,-6.521e-08
140.85,-6.5192e-08
140.91,-6.52e-08
140.97,-6.5242e-08
141.03,-6.5193e-08
141.09,-6.5267e-08
141.15,-6.5279e-08
141.21,-6.5232e-08
141.29,-6.5194e-08
141.35,-6.5218e-08
141.41,-6.5241e-08
141.48,-6.5281e-08
141.53,-6.5257e-08
141.6,-6.5165e-08
141.66,-6.516e-08
141.72,-6.5152e-08
141.78,-6.5137e-08
141.84,-6.5086e-08
141.91,-6.5152e-08
141.99,-6.5103e-08
142.05,-6.5165e-08
142.11,-6.5075e-08
142.17,-6.5018e-08
142.23,-6.5067e-08
142.29,-6.5001e-08
142.36,-6.5117e-08
142.42,-6.5092e-08
142.48,-6.5086e-08
142.54,-6.5039e-08
142.6,-6.4998e-08
142.67,-6.5049e-08
142.74,-6.5005e-08
142.8,-6.497e-08
142.87,-6.4952e-08
142.93,-6.4997e-08
142.99,-6.4938e-08
143.06,-6.4948e-08
143.11,-6.4964e-08
143.17,-6.4925e-08
143.23,-6.5001e-08
143.3,-6.4978e-08
143.36,-6.5037e-08
143.43,-6.4955e-08
143.49,-6.4939e-08
143.55,-6.4879e-08
143.61,-6.4941e-08
143.67,-6.4841e-08
143.73,-6.4864e-08
143.79,-6.484e-08
143.85,-6.4931e-08
143.91,-6.4891e-08
143.97,-6.4892e-08
144.04,-6.4836e-08
144.1,-6.4856e-08
144.16,-6.4884e-08
144.22,-6.4863e-08
144.29,-6.4815e-08
144.35,-6.4839e-08
144.41,-6.4928e-08
144.48,-6.481e-08
144.53,-6.4818e-08
144.59,-6.4882e-08
144.66,-6.4735e-08
144.73,-6.4764e-08
144.79,-6.4668e-08
144.86,-6.4671e-08
144.92,-6.4743e-08
144.98,-6.4725e-08
145.05,-6.4818e-08
145.1,-6.4893e-08
145.16,-6.483e-08
145.22,-6.4849e-08
145.28,-6.4875e-08
145.34,-6.4789e-08
145.42,-6.4875e-08
145.48,-6.4793e-08
145.54,-6.4837e-08
145.61,-6.4877e-08
145.66,-6.4761e-08
145.72,-6.4757e-08
145.79,-6.4691e-08
145.85,-6.4708e-08
145.91,-6.4562e-08
145.98,-6.4632e-08
146.04,-6.469e-08
146.12,-6.4734e-08
146.18,-6.4683e-08
146.24,-6.4723e-08
146.31,-6.4623e-08
146.37,-6.4683e-08
146.43,-6.4647e-08
146.49,-6.4624e-08
146.55,-6.467e-08
146.62,-6.4625e-08
146.68,-6.4598e-08
146.73,-6.4617e-08
146.81,-6.4553e-08
146.87,-6.453e-08
146.93,-6.4587e-08
146.99,-6.4531e-08
147.05,-6.4592e-08
147.12,-6.4517e-08
147.17,-6.4519e-08
147.23,-6.4524e-08
147.29,-6.4548e-08
147.36,-6.4562e-08
147.41,-6.4531e-08
147.49,-6.4532e-08
147.55,-6.4529e-08
147.62,-6.4558e-08
147.68,-6.4544e-08
147.74,-6.4474e-08
147.79,-6.4467e-08
147.86,-6.4454e-08
147.92,-6.4513e-08
147.98,-6.4536e-08
148.05,-6.4469e-08
148.11,-6.4532e-08
148.19,-6.4543e-08
148.26,-6.4517e-08
148.32,-6.4505e-08
148.38,-6.4437e-08
148.44,-6.4454e-08
148.5,-6.4454e-08
148.56,-6.4353e-08
148.62,-6.4384e-08
148.68,-6.4375e-08
148.74,-6.4314e-08
148.8,-6.4295e-08
148.87,-6.4304e-08
148.94,-6.4326e-08
148.99,-6.4338e-08
149.06,-6.4322e-08
149.12,-6.4353e-08
149.19,-6.4452e-08
149.25,-6.436e-08
149.31,-6.4293e-08
149.37,-6.4241e-08
149.43,-6.4318e-08
149.49,-6.4272e-08
149.56,-6.4308e-08
149.62,-6.4334e-08
149.68,-6.4281e-08
149.74,-6.4235e-08
149.8,-6.4227e-08
149.86,-6.4222e-08
149.93,-6.4284e-08
149.98,-6.4199e-08
150.04,-6.4256e-08
150.1,-6.4406e-08
150.17,-6.4239e-08
150.24,-6.4273e-08
150.3,-6.4247e-08
150.37,-6.4278e-08
150.43,-6.4278e-08
150.49,-6.4273e-08
150.55,-6.4269e-08
150.61,-6.4234e-08
150.67,-6.422e-08
150.73,-6.4129e-08
150.79,-6.4157e-08
150.85,-6.4159e-08
150.93,-6.413e-08
150.99,-6.4235e-08
151.05,-6.4251e-08
151.12,-6.4276e-08
151.18,-6.4221e-08
151.24,-6.4064e-08
151.31,-6.4163e-08
151.36,-6.4102e-08
151.42,-6.4136e-08
151.48,-6.4082e-08
151.55,-6.4176e-08
151.62,-6.4168e-08
151.68,-6.4183e-08
151.74,-6.4224e-08
151.81,-6.4208e-08
151.86,-6.4174e-08
151.92,-6.4118e-08
151.98,-6.4151e-08
152.05,-6.4123e-08
152.1,-6.4104e-08
152.17,-6.4048e-08
152.23,-6.4001e-08
152.31,-6.3977e-08
152.37,-6.4143e-08
152.43,-6.3981e-08
152.5,-6.4158e-08
152.55,-6.4141e-08
152.61,-6.4063e-08
152.67,-6.4095e-08
152.74,-6.4149e-08
152.8,-6.4111e-08
152.86,-6.4145e-08
152.93,-6.4136e-08
153,-6.4103e-08
153.07,-6.4122e-08
153.13,-6.4009e-08
153.19,-6.404e-08
153.26,-6.3893e-08
153.32,-6.3913e-08
153.39,-6.3938e-08
153.44,-6.3961e-08
153.5,-6.3964e-08
153.57,-6.4013e-08
153.63,-6.3979e-08
153.7,-6.3943e-08
153.76,-6.3947e-08
153.82,-6.3854e-08
153.88,-6.3981e-08
153.94,-6.3902e-08
154,-6.3915e-08
154.06,-6.3939e-08
154.12,-6.386e-08
154.18,-6.3943e-08
154.24,-6.39e-08
154.31,-6.3915e-08
154.38,-6.3922e-08
154.45,-6.3915e-08
154.51,-6.3937e-08
154.57,-6.382e-08
154.63,-6.3859e-08
154.68,-6.3935e-08
154.75,-6.3855e-08
154.81,-6.3864e-08
154.88,-6.3886e-08
154.94,-6.3737e-08
155,-6.381e-08
155.08,-6.3818e-08
155.14,-6.381e-08
155.21,-6.3924e-08
155.26,-6.3811e-08
155.33,-6.3845e-08
155.39,-6.3838e-08
155.45,-6.3755e-08
155.5,-6.3794e-08
155.57,-6.3693e-08
155.63,-6.3706e-08
155.69,-6.3766e-08
155.76,-6.376e-08
155.83,-6.3716e-08
155.89,-6.3771e-08
155.95,-6.3701e-08
156.01,-6.3772e-08
156.07,-6.3766e-08
156.13,-6.3834e-08
156.19,-6.3694e-08
156.26,-6.3615e-08
156.32,-6.3601e-08
156.39,-6.3639e-08
156.46,-6.3737e-08
156.52,-6.3607e-08
156.58,-6.3621e-08
156.65,-6.3565e-08
156.71,-6.36e-08
156.77,-6.356e-08
156.83,-6.355e-08
156.89,-6.3516e-08
156.95,-6.3563e-08
157.01,-6.3504e-08
157.07,-6.3542e-08
157.15,-6.3568e-08
157.21,-6.3633e-08
157.27,-6.3551e-08
157.34,-6.3567e-08
157.4,-6.3519e-08
157.46,-6.3593e-08
157.53,-6.3681e-08
157.59,-6.375e-08
157.64,-6.3601e-08
157.71,-6.3534e-08
157.77,-6.3586e-08
157.84,-6.3541e-08
157.9,-6.3488e-08
157.96,-6.3555e-08
158.03,-6.3496e-08
158.09,-6.357e-08
158.14,-6.3501e-08
158.21,-6.3557e-08
158.27,-6.3586e-08
158.33,-6.3531e-08
158.39,-6.3613e-08
158.45,-6.3681e-08
158.53,-6.3645e-08
158.59,-6.3618e-08
158.65,-6.3552e-08
158.72,-6.356e-08
158.78,-6.3542e-08
158.83,-6.3638e-08
158.9,-6.3545e-08
158.96,-6.3574e-08
159.02,-6.3484e-08
159.08,-6.3505e-08
159.14,-6.3498e-08
159.21,-6.3498e-08
159.28,-6.3478e-08
159.34,-6.3406e-08
159.4,-6.3411e-08
159.47,-6.34e-08
159.53,-6.3392e-08
159.59,-6.3425e-08
159.65,-6.3357e-08
159.71,-6.3388e-08
159.78,-6.3446e-08
159.83,-6.3383e-08
159.9,-6.3362e-08
159.96,-6.3359e-08
160.03,-6.3366e-08
160.09,-6.3383e-08
160.15,-6.3272e-08
160.21,-6.3252e-08
160.28,-6.3253e-08
160.33,-6.3296e-08
160.39,-6.3331e-08
160.45,-6.3328e-08
160.52,-6.3349e-08
160.59,-6.3323e-08
160.66,-6.3386e-08
160.72,-6.3372e-08
160.78,-6.3322e-08
160.85,-6.3289e-08
160.91,-6.3264e-08
160.97,-6.3214e-08
161.03,-6.3278e-08
161.09,-6.3338e-08
161.15,-6.3344e-08
161.21,-6.3353e-08
161.29,-6.3322e-08
161.35,-6.3268e-08
161.42,-6.3295e-08
161.48,-6.3297e-08
161.54,-6.3327e-08
161.6,-6.3391e-08
161.66,-6.3332e-08
161.72,-6.3399e-08
161.78,-6.3386e-08
161.84,-6.3405e-08
161.9,-6.3242e-08
161.97,-6.3299e-08
162.04,-6.3299e-08
162.09,-6.3264e-08
162.16,-6.3257e-08
162.21,-6.3201e-08
162.27,-6.313e-08
162.34,-6.3274e-08
162.4,-6.3221e-08
162.46,-6.3218e-08
162.53,-6.3124e-08
162.59,-6.3131e-08
162.67,-6.3104e-08
162.74,-6.3111e-08
162.79,-6.3105e-08
162.86,-6.3084e-08
162.91,-6.3181e-08
162.98,-6.3193e-08
163.04,-6.3172e-08
163.1,-6.3201e-08
163.16,-6.3192e-08
163.22,-6.3199e-08
163.28,-6.3179e-08
163.36,-6.3172e-08
163.42,-6.3153e-08
163.48,-6.3107e-08
163.55,-6.3114e-08
163.61,-6.3112e-08
163.67,-6.3045e-08
163.74,-6.3073e-08
163.79,-6.3088e-08
163.85,-6.3097e-08
163.91,-6.3074e-08
163.98,-6.3061e-08
164.05,-6.3141e-08
164.12,-6.3103e-08
164.17,-6.3124e-08
164.24,-6.3049e-08
164.29,-6.3097e-08
164.35,-6.3061e-08
164.41,-6.3024e-08
164.48,-6.2993e-08
164.54,-6.3013e-08
164.6,-6.3027e-08
164.66,-6.2986e-08
164.74,-6.2876e-08
164.8,-6.2934e-08
164.87,-6.2934e-08
164.93,-6.2907e-08
164.99,-6.2941e-08
165.05,-6.2915e-08
165.11,-6.2948e-08
165.18,-6.302e-08
165.24,-6.2928e-08
165.3,-6.291e-08
165.35,-6.2924e-08
165.43,-6.2923e-08
165.49,-6.2876e-08
165.56,-6.2885e-08
165.61,-6.2955e-08
165.68,-6.2955e-08
165.74,-6.2899e-08
165.8,-6.2898e-08
165.86,-6.2909e-08
165.92,-6.2936e-08
165.97,-6.2895e-08
166.04,-6.2846e-08
166.11,-6.2808e-08
166.18,-6.2816e-08
166.24,-6.2793e-08
166.3,-6.2867e-08
166.36,-6.2847e-08
166.42,-6.2844e-08
166.48,-6.2866e-08
166.54,-6.2866e-08
166.6,-6.2829e-08
166.66,-6.2878e-08
166.73,-6.2842e-08
166.8,-6.2755e-08
166.86,-6.2833e-08
166.92,-6.288e-08
166.99,-6.2865e-08
167.04,-6.2741e-08
167.11,-6.273e-08
167.17,-6.2826e-08
167.24,-6.2866e-08
167.29,-6.2858e-08
167.35,-6.2757e-08
167.41,-6.2746e-08
167.48,-6.2787e-08
167.54,-6.2818e-08
167.6,-6.2792e-08
167.67,-6.2892e-08
167.73,-6.2767e-08
167.79,-6.2751e-08
167.85,-6.2743e-08
167.91,-6.2697e-08
167.97,-6.2632e-08
168.04,-6.2713e-08
168.1,-6.271e-08
168.17,-6.2746e-08
168.24,-6.2706e-08
168.3,-6.2689e-08
168.36,-6.2703e-08
168.41,-6.2713e-08
168.48,-6.2678e-08
168.53,-6.2757e-08
168.6,-6.2751e-08
168.66,-6.2727e-08
168.72,-6.2665e-08
168.78,-6.2741e-08
168.85,-6.2812e-08
168.91,-6.2765e-08
168.98,-6.2692e-08
169.04,-6.2727e-08
169.1,-6.2703e-08
169.17,-6.2766e-08
169.23,-6.2689e-08
169.29,-6.2749e-08
169.35,-6.2682e-08
169.41,-6.2598e-08
169.46,-6.2628e-08
169.54,-6.2656e-08
169.6,-6.2634e-08
169.66,-6.27e-08
169.72,-6.2607e-08
169.78,-6.2551e-08
169.83,-6.2496e-08
169.9,-6.2595e-08
169.96,-6.2558e-08
170.02,-6.248e-08
170.08,-6.2521e-08
170.15,-6.2532e-08
170.22,-6.2579e-08
170.28,-6.2548e-08
170.35,-6.2482e-08
170.41,-6.2495e-08
170.47,-6.2446e-08
170.52,-6.2489e-08
170.59,-6.2518e-08
170.65,-6.2537e-08
170.71,-6.2556e-08
170.77,-6.2518e-08
170.84,-6.2556e-08
170.9,-6.2492e-08
170.97,-6.252e-08
171.03,-6.2518e-08
171.09,-6.2498e-08
171.15,-6.2505e-08
171.21,-6.2425e-08
171.27,-6.2501e-08
171.33,-6.2526e-08
171.39,-6.2475e-08
171.45,-6.246e-08
171.51,-6.2462e-08
171.59,-6.2392e-08
171.65,-6.2321e-08
171.71,-6.2333e-08
171.77,-6.2355e-08
171.83,-6.2373e-08
171.89,-6.2405e-08
171.95,-6.2325e-08
172.01,-6.2287e-08
172.08,-6.2395e-08
172.14,-6.2349e-08
172.2,-6.2306e-08
172.26,-6.2364e-08
172.33,-6.2309e-08
172.38,-6.2356e-08
172.45,-6.241e-08
172.51,-6.2494e-08
172.57,-6.2497e-08
172.63,-6.2469e-08
172.69,-6.25e-08
172.74,-6.247e-08
172.8,-6.2365e-08
172.86,-6.2284e-08
172.93,-6.2358e-08
173,-6.2265e-08
173.06,-6.2292e-08
173.12,-6.2317e-08
173.17,-6.2335e-08
173.24,-6.2312e-08
173.29,-6.2255e-08
173.36,-6.2179e-08
173.42,-6.2232e-08
173.49,-6.219e-08
173.54,-6.2217e-08
173.61,-6.2337e-08
173.67,-6.2257e-08
173.73,-6.2236e-08
173.79,-6.232e-08
173.85,-6.2312e-08
173.91,-6.2277e-08
173.98,-6.219e-08
174.03,-6.2242e-08
174.09,-6.2244e-08
174.15,-6.2288e-08
174.2,-6.2228e-08
174.28,-6.2137e-08
174.34,-6.2146e-08
174.41,-6.2218e-08
174.46,-6.2357e-08
174.52,-6.2191e-08
174.58,-6.2209e-08
174.64,-6.2207e-08
174.7,-6.2226e-08
174.77,-6.2157e-08
174.83,-6.2219e-08
174.89,-6.2212e-08
174.96,-6.2272e-08
175.02,-6.2345e-08
175.08,-6.2289e-08
175.13,-6.2134e-08
175.2,-6.2297e-08
175.26,-6.2225e-08
175.32,-6.2219e-08
175.38,-6.2231e-08
175.44,-6.2106e-08
175.51,-6.2145e-08
175.57,-6.2152e-08
175.64,-6.2136e-08
175.7,-6.2087e-08
175.76,-6.2094e-08
175.82,-6.2041e-08
175.88,-6.2115e-08
175.94,-6.2063e-08
176,-6.2171e-08
176.06,-6.2154e-08
176.12,-6.2083e-08
176.19,-6.2248e-08
176.25,-6.2036e-08
176.32,-6.2226e-08
176.38,-6.2156e-08
176.44,-6.2096e-08
176.51,-6.2085e-08
176.56,-6.2064e-08
176.62,-6.2048e-08
176.68,-6.2057e-08
176.75,-6.2049e-08
176.8,-6.2065e-08
176.86,-6.2093e-08
176.92,-6.2098e-08
176.99,-6.2023e-08
177.06,-6.2052e-08
177.12,-6.2062e-08
177.18,-6.1957e-08
177.25,-6.2088e-08
177.3,-6.218e-08
177.37,-6.2017e-08
177.43,-6.2008e-08
177.49,-6.1983e-08
177.54,-6.1979e-08
177.61,-6.2014e-08
177.68,-6.2051e-08
177.75,-6.2135e-08
177.81,-6.2041e-08
177.87,-6.2045e-08
177.93,-6.2026e-08
177.99,-6.1916e-08
178.06,-6.1906e-08
178.12,-6.1917e-08
178.18,-6.1949e-08
178.24,-6.2043e-08
178.31,-6.197e-08
178.37,-6.2019e-08
178.44,-6.1943e-08
178.5,-6.1947e-08
178.56,-6.1923e-08
178.63,-6.1891e-08
178.69,-6.1908e-08
178.75,-6.1852e-08
178.81,-6.1858e-08
178.88,-6.1899e-08
178.93,-6.1939e-08
178.99,-6.1946e-08
179.06,-6.1916e-08
179.13,-6.1897e-08
179.19,-6.178e-08
179.25,-6.1818e-08
179.32,-6.1838e-08
179.38,-6.1822e-08
179.45,-6.1837e-08
179.5,-6.1804e-08
179.56,-6.1816e-08
179.62,-6.1894e-08
179.68,-6.1855e-08
179.76,-6.1882e-08
179.82,-6.1849e-08
179.88,-6.1818e-08
179.94,-6.1853e-08
180,-6.1834e-08
180.05,-6.1922e-08
180.12,-6.1886e-08
180.17,-6.1913e-08
180.24,-6.1951e-08
180.3,-6.1942e-08
180.37,-6.1866e-08
180.43,-6.1906e-08
180.5,-6.1834e-08
180.56,-6.1863e-08
180.62,-6.1903e-08
180.68,-6.1881e-08
180.74,-6.1911e-08
180.8,-6.1766e-08
180.87,-6.1885e-08
180.92,-6.1891e-08
180.98,-6.1756e-08
181.04,-6.1868e-08
181.11,-6.1885e-08
181.17,-6.1799e-08
181.24,-6.1838e-08
181.3,-6.1812e-08
181.37,-6.1821e-08
181.42,-6.1809e-08
181.49,-6.1794e-08
181.55,-6.1797e-08
181.61,-6.1669e-08
181.67,-6.1681e-08
181.73,-6.1727e-08
181.8,-6.1676e-08
181.87,-6.1672e-08
181.93,-6.1697e-08
181.99,-6.181e-08
182.05,-6.1613e-08
182.11,-6.176e-08
182.18,-6.1796e-08
182.23,-6.1567e-08
182.3,-6.1639e-08
182.36,-6.1547e-08
182.42,-6.1552e-08
182.5,-6.1562e-08
182.56,-6.1556e-08
182.63,-6.1583e-08
182.69,-6.1524e-08
182.75,-6.1562e-08
182.81,-6.153e-08
182.87,-6.1669e-08
182.93,-6.1575e-08
182.99,-6.1489e-08
183.05,-6.154e-08
183.11,-6.1488e-08
183.18,-6.1619e-08
183.24,-6.1531e-08
183.3,-6.1533e-08
183.37,-6.1488e-08
183.43,-6.1595e-08
183.5,-6.1604e-08
183.55,-6.1422e-08
183.61,-6.1486e-08
183.67,-6.1523e-08
183.73,-6.1406e-08
183.79,-6.1447e-08
183.87,-6.1479e-08
183.93,-6.1441e-08
183.99,-6.1554e-08
184.05,-6.1523e-08
184.12,-6.1432e-08
184.18,-6.1475e-08
184.24,-6.1426e-08
184.3,-6.1436e-08
184.36,-6.1463e-08
184.43,-6.1386e-08
184.49,-6.1461e-08
184.56,-6.1457e-08
184.63,-6.1512e-08
184.69,-6.1496e-08
184.75,-6.1434e-08
184.82,-6.146e-08
184.88,-6.1414e-08
184.94,-6.1507e-08
185,-6.157e-08
185.07,-6.151e-08
185.12,-6.1416e-08
185.18,-6.1487e-08
185.25,-6.1441e-08
185.32,-6.1439e-08
185.38,-6.1457e-08
185.45,-6.1376e-08
185.51,-6.1451e-08
185.57,-6.1428e-08
185.64,-6.1424e-08
185.69,-6.1427e-08
185.75,-6.1409e-08
185.82,-6.1358e-08
185.88,-6.1387e-08
185.95,-6.1389e-08
186.01,-6.1371e-08
186.08,-6.1451e-08
186.14,-6.1262e-08
186.21,-6.1347e-08
186.27,-6.1298e-08
186.33,-6.1209e-08
186.38,-6.1288e-08
186.44,-6.1244e-08
186.5,-6.1265e-08
186.56,-6.1259e-08
186.64,-6.1233e-08
186.7,-6.1225e-08
186.77,-6.128e-08
186.82,-6.1181e-08
186.89,-6.1272e-08
186.95,-6.117e-08
187.02,-6.1342e-08
187.07,-6.1327e-08
187.14,-6.1314e-08
187.2,-6.1283e-08
187.26,-6.1202e-08
187.34,-6.1247e-08
187.4,-6.1186e-08
187.47,-6.1158e-08
187.53,-6.1054e-08
187.59,-6.1132e-08
187.65,-6.1099e-08
187.71,-6.1207e-08
187.78,-6.1236e-08
187.84,-6.1242e-08
187.9,-6.1257e-08
187.95,-6.118e-08
188.03,-6.1177e-08
188.09,-6.1102e-08
188.16,-6.1067e-08
188.22,-6.1001e-08
188.28,-6.108e-08
188.35,-6.1107e-08
188.41,-6.112e-08
188.47,-6.1127e-08
188.53,-6.1096e-08
188.59,-6.098e-08
188.66,-6.0965e-08
188.73,-6.1047e-08
188.79,-6.1067e-08
188.85,-6.0997e-08
188.92,-6.0936e-08
188.98,-6.1055e-08
189.04,-6.1009e-08
189.1,-6.1067e-08
189.16,-6.0977e-08
189.22,-6.0991e-08
189.28,-6.1056e-08
189.34,-6.1028e-08
189.41,-6.0944e-08
189.48,-6.1031e-08
189.54,-6.1076e-08
189.6,-6.1049e-08
189.66,-6.0966e-08
189.72,-6.0979e-08
189.78,-6.0992e-08
189.84,-6.0937e-08
189.9,-6.0971e-08
189.97,-6.1071e-08
190.02,-6.1e-08
190.09,-6.0964e-08
190.15,-6.0936e-08
190.21,-6.1034e-08
190.27,-6.0982e-08
190.33,-6.0958e-08
190.4,-6.1071e-08
190.45,-6.0999e-08
190.52,-6.0944e-08
190.58,-6.0908e-08
190.64,-6.0916e-08
190.69,-6.0844e-08
190.77,-6.0937e-08
190.83,-6.0985e-08
190.9,-6.1005e-08
190.96,-6.1017e-08
191.02,-6.1009e-08
191.08,-6.0955e-08
191.14,-6.0968e-08
191.2,-6.0926e-08
191.26,-6.0948e-08
191.32,-6.0931e-08
191.39,-6.09e-08
191.46,-6.0869e-08
191.52,-6.0822e-08
191.59,-6.0895e-08
191.65,-6.0822e-08
191.71,-6.0917e-08
191.77,-6.0842e-08
191.84,-6.0872e-08
191.9,-6.0882e-08
191.96,-6.0905e-08
192.02,-6.086e-08
192.08,-6.0825e-08
192.16,-6.0807e-08
192.22,-6.0836e-08
192.28,-6.0832e-08
192.34,-6.0845e-08
192.41,-6.0834e-08
192.47,-6.0756e-08
192.53,-6.0775e-08
192.6,-6.0748e-08
192.65,-6.077e-08
192.71,-6.0748e-08
192.77,-6.0779e-08
192.85,-6.0731e-08
192.91,-6.0735e-08
192.97,-6.08e-08
193.04,-6.0745e-08
193.1,-6.0758e-08
193.17,-6.0824e-08
193.22,-6.0735e-08
193.28,-6.0798e-08
193.34,-6.0857e-08
193.4,-6.0771e-08
193.46,-6.0705e-08
193.54,-6.069e-08
193.6,-6.075e-08
193.66,-6.0691e-08
193.72,-6.0697e-08
193.79,-6.0669e-08
193.85,-6.0753e-08
193.91,-6.0797e-08
193.98,-6.0688e-08
194.04,-6.0651e-08
194.1,-6.0629e-08
194.16,-6.0703e-08
194.24,-6.0736e-08
194.3,-6.0716e-08
194.36,-6.0691e-08
194.42,-6.076e-08
194.48,-6.0756e-08
194.54,-6.059e-08
194.61,-6.0601e-08
194.67,-6.0592e-08
194.73,-6.0668e-08
194.79,-6.0601e-08
194.85,-6.0649e-08
194.92,-6.0735e-08
194.99,-6.0778e-08
195.05,-6.0811e-08
195.11,-6.0672e-08
195.18,-6.061e-08
195.24,-6.0633e-08
195.3,-6.0663e-08
195.36,-6.0652e-08
195.42,-6.0647e-08
195.49,-6.0626e-08
195.54,-6.0662e-08
195.61,-6.0581e-08
195.68,-6.0509e-08
195.74,-6.0571e-08
195.8,-6.0568e-08
195.86,-6.0623e-08
195.92,-6.0527e-08
195.99,-6.0548e-08
196.04,-6.0601e-08
196.11,-6.0578e-08
196.17,-6.0551e-08
196.24,-6.0507e-08
196.31,-6.0567e-08
196.38,-6.0553e-08
196.44,-6.0671e-08
196.5,-6.0528e-08
196.56,-6.0474e-08
196.62,-6.052e-08
196.68,-6.0599e-08
196.74,-6.0625e-08
196.8,-6.0591e-08
196.87,-6.0559e-08
196.92,-6.055e-08
197,-6.0574e-08
197.06,-6.0517e-08
197.12,-6.0543e-08
197.18,-6.0575e-08
197.25,-6.0574e-08
197.3,-6.0552e-08
197.37,-6.053e-08
197.42,-6.0475e-08
197.49,-6.0486e-08
197.55,-6.0613e-08
197.61,-6.0573e-08
197.68,-6.0463e-08
197.75,-6.0477e-08
197.8,-6.0426e-08
197.86,-6.0403e-08
197.92,-6.0434e-08
197.98,-6.0387e-08
198.04,-6.034e-08
198.1,-6.0308e-08
198.16,-6.0306e-08
198.22,-6.0308e-08
198.28,-6.0396e-08
198.35,-6.0313e-08
198.41,-6.0377e-08
198.48,-6.0312e-08
198.54,-6.0335e-08
198.61,-6.0368e-08
198.66,-6.0402e-08
198.72,-6.0353e-08
198.79,-6.0272e-08
198.85,-6.037e-08
198.91,-6.0303e-08
198.97,-6.0243e-08
199.05,-6.0271e-08
199.11,-6.0215e-08
199.17,-6.0274e-08
199.23,-6.0311e-08
199.3,-6.0279e-08
199.36,-6.0202e-08
199.42,-6.021e-08
199.48,-6.0135e-08
199.54,-6.0212e-08
199.61,-6.0225e-08
199.67,-6.0219e-08
199.74,-6.0224e-08
199.8,-6.027e-08
199.87,-6.0233e-08
199.93,-6.0206e-08
199.99,-6.0153e-08
200.06,-6.0195e-08
200.11,-6.0261e-08
200.17,-6.0292e-08
200.23,-6.029e-08
200.29,-6.0188e-08
200.35,-6.0155e-08
200.43,-6.0164e-08
200.49,-6.01e-08
200.56,-6.0119e-08
200.61,-6.0152e-08
200.67,-6.0074e-08
200.73,-6.0167e-08
200.8,-6.015e-08
200.85,-6.0164e-08
200.92,-6.0121e-08
200.98,-6.0091e-08
201.05,-6.0161e-08
201.12,-6.0096e-08
201.18,-6.0135e-08
201.25,-6.019e-08
201.31,-6.0221e-08
201.37,-6.0189e-08
201.43,-6.0216e-08
201.5,-6.026e-08
201.56,-6.0204e-08
201.62,-6.012e-08
201.68,-6.0116e-08
201.74,-6.0147e-08
201.82,-6.0069e-08
201.88,-6.0079e-08
201.94,-6.0044e-08
202.01,-6.0011e-08
202.07,-6.0117e-08
202.13,-6.0147e-08
202.19,-6.0085e-08
202.25,-6.0063e-08
202.31,-6.0098e-08
202.38,-6.0051e-08
202.43,-6.0091e-08
202.51,-6.0006e-08
202.57,-5.9979e-08
202.63,-5.9992e-08
202.69,-6.0052e-08
202.75,-5.9999e-08
202.81,-6.0109e-08
202.88,-6.0131e-08
202.93,-6.0103e-08
203,-5.9977e-08
203.06,-5.9998e-08
203.12,-5.9894e-08
203.21,-5.9935e-08
203.27,-5.9918e-08
203.33,-5.9923e-08
203.39,-5.9906e-08
203.45,-5.9986e-08
203.52,-5.9989e-08
203.57,-6.0008e-08
203.64,-5.996e-08
203.7,-5.9891e-08
203.76,-5.9952e-08
203.83,-5.9908e-08
203.9,-5.9898e-08
203.97,-5.9903e-08
204.03,-5.9967e-08
204.09,-5.9878e-08
204.16,-5.993e-08
204.21,-5.983e-08
204.27,-5.9837e-08
204.34,-5.9865e-08
204.39,-5.9845e-08
204.46,-5.9921e-08
204.52,-5.992e-08
204.59,-5.9956e-08
204.66,-5.9938e-08
204.72,-5.9993e-08
204.79,-5.9915e-08
204.85,-5.9983e-08
204.91,-5.9978e-08
204.98,-5.9993e-08
205.04,-6.0053e-08
205.1,-5.9979e-08
205.17,-5.9977e-08
205.23,-5.9998e-08
205.3,-5.993e-08
205.36,-5.9812e-08
205.43,-5.9873e-08
205.49,-5.9928e-08
205.55,-5.9848e-08
205.62,-5.9917e-08
205.67,-5.9926e-08
205.73,-5.987e-08
205.79,-5.9905e-08
205.86,-5.9845e-08
205.91,-5.9802e-08
205.99,-5.9897e-08
206.05,-5.9866e-08
206.12,-5.9809e-08
206.17,-5.9802e-08
206.24,-5.9765e-08
206.3,-5.9791e-08
206.37,-5.9851e-08
206.42,-5.9884e-08
206.49,-5.9835e-08
206.55,-5.9876e-08
206.61,-5.9924e-08
206.69,-5.9864e-08
206.75,-5.9764e-08
206.82,-5.9741e-08
206.88,-5.9881e-08
206.94,-5.9811e-08
207,-5.9741e-08
207.06,-5.9882e-08
207.13,-5.9798e-08
207.19,-5.9862e-08
207.25,-5.9811e-08
207.3,-5.978e-08
207.38,-5.9767e-08
207.44,-5.9765e-08
207.5,-5.969e-08
207.57,-5.9756e-08
207.63,-5.9859e-08
207.7,-5.9783e-08
207.76,-5.9745e-08
207.82,-5.9788e-08
207.89,-5.9852e-08
207.95,-5.9865e-08
208.01,-5.9791e-08
208.08,-5.9764e-08
208.15,-5.9753e-08
208.21,-5.9761e-08
208.27,-5.9653e-08
208.34,-5.9748e-08
208.4,-5.9684e-08
208.46,-5.9684e-08
208.51,-5.9746e-08
208.58,-5.9659e-08
208.63,-5.9619e-08
208.7,-5.9582e-08
208.77,-5.9609e-08
208.84,-5.9654e-08
208.9,-5.9709e-08
208.96,-5.9702e-08
209.02,-5.9694e-08
209.08,-5.9687e-08
209.14,-5.9651e-08
209.2,-5.9693e-08
209.26,-5.9652e-08
209.33,-5.9675e-08
209.38,-5.9585e-08
209.45,-5.9606e-08
209.51,-5.9457e-08
209.58,-5.9578e-08
209.64,-5.9679e-08
209.7,-5.962e-08
209.75,-5.9616e-08
209.82,-5.9713e-08
209.87,-5.9682e-08
209.93,-5.9697e-08
209.99,-5.9671e-08
210.05,-5.9771e-08
210.12,-5.9646e-08
210.19,-5.9617e-08
210.25,-5.9633e-08
210.31,-5.9565e-08
210.37,-5.9621e-08
210.43,-5.9556e-08
210.5,-5.9667e-08
210.56,-5.9624e-08
210.62,-5.9632e-08
210.68,-5.9618e-08
210.75,-5.9574e-08
210.83,-5.9497e-08
210.89,-5.9587e-08
210.95,-5.9546e-08
211.01,-5.9588e-08
211.07,-5.9567e-08
211.14,-5.9598e-08
211.19,-5.9665e-08
211.26,-5.9604e-08
211.32,-5.9638e-08
211.38,-5.9536e-08
211.45,-5.9565e-08
211.52,-5.9566e-08
211.59,-5.9703e-08
211.65,-5.9627e-08
211.71,-5.9594e-08
211.78,-5.963e-08
211.83,-5.9602e-08
211.9,-5.9586e-08
211.96,-5.9572e-08
212.02,-5.953e-08
212.09,-5.9537e-08
212.15,-5.9526e-08
212.22,-5.9508e-08
212.28,-5.9415e-08
212.35,-5.9485e-08
212.41,-5.9509e-08
212.47,-5.9573e-08
212.54,-5.9539e-08
212.6,-5.9473e-08
212.66,-5.9462e-08
212.72,-5.9425e-08
212.79,-5.9361e-08
212.85,-5.9444e-08
212.92,-5.9375e-08
212.98,-5.9407e-08
213.04,-5.9487e-08
213.1,-5.946e-08
213.16,-5.955e-08
213.22,-5.949e-08
213.28,-5.9411e-08
213.35,-5.9384e-08
213.41,-5.9377e-08
213.47,-5.9366e-08
213.53,-5.9306e-08
213.61,-5.9322e-08
213.67,-5.9418e-08
213.73,-5.9419e-08
213.8,-5.9386e-08
213.85,-5.9434e-08
213.92,-5.9432e-08
213.98,-5.9432e-08
214.04,-5.9296e-08
214.1,-5.9348e-08
214.16,-5.9352e-08
214.23,-5.9349e-08
214.31,-5.9293e-08
214.37,-5.935e-08
214.44,-5.9348e-08
214.49,-5.9306e-08
214.56,-5.9286e-08
214.62,-5.9251e-08
214.68,-5.9272e-08
214.74,-5.9288e-08
214.8,-5.9266e-08
214.86,-5.926e-08
214.93,-5.92e-08
215,-5.9189e-08
215.06,-5.9187e-08
215.13,-5.9203e-08
215.19,-5.9258e-08
215.25,-5.9228e-08
215.31,-5.929e-08
215.38,-5.9184e-08
215.43,-5.9185e-08
215.5,-5.9184e-08
215.56,-5.9271e-08
215.62,-5.9271e-08
215.69,-5.9184e-08
215.75,-5.9241e-08
215.82,-5.9207e-08
215.88,-5.9189e-08
215.95,-5.9146e-08
216,-5.9131e-08
216.07,-5.9197e-08
216.13,-5.9217e-08
216.19,-5.9129e-08
216.25,-5.9176e-08
216.31,-5.913e-08
216.39,-5.9174e-08
216.45,-5.9163e-08
216.52,-5.9196e-08
216.58,-5.9206e-08
216.64,-5.9145e-08
216.7,-5.9108e-08
216.76,-5.9163e-08
216.82,-5.9033e-08
216.88,-5.9118e-08
216.95,-5.9124e-08
217.01,-5.9184e-08
217.09,-5.909e-08
217.16,-5.906e-08
217.22,-5.9129e-08
217.28,-5.9147e-08
217.34,-5.9194e-08
217.4,-5.9117e-08
217.46,-5.9045e-08
217.52,-5.9087e-08
217.59,-5.9073e-08
217.65,-5.9067e-08
217.71,-5.906e-08
217.79,-5.9143e-08
217.85,-5.9125e-08
217.92,-5.9122e-08
217.98,-5.9023e-08
218.04,-5.9049e-08
218.1,-5.8997e-08
218.16,-5.9034e-08
218.23,-5.9054e-08
218.29,-5.9117e-08
218.35,-5.9138e-08
218.41,-5.9087e-08
218.49,-5.9177e-08
218.55,-5.9081e-08
218.61,-5.9055e-08
218.67,-5.9084e-08
218.73,-5.9092e-08
218.8,-5.9026e-08
218.86,-5.8968e-08
218.92,-5.905e-08
218.98,-5.9012e-08
219.05,-5.908e-08
219.11,-5.8994e-08
219.18,-5.8964e-08
219.24,-5.891e-08
219.3,-5.9043e-08
219.37,-5.8999e-08
219.43,-5.8968e-08
219.5,-5.8935e-08
219.55,-5.8906e-08
219.61,-5.8957e-08
219.67,-5.8919e-08
219.74,-5.8942e-08
219.8,-5.8888e-08
219.87,-5.8988e-08
219.93,-5.8981e-08
220,-5.8933e-08
220.05,-5.8883e-08
220.11,-5.8949e-08
220.17,-5.8987e-08
220.24,-5.8962e-08
220.29,-5.8972e-08
220.35,-5.8965e-08
220.41,-5.8932e-08
220.47,-5.8991e-08
220.55,-5.8892e-08
220.61,-5.8931e-08
220.67,-5.8879e-08
220.74,-5.889e-08
220.79,-5.8878e-08
220.86,-5.883e-08
220.92,-5.8813e-08
220.99,-5.8827e-08
221.04,-5.8881e-08
221.11,-5.8729e-08
221.17,-5.8803e-08
221.24,-5.8781e-08
221.31,-5.8817e-08
221.37,-5.8802e-08
221.43,-5.8903e-08
221.5,-5.8927e-08
221.56,-5.882e-08
221.62,-5.8853e-08
221.68,-5.8837e-08
221.75,-5.8764e-08
221.81,-5.8836e-08
221.87,-5.879e-08
221.94,-5.8822e-08
222,-5.8758e-08
222.07,-5.8825e-08
222.12,-5.8794e-08
222.19,-5.8816e-08
222.25,-5.875e-08
222.31,-5.873e-08
222.37,-5.8766e-08
222.43,-5.869e-08
222.49,-5.8675e-08
222.56,-5.8671e-08
222.63,-5.8666e-08
222.69,-5.8709e-08
222.76,-5.8821e-08
222.82,-5.8801e-08
222.88,-5.8782e-08
222.94,-5.8717e-08
223.01,-5.874e-08
223.06,-5.873e-08
223.13,-5.872e-08
223.19,-5.8696e-08
223.25,-5.8723e-08
223.33,-5.8691e-08
223.39,-5.878e-08
223.46,-5.8748e-08
223.52,-5.8804e-08
223.58,-5.8709e-08
223.64,-5.8768e-08
223.7,-5.8847e-08
223.77,-5.8729e-08
223.83,-5.8804e-08
223.89,-5.8761e-08
223.95,-5.8747e-08
224.03,-5.8714e-08
224.09,-5.8745e-08
224.15,-5.8618e-08
224.21,-5.866e-08
224.27,-5.8696e-08
224.34,-5.8711e-08
224.4,-5.867e-08
224.46,-5.8798e-08
224.52,-5.8765e-08
224.59,-5.8747e-08
224.65,-5.8663e-08
224.72,-5.8586e-08
224.78,-5.8689e-08
224.84,-5.8627e-08
224.91,-5.8638e-08
224.97,-5.8521e-08
225.04,-5.8637e-08
225.09,-5.8634e-08
225.16,-5.8572e-08
225.22,-5.8651e-08
225.28,-5.856e-08
225.34,-5.8605e-08
225.42,-5.8662e-08
225.48,-5.863e-08
225.54,-5.8631e-08
225.59,-5.8594e-08
225.66,-5.8755e-08
225.72,-5.8785e-08
225.78,-5.8683e-08
225.84,-5.8711e-08
225.9,-5.8693e-08
225.96,-5.8709e-08
226.02,-5.8618e-08
226.09,-5.87e-08
226.15,-5.8787e-08
226.21,-5.8699e-08
226.27,-5.8695e-08
226.33,-5.8722e-08
226.4,-5.8666e-08
226.46,-5.8655e-08
226.52,-5.8618e-08
226.58,-5.863e-08
226.65,-5.8593e-08
226.71,-5.853e-08
226.78,-5.8575e-08
226.84,-5.8576e-08
226.9,-5.8483e-08
226.97,-5.844e-08
227.03,-5.8477e-08
227.1,-5.8416e-08
227.15,-5.8382e-08
227.22,-5.8443e-08
227.28,-5.8481e-08
227.34,-5.8484e-08
227.4,-5.8479e-08
227.47,-5.8599e-08
227.54,-5.849e-08
227.59,-5.8551e-08
227.65,-5.8455e-08
227.72,-5.848e-08
227.78,-5.8486e-08
227.84,-5.843e-08
227.9,-5.8388e-08
227.96,-5.8376e-08
228.03,-5.8474e-08
228.09,-5.8395e-08
228.17,-5.8304e-08
228.23,-5.8284e-08
228.29,-5.8372e-08
228.36,-5.8315e-08
228.42,-5.8349e-08
228.48,-5.8303e-08
228.54,-5.8315e-08
228.6,-5.8345e-08
228.67,-5.8386e-08
228.73,-5.8337e-08
228.79,-5.8338e-08
228.86,-5.8287e-08
228.93,-5.831e-08
228.99,-5.8311e-08
229.05,-5.8251e-08
229.11,-5.8304e-08
229.17,-5.8325e-08
229.23,-5.8292e-08
229.29,-5.831e-08
229.35,-5.8275e-08
229.42,-5.8356e-08
229.48,-5.8337e-08
229.56,-5.8282e-08
229.62,-5.8349e-08
229.68,-5.8316e-08
229.75,-5.8317e-08
229.81,-5.833e-08
229.87,-5.8351e-08
229.93,-5.8253e-08
229.99,-5.8341e-08
230.06,-5.8427e-08
230.12,-5.8358e-08
230.18,-5.8304e-08
230.25,-5.8315e-08
230.32,-5.8371e-08
230.38,-5.83e-08
230.44,-5.8318e-08
230.5,-5.8221e-08
230.56,-5.8245e-08
230.63,-5.8256e-08
230.69,-5.8336e-08
230.75,-5.8326e-08
230.81,-5.8281e-08
230.88,-5.8419e-08
230.96,-5.8176e-08
231.02,-5.8265e-08
231.08,-5.8229e-08
231.14,-5.8383e-08
231.2,-5.8362e-08
231.27,-5.8255e-08
231.32,-5.8253e-08
231.39,-5.8218e-08
231.45,-5.8213e-08
231.51,-5.8146e-08
231.58,-5.8205e-08
231.65,-5.8235e-08
231.71,-5.8185e-08
231.77,-5.8155e-08
231.84,-5.8156e-08
231.89,-5.8193e-08
231.96,-5.8203e-08
232.02,-5.8149e-08
232.08,-5.8094e-08
232.15,-5.8134e-08
232.21,-5.8157e-08
232.27,-5.8202e-08
232.35,-5.825e-08
232.41,-5.8174e-08
232.48,-5.8149e-08
232.54,-5.8097e-08
232.6,-5.8154e-08
232.67,-5.8267e-08
232.73,-5.8152e-08
232.79,-5.819e-08
232.85,-5.8113e-08
232.91,-5.8146e-08
232.98,-5.8249e-08
233.05,-5.817e-08
233.11,-5.8198e-08
233.17,-5.8084e-08
233.24,-5.8061e-08
233.3,-5.8069e-08
233.36,-5.8055e-08
233.42,-5.8071e-08
233.49,-5.8074e-08
233.55,-5.8202e-08
233.61,-5.8081e-08
233.67,-5.8157e-08
233.74,-5.804e-08
233.81,-5.801e-08
233.86,-5.796e-08
233.93,-5.8112e-08
233.98,-5.8147e-08
234.05,-5.8116e-08
234.11,-5.8035e-08
234.17,-5.8014e-08
234.23,-5.8146e-08
234.3,-5.8067e-08
234.36,-5.8012e-08
234.44,-5.8051e-08
234.5,-5.8031e-08
234.57,-5.8046e-08
234.62,-5.7978e-08
234.69,-5.8032e-08
234.75,-5.7982e-08
234.81,-5.7948e-08
234.87,-5.795e-08
234.94,-5.7965e-08
235,-5.7956e-08
235.06,-5.8026e-08
235.14,-5.7911e-08
235.2,-5.7967e-08
235.27,-5.7961e-08
235.33,-5.7967e-08
235.39,-5.795e-08
235.45,-5.7879e-08
235.51,-5.7958e-08
235.58,-5.7878e-08
235.64,-5.7962e-08
235.7,-5.7974e-08
235.76,-5.7859e-08
235.84,-5.778e-08
235.9,-5.7836e-08
235.96,-5.7839e-08
236.02,-5.7932e-08
236.08,-5.7948e-08
236.15,-5.798e-08
236.21,-5.7992e-08
236.28,-5.7846e-08
236.33,-5.7821e-08
236.4,-5.7867e-08
236.46,-5.7851e-08
236.53,-5.781e-08
236.59,-5.7875e-08
236.66,-5.786e-08
236.72,-5.7939e-08
236.78,-5.7863e-08
236.85,-5.7946e-08
236.9,-5.7962e-08
236.97,-5.792e-08
237.03,-5.7843e-08
237.09,-5.7853e-08
237.15,-5.7866e-08
237.23,-5.7913e-08
237.29,-5.7937e-08
237.35,-5.7929e-08
237.41,-5.7888e-08
237.47,-5.79e-08
237.54,-5.7979e-08
237.6,-5.8002e-08
237.66,-5.7963e-08
237.72,-5.796e-08
237.78,-5.7843e-08
237.85,-5.7848e-08
237.92,-5.783e-08
237.99,-5.7833e-08
238.05,-5.7794e-08
238.11,-5.7823e-08
238.17,-5.7744e-08
238.24,-5.7801e-08
238.3,-5.7877e-08
238.36,-5.7814e-08
238.42,-5.7824e-08
238.48,-5.7792e-08
238.55,-5.7746e-08
238.62,-5.7725e-08
238.68,-5.7767e-08
238.74,-5.7634e-08
238.81,-5.7725e-08
238.87,-5.7677e-08
238.93,-5.7718e-08
238.99,-5.7783e-08
239.05,-5.7694e-08
239.12,-5.7703e-08
239.17,-5.7673e-08
239.24,-5.78e-08
239.31,-5.7798e-08
239.38,-5.7666e-08
239.44,-5.7674e-08
239.5,-5.7741e-08
239.57,-5.771e-08
239.62,-5.7647e-08
239.69,-5.774e-08
239.75,-5.7776e-08
239.81,-5.7777e-08
239.87,-5.7794e-08
239.94,-5.7675e-08
240.01,-5.7723e-08
240.07,-5.7667e-08
240.13,-5.7733e-08
240.2,-5.7661e-08
240.26,-5.7725e-08
240.32,-5.7713e-08
240.39,-5.7675e-08
240.45,-5.7728e-08
240.51,-5.7679e-08
240.57,-5.7677e-08
240.63,-5.767e-08
240.71,-5.7622e-08
240.77,-5.7569e-08
240.84,-5.7597e-08
240.9,-5.7577e-08
240.96,-5.7587e-08
241.02,-5.7555e-08
241.08,-5.7557e-08
241.14,-5.7557e-08
241.21,-5.7468e-08
241.27,-5.7588e-08
241.33,-5.7588e-08
241.41,-5.7513e-08
241.48,-5.7549e-08
241.54,-5.7552e-08
241.6,-5.7534e-08
241.66,-5.7551e-08
241.72,-5.7654e-08
241.78,-5.7641e-08
241.84,-5.7671e-08
241.9,-5.7605e-08
241.95,-5.76e-08
242.02,-5.7582e-08
242.09,-5.7586e-08
242.15,-5.7544e-08
242.22,-5.7604e-08
242.28,-5.7603e-08
242.34,-5.7493e-08
242.4,-5.7664e-08
242.46,-5.7706e-08
242.52,-5.765e-08
242.58,-5.7569e-08
242.64,-5.7584e-08
242.71,-5.7634e-08
242.78,-5.7715e-08
242.84,-5.765e-08
242.91,-5.7563e-08
242.96,-5.7538e-08
243.02,-5.7471e-08
243.09,-5.75e-08
243.15,-5.7585e-08
243.21,-5.7527e-08
243.26,-5.7529e-08
243.33,-5.7575e-08
243.38,-5.7591e-08
243.46,-5.7543e-08
243.52,-5.7515e-08
243.59,-5.7548e-08
243.65,-5.7541e-08
243.71,-5.7547e-08
243.77,-5.7534e-08
243.83,-5.7522e-08
243.9,-5.7479e-08
243.95,-5.75e-08
244.02,-5.7581e-08
244.08,-5.7516e-08
244.15,-5.7457e-08
244.21,-5.7575e-08
244.28,-5.7572e-08
244.34,-5.7577e-08
244.4,-5.7475e-08
244.47,-5.7448e-08
244.52,-5.7417e-08
244.59,-5.743e-08
244.65,-5.745e-08
244.71,-5.7397e-08
244.77,-5.7401e-08
244.85,-5.7395e-08
244.91,-5.74e-08
244.97,-5.7472e-08
245.02,-5.7337e-08
245.09,-5.7435e-08
245.15,-5.7388e-08
245.21,-5.7429e-08
245.27,-5.7371e-08
245.34,-5.7453e-08
245.4,-5.7383e-08
245.46,-5.7429e-08
245.54,-5.7396e-08
245.6,-5.7483e-08
245.66,-5.7405e-08
245.73,-5.7347e-08
245.79,-5.7298e-08
245.85,-5.7353e-08
245.91,-5.7358e-08
245.97,-5.7272e-08
246.04,-5.7294e-08
246.09,-5.7351e-08
246.16,-5.7307e-08
246.23,-5.7308e-08
246.3,-5.7266e-08
246.35,-5.7273e-08
246.42,-5.7253e-08
246.48,-5.7223e-08
246.54,-5.729e-08
246.6,-5.7249e-08
246.66,-5.7234e-08
246.72,-5.7313e-08
246.78,-5.7352e-08
246.84,-5.7442e-08
246.92,-5.7381e-08
246.98,-5.742e-08
247.04,-5.7317e-08
247.11,-5.7312e-08
247.17,-5.7358e-08
247.23,-5.7317e-08
247.29,-5.7301e-08
247.35,-5.7373e-08
247.41,-5.7365e-08
247.47,-5.7384e-08
247.54,-5.7361e-08
247.61,-5.7341e-08
247.68,-5.7222e-08
247.74,-5.7273e-08
247.8,-5.7249e-08
247.85,-5.7244e-08
247.92,-5.7227e-08
247.98,-5.725e-08
248.04,-5.7248e-08
248.09,-5.7204e-08
248.16,-5.7251e-08
248.21,-5.7215e-08
248.29,-5.7236e-08
248.35,-5.7263e-08
248.41,-5.7129e-08
248.47,-5.7194e-08
248.53,-5.719e-08
248.59,-5.7178e-08
248.64,-5.7242e-08
248.71,-5.7314e-08
248.77,-5.7217e-08
248.84,-5.7201e-08
248.89,-5.7185e-08
248.97,-5.7181e-08
249.03,-5.7258e-08
249.09,-5.7268e-08
249.14,-5.7325e-08
249.21,-5.7279e-08
249.27,-5.7262e-08
249.34,-5.7316e-08
249.39,-5.7252e-08
249.46,-5.7277e-08
249.52,-5.7183e-08
249.58,-5.7309e-08
249.66,-5.723e-08
249.72,-5.7176e-08
249.78,-5.7113e-08
249.85,-5.7171e-08
249.91,-5.7172e-08
249.97,-5.7252e-08
250.03,-5.7291e-08
250.09,-5.7204e-08
250.16,-5.721e-08
250.21,-5.7204e-08
250.28,-5.7174e-08
250.35,-5.7248e-08
250.42,-5.7215e-08
250.47,-5.7184e-08
250.54,-5.7182e-08
250.6,-5.7082e-08
250.66,-5.7088e-08
250.73,-5.717e-08
250.79,-5.7169e-08
250.85,-5.7247e-08
250.91,-5.7196e-08
250.98,-5.7104e-08
251.04,-5.7174e-08
251.11,-5.7175e-08
251.17,-5.7101e-08
251.23,-5.7047e-08
251.3,-5.7135e-08
251.36,-5.7107e-08
251.42,-5.7086e-08
251.48,-5.7061e-08
251.55,-5.7117e-08
251.6,-5.699e-08
251.67,-5.7089e-08
251.74,-5.7032e-08
251.8,-5.7083e-08
251.86,-5.7086e-08
251.92,-5.6957e-08
251.98,-5.6973e-08
252.05,-5.7032e-08
252.11,-5.6962e-08
252.17,-5.6918e-08
252.23,-5.6912e-08
252.29,-5.6927e-08
252.36,-5.6938e-08
252.44,-5.6912e-08
252.5,-5.6962e-08
252.57,-5.7023e-08
252.62,-5.6924e-08
252.69,-5.6995e-08
252.75,-5.692e-08
252.81,-5.6956e-08
252.87,-5.6878e-08
252.93,-5.6905e-08
253,-5.6958e-08
253.06,-5.7028e-08
253.14,-5.7003e-08
253.2,-5.7024e-08
253.26,-5.6957e-08
253.33,-5.6889e-08
253.39,-5.6934e-08
253.45,-5.6931e-08
253.51,-5.688e-08
253.58,-5.692e-08
253.64,-5.6873e-08
253.7,-5.6883e-08
253.76,-5.6908e-08
253.83,-5.693e-08
253.9,-5.6901e-08
253.95,-5.6868e-08
254.02,-5.6834e-08
254.07,-5.6938e-08
254.13,-5.6908e-08
254.19,-5.6919e-08
254.25,-5.6945e-08
254.32,-5.6876e-08
254.37,-5.6894e-08
254.44,-5.6938e-08
254.51,-5.6846e-08
254.57,-5.6822e-08
254.63,-5.6816e-08
254.69,-5.6895e-08
254.75,-5.6938e-08
254.82,-5.69e-08
254.88,-5.6971e-08
254.94,-5.6906e-08
255,-5.6811e-08
255.06,-5.6819e-08
255.13,-5.6849e-08
255.2,-5.6865e-08
255.26,-5.6804e-08
255.33,-5.6799e-08
255.39,-5.6828e-08
255.45,-5.6837e-08
255.51,-5.6824e-08
255.58,-5.6786e-08
255.64,-5.6859e-08
255.7,-5.6928e-08
255.76,-5.688e-08
255.82,-5.6894e-08
255.9,-5.6827e-08
255.96,-5.6857e-08
256.02,-5.679e-08
256.08,-5.6726e-08
256.14,-5.6776e-08
256.21,-5.676e-08
256.27,-5.6826e-08
256.34,-5.6764e-08
256.39,-5.6801e-08
256.46,-5.6834e-08
256.52,-5.6806e-08
256.59,-5.6806e-08
256.65,-5.6794e-08
256.71,-5.6768e-08
256.78,-5.6743e-08
256.84,-5.6712e-08
256.91,-5.6739e-08
256.96,-5.6752e-08
257.03,-5.6808e-08
257.09,-5.6735e-08
257.15,-5.6775e-08
257.21,-5.6877e-08
257.28,-5.6768e-08
257.35,-5.675e-08
257.4,-5.6718e-08
257.47,-5.6765e-08
257.53,-5.6727e-08
257.59,-5.6782e-08
257.65,-5.6734e-08
257.71,-5.6762e-08
257.77,-5.6792e-08
257.84,-5.6942e-08
257.9,-5.6816e-08
257.98,-5.6787e-08
258.04,-5.6751e-08
258.11,-5.6887e-08
258.16,-5.6658e-08
258.23,-5.6834e-08
258.29,-5.6781e-08
258.36,-5.6796e-08
258.41,-5.6824e-08
258.48,-5.6775e-08
258.54,-5.6648e-08
258.6,-5.6573e-08
258.67,-5.6654e-08
258.74,-5.6719e-08
258.8,-5.6729e-08
258.86,-5.6646e-08
258.93,-5.669e-08
258.98,-5.6701e-08
259.05,-5.6636e-08
259.11,-5.6643e-08
259.17,-5.6671e-08
259.23,-5.6735e-08
259.29,-5.6717e-08
259.37,-5.6593e-08
259.43,-5.6687e-08
259.5,-5.6644e-08
259.56,-5.6517e-08
259.62,-5.6556e-08
259.67,-5.6611e-08
259.73,-5.6615e-08
259.8,-5.653e-08
259.86,-5.6524e-08
259.92,-5.6589e-08
259.98,-5.6572e-08
260.06,-5.6566e-08
260.12,-5.6492e-08
260.18,-5.6572e-08
260.23,-5.6581e-08
260.3,-5.653e-08
260.36,-5.6535e-08
260.42,-5.6488e-08
260.48,-5.648e-08
260.54,-5.6513e-08
260.61,-5.6594e-08
260.67,-5.6555e-08
260.75,-5.6521e-08
260.81,-5.6533e-08
260.87,-5.6517e-08
260.94,-5.6554e-08
261,-5.6536e-08
261.06,-5.6531e-08
261.12,-5.6634e-08
261.18,-5.6611e-08
261.25,-5.6586e-08
261.3,-5.6514e-08
261.37,-5.6591e-08
261.44,-5.6592e-08
261.5,-5.6606e-08
261.56,-5.6584e-08
261.63,-5.6557e-08
261.69,-5.6583e-08
261.75,-5.6585e-08
261.82,-5.6589e-08
261.87,-5.6565e-08
261.94,-5.6573e-08
262,-5.647e-08
262.06,-5.6561e-08
262.13,-5.6483e-08
262.2,-5.6523e-08
262.26,-5.6491e-08
262.32,-5.653e-08
262.39,-5.6493e-08
262.45,-5.6535e-08
262.51,-5.6519e-08
262.57,-5.6528e-08
262.63,-5.6603e-08
262.7,-5.6449e-08
262.76,-5.6504e-08
262.83,-5.6488e-08
262.89,-5.6572e-08
262.95,-5.6512e-08
263.01,-5.6379e-08
263.07,-5.6485e-08
263.14,-5.6479e-08
263.2,-5.6423e-08
263.26,-5.6475e-08
263.32,-5.6435e-08
263.38,-5.6326e-08
263.45,-5.6361e-08
263.52,-5.6456e-08
263.58,-5.6382e-08
263.65,-5.6442e-08
263.71,-5.6395e-08
263.78,-5.6312e-08
263.83,-5.6406e-08
263.9,-5.647e-08
263.96,-5.6451e-08
264.02,-5.6454e-08
264.08,-5.6475e-08
264.14,-5.6448e-08
264.22,-5.6315e-08
264.28,-5.6339e-08
264.34,-5.6318e-08
264.4,-5.6288e-08
264.46,-5.6332e-08
264.52,-5.6285e-08
264.59,-5.6403e-08
264.64,-5.6415e-08
264.71,-5.6358e-08
264.77,-5.6351e-08
264.83,-5.6361e-08
264.9,-5.6447e-08
264.97,-5.6412e-08
265.03,-5.6437e-08
265.09,-5.6451e-08
265.16,-5.65e-08
265.21,-5.6491e-08
265.28,-5.6447e-08
265.34,-5.6429e-08
265.41,-5.6459e-08
265.46,-5.6516e-08
265.53,-5.6517e-08
265.6,-5.6367e-08
265.66,-5.6327e-08
265.73,-5.6428e-08
265.78,-5.6403e-08
265.84,-5.6395e-08
265.91,-5.6434e-08
265.97,-5.6464e-08
266.03,-5.6358e-08
266.08,-5.6394e-08
266.14,-5.6422e-08
266.2,-5.6409e-08
266.28,-5.6367e-08
266.34,-5.6392e-08
266.41,-5.6369e-08
266.47,-5.6333e-08
266.53,-5.6265e-08
266.59,-5.6483e-08
266.65,-5.6315e-08
266.72,-5.6328e-08
266.77,-5.6346e-08
266.84,-5.6315e-08
266.9,-5.6311e-08
266.98,-5.6301e-08
267.04,-5.6465e-08
267.1,-5.6263e-08
267.17,-5.6337e-08
267.23,-5.6269e-08
267.29,-5.6244e-08
267.36,-5.6275e-08
267.42,-5.6277e-08
267.48,-5.6366e-08
267.54,-5.6362e-08
267.6,-5.6334e-08
267.68,-5.6284e-08
267.74,-5.6263e-08
267.8,-5.6314e-08
267.87,-5.6315e-08
267.93,-5.638e-08
267.99,-5.6374e-08
268.05,-5.631e-08
268.11,-5.6315e-08
268.18,-5.6355e-08
268.24,-5.6303e-08
268.3,-5.6301e-08
268.37,-5.6249e-08
268.43,-5.6251e-08
268.49,-5.6299e-08
268.55,-5.6303e-08
268.61,-5.626e-08
268.68,-5.6262e-08
268.73,-5.6234e-08
268.8,-5.6202e-08
268.86,-5.6159e-08
268.92,-5.6209e-08
268.99,-5.6213e-08
269.06,-5.619e-08
269.12,-5.6185e-08
269.18,-5.633e-08
269.25,-5.6354e-08
269.3,-5.6269e-08
269.37,-5.6261e-08
269.43,-5.6286e-08
269.5,-5.622e-08
269.56,-5.6269e-08
269.62,-5.6141e-08
269.68,-5.6161e-08
269.75,-5.6204e-08
269.82,-5.6245e-08
269.88,-5.6178e-08
269.94,-5.6149e-08
270,-5.6197e-08
270.07,-5.6122e-08
270.13,-5.6171e-08
270.19,-5.6167e-08
270.25,-5.619e-08
270.31,-5.62e-08
270.38,-5.6156e-08
270.45,-5.6183e-08
270.51,-5.6217e-08
270.57,-5.61e-08
270.64,-5.6157e-08
270.7,-5.6256e-08
270.76,-5.6095e-08
270.82,-5.6309e-08
270.88,-5.6213e-08
270.95,-5.6189e-08
271.01,-5.6261e-08
271.07,-5.6227e-08
271.14,-5.6141e-08
271.21,-5.6169e-08
271.27,-5.622e-08
271.33,-5.6178e-08
271.39,-5.6196e-08
271.45,-5.6186e-08
271.52,-5.6246e-08
271.58,-5.6192e-08
271.64,-5.6144e-08
271.7,-5.6103e-08
271.77,-5.6121e-08
271.85,-5.604e-08
271.91,-5.6087e-08
271.97,-5.6112e-08
272.03,-5.6172e-08
272.09,-5.616e-08
272.15,-5.6173e-08
272.22,-5.6074e-08
272.28,-5.6127e-08
272.34,-5.6052e-08
272.4,-5.6061e-08
272.46,-5.5997e-08
272.54,-5.601e-08
272.6,-5.6019e-08
272.67,-5.6036e-08
272.73,-5.6067e-08
272.79,-5.5972e-08
272.86,-5.601e-08
272.92,-5.6004e-08
272.99,-5.6124e-08
273.04,-5.6024e-08
273.11,-5.599e-08
273.17,-5.6051e-08
273.24,-5.6018e-08
273.3,-5.6026e-08
273.36,-5.5955e-08
273.43,-5.5905e-08
273.49,-5.5973e-08
273.55,-5.6027e-08
273.61,-5.5964e-08
273.67,-5.6043e-08
273.74,-5.6031e-08
273.8,-5.6018e-08
273.86,-5.5988e-08
273.93,-5.5938e-08
274,-5.5981e-08
274.05,-5.6059e-08
274.11,-5.6098e-08
274.17,-5.6065e-08
274.22,-5.6059e-08
274.29,-5.6026e-08
274.35,-5.6017e-08
274.42,-5.5998e-08
274.48,-5.5995e-08
274.54,-5.5905e-08
274.61,-5.6016e-08
274.68,-5.5994e-08
274.74,-5.5903e-08
274.8,-5.5907e-08
274.86,-5.5986e-08
274.92,-5.5947e-08
274.99,-5.5855e-08
275.05,-5.5942e-08
275.11,-5.5977e-08
275.17,-5.5879e-08
275.24,-5.5943e-08
275.31,-5.5937e-08
275.37,-5.6014e-08
275.43,-5.5992e-08
275.49,-5.592e-08
275.56,-5.6009e-08
275.62,-5.5985e-08
275.68,-5.592e-08
275.74,-5.5899e-08
275.81,-5.5996e-08
275.87,-5.6048e-08
275.93,-5.5981e-08
276,-5.6005e-08
276.06,-5.6083e-08
276.13,-5.6102e-08
276.19,-5.6096e-08
276.25,-5.6002e-08
276.31,-5.5891e-08
276.38,-5.5813e-08
276.44,-5.5832e-08
276.5,-5.5831e-08
276.56,-5.5867e-08
276.62,-5.5908e-08
276.7,-5.5895e-08
276.76,-5.5873e-08
276.82,-5.5799e-08
276.89,-5.5722e-08
276.94,-5.5852e-08
277.01,-5.5865e-08
277.07,-5.5913e-08
277.14,-5.5935e-08
277.19,-5.5781e-08
277.26,-5.5813e-08
277.32,-5.5822e-08
277.4,-5.5728e-08
277.46,-5.5761e-08
277.53,-5.5763e-08
277.58,-5.5725e-08
277.65,-5.5701e-08
277.71,-5.5746e-08
277.77,-5.5743e-08
277.83,-5.5646e-08
277.9,-5.5692e-08
277.96,-5.5746e-08
278.02,-5.5699e-08
278.1,-5.5651e-08
278.16,-5.5739e-08
278.23,-5.5666e-08
278.29,-5.5731e-08
278.35,-5.5634e-08
278.41,-5.5708e-08
278.47,-5.5645e-08
278.54,-5.5642e-08
278.6,-5.5697e-08
278.66,-5.5718e-08
278.72,-5.5714e-08
278.8,-5.5756e-08
278.86,-5.568e-08
278.92,-5.5737e-08
278.98,-5.5712e-08
279.04,-5.5694e-08
279.09,-5.5706e-08
279.15,-5.5685e-08
279.21,-5.5679e-08
279.27,-5.5772e-08
279.33,-5.579e-08
279.4,-5.5806e-08
279.47,-5.5674e-08
279.53,-5.5663e-08
279.59,-5.5698e-08
279.66,-5.5666e-08
279.71,-5.566e-08
279.78,-5.5766e-08
279.84,-5.5598e-08
279.9,-5.5629e-08
279.96,-5.5629e-08
280.02,-5.5641e-08
280.09,-5.5667e-08
280.17,-5.5612e-08
280.23,-5.5667e-08
280.3,-5.5734e-08
280.35,-5.5696e-08
280.42,-5.5634e-08
280.48,-5.5629e-08
280.54,-5.5595e-08
280.6,-5.5722e-08
280.66,-5.5665e-08
280.73,-5.5665e-08
280.79,-5.5745e-08
280.87,-5.5642e-08
280.93,-5.5665e-08
280.99,-5.5616e-08
281.06,-5.5503e-08
281.12,-5.5621e-08
281.18,-5.5591e-08
281.24,-5.5615e-08
281.3,-5.5611e-08
281.37,-5.5635e-08
281.42,-5.561e-08
281.49,-5.5629e-08
281.56,-5.5624e-08
281.63,-5.5541e-08
281.69,-5.5503e-08
281.75,-5.5479e-08
281.82,-5.5523e-08
281.88,-5.5481e-08
281.94,-5.5407e-08
282.01,-5.5464e-08
282.07,-5.5512e-08
282.13,-5.5474e-08
282.19,-5.5544e-08
282.26,-5.5577e-08
282.32,-5.5559e-08
282.39,-5.5536e-08
282.45,-5.5565e-08
282.52,-5.5566e-08
282.58,-5.5549e-08
282.64,-5.5594e-08
282.7,-5.5609e-08
282.76,-5.5547e-08
282.83,-5.5478e-08
282.88,-5.5466e-08
282.96,-5.5508e-08
283.02,-5.5488e-08
283.08,-5.5515e-08
283.14,-5.5499e-08
283.2,-5.5592e-08
283.26,-5.5558e-08
283.33,-5.5379e-08
283.38,-5.5474e-08
283.45,-5.5644e-08
283.51,-5.5568e-08
283.58,-5.5529e-08
283.65,-5.555e-08
283.71,-5.5528e-08
283.78,-5.5625e-08
283.84,-5.5502e-08
283.9,-5.5543e-08
283.96,-5.5566e-08
284.02,-5.5552e-08
284.09,-5.5592e-08
284.15,-5.5487e-08
284.21,-5.5457e-08
284.27,-5.549e-08
284.35,-5.5483e-08
284.41,-5.5444e-08
284.47,-5.5538e-08
284.53,-5.5473e-08
284.59,-5.5545e-08
284.66,-5.5524e-08
284.72,-5.542e-08
284.78,-5.5441e-08
284.84,-5.5469e-08
284.9,-5.5534e-08
284.97,-5.5515e-08
285.04,-5.553e-08
285.1,-5.558e-08
285.16,-5.5502e-08
285.23,-5.5489e-08
285.29,-5.5488e-08
285.35,-5.5442e-08
285.41,-5.5448e-08
285.47,-5.5419e-08
285.54,-5.5508e-08
285.59,-5.5411e-08
285.66,-5.5504e-08
285.73,-5.5517e-08
285.8,-5.5536e-08
285.86,-5.5516e-08
285.92,-5.5463e-08
285.98,-5.5413e-08
286.04,-5.5437e-08
286.11,-5.549e-08
286.16,-5.5563e-08
286.23,-5.5444e-08
286.29,-5.544e-08
286.35,-5.5565e-08
286.43,-5.5502e-08
286.5,-5.5414e-08
286.55,-5.5489e-08
286.61,-5.5584e-08
286.67,-5.5495e-08
286.73,-5.5289e-08
286.79,-5.5302e-08
286.86,-5.5445e-08
286.92,-5.533e-08
286.98,-5.5296e-08
287.04,-5.5292e-08
287.11,-5.523e-08
287.17,-5.5288e-08
287.24,-5.5259e-08
287.3,-5.5305e-08
287.36,-5.5223e-08
287.43,-5.5388e-08
287.49,-5.5327e-08
287.55,-5.531e-08
287.61,-5.5286e-08
287.68,-5.53e-08
287.74,-5.5309e-08
287.81,-5.5286e-08
287.87,-5.5382e-08
287.93,-5.532e-08
288,-5.5246e-08
288.06,-5.5296e-08
288.13,-5.5327e-08
288.18,-5.5365e-08
288.25,-5.5323e-08
288.31,-5.537e-08
288.37,-5.5392e-08
288.43,-5.5289e-08
288.51,-5.5275e-08
288.57,-5.5316e-08
288.63,-5.5256e-08
288.7,-5.537e-08
288.75,-5.5312e-08
288.82,-5.5398e-08
288.88,-5.5369e-08
288.94,-5.5312e-08
289,-5.5349e-08
289.06,-5.5377e-08
289.13,-5.5332e-08
289.21,-5.541e-08
289.27,-5.5302e-08
289.33,-5.5301e-08
289.39,-5.5266e-08
289.45,-5.5325e-08
289.52,-5.5324e-08
289.58,-5.5286e-08
289.64,-5.5276e-08
289.7,-5.5273e-08
289.77,-5.5197e-08
289.83,-5.5151e-08
289.9,-5.5263e-08
289.96,-5.5226e-08
290.02,-5.5276e-08
290.09,-5.5204e-08
290.15,-5.5186e-08
290.21,-5.5168e-08
290.27,-5.5223e-08
290.34,-5.5218e-08
290.4,-5.5193e-08
290.46,-5.5156e-08
290.52,-5.5152e-08
290.59,-5.5166e-08
290.66,-5.5221e-08
290.71,-5.5256e-08
290.78,-5.5333e-08
290.84,-5.5222e-08
290.91,-5.5175e-08
290.97,-5.5323e-08
291.03,-5.5295e-08
291.09,-5.5237e-08
291.15,-5.5364e-08
291.22,-5.5302e-08
291.29,-5.5264e-08
291.35,-5.5179e-08
291.41,-5.5185e-08
291.48,-5.5177e-08
291.54,-5.5212e-08
291.6,-5.5234e-08
291.66,-5.5225e-08
291.72,-5.5209e-08
291.79,-5.5291e-08
291.85,-5.5163e-08
291.91,-5.5179e-08
291.98,-5.5138e-08
292.04,-5.5197e-08
292.1,-5.5133e-08
292.16,-5.5096e-08
292.22,-5.5152e-08
292.28,-5.5196e-08
292.34,-5.5077e-08
292.4,-5.5065e-08
292.46,-5.502e-08
292.52,-5.514e-08
292.58,-5.5073e-08
292.65,-5.5111e-08
292.72,-5.5103e-08
292.78,-5.5155e-08
292.84,-5.5162e-08
292.9,-5.5058e-08
292.96,-5.5211e-08
293.03,-5.5176e-08
293.09,-5.5143e-08
293.15,-5.5143e-08
293.21,-5.5096e-08
293.28,-5.5066e-08
293.35,-5.5165e-08
293.41,-5.512e-08
293.48,-5.5106e-08
293.54,-5.51e-08
293.61,-5.5193e-08
293.67,-5.523e-08
293.73,-5.5197e-08
293.79,-5.5124e-08
293.85,-5.525e-08
293.92,-5.5121e-08
293.98,-5.514e-08
294.05,-5.5039e-08
294.11,-5.5007e-08
294.18,-5.5049e-08
294.24,-5.5053e-08
294.3,-5.5051e-08
294.37,-5.5022e-08
294.42,-5.503e-08
294.49,-5.5085e-08
294.55,-5.5075e-08
294.61,-5.5069e-08
294.67,-5.5075e-08
294.75,-5.5026e-08
294.81,-5.5112e-08
294.87,-5.5121e-08
294.92,-5.4961e-08
294.99,-5.5006e-08
295.05,-5.5016e-08
295.11,-5.4934e-08
295.17,-5.4978e-08
295.24,-5.488e-08
295.3,-5.4952e-08
295.36,-5.5004e-08
295.44,-5.495e-08
295.5,-5.503e-08
295.56,-5.4981e-08
295.63,-5.503e-08
295.69,-5.4968e-08
295.75,-5.5014e-08
295.81,-5.5003e-08
295.88,-5.512e-08
295.94,-5.5027e-08
296,-5.5097e-08
296.06,-5.4932e-08
296.13,-5.4985e-08
296.2,-5.4945e-08
296.25,-5.4919e-08
296.32,-5.4942e-08
296.38,-5.4958e-08
296.44,-5.5024e-08
296.5,-5.4983e-08
296.56,-5.5029e-08
296.62,-5.4989e-08
296.69,-5.503e-08
296.74,-5.5048e-08
296.82,-5.4955e-08
296.88,-5.4994e-08
296.94,-5.4939e-08
297,-5.4988e-08
297.05,-5.5013e-08
297.12,-5.4967e-08
297.18,-5.502e-08
297.24,-5.4971e-08
297.3,-5.4943e-08
297.36,-5.4924e-08
297.43,-5.4917e-08
297.51,-5.5004e-08
297.57,-5.4994e-08
297.64,-5.4978e-08
297.69,-5.4994e-08
297.76,-5.5081e-08
297.82,-5.4916e-08
297.88,-5.498e-08
297.94,-5.5019e-08
298,-5.4954e-08
298.07,-5.5012e-08
298.13,-5.4936e-08
298.2,-5.4841e-08
298.26,-5.4887e-08
298.33,-5.4868e-08
298.39,-5.4821e-08
298.45,-5.4874e-08
298.51,-5.4858e-08
298.57,-5.4864e-08
298.64,-5.4839e-08
298.7,-5.4854e-08
298.76,-5.4817e-08
298.82,-5.4842e-08
298.9,-5.4913e-08
298.96,-5.4838e-08
299.02,-5.4871e-08
299.08,-5.4946e-08
299.14,-5.4978e-08
299.19,-5.4887e-08
299.25,-5.4842e-08
299.31,-5.4789e-08
299.37,-5.4837e-08
299.44,-5.4814e-08
299.5,-5.4681e-08
299.57,-5.4839e-08
299.64,-5.4895e-08
299.69,-5.4888e-08
299.75,-5.4868e-08
299.82,-5.4799e-08
299.88,-5.4803e-08
299.94,-5.4737e-08
300,-5.4733e-08
300.06,-5.473e-08
300.13,-5.4767e-08
300.19,-5.4741e-08
300.27,-5.4733e-08
300.33,-5.4875e-08
300.39,-5.4871e-08
300.46,-5.4858e-08
300.52,-5.4871e-08
300.58,-5.4827e-08
300.64,-5.4933e-08
300.7,-5.4879e-08
300.77,-5.4805e-08
300.82,-5.4764e-08
300.89,-5.4749e-08
300.96,-5.4845e-08
301.02,-5.4852e-08
301.08,-5.4803e-08
301.14,-5.4778e-08
301.2,-5.4822e-08
301.27,-5.4697e-08
301.33,-5.4811e-08
301.39,-5.4743e-08
301.45,-5.4926e-08
301.51,-5.4772e-08
301.57,-5.4839e-08
301.64,-5.484e-08
301.71,-5.4786e-08
301.77,-5.4788e-08
301.84,-5.4822e-08
301.9,-5.4902e-08
301.96,-5.4798e-08
302.02,-5.4698e-08
302.09,-5.4728e-08
302.15,-5.4753e-08
302.21,-5.4736e-08
302.27,-5.4808e-08
302.35,-5.4767e-08
302.41,-5.479e-08
302.47,-5.479e-08
302.54,-5.4812e-08
302.59,-5.4821e-08
302.65,-5.4715e-08
302.71,-5.4686e-08
302.77,-5.4694e-08
302.83,-5.4682e-08
302.88,-5.4689e-08
302.95,-5.4679e-08
303.02,-5.4753e-08
303.08,-5.4693e-08
303.14,-5.4678e-08
303.2,-5.4716e-08
303.26,-5.4598e-08
303.33,-5.4673e-08
303.39,-5.4636e-08
303.45,-5.4683e-08
303.51,-5.4693e-08
303.58,-5.4599e-08
303.63,-5.4697e-08
303.71,-5.4713e-08
303.77,-5.4717e-08
303.83,-5.4729e-08
303.9,-5.4677e-08
303.96,-5.4597e-08
304.02,-5.459e-08
304.08,-5.4537e-08
304.13,-5.4523e-08
304.19,-5.4548e-08
304.25,-5.4532e-08
304.32,-5.4615e-08
304.4,-5.4596e-08
304.46,-5.4619e-08
304.53,-5.4672e-08
304.59,-5.4681e-08
304.65,-5.4575e-08
304.71,-5.4692e-08
304.78,-5.4619e-08
304.84,-5.461e-08
304.9,-5.456e-08
304.96,-5.4596e-08
305.03,-5.4623e-08
305.1,-5.4598e-08
305.16,-5.4601e-08
305.22,-5.4628e-08
305.28,-5.4577e-08
305.34,-5.4558e-08
305.4,-5.4652e-08
305.47,-5.4599e-08
305.52,-5.4526e-08
305.59,-5.4634e-08
305.65,-5.4604e-08
305.71,-5.472e-08
305.78,-5.4615e-08
305.85,-5.4604e-08
305.91,-5.4615e-08
305.97,-5.4506e-08
306.04,-5.451e-08
306.1,-5.4452e-08
306.16,-5.4494e-08
306.22,-5.4542e-08
306.28,-5.4424e-08
306.35,-5.4443e-08
306.4,-5.4585e-08
306.48,-5.4463e-08
306.54,-5.4433e-08
306.6,-5.4434e-08
306.66,-5.4433e-08
306.72,-5.4444e-08
306.78,-5.4488e-08
306.85,-5.4429e-08
306.91,-5.4411e-08
306.97,-5.4397e-08
307.04,-5.4502e-08
307.1,-5.4477e-08
307.17,-5.4544e-08
307.23,-5.4562e-08
307.3,-5.4539e-08
307.36,-5.456e-08
307.42,-5.4596e-08
307.48,-5.4568e-08
307.54,-5.4474e-08
307.61,-5.4453e-08
307.67,-5.4548e-08
307.73,-5.4479e-08
307.79,-5.4506e-08
307.87,-5.4445e-08
307.93,-5.451e-08
307.99,-5.4511e-08
308.05,-5.4463e-08
308.11,-5.4504e-08
308.17,-5.4483e-08
308.24,-5.4512e-08
308.29,-5.4515e-08
308.36,-5.4525e-08
308.42,-5.4477e-08
308.48,-5.4479e-08
308.55,-5.4493e-08
308.62,-5.4401e-08
308.68,-5.446e-08
308.74,-5.4458e-08
308.8,-5.4512e-08
308.86,-5.4548e-08
308.92,-5.4523e-08
308.98,-5.4437e-08
309.04,-5.4392e-08
309.11,-5.4457e-08
309.17,-5.4508e-08
309.25,-5.441e-08
309.31,-5.4437e-08
309.38,-5.4449e-08
309.44,-5.4415e-08
309.5,-5.4518e-08
309.56,-5.446e-08
309.62,-5.4454e-08
309.68,-5.4505e-08
309.75,-5.4473e-08
309.81,-5.4412e-08
309.87,-5.4496e-08
309.95,-5.443e-08
310.01,-5.4398e-08
310.08,-5.4469e-08
310.14,-5.443e-08
310.2,-5.4354e-08
310.26,-5.4389e-08
310.33,-5.4365e-08
310.39,-5.4371e-08
310.46,-5.4309e-08
310.51,-5.4295e-08
310.58,-5.4428e-08
310.65,-5.4417e-08
310.71,-5.4465e-08
310.77,-5.4438e-08
310.83,-5.447e-08
310.89,-5.4436e-08
310.95,-5.4389e-08
311.02,-5.4417e-08
311.07,-5.4407e-08
311.14,-5.4399e-08
311.2,-5.4509e-08
311.26,-5.4481e-08
311.33,-5.4449e-08
311.4,-5.4418e-08
311.46,-5.4439e-08
311.53,-5.4365e-08
311.59,-5.4308e-08
311.65,-5.4321e-08
311.71,-5.4374e-08
311.77,-5.441e-08
311.84,-5.4348e-08
311.89,-5.4294e-08
311.96,-5.4366e-08
312.03,-5.4265e-08
312.09,-5.4316e-08
312.15,-5.4294e-08
312.21,-5.4272e-08
312.27,-5.4304e-08
312.34,-5.4389e-08
312.4,-5.4375e-08
312.46,-5.4373e-08
312.52,-5.435e-08
312.58,-5.4324e-08
312.65,-5.4378e-08
312.72,-5.4231e-08
312.78,-5.4182e-08
312.85,-5.428e-08
312.91,-5.4249e-08
312.97,-5.4361e-08
313.03,-5.4302e-08
313.09,-5.429e-08
313.16,-5.4183e-08
313.22,-5.4276e-08
313.28,-5.4255e-08
313.34,-5.4325e-08
313.42,-5.4248e-08
313.48,-5.4217e-08
313.54,-5.4259e-08
313.61,-5.4285e-08
313.66,-5.4245e-08
313.73,-5.4206e-08
313.79,-5.423e-08
313.85,-5.4263e-08
313.91,-5.4138e-08
313.98,-5.4168e-08
314.04,-5.4234e-08
314.11,-5.4164e-08
314.17,-5.4089e-08
314.23,-5.4101e-08
314.3,-5.411e-08
314.36,-5.4118e-08
314.42,-5.4132e-08
314.48,-5.4181e-08
314.54,-5.4247e-08
314.61,-5.4169e-08
314.67,-5.4222e-08
314.73,-5.4194e-08
314.8,-5.4222e-08
314.86,-5.4127e-08
314.92,-5.4133e-08
314.99,-5.4094e-08
315.05,-5.4197e-08
315.1,-5.4197e-08
315.17,-5.4208e-08
315.23,-5.4157e-08
315.29,-5.4105e-08
315.36,-5.408e-08
315.42,-5.4055e-08
315.5,-5.4046e-08
315.57,-5.4062e-08
315.62,-5.4103e-08
315.69,-5.4217e-08
315.74,-5.4058e-08
315.81,-5.4195e-08
315.87,-5.4147e-08
315.93,-5.4183e-08
316,-5.4127e-08
316.05,-5.4107e-08
316.12,-5.4106e-08
316.19,-5.4057e-08
316.26,-5.4047e-08
316.32,-5.4069e-08
316.38,-5.413e-08
316.45,-5.4115e-08
316.51,-5.4119e-08
316.57,-5.412e-08
316.64,-5.4123e-08
316.69,-5.4118e-08
316.76,-5.4071e-08
316.82,-5.4056e-08
316.89,-5.4076e-08
316.95,-5.4127e-08
317.02,-5.4156e-08
317.08,-5.4075e-08
317.14,-5.4095e-08
317.21,-5.4145e-08
317.26,-5.4151e-08
317.33,-5.4126e-08
317.39,-5.4137e-08
317.46,-5.411e-08
317.51,-5.3992e-08
317.59,-5.4089e-08
317.65,-5.4114e-08
317.71,-5.4011e-08
317.77,-5.4083e-08
317.83,-5.4132e-08
317.89,-5.4065e-08
317.96,-5.4123e-08
318.01,-5.4084e-08
318.08,-5.4029e-08
318.14,-5.4037e-08
318.2,-5.402e-08
318.28,-5.4074e-08
318.34,-5.4017e-08
318.4,-5.4077e-08
318.47,-5.4068e-08
318.53,-5.3976e-08
318.59,-5.4011e-08
318.65,-5.4033e-08
318.71,-5.3996e-08
318.78,-5.3963e-08
318.83,-5.4004e-08
318.9,-5.3929e-08
318.97,-5.4039e-08
319.04,-5.4039e-08
319.09,-5.4039e-08
319.16,-5.4028e-08
319.21,-5.4039e-08
319.28,-5.408e-08
319.34,-5.4057e-08
319.4,-5.4036e-08
319.46,-5.4035e-08
319.53,-5.4083e-08
319.59,-5.4066e-08
319.66,-5.4088e-08
319.72,-5.4099e-08
319.79,-5.4145e-08
319.85,-5.4063e-08
319.91,-5.4062e-08
319.97,-5.4069e-08
320.03,-5.4023e-08
320.08,-5.4023e-08
320.15,-5.4097e-08
320.21,-5.4008e-08
320.28,-5.4034e-08
320.35,-5.3947e-08
320.42,-5.3965e-08
320.48,-5.3976e-08
320.54,-5.4002e-08
320.6,-5.4039e-08
320.66,-5.3987e-08
320.72,-5.4057e-08
320.78,-5.3865e-08
320.85,-5.3854e-08
320.91,-5.3995e-08
320.97,-5.3882e-08
321.05,-5.3942e-08
321.11,-5.3933e-08
321.18,-5.3986e-08
321.24,-5.39e-08
321.3,-5.3947e-08
321.36,-5.3926e-08
321.42,-5.388e-08
321.49,-5.392e-08
321.55,-5.3932e-08
321.61,-5.3852e-08
321.67,-5.3866e-08
321.75,-5.3852e-08
321.81,-5.388e-08
321.87,-5.388e-08
321.93,-5.3882e-08
321.99,-5.3933e-08
322.05,-5.3999e-08
322.11,-5.4009e-08
322.17,-5.3895e-08
322.23,-5.3865e-08
322.3,-5.3878e-08
322.35,-5.3961e-08
322.43,-5.3889e-08
322.49,-5.3909e-08
322.55,-5.395e-08
322.61,-5.3877e-08
322.67,-5.3932e-08
322.73,-5.397e-08
322.8,-5.3974e-08
322.86,-5.3979e-08
322.92,-5.3926e-08
322.98,-5.3968e-08
323.04,-5.3929e-08
323.12,-5.3887e-08
323.19,-5.3853e-08
323.25,-5.3839e-08
323.31,-5.3842e-08
323.37,-5.397e-08
323.43,-5.3856e-08
323.5,-5.3848e-08
323.55,-5.3855e-08
323.62,-5.3842e-08
323.68,-5.3726e-08
323.75,-5.3816e-08
323.82,-5.3829e-08
323.89,-5.3814e-08
323.95,-5.3828e-08
324.01,-5.3687e-08
324.08,-5.3819e-08
324.13,-5.385e-08
324.2,-5.3846e-08
324.26,-5.3943e-08
324.32,-5.3817e-08
324.38,-5.3877e-08
324.44,-5.3901e-08
324.52,-5.392e-08
324.58,-5.3827e-08
324.64,-5.382e-08
324.7,-5.3815e-08
324.76,-5.3903e-08
324.82,-5.3814e-08
324.89,-5.3797e-08
324.94,-5.3791e-08
325.01,-5.3891e-08
325.07,-5.3809e-08
325.13,-5.3791e-08
325.2,-5.3801e-08
325.27,-5.3762e-08
325.33,-5.3765e-08
325.39,-5.3703e-08
325.46,-5.3762e-08
325.51,-5.3713e-08
325.57,-5.3696e-08
325.63,-5.3681e-08
325.69,-5.3628e-08
325.76,-5.3611e-08
325.82,-5.3739e-08
325.9,-5.3717e-08
325.96,-5.3761e-08
326.02,-5.3742e-08
326.08,-5.3672e-08
326.14,-5.3713e-08
326.21,-5.3727e-08
326.27,-5.3678e-08
326.33,-5.3743e-08
326.39,-5.3824e-08
326.46,-5.3704e-08
326.52,-5.3666e-08
326.6,-5.3692e-08
326.66,-5.3703e-08
326.72,-5.3602e-08
326.79,-5.3625e-08
326.85,-5.3657e-08
326.91,-5.3623e-08
326.97,-5.3707e-08
327.04,-5.3749e-08
327.1,-5.3695e-08
327.16,-5.3692e-08
327.22,-5.3698e-08
327.29,-5.3705e-08
327.36,-5.3733e-08
327.42,-5.3764e-08
327.47,-5.3684e-08
327.54,-5.3707e-08
327.6,-5.3698e-08
327.66,-5.3677e-08
327.72,-5.3722e-08
327.78,-5.366e-08
327.85,-5.3738e-08
327.9,-5.365e-08
327.98,-5.3624e-08
328.04,-5.3753e-08
328.11,-5.3749e-08
328.17,-5.3688e-08
328.24,-5.3677e-08
328.29,-5.3725e-08
328.36,-5.3782e-08
328.42,-5.369e-08
328.48,-5.3621e-08
328.54,-5.3638e-08
328.6,-5.365e-08
328.68,-5.3565e-08
328.74,-5.3614e-08
328.81,-5.3566e-08
328.87,-5.3519e-08
328.93,-5.3504e-08
329,-5.3554e-08
329.06,-5.3715e-08
329.12,-5.3722e-08
329.18,-5.3643e-08
329.25,-5.3643e-08
329.31,-5.3573e-08
329.38,-5.3629e-08
329.45,-5.3556e-08
329.51,-5.3445e-08
329.57,-5.3603e-08
329.64,-5.3613e-08
329.7,-5.3623e-08
329.76,-5.3544e-08
329.82,-5.3527e-08
329.89,-5.3514e-08
329.95,-5.3495e-08
330.01,-5.352e-08
330.08,-5.3468e-08
330.15,-5.349e-08
330.21,-5.3586e-08
330.27,-5.3664e-08
330.34,-5.3684e-08
330.4,-5.3607e-08
330.46,-5.3608e-08
330.53,-5.3753e-08
330.58,-5.3642e-08
330.65,-5.3613e-08
330.71,-5.3699e-08
330.78,-5.3615e-08
330.84,-5.3623e-08
330.91,-5.3574e-08
330.96,-5.3569e-08
331.02,-5.3652e-08
331.09,-5.3559e-08
331.15,-5.3584e-08
331.21,-5.363e-08
331.27,-5.3496e-08
331.33,-5.3472e-08
331.4,-5.3412e-08
331.48,-5.3498e-08
331.54,-5.3484e-08
331.6,-5.3486e-08
331.66,-5.3551e-08
331.72,-5.3503e-08
331.79,-5.3473e-08
331.85,-5.3537e-08
331.91,-5.3571e-08
331.97,-5.3508e-08
332.02,-5.3526e-08
332.09,-5.3556e-08
332.16,-5.352e-08
332.22,-5.3544e-08
332.28,-5.3515e-08
332.34,-5.349e-08
332.4,-5.3394e-08
332.46,-5.3373e-08
332.53,-5.3389e-08
332.58,-5.347e-08
332.65,-5.3487e-08
332.71,-5.3433e-08
332.78,-5.3405e-08
332.84,-5.3437e-08
332.91,-5.3505e-08
332.97,-5.3395e-08
333.03,-5.3589e-08
333.1,-5.3559e-08
333.15,-5.35e-08
333.21,-5.3596e-08
333.27,-5.3523e-08
333.33,-5.353e-08
333.4,-5.3652e-08
333.46,-5.3578e-08
333.54,-5.3511e-08
333.6,-5.3494e-08
333.66,-5.359e-08
333.72,-5.3595e-08
333.78,-5.3536e-08
333.84,-5.3561e-08
333.91,-5.3544e-08
333.97,-5.3595e-08
334.03,-5.35e-08
334.08,-5.3491e-08
334.15,-5.3533e-08
334.22,-5.3426e-08
334.29,-5.3513e-08
334.34,-5.3398e-08
334.41,-5.3374e-08
334.46,-5.3375e-08
334.53,-5.3395e-08
334.59,-5.3338e-08
334.65,-5.3378e-08
334.71,-5.341e-08
334.77,-5.3495e-08
334.83,-5.3342e-08
334.91,-5.3378e-08
334.97,-5.3359e-08
335.03,-5.3456e-08
335.1,-5.3462e-08
335.16,-5.3397e-08
335.22,-5.3419e-08
335.28,-5.3342e-08
335.34,-5.3325e-08
335.41,-5.331e-08
335.46,-5.3287e-08
335.53,-5.3334e-08
335.6,-5.3428e-08
335.67,-5.3423e-08
335.72,-5.3426e-08
335.78,-5.3298e-08
335.85,-5.3378e-08
335.91,-5.3453e-08
335.97,-5.3414e-08
336.03,-5.3392e-08
336.09,-5.3378e-08
336.16,-5.3328e-08
336.22,-5.3346e-08
336.3,-5.3333e-08
336.36,-5.3404e-08
336.42,-5.3289e-08
336.49,-5.3365e-08
336.55,-5.3355e-08
336.61,-5.3394e-08
336.67,-5.3389e-08
336.73,-5.3439e-08
336.8,-5.3535e-08
336.86,-5.3431e-08
336.92,-5.3392e-08
336.99,-5.3388e-08
337.06,-5.3297e-08
337.11,-5.3449e-08
337.18,-5.344e-08
337.23,-5.3409e-08
337.3,-5.3375e-08
337.36,-5.3275e-08
337.42,-5.3244e-08
337.48,-5.333e-08
337.54,-5.3251e-08
337.6,-5.3341e-08
337.68,-5.3337e-08
337.74,-5.3335e-08
337.8,-5.334e-08
337.87,-5.3451e-08
337.93,-5.3414e-08
337.99,-5.3387e-08
338.04,-5.3309e-08
338.1,-5.3334e-08
338.17,-5.335e-08
338.23,-5.3301e-08
338.29,-5.3439e-08
338.37,-5.3359e-08
338.43,-5.3405e-08
338.49,-5.3368e-08
338.55,-5.3472e-08
338.61,-5.3416e-08
338.68,-5.3334e-08
338.73,-5.3375e-08
338.8,-5.3316e-08
338.85,-5.3358e-08
338.91,-5.3284e-08
338.97,-5.3327e-08
339.05,-5.3376e-08
339.11,-5.332e-08
339.17,-5.3325e-08
339.23,-5.3458e-08
339.29,-5.3385e-08
339.35,-5.3381e-08
339.42,-5.3315e-08
339.47,-5.3333e-08
339.54,-5.3247e-08
339.6,-5.338e-08
339.66,-5.336e-08
339.73,-5.339e-08
339.79,-5.3266e-08
339.86,-5.3335e-08
339.92,-5.3401e-08
339.99,-5.3425e-08
340.04,-5.3421e-08
340.1,-5.3309e-08
340.16,-5.33e-08
340.22,-5.321e-08
340.28,-5.3252e-08
340.35,-5.3234e-08
340.42,-5.3281e-08
340.49,-5.332e-08
340.55,-5.3281e-08
340.61,-5.3294e-08
340.66,-5.3315e-08
340.72,-5.3368e-08
340.79,-5.3165e-08
340.85,-5.3136e-08
340.91,-5.32e-08
340.98,-5.3213e-08
341.03,-5.3189e-08
341.1,-5.3283e-08
341.17,-5.312e-08
341.23,-5.3197e-08
341.29,-5.3211e-08
341.36,-5.3112e-08
341.41,-5.3146e-08
341.47,-5.318e-08
341.53,-5.3127e-08
341.59,-5.3093e-08
341.65,-5.309e-08
341.71,-5.3199e-08
341.79,-5.3183e-08
341.85,-5.3134e-08
341.91,-5.3094e-08
341.97,-5.319e-08
342.03,-5.3273e-08
342.09,-5.3292e-08
342.15,-5.3158e-08
342.22,-5.3175e-08
342.27,-5.3226e-08
342.34,-5.32e-08
342.4,-5.3253e-08
342.48,-5.3137e-08
342.54,-5.3065e-08
342.61,-5.3131e-08
342.66,-5.3167e-08
342.73,-5.3139e-08
342.79,-5.3093e-08
342.85,-5.3113e-08
342.91,-5.3203e-08
342.97,-5.3178e-08
343.02,-5.3257e-08
343.09,-5.3189e-08
343.17,-5.3205e-08
343.23,-5.3231e-08
343.29,-5.3179e-08
343.35,-5.3142e-08
343.41,-5.3152e-08
343.47,-5.3153e-08
343.53,-5.3174e-08
343.59,-5.3147e-08
343.65,-5.3123e-08
343.72,-5.3095e-08
343.78,-5.2968e-08
343.85,-5.3003e-08
343.91,-5.3028e-08
343.98,-5.3059e-08
344.04,-5.3128e-08
344.1,-5.3106e-08
344.17,-5.3112e-08
344.23,-5.3095e-08
344.29,-5.3164e-08
344.36,-5.3113e-08
344.41,-5.3001e-08
344.48,-5.2995e-08
344.55,-5.2988e-08
344.62,-5.3042e-08
344.68,-5.3056e-08
344.75,-5.3125e-08
344.8,-5.3118e-08
344.86,-5.3115e-08
344.92,-5.3083e-08
344.99,-5.3015e-08
345.05,-5.3062e-08
345.12,-5.3115e-08
345.18,-5.3055e-08
345.26,-5.2992e-08
345.32,-5.3083e-08
345.38,-5.3018e-08
345.44,-5.301e-08
345.5,-5.3014e-08
345.56,-5.3119e-08
345.63,-5.311e-08
345.69,-5.3118e-08
345.75,-5.3046e-08
345.81,-5.3054e-08
345.87,-5.3035e-08
345.95,-5.3042e-08
346.01,-5.3021e-08
346.08,-5.3002e-08
346.14,-5.2982e-08
346.2,-5.2982e-08
346.27,-5.3003e-08
346.33,-5.3021e-08
346.39,-5.3044e-08
346.45,-5.3105e-08
346.51,-5.3051e-08
346.58,-5.3006e-08
346.65,-5.2979e-08
346.71,-5.3089e-08
346.77,-5.2981e-08
346.83,-5.2893e-08
346.89,-5.2921e-08
346.95,-5.2944e-08
347.01,-5.2951e-08
347.08,-5.2843e-08
347.14,-5.2952e-08
347.2,-5.2907e-08
347.26,-5.3013e-08
347.34,-5.2952e-08
347.4,-5.2868e-08
347.47,-5.2884e-08
347.52,-5.2904e-08
347.59,-5.288e-08
347.65,-5.2974e-08
347.71,-5.2927e-08
347.77,-5.2869e-08
347.83,-5.2884e-08
347.89,-5.2903e-08
347.95,-5.3014e-08
348.03,-5.3066e-08
348.09,-5.2973e-08
348.15,-5.299e-08
348.21,-5.2939e-08
348.27,-5.2949e-08
348.33,-5.2923e-08
348.39,-5.288e-08
348.45,-5.2966e-08
348.52,-5.2983e-08
348.58,-5.2966e-08
348.64,-5.2996e-08
348.71,-5.2886e-08
348.77,-5.287e-08
348.84,-5.2815e-08
348.9,-5.293e-08
348.96,-5.2952e-08
349.03,-5.289e-08
349.09,-5.287e-08
349.15,-5.2778e-08
349.22,-5.2777e-08
349.28,-5.2721e-08
349.34,-5.281e-08
349.41,-5.2871e-08
349.48,-5.2808e-08
349.54,-5.2725e-08
349.6,-5.2797e-08
349.66,-5.2721e-08
349.72,-5.2737e-08
349.78,-5.2756e-08
349.84,-5.28e-08
349.9,-5.2715e-08
349.97,-5.2778e-08
350.03,-5.2708e-08
350.1,-5.2702e-08
350.16,-5.2651e-08
350.22,-5.2741e-08
350.29,-5.2704e-08
350.34,-5.2693e-08
350.41,-5.2738e-08
350.47,-5.2756e-08
350.52,-5.2734e-08
350.59,-5.2806e-08
350.65,-5.2814e-08
350.71,-5.2662e-08
350.78,-5.2642e-08
350.84,-5.2785e-08
350.91,-5.2739e-08
350.97,-5.2643e-08
351.04,-5.2686e-08
351.1,-5.2805e-08
351.16,-5.2781e-08
351.22,-5.2954e-08
351.29,-5.2904e-08
351.34,-5.2882e-08
351.41,-5.2874e-08
351.48,-5.2838e-08
351.54,-5.2876e-08
351.61,-5.29e-08
351.67,-5.2878e-08
351.73,-5.2913e-08
351.78,-5.2783e-08
351.85,-5.2831e-08
351.91,-5.2917e-08
351.97,-5.2886e-08
352.03,-5.2883e-08
352.09,-5.2852e-08
352.17,-5.2941e-08
352.23,-5.2827e-08
352.29,-5.2843e-08
352.36,-5.2839e-08
352.41,-5.2747e-08
352.48,-5.2789e-08
352.54,-5.2883e-08
352.6,-5.2807e-08
352.67,-5.2722e-08
352.72,-5.2713e-08
352.78,-5.2736e-08
352.86,-5.2745e-08
352.92,-5.2776e-08
352.98,-5.2701e-08
353.05,-5.2759e-08
353.11,-5.2703e-08
353.17,-5.2788e-08
353.24,-5.2613e-08
353.29,-5.2656e-08
353.36,-5.27e-08
353.42,-5.2691e-08
353.48,-5.2746e-08
353.55,-5.2636e-08
353.62,-5.2746e-08
353.68,-5.2744e-08
353.74,-5.2824e-08
353.81,-5.2745e-08
353.87,-5.2724e-08
353.93,-5.2766e-08
353.99,-5.273e-08
354.05,-5.2735e-08
354.11,-5.2656e-08
354.18,-5.2752e-08
354.25,-5.2761e-08
354.31,-5.278e-08
354.38,-5.2783e-08
354.44,-5.2715e-08
354.5,-5.2743e-08
354.56,-5.2651e-08
354.62,-5.2538e-08
354.68,-5.2634e-08
354.75,-5.2576e-08
354.81,-5.253e-08
354.86,-5.2601e-08
354.94,-5.262e-08
355,-5.2627e-08
355.06,-5.2624e-08
355.13,-5.2652e-08
355.19,-5.262e-08
355.25,-5.27e-08
355.31,-5.2672e-08
355.38,-5.2733e-08
355.44,-5.2671e-08
355.5,-5.268e-08
355.56,-5.2572e-08
355.64,-5.2603e-08
355.7,-5.2548e-08
355.76,-5.251e-08
355.83,-5.256e-08
355.89,-5.2623e-08
355.95,-5.2597e-08
356,-5.2522e-08
356.07,-5.2588e-08
356.13,-5.2577e-08
356.19,-5.2582e-08
356.25,-5.2545e-08
356.33,-5.2509e-08
356.39,-5.2507e-08
356.45,-5.2554e-08
356.5,-5.2562e-08
356.57,-5.2547e-08
356.63,-5.257e-08
356.7,-5.251e-08
356.75,-5.2669e-08
356.82,-5.2558e-08
356.88,-5.2641e-08
356.94,-5.2575e-08
357.02,-5.2607e-08
357.08,-5.2569e-08
357.15,-5.2595e-08
357.21,-5.2539e-08
357.27,-5.253e-08
357.33,-5.2624e-08
357.39,-5.2506e-08
357.46,-5.2528e-08
357.52,-5.2582e-08
357.58,-5.2628e-08
357.64,-5.265e-08
357.72,-5.2551e-08
357.78,-5.2522e-08
357.84,-5.2545e-08
357.9,-5.2539e-08
357.96,-5.2458e-08
358.02,-5.2532e-08
358.08,-5.2585e-08
358.14,-5.2656e-08
358.2,-5.2604e-08
358.27,-5.261e-08
358.33,-5.2543e-08
358.4,-5.2478e-08
358.46,-5.2601e-08
358.52,-5.2599e-08
358.58,-5.2565e-08
358.64,-5.2608e-08
358.7,-5.2561e-08
358.77,-5.2599e-08
358.83,-5.2531e-08
358.89,-5.2466e-08
358.95,-5.2656e-08
359.01,-5.2573e-08
359.09,-5.2575e-08
359.15,-5.2451e-08
359.22,-5.2518e-08
359.27,-5.2534e-08
359.34,-5.2609e-08
359.4,-5.2559e-08
359.47,-5.2439e-08
359.52,-5.2435e-08
359.59,-5.2522e-08
359.65,-5.2509e-08
359.71,-5.2508e-08
359.78,-5.2433e-08
359.84,-5.2482e-08
359.91,-5.2443e-08
359.97,-5.2462e-08
360.04,-5.2417e-08
360.09,-5.2386e-08
360.16,-5.2465e-08
360.22,-5.2339e-08
360.28,-5.2417e-08
360.34,-5.2391e-08
360.4,-5.2422e-08
360.48,-5.2334e-08
360.54,-5.2368e-08
360.6,-5.2346e-08
360.66,-5.239e-08
360.72,-5.2374e-08
360.77,-5.2309e-08
360.83,-5.2366e-08
360.9,-5.2396e-08
360.96,-5.2561e-08
361.02,-5.2422e-08
361.08,-5.2417e-08
361.16,-5.2368e-08
361.22,-5.2341e-08
361.28,-5.2352e-08
361.33,-5.2318e-08
361.4,-5.229e-08
361.46,-5.229e-08
361.53,-5.2292e-08
361.58,-5.2267e-08
361.65,-5.2294e-08
361.71,-5.2347e-08
361.77,-5.2389e-08
361.85,-5.2339e-08
361.91,-5.2281e-08
361.97,-5.2317e-08
362.04,-5.2238e-08
362.1,-5.2292e-08
362.16,-5.2292e-08
362.22,-5.2268e-08
362.29,-5.2323e-08
362.35,-5.2379e-08
362.41,-5.2226e-08
362.47,-5.2358e-08
362.55,-5.2286e-08
362.61,-5.2405e-08
362.67,-5.2334e-08
362.73,-5.2417e-08
362.79,-5.2396e-08
362.84,-5.2314e-08
362.9,-5.2266e-08
362.96,-5.2408e-08
363.03,-5.2451e-08
363.08,-5.2463e-08
363.15,-5.2567e-08
363.22,-5.2422e-08
363.29,-5.2573e-08
363.34,-5.2455e-08
363.4,-5.2487e-08
363.46,-5.2451e-08
363.53,-5.2405e-08
363.59,-5.2441e-08
363.65,-5.246e-08
363.71,-5.2434e-08
363.78,-5.2366e-08
363.84,-5.2255e-08
363.92,-5.2342e-08
363.98,-5.2396e-08
364.04,-5.2366e-08
364.11,-5.2444e-08
364.17,-5.2352e-08
364.23,-5.235e-08
364.29,-5.2287e-08
364.35,-5.2364e-08
364.42,-5.2371e-08
364.47,-5.2327e-08
364.54,-5.2362e-08
364.61,-5.2309e-08
364.68,-5.2319e-08
364.73,-5.2283e-08
364.8,-5.2233e-08
364.85,-5.2269e-08
364.91,-5.2298e-08
364.97,-5.229e-08
365.03,-5.2346e-08
365.09,-5.2329e-08
365.15,-5.2312e-08
365.21,-5.2253e-08
365.28,-5.2312e-08
365.35,-5.2302e-08
365.41,-5.2345e-08
365.47,-5.2328e-08
365.53,-5.2362e-08
365.59,-5.2351e-08
365.66,-5.2358e-08
365.72,-5.2348e-08
365.78,-5.2319e-08
365.84,-5.2276e-08
365.91,-5.2323e-08
365.99,-5.2257e-08
366.05,-5.2302e-08
366.12,-5.2287e-08
366.17,-5.2236e-08
366.24,-5.2286e-08
366.3,-5.223e-08
366.36,-5.2146e-08
366.42,-5.2197e-08
366.48,-5.2211e-08
366.53,-5.2213e-08
366.6,-5.2231e-08
366.67,-5.2114e-08
366.74,-5.2157e-08
366.79,-5.224e-08
366.86,-5.2221e-08
366.91,-5.2197e-08
366.98,-5.2186e-08
367.04,-5.218e-08
367.1,-5.2162e-08
367.16,-5.2218e-08
367.23,-5.217e-08
367.28,-5.2202e-08
367.36,-5.2205e-08
367.42,-5.2138e-08
367.48,-5.2217e-08
367.55,-5.2185e-08
367.61,-5.224e-08
367.67,-5.2212e-08
367.73,-5.2206e-08
367.8,-5.2238e-08
367.86,-5.211e-08
367.92,-5.2371e-08
367.98,-5.2243e-08
368.06,-5.2206e-08
368.12,-5.2158e-08
368.18,-5.2284e-08
368.23,-5.2222e-08
368.29,-5.2202e-08
368.35,-5.2251e-08
368.42,-5.2233e-08
368.48,-5.221e-08
368.54,-5.2206e-08
368.6,-5.2202e-08
368.66,-5.2295e-08
368.73,-5.2176e-08
368.8,-5.2148e-08
368.86,-5.2154e-08
368.92,-5.2174e-08
368.98,-5.2165e-08
369.04,-5.2133e-08
369.11,-5.2135e-08
369.17,-5.2166e-08
369.23,-5.2075e-08
369.29,-5.2122e-08
369.35,-5.21e-08
369.43,-5.2095e-08
369.49,-5.2084e-08
369.56,-5.2063e-08
369.62,-5.2071e-08
369.68,-5.2106e-08
369.74,-5.2118e-08
369.8,-5.2124e-08
369.86,-5.2049e-08
369.92,-5.2072e-08
369.99,-5.2093e-08
370.05,-5.2098e-08
370.12,-5.2174e-08
370.18,-5.2117e-08
370.25,-5.2159e-08
370.31,-5.2108e-08
370.37,-5.2164e-08
370.43,-5.2029e-08
370.49,-5.2124e-08
370.56,-5.2034e-08
370.62,-5.2094e-08
370.68,-5.2073e-08
370.74,-5.2042e-08
370.82,-5.2174e-08
370.88,-5.2027e-08
370.94,-5.2079e-08
371.01,-5.2064e-08
371.06,-5.21e-08
371.13,-5.2059e-08
371.19,-5.2027e-08
371.25,-5.2026e-08
371.31,-5.208e-08
371.38,-5.2057e-08
371.44,-5.2023e-08
371.52,-5.2052e-08
371.58,-5.1972e-08
371.65,-5.2165e-08
371.7,-5.2027e-08
371.76,-5.2023e-08
371.83,-5.1999e-08
371.88,-5.2029e-08
371.94,-5.2088e-08
372,-5.2094e-08
372.06,-5.2126e-08
372.12,-5.2009e-08
372.2,-5.2121e-08
372.26,-5.2006e-08
372.32,-5.2044e-08
372.38,-5.2051e-08
372.44,-5.2011e-08
372.5,-5.2023e-08
372.56,-5.2063e-08
372.62,-5.1947e-08
372.69,-5.2004e-08
372.75,-5.1999e-08
372.81,-5.1982e-08
372.88,-5.202e-08
372.95,-5.2025e-08
373,-5.215e-08
373.06,-5.2078e-08
373.12,-5.2093e-08
373.19,-5.2137e-08
373.24,-5.2024e-08
373.31,-5.2018e-08
373.37,-5.2081e-08
373.43,-5.2037e-08
373.5,-5.2082e-08
373.57,-5.2097e-08
373.64,-5.2102e-08
373.69,-5.2099e-08
373.75,-5.21e-08
373.81,-5.2054e-08
373.88,-5.207e-08
373.94,-5.2037e-08
374,-5.2079e-08
374.06,-5.2086e-08
374.13,-5.2096e-08
374.19,-5.2174e-08
374.26,-5.2082e-08
374.33,-5.207e-08
374.39,-5.205e-08
374.46,-5.1977e-08
374.52,-5.1984e-08
374.58,-5.1889e-08
374.65,-5.1982e-08
374.71,-5.1783e-08
374.77,-5.1973e-08
374.83,-5.1809e-08
374.89,-5.1937e-08
374.96,-5.1938e-08
375.03,-5.1974e-08
375.09,-5.1914e-08
375.15,-5.1934e-08
375.22,-5.1973e-08
375.28,-5.1995e-08
375.34,-5.1997e-08
375.4,-5.1924e-08
375.47,-5.1779e-08
375.52,-5.1914e-08
375.59,-5.187e-08
375.66,-5.1878e-08
375.72,-5.1859e-08
375.78,-5.1851e-08
375.84,-5.1907e-08
375.9,-5.1859e-08
375.97,-5.1831e-08
376.03,-5.1811e-08
376.09,-5.1791e-08
376.15,-5.1785e-08
376.21,-5.1902e-08
376.28,-5.1911e-08
376.35,-5.1917e-08
376.41,-5.1874e-08
376.48,-5.1907e-08
376.54,-5.183e-08
376.61,-5.1841e-08
376.66,-5.1842e-08
376.73,-5.1908e-08
376.79,-5.1904e-08
376.85,-5.1846e-08
376.91,-5.1834e-08
376.97,-5.1899e-08
377.05,-5.189e-08
377.11,-5.1866e-08
377.17,-5.1784e-08
377.24,-5.1792e-08
377.3,-5.1818e-08
377.36,-5.1825e-08
377.42,-5.1776e-08
377.48,-5.1873e-08
377.54,-5.1853e-08
377.61,-5.1862e-08
377.67,-5.1873e-08
377.74,-5.1768e-08
377.8,-5.1797e-08
377.87,-5.1857e-08
377.93,-5.1875e-08
377.99,-5.1932e-08
378.05,-5.1849e-08
378.11,-5.1806e-08
378.17,-5.1793e-08
378.23,-5.1842e-08
378.3,-5.1973e-08
378.36,-5.1806e-08
378.43,-5.184e-08
378.5,-5.1795e-08
378.56,-5.1793e-08
378.62,-5.1791e-08
378.68,-5.1775e-08
378.75,-5.1842e-08
378.81,-5.18e-08
378.87,-5.189e-08
378.93,-5.1928e-08
379,-5.1877e-08
379.06,-5.1839e-08
379.13,-5.1884e-08
379.19,-5.1867e-08
379.25,-5.1764e-08
379.32,-5.1762e-08
379.38,-5.1811e-08
379.44,-5.1857e-08
379.5,-5.182e-08
379.57,-5.1769e-08
379.63,-5.1813e-08
379.69,-5.1785e-08
379.75,-5.18e-08
379.83,-5.1806e-08
379.89,-5.17e-08
379.95,-5.174e-08
380.01,-5.1644e-08
380.07,-5.1811e-08
380.14,-5.1823e-08
380.2,-5.1791e-08
380.26,-5.1824e-08
380.32,-5.1776e-08
380.38,-5.1748e-08
380.45,-5.1851e-08
380.52,-5.1899e-08
380.58,-5.1843e-08
380.64,-5.1928e-08
380.71,-5.1885e-08
380.77,-5.1779e-08
380.83,-5.1814e-08
380.89,-5.186e-08
380.95,-5.1855e-08
381.02,-5.1823e-08
381.07,-5.1796e-08
381.14,-5.1803e-08
381.21,-5.1784e-08
381.28,-5.176e-08
381.34,-5.1779e-08
381.4,-5.179e-08
381.46,-5.1803e-08
381.52,-5.1799e-08
381.59,-5.1807e-08
381.65,-5.1801e-08
381.71,-5.1729e-08
381.77,-5.1684e-08
381.82,-5.1775e-08
381.9,-5.1674e-08
381.96,-5.1796e-08
382.02,-5.169e-08
382.09,-5.1786e-08
382.14,-5.1675e-08
382.21,-5.1767e-08
382.27,-5.1689e-08
382.34,-5.1676e-08
382.4,-5.1678e-08
382.46,-5.1687e-08
382.52,-5.1634e-08
382.6,-5.1648e-08
382.66,-5.1634e-08
382.72,-5.164e-08
382.78,-5.172e-08
382.84,-5.1668e-08
382.91,-5.1796e-08
382.97,-5.1604e-08
383.03,-5.1706e-08
383.09,-5.1793e-08
383.15,-5.1838e-08
383.22,-5.174e-08
383.29,-5.1716e-08
383.35,-5.1653e-08
383.41,-5.1737e-08
383.48,-5.1753e-08
383.54,-5.1711e-08
383.6,-5.1692e-08
383.66,-5.1667e-08
383.72,-5.1658e-08
383.79,-5.1653e-08
383.84,-5.1589e-08
383.91,-5.1586e-08
383.98,-5.1607e-08
384.05,-5.1715e-08
384.11,-5.1754e-08
384.17,-5.166e-08
384.23,-5.1704e-08
384.29,-5.1624e-08
384.36,-5.1672e-08
384.41,-5.166e-08
384.48,-5.1614e-08
384.54,-5.1564e-08
384.61,-5.1645e-08
384.69,-5.1611e-08
384.75,-5.1648e-08
384.81,-5.1644e-08
384.86,-5.1771e-08
384.93,-5.1624e-08
384.99,-5.1662e-08
385.05,-5.1603e-08
385.12,-5.1648e-08
385.18,-5.1638e-08
385.24,-5.1688e-08
385.3,-5.1681e-08
385.37,-5.1699e-08
385.43,-5.1669e-08
385.5,-5.1675e-08
385.55,-5.1651e-08
385.61,-5.1758e-08
385.67,-5.1804e-08
385.72,-5.1625e-08
385.79,-5.1814e-08
385.85,-5.179e-08
385.91,-5.1722e-08
385.97,-5.1734e-08
386.05,-5.1621e-08
386.11,-5.1622e-08
386.17,-5.1675e-08
386.23,-5.1639e-08
386.3,-5.1652e-08
386.36,-5.1704e-08
386.42,-5.1725e-08
386.48,-5.1662e-08
386.54,-5.1603e-08
386.61,-5.1587e-08
386.67,-5.1527e-08
386.74,-5.1553e-08
386.8,-5.1544e-08
386.87,-5.1557e-08
386.93,-5.1508e-08
386.99,-5.1578e-08
387.05,-5.1589e-08
387.11,-5.1555e-08
387.18,-5.1587e-08
387.24,-5.1698e-08
387.3,-5.1655e-08
387.36,-5.1701e-08
387.44,-5.1634e-08
387.5,-5.1702e-08
387.56,-5.1721e-08
387.63,-5.168e-08
387.69,-5.1677e-08
387.75,-5.1646e-08
387.81,-5.1716e-08
387.87,-5.1721e-08
387.93,-5.1596e-08
388,-5.1608e-08
388.06,-5.1601e-08
388.13,-5.1582e-08
388.19,-5.1519e-08
388.25,-5.1524e-08
388.32,-5.1623e-08
388.38,-5.1628e-08
388.44,-5.1574e-08
388.5,-5.163e-08
388.56,-5.1556e-08
388.63,-5.1575e-08
388.69,-5.1638e-08
388.75,-5.1605e-08
388.82,-5.157e-08
388.89,-5.159e-08
388.95,-5.156e-08
389.01,-5.1504e-08
389.07,-5.1523e-08
389.14,-5.1569e-08
389.2,-5.1556e-08
389.26,-5.1588e-08
389.32,-5.1568e-08
389.38,-5.1501e-08
389.45,-5.1625e-08
389.53,-5.1575e-08
389.59,-5.1651e-08
389.65,-5.1522e-08
389.71,-5.1478e-08
389.77,-5.1484e-08
389.84,-5.1521e-08
389.9,-5.1575e-08
389.96,-5.154e-08
390.02,-5.1579e-08
390.09,-5.1534e-08
390.15,-5.1567e-08
390.23,-5.155e-08
390.29,-5.1641e-08
390.35,-5.1598e-08
390.42,-5.1528e-08
390.48,-5.1525e-08
390.54,-5.1495e-08
390.6,-5.1538e-08
390.66,-5.1483e-08
390.73,-5.1547e-08
390.78,-5.1513e-08
390.85,-5.1459e-08
390.92,-5.1514e-08
390.99,-5.1636e-08
391.04,-5.1582e-08
391.11,-5.1626e-08
391.17,-5.1544e-08
391.23,-5.149e-08
391.29,-5.1431e-08
391.35,-5.1468e-08
391.41,-5.1463e-08
391.47,-5.1457e-08
391.53,-5.1436e-08
391.61,-5.1495e-08
391.67,-5.1474e-08
391.73,-5.1392e-08
391.78,-5.1459e-08
391.85,-5.1405e-08
391.91,-5.1417e-08
391.97,-5.1434e-08
392.03,-5.1435e-08
392.09,-5.142e-08
392.16,-5.146e-08
392.22,-5.1508e-08
392.29,-5.1487e-08
392.36,-5.1494e-08
392.42,-5.1471e-08
392.49,-5.1461e-08
392.55,-5.142e-08
392.61,-5.1435e-08
392.67,-5.1432e-08
392.73,-5.137e-08
392.8,-5.1416e-08
392.86,-5.1517e-08
392.92,-5.1412e-08
392.99,-5.1541e-08
393.06,-5.1465e-08
393.11,-5.1441e-08
393.18,-5.1383e-08
393.23,-5.1486e-08
393.29,-5.1512e-08
393.35,-5.1456e-08
393.41,-5.1462e-08
393.47,-5.1349e-08
393.53,-5.1454e-08
393.6,-5.1455e-08
393.67,-5.1411e-08
393.73,-5.1419e-08
393.79,-5.1329e-08
393.85,-5.1405e-08
393.9,-5.1343e-08
393.97,-5.1383e-08
394.03,-5.1447e-08
394.09,-5.1369e-08
394.15,-5.1338e-08
394.21,-5.1387e-08
394.27,-5.1528e-08
394.34,-5.1335e-08
394.4,-5.1387e-08
394.46,-5.1397e-08
394.53,-5.1393e-08
394.58,-5.1391e-08
394.65,-5.1388e-08
394.71,-5.1284e-08
394.77,-5.136e-08
394.83,-5.132e-08
394.89,-5.1219e-08
394.96,-5.1304e-08
395.03,-5.1411e-08
395.09,-5.1357e-08
395.15,-5.1293e-08
395.22,-5.1289e-08
395.28,-5.1311e-08
395.34,-5.1231e-08
395.4,-5.126e-08
395.46,-5.1371e-08
395.53,-5.1411e-08
395.58,-5.1432e-08
395.65,-5.1376e-08
395.72,-5.1337e-08
395.79,-5.1304e-08
395.85,-5.1339e-08
395.91,-5.1275e-08
395.97,-5.1268e-08
396.03,-5.131e-08
396.1,-5.1347e-08
396.15,-5.1308e-08
396.22,-5.133e-08
396.28,-5.13e-08
396.34,-5.1245e-08
396.43,-5.1266e-08
396.49,-5.1307e-08
396.55,-5.1359e-08
396.61,-5.1261e-08
396.67,-5.1359e-08
396.74,-5.1365e-08
396.8,-5.1328e-08
396.86,-5.1339e-08
396.92,-5.1369e-08
396.97,-5.1353e-08
397.04,-5.1363e-08
397.11,-5.1316e-08
397.17,-5.1367e-08
397.23,-5.1315e-08
397.29,-5.12e-08
397.35,-5.1201e-08
397.42,-5.1272e-08
397.48,-5.1342e-08
397.54,-5.1255e-08
397.6,-5.1278e-08
397.66,-5.1174e-08
397.73,-5.1225e-08
397.8,-5.132e-08
397.86,-5.1259e-08
397.92,-5.1309e-08
397.99,-5.1283e-08
398.05,-5.1255e-08
398.11,-5.1287e-08
398.17,-5.1342e-08
398.23,-5.1288e-08
398.3,-5.1244e-08
398.35,-5.1406e-08
398.42,-5.1323e-08
398.49,-5.1305e-08
398.56,-5.1255e-08
398.61,-5.1242e-08
398.67,-5.1232e-08
398.73,-5.1334e-08
398.79,-5.1205e-08
398.85,-5.1203e-08
398.92,-5.124e-08
398.97,-5.1216e-08
399.03,-5.1285e-08
399.09,-5.1262e-08
399.16,-5.1232e-08
399.22,-5.1321e-08
399.28,-5.1246e-08
399.35,-5.1209e-08
399.41,-5.1238e-08
399.47,-5.1205e-08
399.53,-5.123e-08
399.59,-5.1161e-08
399.65,-5.12e-08
399.72,-5.1244e-08
399.78,-5.1241e-08
399.85,-5.124e-08
399.91,-5.1206e-08
399.97,-5.1308e-08
400.03,-5.1268e-08
400.09,-5.125e-08
400.15,-5.1249e-08
400.21,-5.1296e-08
400.28,-5.1256e-08
400.33,-5.1267e-08
400.4,-5.123e-08
400.46,-5.1314e-08
