time,current
0,0
0.0058594,-4.2643e-08
0.068359,-2.1699e-08
0.12598,-1.9391e-08
0.18945,-1.876e-08
0.25293,-1.8591e-08
0.31641,-1.8657e-08
0.37988,-1.8795e-08
0.43652,-1.9058e-08
0.49316,-1.9399e-08
0.55664,-1.9732e-08
0.62109,-2.0089e-08
0.69531,-2.0511e-08
0.75781,-2.0908e-08
0.81543,-2.1362e-08
0.87891,-2.1809e-08
0.94238,-2.2275e-08
1.0059,-2.2683e-08
1.0684,-2.3073e-08
1.1328,-2.3516e-08
1.1904,-2.3998e-08
1.2549,-2.4453e-08
1.3184,-2.4879e-08
1.3936,-2.5383e-08
1.457,-2.5823e-08
1.5195,-2.6221e-08
1.5771,-2.6694e-08
1.6406,-2.7142e-08
1.7041,-2.7558e-08
1.7607,-2.7972e-08
1.8184,-2.8367e-08
1.876,-2.8709e-08
1.9336,-2.9187e-08
1.9971,-2.9665e-08
2.0713,-3.0112e-08
2.1348,-3.0456e-08
2.1914,-3.0926e-08
2.2549,-3.1353e-08
2.3184,-3.1767e-08
2.375,-3.2192e-08
2.4385,-3.2549e-08
2.4951,-3.2896e-08
2.5537,-3.3334e-08
2.6172,-3.3766e-08
2.6738,-3.425e-08
2.748,-3.4676e-08
2.8115,-3.4986e-08
2.8682,-3.5381e-08
2.9316,-3.5758e-08
2.9893,-3.6102e-08
3.0469,-3.6398e-08
3.1035,-3.6913e-08
3.167,-3.7228e-08
3.2236,-3.7559e-08
3.2871,-3.7934e-08
3.3447,-3.8312e-08
3.4209,-3.881e-08
3.4844,-3.913e-08
3.541,-3.9465e-08
3.6055,-3.9817e-08
3.6631,-4.0177e-08
3.7266,-4.0522e-08
3.7891,-4.0952e-08
3.8535,-4.1266e-08
3.9111,-4.1566e-08
3.9678,-4.1796e-08
4.0254,-4.2208e-08
4.1016,-4.2654e-08
4.1641,-4.2932e-08
4.2285,-4.3276e-08
4.292,-4.3646e-08
4.3555,-4.3901e-08
4.4121,-4.4323e-08
4.4766,-4.4581e-08
4.541,-4.4967e-08
4.6045,-4.5316e-08
4.6621,-4.5525e-08
4.7266,-4.59e-08
4.8008,-4.6219e-08
4.8643,-4.6492e-08
4.9277,-4.683e-08
4.9844,-4.705e-08
5.0479,-4.7468e-08
5.1113,-4.7687e-08
5.1748,-4.7933e-08
5.2324,-4.8263e-08
5.2969,-4.8576e-08
5.3604,-4.8834e-08
5.4238,-4.9196e-08
5.5,-4.9521e-08
5.5625,-4.9791e-08
5.626,-5.0119e-08
5.6895,-5.0388e-08
5.7529,-5.0723e-08
5.8096,-5.1058e-08
5.8662,-5.1266e-08
5.9297,-5.1569e-08
5.9941,-5.1821e-08
6.0566,-5.2024e-08
6.1211,-5.2232e-08
6.1973,-5.2524e-08
6.2607,-5.283e-08
6.3242,-5.3102e-08
6.3877,-5.3337e-08
6.4512,-5.3697e-08
6.5088,-5.3929e-08
6.5723,-5.409e-08
6.6289,-5.4316e-08
6.6865,-5.4635e-08
6.751,-5.4803e-08
6.8086,-5.4994e-08
6.8838,-5.5352e-08
6.9463,-5.552e-08
7.0039,-5.5761e-08
7.0615,-5.6007e-08
7.1182,-5.6179e-08
7.1816,-5.6426e-08
7.2451,-5.6663e-08
7.3018,-5.6898e-08
7.3652,-5.7139e-08
7.4287,-5.7315e-08
7.4922,-5.7633e-08
7.5664,-5.7963e-08
7.6299,-5.8101e-08
7.6934,-5.8261e-08
7.7568,-5.8466e-08
7.8203,-5.8667e-08
7.877,-5.8884e-08
7.9404,-5.9155e-08
8.0039,-5.9341e-08
8.0684,-5.9488e-08
8.126,-5.9716e-08
8.1895,-5.9926e-08
8.2646,-6.0158e-08
8.3281,-6.0303e-08
8.3916,-6.0539e-08
8.4551,-6.0744e-08
8.5186,-6.0933e-08
8.582,-6.1273e-08
8.6455,-6.135e-08
8.709,-6.1705e-08
8.7666,-6.1785e-08
8.8232,-6.193e-08
8.8789,-6.2149e-08
8.9473,-6.2331e-08
9.0107,-6.2434e-08
9.0664,-6.2604e-08
9.123,-6.2755e-08
9.1875,-6.2964e-08
9.251,-6.3049e-08
9.3086,-6.328e-08
9.3652,-6.3634e-08
9.4287,-6.3742e-08
9.4932,-6.3855e-08
9.5566,-6.4128e-08
9.6309,-6.4161e-08
9.6943,-6.4362e-08
9.751,-6.4636e-08
9.8154,-6.4829e-08
9.8789,-6.4911e-08
9.9424,-6.5166e-08
10.006,-6.543e-08
10.069,-6.5457e-08
10.134,-6.5623e-08
10.19,-6.5778e-08
10.254,-6.5799e-08
10.322,-6.5995e-08
10.386,-6.613e-08
10.449,-6.6325e-08
10.513,-6.6443e-08
10.576,-6.6664e-08
10.64,-6.6781e-08
10.704,-6.6925e-08
10.761,-6.7074e-08
10.818,-6.7239e-08
10.875,-6.7296e-08
10.938,-6.748e-08
11.013,-6.7595e-08
11.076,-6.7772e-08
11.14,-6.7967e-08
11.203,-6.8086e-08
11.26,-6.8237e-08
11.323,-6.8378e-08
11.388,-6.8462e-08
11.443,-6.8599e-08
11.507,-6.8759e-08
11.571,-6.8894e-08
11.635,-6.9016e-08
11.711,-6.928e-08
11.774,-6.9371e-08
11.831,-6.9506e-08
11.895,-6.9566e-08
11.959,-6.9608e-08
12.022,-6.9717e-08
12.086,-6.9899e-08
12.144,-7.0147e-08
12.2,-7.0248e-08
12.257,-7.0412e-08
12.321,-7.0476e-08
12.396,-7.0606e-08
12.459,-7.0778e-08
12.521,-7.0838e-08
12.586,-7.0936e-08
12.649,-7.1105e-08
12.706,-7.1188e-08
12.764,-7.1199e-08
12.827,-7.1358e-08
12.891,-7.1533e-08
12.955,-7.1534e-08
13.019,-7.165e-08
13.094,-7.1825e-08
13.156,-7.2121e-08
13.221,-7.2088e-08
13.284,-7.2184e-08
13.341,-7.238e-08
13.405,-7.2464e-08
13.469,-7.2541e-08
13.532,-7.2647e-08
13.59,-7.2766e-08
13.653,-7.2993e-08
13.718,-7.2943e-08
13.792,-7.3104e-08
13.854,-7.3176e-08
13.919,-7.3333e-08
13.982,-7.3431e-08
14.039,-7.3472e-08
14.102,-7.3572e-08
14.166,-7.3635e-08
14.229,-7.3839e-08
14.286,-7.3846e-08
14.344,-7.3984e-08
14.407,-7.4026e-08
14.482,-7.4213e-08
14.546,-7.4252e-08
14.609,-7.4329e-08
14.673,-7.4581e-08
14.737,-7.4558e-08
14.801,-7.4617e-08
14.857,-7.4765e-08
14.915,-7.4756e-08
14.972,-7.478e-08
15.028,-7.4892e-08
15.093,-7.4977e-08
15.168,-7.5255e-08
15.231,-7.5325e-08
15.295,-7.537e-08
15.359,-7.5444e-08
15.416,-7.5385e-08
15.479,-7.5515e-08
15.543,-7.5685e-08
15.607,-7.5712e-08
15.664,-7.5734e-08
15.721,-7.5833e-08
15.785,-7.5902e-08
15.86,-7.6033e-08
15.923,-7.6143e-08
15.987,-7.6227e-08
16.051,-7.6242e-08
16.114,-7.6309e-08
16.171,-7.6477e-08
16.229,-7.6409e-08
16.292,-7.6474e-08
16.35,-7.6602e-08
16.413,-7.6721e-08
16.477,-7.6804e-08
16.551,-7.6998e-08
16.614,-7.6973e-08
16.678,-7.6969e-08
16.734,-7.7077e-08
16.799,-7.7096e-08
16.862,-7.7191e-08
16.92,-7.7394e-08
16.983,-7.7362e-08
17.048,-7.7576e-08
17.111,-7.7495e-08
17.169,-7.7685e-08
17.243,-7.7749e-08
17.306,-7.7788e-08
17.363,-7.769e-08
17.42,-7.7836e-08
17.483,-7.802e-08
17.548,-7.8062e-08
17.604,-7.8086e-08
17.661,-7.8202e-08
17.725,-7.8252e-08
17.788,-7.8309e-08
17.852,-7.8306e-08
17.927,-7.8491e-08
17.99,-7.8554e-08
18.046,-7.8541e-08
18.11,-7.8601e-08
18.166,-7.8701e-08
18.229,-7.8664e-08
18.293,-7.8857e-08
18.35,-7.893e-08
18.414,-7.889e-08
18.478,-7.8938e-08
18.542,-7.9025e-08
18.619,-7.8957e-08
18.683,-7.9058e-08
18.745,-7.9052e-08
18.803,-7.9097e-08
18.866,-7.9125e-08
18.931,-7.9151e-08
18.994,-7.9388e-08
19.052,-7.9272e-08
19.115,-7.9283e-08
19.172,-7.9393e-08
19.229,-7.9502e-08
19.305,-7.9551e-08
19.368,-7.9683e-08
19.432,-7.9638e-08
19.495,-7.9755e-08
19.559,-7.9678e-08
19.622,-7.9879e-08
19.686,-7.9911e-08
19.749,-7.9918e-08
19.806,-7.9996e-08
19.869,-8.0107e-08
19.934,-8.009e-08
20.009,-8.0093e-08
20.071,-8.0183e-08
20.136,-8.0224e-08
20.199,-8.0186e-08
20.264,-8.0357e-08
20.327,-8.0423e-08
20.391,-8.0414e-08
20.447,-8.0498e-08
20.512,-8.0516e-08
20.576,-8.063e-08
20.633,-8.0695e-08
20.708,-8.0645e-08
20.771,-8.0616e-08
20.828,-8.0714e-08
20.892,-8.0819e-08
20.955,-8.0883e-08
21.013,-8.085e-08
21.069,-8.0881e-08
21.126,-8.0957e-08
21.19,-8.1126e-08
21.254,-8.1158e-08
21.311,-8.1172e-08
21.378,-8.1297e-08
21.441,-8.1404e-08
21.498,-8.1368e-08
21.562,-8.157e-08
21.626,-8.1417e-08
21.689,-8.1548e-08
21.753,-8.1517e-08
21.81,-8.1583e-08
21.867,-8.1706e-08
21.931,-8.1613e-08
21.987,-8.1673e-08
22.062,-8.1739e-08
22.126,-8.1824e-08
22.182,-8.1728e-08
22.244,-8.174e-08
22.309,-8.1835e-08
22.365,-8.1854e-08
22.429,-8.1941e-08
22.493,-8.1971e-08
22.55,-8.2104e-08
22.613,-8.2108e-08
22.678,-8.2095e-08
22.753,-8.2187e-08
22.815,-8.2225e-08
22.88,-8.2193e-08
22.937,-8.2209e-08
22.992,-8.2099e-08
23.057,-8.2231e-08
23.12,-8.233e-08
23.184,-8.2389e-08
23.247,-8.2547e-08
23.312,-8.2373e-08
23.368,-8.2417e-08
23.437,-8.2495e-08
23.499,-8.2502e-08
23.563,-8.2531e-08
23.627,-8.2674e-08
23.69,-8.2736e-08
23.755,-8.2695e-08
23.818,-8.2709e-08
23.882,-8.2865e-08
23.939,-8.2822e-08
23.996,-8.2838e-08
24.06,-8.2977e-08
24.134,-8.2911e-08
24.197,-8.3105e-08
24.261,-8.2966e-08
24.324,-8.3048e-08
24.388,-8.3057e-08
24.451,-8.3012e-08
24.508,-8.3122e-08
24.565,-8.3157e-08
24.629,-8.3172e-08
24.691,-8.3258e-08
24.756,-8.3198e-08
24.83,-8.3153e-08
24.894,-8.3191e-08
24.957,-8.3376e-08
25.021,-8.3376e-08
25.078,-8.3441e-08
25.135,-8.3412e-08
25.199,-8.3391e-08
25.263,-8.3535e-08
25.326,-8.3517e-08
25.39,-8.3566e-08
25.454,-8.3512e-08
25.528,-8.3594e-08
25.592,-8.3574e-08
25.655,-8.362e-08
25.719,-8.37e-08
25.776,-8.374e-08
25.84,-8.3805e-08
25.903,-8.3687e-08
25.968,-8.3791e-08
26.024,-8.3641e-08
26.08,-8.3795e-08
26.144,-8.3845e-08
26.219,-8.3856e-08
26.281,-8.385e-08
26.344,-8.3841e-08
26.408,-8.388e-08
26.472,-8.3857e-08
26.535,-8.3958e-08
26.592,-8.3939e-08
26.647,-8.4042e-08
26.712,-8.398e-08
26.775,-8.3955e-08
26.839,-8.3995e-08
26.914,-8.4041e-08
26.978,-8.4078e-08
27.041,-8.4231e-08
27.104,-8.4246e-08
27.161,-8.415e-08
27.218,-8.4123e-08
27.275,-8.4207e-08
27.339,-8.425e-08
27.402,-8.4338e-08
27.467,-8.4362e-08
27.523,-8.4273e-08
27.592,-8.4512e-08
27.655,-8.4387e-08
27.719,-8.4508e-08
27.782,-8.4384e-08
27.846,-8.4496e-08
27.909,-8.4703e-08
27.973,-8.4674e-08
28.036,-8.462e-08
28.093,-8.4643e-08
28.157,-8.4514e-08
28.221,-8.459e-08
28.295,-8.4501e-08
28.358,-8.4545e-08
28.422,-8.4541e-08
28.485,-8.4552e-08
28.549,-8.4672e-08
28.612,-8.471e-08
28.669,-8.471e-08
28.733,-8.4687e-08
28.797,-8.482e-08
28.854,-8.4751e-08
28.918,-8.4751e-08
28.993,-8.4973e-08
29.056,-8.4945e-08
29.12,-8.4918e-08
29.184,-8.5002e-08
29.24,-8.5028e-08
29.305,-8.4992e-08
29.368,-8.4992e-08
29.425,-8.509e-08
29.489,-8.4988e-08
29.553,-8.527e-08
29.615,-8.5201e-08
29.69,-8.5197e-08
29.754,-8.5198e-08
29.81,-8.5162e-08
29.873,-8.5109e-08
29.937,-8.5135e-08
30,-8.5155e-08
30.062,-8.5185e-08
30.127,-8.5202e-08
30.185,-8.5168e-08
30.248,-8.5194e-08
30.312,-8.5134e-08
30.38,-8.5096e-08
30.443,-8.5162e-08
30.507,-8.5236e-08
30.57,-8.5113e-08
30.634,-8.4979e-08
30.698,-8.5086e-08
30.755,-8.5091e-08
30.812,-8.5231e-08
30.876,-8.5195e-08
30.939,-8.5334e-08
31.003,-8.5193e-08
31.078,-8.5111e-08
31.142,-8.5212e-08
31.205,-8.5171e-08
31.269,-8.5279e-08
31.325,-8.5336e-08
31.383,-8.5296e-08
31.439,-8.5421e-08
31.496,-8.5406e-08
31.561,-8.5457e-08
31.624,-8.5447e-08
31.682,-8.5461e-08
31.756,-8.545e-08
31.819,-8.5415e-08
31.875,-8.5406e-08
31.939,-8.5684e-08
32.003,-8.5681e-08
32.066,-8.5806e-08
32.13,-8.5558e-08
32.194,-8.5645e-08
32.25,-8.5601e-08
32.307,-8.5604e-08
32.371,-8.573e-08
32.445,-8.5771e-08
32.508,-8.5759e-08
32.572,-8.5707e-08
32.636,-8.5677e-08
32.699,-8.5749e-08
32.764,-8.5888e-08
32.819,-8.5857e-08
32.877,-8.5773e-08
32.94,-8.5911e-08
33.004,-8.5937e-08
33.066,-8.586e-08
33.142,-8.5935e-08
33.205,-8.593e-08
33.269,-8.5884e-08
33.332,-8.5885e-08
33.39,-8.6041e-08
33.446,-8.5883e-08
33.51,-8.5874e-08
33.573,-8.5962e-08
33.637,-8.592e-08
33.7,-8.603e-08
33.765,-8.593e-08
33.84,-8.5975e-08
33.903,-8.6042e-08
33.967,-8.6011e-08
34.03,-8.6027e-08
34.088,-8.607e-08
34.151,-8.6067e-08
34.215,-8.6008e-08
34.278,-8.6159e-08
34.336,-8.6172e-08
34.393,-8.6141e-08
34.456,-8.6197e-08
34.531,-8.6239e-08
34.595,-8.6225e-08
34.65,-8.6187e-08
34.708,-8.6067e-08
34.771,-8.5988e-08
34.828,-8.6142e-08
34.886,-8.6285e-08
34.942,-8.6247e-08
35.006,-8.622e-08
35.068,-8.6106e-08
35.133,-8.6202e-08
35.209,-8.6354e-08
35.271,-8.6291e-08
35.329,-8.6232e-08
35.393,-8.6345e-08
35.456,-8.6318e-08
35.52,-8.6187e-08
35.584,-8.6186e-08
35.647,-8.6266e-08
35.704,-8.621e-08
35.762,-8.616e-08
35.825,-8.63e-08
35.9,-8.6175e-08
35.964,-8.6206e-08
36.027,-8.6162e-08
36.091,-8.6286e-08
36.154,-8.6218e-08
36.218,-8.6255e-08
36.274,-8.6228e-08
36.332,-8.6269e-08
36.396,-8.6282e-08
36.459,-8.644e-08
36.522,-8.6416e-08
36.597,-8.6285e-08
36.66,-8.6376e-08
36.724,-8.632e-08
36.787,-8.6367e-08
36.844,-8.6422e-08
36.907,-8.6391e-08
36.971,-8.6474e-08
37.027,-8.6252e-08
37.091,-8.6305e-08
37.155,-8.6345e-08
37.219,-8.6258e-08
37.295,-8.637e-08
37.357,-8.6344e-08
37.415,-8.6315e-08
37.479,-8.6256e-08
37.542,-8.6281e-08
37.605,-8.647e-08
37.669,-8.6435e-08
37.733,-8.6258e-08
37.797,-8.6403e-08
37.854,-8.6343e-08
37.918,-8.6528e-08
37.993,-8.6446e-08
38.057,-8.6438e-08
38.12,-8.6381e-08
38.177,-8.6417e-08
38.241,-8.6421e-08
38.305,-8.6385e-08
38.362,-8.6566e-08
38.419,-8.6458e-08
38.476,-8.642e-08
38.54,-8.6487e-08
38.596,-8.6519e-08
38.67,-8.6571e-08
38.733,-8.653e-08
38.797,-8.6545e-08
38.854,-8.6546e-08
38.911,-8.6488e-08
38.968,-8.6396e-08
39.032,-8.6228e-08
39.096,-8.6385e-08
39.159,-8.6442e-08
39.217,-8.6483e-08
39.28,-8.6452e-08
39.355,-8.6383e-08
39.419,-8.6419e-08
39.482,-8.6471e-08
39.546,-8.6511e-08
39.609,-8.6496e-08
39.673,-8.6457e-08
39.736,-8.6401e-08
39.8,-8.6388e-08
39.856,-8.6458e-08
39.921,-8.6439e-08
39.984,-8.6496e-08
40.06,-8.6432e-08
40.123,-8.6437e-08
40.187,-8.636e-08
40.25,-8.6345e-08
40.313,-8.6355e-08
40.377,-8.6398e-08
40.435,-8.6431e-08
40.491,-8.6508e-08
40.555,-8.6555e-08
40.619,-8.6394e-08
40.683,-8.6401e-08
40.749,-8.6378e-08
40.812,-8.6406e-08
40.876,-8.6448e-08
40.938,-8.6368e-08
40.996,-8.654e-08
41.053,-8.6502e-08
41.115,-8.6585e-08
41.18,-8.6446e-08
41.235,-8.6563e-08
41.298,-8.6498e-08
41.355,-8.6485e-08
41.423,-8.6586e-08
41.485,-8.6554e-08
41.549,-8.667e-08
41.612,-8.6565e-08
41.676,-8.6582e-08
41.74,-8.6566e-08
41.804,-8.6529e-08
41.867,-8.6536e-08
41.924,-8.6531e-08
41.979,-8.6548e-08
42.044,-8.6492e-08
42.119,-8.6585e-08
42.182,-8.6674e-08
42.246,-8.6582e-08
42.31,-8.6405e-08
42.373,-8.6603e-08
42.431,-8.6557e-08
42.487,-8.6623e-08
42.551,-8.6593e-08
42.608,-8.6676e-08
42.672,-8.6648e-08
42.735,-8.672e-08
42.81,-8.6609e-08
42.872,-8.6615e-08
42.935,-8.6566e-08
42.999,-8.6538e-08
43.056,-8.6626e-08
43.12,-8.6561e-08
43.184,-8.664e-08
43.247,-8.6637e-08
43.305,-8.665e-08
43.368,-8.6706e-08
43.432,-8.6677e-08
43.507,-8.6731e-08
43.57,-8.671e-08
43.627,-8.6714e-08
43.691,-8.6764e-08
43.755,-8.6723e-08
43.818,-8.6728e-08
43.883,-8.6868e-08
43.946,-8.677e-08
44.003,-8.6703e-08
44.067,-8.6646e-08
44.131,-8.6716e-08
44.199,-8.6748e-08
44.263,-8.6659e-08
44.326,-8.6758e-08
44.391,-8.6812e-08
44.454,-8.665e-08
44.511,-8.6589e-08
44.568,-8.6687e-08
44.625,-8.6625e-08
44.688,-8.6644e-08
44.753,-8.6598e-08
44.816,-8.66e-08
44.892,-8.6724e-08
44.955,-8.6701e-08
45.019,-8.6564e-08
45.082,-8.6606e-08
45.146,-8.6602e-08
45.209,-8.6557e-08
45.271,-8.6531e-08
45.329,-8.6512e-08
45.393,-8.65e-08
45.456,-8.6555e-08
45.521,-8.6521e-08
45.595,-8.6547e-08
45.658,-8.6631e-08
45.722,-8.6673e-08
45.785,-8.6608e-08
45.843,-8.6604e-08
45.906,-8.6522e-08
45.97,-8.6677e-08
46.034,-8.6719e-08
46.091,-8.674e-08
46.147,-8.6798e-08
46.205,-8.6805e-08
46.272,-8.6752e-08
46.335,-8.6671e-08
46.398,-8.6749e-08
46.462,-8.6762e-08
46.524,-8.6867e-08
46.582,-8.675e-08
46.646,-8.6672e-08
46.709,-8.6724e-08
46.772,-8.6727e-08
46.829,-8.6735e-08
46.894,-8.6804e-08
46.967,-8.6689e-08
47.03,-8.6798e-08
47.094,-8.6772e-08
47.151,-8.6589e-08
47.215,-8.6613e-08
47.279,-8.6753e-08
47.343,-8.6759e-08
47.399,-8.6723e-08
47.457,-8.685e-08
47.513,-8.6863e-08
47.576,-8.69e-08
47.651,-8.6723e-08
47.714,-8.6721e-08
47.778,-8.6641e-08
47.842,-8.6628e-08
47.905,-8.6701e-08
47.969,-8.6789e-08
48.033,-8.6608e-08
48.097,-8.6635e-08
48.154,-8.6796e-08
48.218,-8.6639e-08
48.281,-8.6618e-08
48.349,-8.6733e-08
48.411,-8.6721e-08
48.475,-8.668e-08
48.538,-8.6682e-08
48.602,-8.6646e-08
48.665,-8.6606e-08
48.722,-8.6686e-08
48.786,-8.6636e-08
48.85,-8.6722e-08
48.907,-8.6578e-08
48.971,-8.6648e-08
49.045,-8.6574e-08
49.108,-8.655e-08
49.172,-8.6611e-08
49.236,-8.6744e-08
49.292,-8.6803e-08
49.355,-8.682e-08
49.419,-8.6764e-08
49.476,-8.6721e-08
49.54,-8.6636e-08
49.604,-8.6625e-08
49.668,-8.6639e-08
49.742,-8.6699e-08
49.805,-8.665e-08
49.861,-8.6635e-08
49.919,-8.6775e-08
49.982,-8.6665e-08
50.046,-8.6652e-08
50.109,-8.6751e-08
50.167,-8.6691e-08
50.224,-8.6697e-08
50.287,-8.6627e-08
50.344,-8.6677e-08
50.42,-8.671e-08
50.482,-8.6629e-08
50.54,-8.6649e-08
50.604,-8.656e-08
50.667,-8.6694e-08
50.724,-8.6693e-08
50.781,-8.6692e-08
50.837,-8.6706e-08
50.899,-8.6752e-08
50.964,-8.6709e-08
51.027,-8.6687e-08
51.104,-8.6642e-08
51.167,-8.6707e-08
51.223,-8.6644e-08
51.286,-8.6735e-08
51.351,-8.6644e-08
51.414,-8.6667e-08
51.478,-8.6672e-08
51.541,-8.6549e-08
51.604,-8.6652e-08
51.662,-8.6723e-08
51.718,-8.6691e-08
51.786,-8.6572e-08
51.85,-8.6761e-08
51.906,-8.6818e-08
51.971,-8.6638e-08
52.034,-8.663e-08
52.091,-8.6754e-08
52.155,-8.6773e-08
52.219,-8.6688e-08
52.276,-8.6773e-08
52.34,-8.6601e-08
52.403,-8.6749e-08
52.478,-8.6669e-08
52.541,-8.653e-08
52.604,-8.6536e-08
52.669,-8.6593e-08
52.726,-8.651e-08
52.783,-8.6517e-08
52.847,-8.6601e-08
52.902,-8.6441e-08
52.966,-8.6444e-08
53.03,-8.6477e-08
53.087,-8.6423e-08
53.155,-8.652e-08
53.219,-8.6625e-08
53.282,-8.6602e-08
53.345,-8.657e-08
53.409,-8.6557e-08
53.473,-8.6602e-08
53.535,-8.6661e-08
53.6,-8.6672e-08
53.656,-8.6594e-08
53.721,-8.6609e-08
53.784,-8.6725e-08
53.853,-8.671e-08
53.916,-8.6482e-08
53.972,-8.6446e-08
54.035,-8.653e-08
54.093,-8.6524e-08
54.149,-8.6443e-08
54.213,-8.6425e-08
54.277,-8.6458e-08
54.341,-8.6558e-08
54.404,-8.6577e-08
54.468,-8.6601e-08
54.543,-8.6559e-08
54.606,-8.6562e-08
54.662,-8.6544e-08
54.726,-8.6486e-08
54.789,-8.6512e-08
54.853,-8.6368e-08
54.916,-8.6443e-08
54.98,-8.6536e-08
55.037,-8.6407e-08
55.094,-8.6387e-08
55.158,-8.6489e-08
55.233,-8.6461e-08
55.296,-8.6522e-08
55.36,-8.6439e-08
55.424,-8.6412e-08
55.487,-8.6439e-08
55.545,-8.6296e-08
55.602,-8.6411e-08
55.665,-8.6517e-08
55.723,-8.6678e-08
55.786,-8.6533e-08
55.85,-8.6433e-08
55.925,-8.6534e-08
55.988,-8.6667e-08
56.052,-8.6575e-08
56.115,-8.6491e-08
56.173,-8.6588e-08
56.236,-8.6605e-08
56.3,-8.6615e-08
56.364,-8.6638e-08
56.42,-8.671e-08
56.482,-8.6693e-08
56.547,-8.6615e-08
56.624,-8.6646e-08
56.687,-8.6522e-08
56.744,-8.662e-08
56.808,-8.6723e-08
56.871,-8.6648e-08
56.935,-8.659e-08
56.997,-8.6472e-08
57.062,-8.6433e-08
57.117,-8.6545e-08
57.175,-8.6494e-08
57.238,-8.6465e-08
57.312,-8.6492e-08
57.376,-8.6555e-08
57.439,-8.6493e-08
57.503,-8.6582e-08
57.566,-8.6628e-08
57.623,-8.6511e-08
57.68,-8.6509e-08
57.743,-8.6456e-08
57.808,-8.657e-08
57.871,-8.6619e-08
57.935,-8.6609e-08
58.01,-8.6459e-08
58.073,-8.6444e-08
58.137,-8.6509e-08
58.201,-8.6421e-08
58.265,-8.6429e-08
58.322,-8.6429e-08
58.386,-8.6561e-08
58.448,-8.6508e-08
58.513,-8.6499e-08
58.576,-8.6466e-08
58.64,-8.6478e-08
58.715,-8.6349e-08
58.777,-8.6382e-08
58.841,-8.6393e-08
58.904,-8.6387e-08
58.961,-8.6355e-08
59.025,-8.6454e-08
59.089,-8.6359e-08
59.153,-8.6474e-08
59.209,-8.6462e-08
59.271,-8.6329e-08
59.329,-8.6379e-08
59.397,-8.6365e-08
59.46,-8.6443e-08
59.518,-8.6539e-08
59.573,-8.6441e-08
59.637,-8.6469e-08
59.7,-8.6394e-08
59.764,-8.63e-08
59.821,-8.6358e-08
59.885,-8.6353e-08
59.948,-8.627e-08
60.006,-8.6229e-08
60.082,-8.6283e-08
60.145,-8.6239e-08
60.202,-8.621e-08
60.266,-8.6237e-08
60.329,-8.6211e-08
60.386,-8.6178e-08
60.443,-8.6285e-08
60.507,-8.6159e-08
60.57,-8.6252e-08
60.635,-8.6065e-08
60.698,-8.6185e-08
60.773,-8.6181e-08
60.836,-8.6244e-08
60.9,-8.6213e-08
60.957,-8.6078e-08
61.014,-8.6123e-08
61.078,-8.6057e-08
61.142,-8.6107e-08
61.205,-8.6163e-08
61.269,-8.615e-08
61.333,-8.6122e-08
61.39,-8.6103e-08
61.458,-8.6224e-08
61.521,-8.6013e-08
61.585,-8.6014e-08
61.648,-8.6016e-08
61.711,-8.6029e-08
61.775,-8.5909e-08
61.839,-8.5942e-08
61.895,-8.5986e-08
61.952,-8.6078e-08
62.016,-8.6033e-08
62.072,-8.604e-08
62.147,-8.6014e-08
62.211,-8.6066e-08
62.267,-8.6077e-08
62.329,-8.5974e-08
62.394,-8.5939e-08
62.45,-8.6037e-08
62.507,-8.606e-08
62.564,-8.6053e-08
62.628,-8.6056e-08
62.691,-8.5882e-08
62.756,-8.5798e-08
62.831,-8.5842e-08
62.895,-8.5818e-08
62.958,-8.5839e-08
63.021,-8.5876e-08
63.085,-8.5834e-08
63.143,-8.59e-08
63.206,-8.5912e-08
63.27,-8.595e-08
63.327,-8.5936e-08
63.384,-8.5929e-08
63.447,-8.5796e-08
63.522,-8.5954e-08
63.586,-8.5912e-08
63.649,-8.5823e-08
63.714,-8.5925e-08
63.777,-8.5811e-08
63.841,-8.58e-08
63.898,-8.5887e-08
63.955,-8.5861e-08
64.019,-8.5849e-08
64.083,-8.5857e-08
64.146,-8.5855e-08
64.222,-8.5881e-08
64.284,-8.591e-08
64.349,-8.5893e-08
64.412,-8.5958e-08
64.47,-8.594e-08
64.533,-8.592e-08
64.597,-8.5878e-08
64.661,-8.5902e-08
64.718,-8.5865e-08
64.781,-8.5857e-08
64.846,-8.5906e-08
64.921,-8.5899e-08
64.983,-8.5907e-08
65.04,-8.5802e-08
65.104,-8.5655e-08
65.168,-8.5879e-08
65.231,-8.5666e-08
65.295,-8.581e-08
65.358,-8.5695e-08
65.416,-8.5767e-08
65.479,-8.5744e-08
65.543,-8.5719e-08
65.612,-8.5695e-08
65.675,-8.5691e-08
65.731,-8.5577e-08
65.796,-8.5575e-08
65.859,-8.5621e-08
65.916,-8.5821e-08
65.98,-8.565e-08
66.044,-8.5673e-08
66.106,-8.581e-08
66.164,-8.5776e-08
66.228,-8.5813e-08
66.302,-8.5717e-08
66.365,-8.5765e-08
66.429,-8.5762e-08
66.486,-8.5826e-08
66.543,-8.5847e-08
66.599,-8.5836e-08
66.662,-8.5748e-08
66.726,-8.5884e-08
66.789,-8.5816e-08
66.847,-8.5718e-08
66.91,-8.5778e-08
66.983,-8.584e-08
67.047,-8.5703e-08
67.109,-8.5715e-08
67.174,-8.5765e-08
67.237,-8.5728e-08
67.301,-8.5701e-08
67.364,-8.5737e-08
67.422,-8.5753e-08
67.485,-8.5716e-08
67.548,-8.562e-08
67.605,-8.5629e-08
67.681,-8.5638e-08
67.743,-8.5602e-08
67.801,-8.565e-08
67.864,-8.5602e-08
67.922,-8.5558e-08
67.985,-8.5772e-08
68.05,-8.5658e-08
68.105,-8.5655e-08
68.169,-8.5635e-08
68.232,-8.5585e-08
68.295,-8.5682e-08
68.371,-8.5708e-08
68.435,-8.5626e-08
68.498,-8.5673e-08
68.562,-8.5693e-08
68.626,-8.5644e-08
68.69,-8.564e-08
68.754,-8.5617e-08
68.817,-8.5508e-08
68.881,-8.5498e-08
68.938,-8.5623e-08
69.002,-8.5588e-08
69.077,-8.5705e-08
69.141,-8.5626e-08
69.204,-8.5491e-08
69.269,-8.5498e-08
69.332,-8.549e-08
69.396,-8.5455e-08
69.46,-8.5467e-08
69.524,-8.5388e-08
69.58,-8.5395e-08
69.644,-8.5338e-08
69.707,-8.55e-08
69.775,-8.5532e-08
69.838,-8.5427e-08
69.902,-8.5382e-08
69.966,-8.552e-08
70.03,-8.5461e-08
70.086,-8.5614e-08
70.144,-8.5638e-08
70.207,-8.5531e-08
70.264,-8.539e-08
70.326,-8.5563e-08
70.391,-8.5437e-08
70.466,-8.5584e-08
70.528,-8.552e-08
70.591,-8.5596e-08
70.648,-8.5589e-08
70.712,-8.5444e-08
70.776,-8.5577e-08
70.833,-8.5492e-08
70.896,-8.5446e-08
70.961,-8.5502e-08
71.024,-8.545e-08
71.081,-8.5493e-08
71.148,-8.5393e-08
71.212,-8.5311e-08
71.275,-8.5315e-08
71.34,-8.5289e-08
71.403,-8.523e-08
71.467,-8.5272e-08
71.53,-8.5306e-08
71.594,-8.5438e-08
71.651,-8.5427e-08
71.715,-8.5297e-08
71.778,-8.5408e-08
71.848,-8.5356e-08
71.91,-8.5227e-08
71.974,-8.5345e-08
72.037,-8.5199e-08
72.101,-8.5262e-08
72.158,-8.5256e-08
72.215,-8.5238e-08
72.271,-8.5207e-08
72.329,-8.5159e-08
72.393,-8.5156e-08
72.456,-8.5229e-08
72.532,-8.5298e-08
72.596,-8.518e-08
72.659,-8.5304e-08
72.724,-8.5124e-08
72.78,-8.5178e-08
72.844,-8.5217e-08
72.908,-8.5176e-08
72.972,-8.5222e-08
73.036,-8.5029e-08
73.092,-8.5056e-08
73.148,-8.5007e-08
73.218,-8.5032e-08
73.28,-8.5015e-08
73.345,-8.5059e-08
73.408,-8.507e-08
73.471,-8.5159e-08
73.535,-8.5019e-08
73.592,-8.4958e-08
73.656,-8.5043e-08
73.72,-8.5081e-08
73.776,-8.518e-08
73.841,-8.5057e-08
73.915,-8.5247e-08
73.978,-8.523e-08
74.041,-8.527e-08
74.104,-8.5166e-08
74.167,-8.504e-08
74.231,-8.507e-08
74.295,-8.5182e-08
74.352,-8.5064e-08
74.416,-8.5176e-08
74.479,-8.5121e-08
74.543,-8.5213e-08
74.618,-8.5176e-08
74.682,-8.5005e-08
74.738,-8.4978e-08
74.803,-8.5022e-08
74.866,-8.4947e-08
74.93,-8.4883e-08
74.994,-8.5088e-08
75.058,-8.5159e-08
75.114,-8.5202e-08
75.179,-8.5092e-08
75.242,-8.5071e-08
75.311,-8.5199e-08
75.374,-8.522e-08
75.43,-8.5106e-08
75.493,-8.5152e-08
75.557,-8.5078e-08
75.613,-8.5107e-08
75.677,-8.5108e-08
75.74,-8.5367e-08
75.804,-8.5075e-08
75.86,-8.5151e-08
75.925,-8.5065e-08
76,-8.5073e-08
76.063,-8.5148e-08
76.127,-8.5109e-08
76.183,-8.5195e-08
76.24,-8.5169e-08
76.297,-8.5224e-08
76.36,-8.5023e-08
76.425,-8.5032e-08
76.488,-8.5006e-08
76.545,-8.4972e-08
76.603,-8.5088e-08
76.67,-8.4921e-08
76.732,-8.4958e-08
76.797,-8.4865e-08
76.86,-8.5013e-08
76.924,-8.4992e-08
76.987,-8.4994e-08
77.051,-8.497e-08
77.107,-8.4858e-08
77.171,-8.4933e-08
77.235,-8.4935e-08
77.299,-8.4895e-08
77.367,-8.4942e-08
77.431,-8.5003e-08
77.486,-8.4982e-08
77.55,-8.5121e-08
77.606,-8.4971e-08
77.67,-8.4968e-08
77.734,-8.4941e-08
77.791,-8.4911e-08
77.854,-8.4999e-08
77.918,-8.4838e-08
77.981,-8.499e-08
78.057,-8.4928e-08
78.119,-8.4999e-08
78.176,-8.4987e-08
78.24,-8.4893e-08
78.303,-8.4877e-08
78.367,-8.4885e-08
78.431,-8.487e-08
78.495,-8.4879e-08
78.551,-8.4799e-08
78.614,-8.4811e-08
78.678,-8.4899e-08
78.746,-8.4839e-08
78.81,-8.4865e-08
78.873,-8.4824e-08
78.937,-8.4792e-08
79,-8.481e-08
79.056,-8.4848e-08
79.113,-8.4854e-08
79.177,-8.4908e-08
79.24,-8.4895e-08
79.304,-8.4905e-08
79.367,-8.4858e-08
79.442,-8.4943e-08
79.506,-8.495e-08
79.569,-8.4955e-08
79.634,-8.4842e-08
79.696,-8.4895e-08
79.754,-8.5088e-08
79.817,-8.5012e-08
79.882,-8.4857e-08
79.945,-8.4789e-08
80.009,-8.498e-08
80.072,-8.4833e-08
80.147,-8.4763e-08
80.21,-8.4698e-08
80.274,-8.4691e-08
80.338,-8.4792e-08
80.396,-8.4736e-08
80.452,-8.4868e-08
80.508,-8.4855e-08
80.571,-8.4745e-08
80.636,-8.4846e-08
80.699,-8.4741e-08
80.756,-8.4789e-08
80.823,-8.4759e-08
80.887,-8.4581e-08
80.95,-8.4557e-08
81.015,-8.458e-08
81.078,-8.4623e-08
81.143,-8.4657e-08
81.206,-8.4625e-08
81.269,-8.4577e-08
81.326,-8.4535e-08
81.39,-8.4594e-08
81.452,-8.4551e-08
81.521,-8.4527e-08
81.584,-8.4637e-08
81.648,-8.4578e-08
81.712,-8.4519e-08
81.775,-8.4563e-08
81.84,-8.4599e-08
81.896,-8.4458e-08
81.961,-8.4456e-08
82.024,-8.4488e-08
82.088,-8.4424e-08
82.146,-8.4362e-08
82.219,-8.4542e-08
82.282,-8.4519e-08
82.346,-8.4427e-08
82.41,-8.4447e-08
82.466,-8.4573e-08
82.522,-8.448e-08
82.58,-8.4613e-08
82.644,-8.4583e-08
82.707,-8.4631e-08
82.771,-8.4452e-08
82.826,-8.4507e-08
82.895,-8.4335e-08
82.958,-8.4464e-08
83.021,-8.4427e-08
83.086,-8.4574e-08
83.149,-8.439e-08
83.213,-8.4518e-08
83.277,-8.4412e-08
83.341,-8.4467e-08
83.397,-8.4386e-08
83.462,-8.4341e-08
83.525,-8.4334e-08
83.594,-8.4316e-08
83.657,-8.4421e-08
83.713,-8.432e-08
83.776,-8.439e-08
83.84,-8.4368e-08
83.896,-8.4316e-08
83.96,-8.4275e-08
84.023,-8.4298e-08
84.087,-8.4282e-08
84.144,-8.4453e-08
84.208,-8.4421e-08
84.283,-8.438e-08
84.347,-8.427e-08
84.41,-8.4313e-08
84.467,-8.4297e-08
84.524,-8.4471e-08
84.581,-8.442e-08
84.645,-8.4402e-08
84.709,-8.4323e-08
84.772,-8.4385e-08
84.829,-8.4428e-08
84.887,-8.4335e-08
84.955,-8.4333e-08
85.018,-8.423e-08
85.082,-8.4231e-08
85.138,-8.4221e-08
85.2,-8.4232e-08
85.265,-8.4126e-08
85.321,-8.4085e-08
85.386,-8.4057e-08
85.449,-8.4074e-08
85.506,-8.3928e-08
85.569,-8.4052e-08
85.644,-8.4256e-08
85.706,-8.4112e-08
85.769,-8.4149e-08
85.833,-8.4202e-08
85.89,-8.406e-08
85.946,-8.4007e-08
86.004,-8.4104e-08
86.067,-8.4199e-08
86.131,-8.4192e-08
86.194,-8.3953e-08
86.25,-8.4023e-08
86.318,-8.4054e-08
86.382,-8.4068e-08
86.445,-8.4141e-08
86.51,-8.4131e-08
86.573,-8.4029e-08
86.637,-8.3984e-08
86.7,-8.4039e-08
86.764,-8.4024e-08
86.821,-8.4007e-08
86.885,-8.4217e-08
86.948,-8.4165e-08
87.017,-8.4159e-08
87.079,-8.4119e-08
87.143,-8.4206e-08
87.206,-8.418e-08
87.27,-8.4093e-08
87.333,-8.411e-08
87.39,-8.3926e-08
87.454,-8.4099e-08
87.51,-8.4053e-08
87.573,-8.414e-08
87.63,-8.4071e-08
87.699,-8.4115e-08
87.763,-8.4206e-08
87.826,-8.4132e-08
87.883,-8.4147e-08
87.946,-8.4041e-08
88.009,-8.4203e-08
88.073,-8.4037e-08
88.129,-8.4102e-08
88.193,-8.4168e-08
88.257,-8.4127e-08
88.314,-8.4107e-08
88.389,-8.3995e-08
88.451,-8.3983e-08
88.509,-8.4034e-08
88.572,-8.4061e-08
88.636,-8.4085e-08
88.7,-8.3952e-08
88.764,-8.3929e-08
88.82,-8.3864e-08
88.885,-8.3822e-08
88.948,-8.3857e-08
89.006,-8.3824e-08
89.08,-8.3715e-08
89.143,-8.3892e-08
89.2,-8.3815e-08
89.264,-8.3893e-08
89.32,-8.3851e-08
89.385,-8.3805e-08
89.447,-8.3805e-08
89.505,-8.3792e-08
89.568,-8.3814e-08
89.632,-8.3949e-08
89.695,-8.3874e-08
89.771,-8.3829e-08
89.835,-8.382e-08
89.891,-8.3828e-08
89.954,-8.3917e-08
90.018,-8.3825e-08
90.081,-8.3866e-08
90.146,-8.3868e-08
90.209,-8.3753e-08
90.265,-8.3752e-08
90.322,-8.3832e-08
90.386,-8.3752e-08
90.46,-8.3699e-08
90.522,-8.3716e-08
90.587,-8.3667e-08
90.65,-8.3696e-08
90.714,-8.371e-08
90.778,-8.3763e-08
90.834,-8.3786e-08
90.896,-8.3775e-08
90.961,-8.3851e-08
91.024,-8.3708e-08
91.081,-8.3647e-08
91.156,-8.3673e-08
91.22,-8.3661e-08
91.283,-8.375e-08
91.348,-8.3721e-08
91.411,-8.3808e-08
91.476,-8.3674e-08
91.539,-8.3619e-08
91.596,-8.3659e-08
91.66,-8.3566e-08
91.724,-8.3613e-08
91.786,-8.374e-08
91.861,-8.3636e-08
91.925,-8.3603e-08
91.98,-8.3644e-08
92.043,-8.3504e-08
92.107,-8.3658e-08
92.171,-8.3612e-08
92.234,-8.3676e-08
92.298,-8.3494e-08
92.354,-8.3516e-08
92.411,-8.3551e-08
92.468,-8.3599e-08
92.543,-8.3665e-08
92.606,-8.357e-08
92.663,-8.3562e-08
92.727,-8.3678e-08
92.784,-8.3598e-08
92.84,-8.36e-08
92.904,-8.3535e-08
92.968,-8.3506e-08
93.031,-8.3423e-08
93.095,-8.3385e-08
93.158,-8.3406e-08
93.234,-8.3536e-08
93.297,-8.3529e-08
93.354,-8.3388e-08
93.418,-8.3376e-08
93.48,-8.334e-08
93.545,-8.3423e-08
93.608,-8.3466e-08
93.672,-8.3293e-08
93.729,-8.3295e-08
93.792,-8.3267e-08
93.854,-8.3228e-08
93.924,-8.3224e-08
93.986,-8.3363e-08
94.051,-8.3193e-08
94.114,-8.3323e-08
94.178,-8.3372e-08
94.242,-8.335e-08
94.299,-8.3391e-08
94.363,-8.3517e-08
94.427,-8.3509e-08
94.49,-8.3426e-08
94.548,-8.3464e-08
94.622,-8.3384e-08
94.685,-8.336e-08
94.747,-8.3324e-08
94.812,-8.3349e-08
94.867,-8.3573e-08
94.93,-8.3465e-08
94.994,-8.333e-08
95.058,-8.3409e-08
95.114,-8.3314e-08
95.179,-8.3327e-08
95.242,-8.3352e-08
95.318,-8.329e-08
95.382,-8.3333e-08
95.438,-8.3472e-08
95.502,-8.3353e-08
95.566,-8.3246e-08
95.63,-8.3164e-08
95.692,-8.3214e-08
95.757,-8.3271e-08
95.812,-8.3203e-08
95.869,-8.3263e-08
95.927,-8.3224e-08
96.001,-8.3271e-08
96.064,-8.322e-08
96.121,-8.3311e-08
96.185,-8.3331e-08
96.242,-8.3296e-08
96.299,-8.3194e-08
96.355,-8.3264e-08
96.42,-8.322e-08
96.483,-8.3191e-08
96.547,-8.3258e-08
96.604,-8.3307e-08
96.671,-8.3165e-08
96.733,-8.3178e-08
96.798,-8.3366e-08
96.861,-8.3304e-08
96.926,-8.332e-08
96.989,-8.3164e-08
97.053,-8.3108e-08
97.116,-8.3063e-08
97.174,-8.3179e-08
97.237,-8.3149e-08
97.3,-8.3187e-08
97.368,-8.3211e-08
97.432,-8.303e-08
97.487,-8.3209e-08
97.551,-8.3022e-08
97.614,-8.3099e-08
97.672,-8.2853e-08
97.735,-8.3052e-08
97.799,-8.3071e-08
97.855,-8.3102e-08
97.919,-8.3123e-08
97.983,-8.2927e-08
98.059,-8.3002e-08
98.122,-8.3046e-08
98.186,-8.3088e-08
98.243,-8.2965e-08
98.307,-8.2927e-08
98.37,-8.3013e-08
98.428,-8.2978e-08
98.491,-8.3037e-08
98.556,-8.3013e-08
98.619,-8.2905e-08
98.677,-8.2978e-08
98.751,-8.2769e-08
98.814,-8.2895e-08
98.87,-8.3018e-08
98.927,-8.2944e-08
98.991,-8.2954e-08
99.055,-8.2881e-08
99.119,-8.2952e-08
99.176,-8.2848e-08
99.24,-8.2763e-08
99.304,-8.2811e-08
99.361,-8.3093e-08
99.436,-8.2952e-08
99.498,-8.3029e-08
99.556,-8.3064e-08
99.619,-8.2964e-08
99.676,-8.3032e-08
99.74,-8.2949e-08
99.804,-8.2833e-08
99.861,-8.2932e-08
99.925,-8.2926e-08
99.988,-8.2969e-08
100.05,-8.3048e-08
100.13,-8.2935e-08
100.19,-8.3038e-08
100.25,-8.2929e-08
100.31,-8.284e-08
100.37,-8.2916e-08
100.42,-8.2846e-08
100.49,-8.2713e-08
100.55,-8.2783e-08
100.61,-8.282e-08
100.67,-8.2687e-08
100.73,-8.2844e-08
100.8,-8.2937e-08
100.87,-8.2656e-08
100.92,-8.2906e-08
100.99,-8.2798e-08
101.05,-8.2854e-08
101.11,-8.2673e-08
101.17,-8.2699e-08
101.23,-8.277e-08
101.29,-8.2888e-08
101.36,-8.2917e-08
101.42,-8.3004e-08
101.5,-8.309e-08
101.56,-8.2838e-08
101.62,-8.2913e-08
101.68,-8.2908e-08
101.74,-8.276e-08
101.8,-8.2912e-08
101.86,-8.2865e-08
101.93,-8.288e-08
101.99,-8.283e-08
102.05,-8.2743e-08
102.11,-8.2817e-08
102.19,-8.2771e-08
102.25,-8.2739e-08
102.31,-8.2704e-08
102.37,-8.2694e-08
102.43,-8.2734e-08
102.5,-8.2681e-08
102.56,-8.2641e-08
102.62,-8.255e-08
102.68,-8.2646e-08
102.74,-8.2656e-08
102.8,-8.2501e-08
102.88,-8.2546e-08
102.94,-8.267e-08
103,-8.2522e-08
103.07,-8.2552e-08
103.13,-8.2587e-08
103.19,-8.2507e-08
103.25,-8.2555e-08
103.31,-8.2594e-08
103.37,-8.2648e-08
103.44,-8.2668e-08
103.49,-8.2695e-08
103.57,-8.2592e-08
103.63,-8.2669e-08
103.69,-8.2586e-08
103.76,-8.2513e-08
103.82,-8.2644e-08
103.88,-8.2478e-08
103.94,-8.2581e-08
104,-8.2731e-08
104.06,-8.247e-08
104.13,-8.266e-08
104.19,-8.2525e-08
104.27,-8.2487e-08
104.33,-8.2542e-08
104.39,-8.2523e-08
104.45,-8.2665e-08
104.51,-8.2651e-08
104.57,-8.2676e-08
104.63,-8.2593e-08
104.69,-8.2617e-08
104.75,-8.2685e-08
104.82,-8.2528e-08
104.88,-8.2546e-08
104.95,-8.2465e-08
105.01,-8.2542e-08
105.07,-8.2614e-08
105.13,-8.2583e-08
105.2,-8.2483e-08
105.25,-8.2501e-08
105.32,-8.2588e-08
105.38,-8.2562e-08
105.43,-8.256e-08
105.5,-8.2581e-08
105.56,-8.247e-08
105.64,-8.2444e-08
105.7,-8.2228e-08
105.76,-8.2245e-08
105.82,-8.2284e-08
105.88,-8.2299e-08
105.95,-8.232e-08
106.01,-8.216e-08
106.07,-8.2297e-08
106.13,-8.2257e-08
106.19,-8.2235e-08
106.26,-8.2236e-08
106.33,-8.2119e-08
106.39,-8.2189e-08
106.45,-8.2201e-08
106.52,-8.2186e-08
106.58,-8.2233e-08
106.64,-8.2107e-08
106.7,-8.2267e-08
106.76,-8.2221e-08
106.82,-8.2069e-08
106.89,-8.2049e-08
106.95,-8.2142e-08
107.02,-8.215e-08
107.09,-8.2248e-08
107.15,-8.2178e-08
107.21,-8.2184e-08
107.27,-8.217e-08
107.33,-8.2342e-08
107.39,-8.2235e-08
107.44,-8.2167e-08
107.51,-8.2192e-08
107.56,-8.2072e-08
107.62,-8.193e-08
107.7,-8.2084e-08
107.76,-8.2131e-08
107.82,-8.2203e-08
107.88,-8.219e-08
107.94,-8.2156e-08
108.01,-8.219e-08
108.07,-8.2098e-08
108.13,-8.2127e-08
108.18,-8.2114e-08
108.25,-8.2172e-08
108.31,-8.2207e-08
108.38,-8.216e-08
108.44,-8.1999e-08
108.5,-8.2031e-08
108.57,-8.212e-08
108.62,-8.2025e-08
108.68,-8.1906e-08
108.74,-8.2108e-08
108.81,-8.21e-08
108.87,-8.2077e-08
108.93,-8.2131e-08
109,-8.2094e-08
109.07,-8.1958e-08
109.14,-8.2022e-08
109.2,-8.1832e-08
109.26,-8.1911e-08
109.33,-8.1944e-08
109.39,-8.2057e-08
109.45,-8.2061e-08
109.52,-8.2114e-08
109.58,-8.2088e-08
109.64,-8.2032e-08
109.7,-8.2017e-08
109.77,-8.1977e-08
109.83,-8.2026e-08
109.9,-8.1986e-08
109.96,-8.2053e-08
110.02,-8.1982e-08
110.09,-8.1993e-08
110.15,-8.2053e-08
110.21,-8.2018e-08
110.28,-8.2041e-08
110.34,-8.2082e-08
110.41,-8.2114e-08
110.47,-8.2055e-08
110.54,-8.1948e-08
110.6,-8.1955e-08
110.66,-8.1929e-08
110.73,-8.1869e-08
110.79,-8.1831e-08
110.84,-8.1882e-08
110.91,-8.1941e-08
110.97,-8.1854e-08
111.03,-8.1911e-08
111.1,-8.1864e-08
111.17,-8.1839e-08
111.23,-8.1909e-08
111.3,-8.1838e-08
111.36,-8.1974e-08
111.41,-8.1907e-08
111.48,-8.1786e-08
111.54,-8.1848e-08
111.6,-8.1741e-08
111.67,-8.1848e-08
111.73,-8.1802e-08
111.79,-8.1926e-08
111.87,-8.1837e-08
111.93,-8.1902e-08
112,-8.1867e-08
112.06,-8.1721e-08
112.12,-8.1716e-08
112.18,-8.1666e-08
112.25,-8.1702e-08
112.31,-8.1783e-08
112.37,-8.1882e-08
112.42,-8.1744e-08
112.49,-8.1823e-08
112.56,-8.182e-08
112.63,-8.1749e-08
112.68,-8.1742e-08
112.75,-8.1738e-08
112.81,-8.1681e-08
112.87,-8.1716e-08
112.92,-8.1705e-08
112.99,-8.1707e-08
113.05,-8.1686e-08
113.11,-8.1768e-08
113.18,-8.1751e-08
113.25,-8.176e-08
113.32,-8.1753e-08
113.38,-8.1693e-08
113.44,-8.1584e-08
113.51,-8.1543e-08
113.57,-8.1584e-08
113.63,-8.1641e-08
113.69,-8.1637e-08
113.75,-8.1619e-08
113.82,-8.1703e-08
113.88,-8.1759e-08
113.94,-8.1672e-08
114.01,-8.1636e-08
114.07,-8.1614e-08
114.13,-8.1599e-08
114.2,-8.165e-08
114.26,-8.1576e-08
114.33,-8.1505e-08
114.39,-8.1545e-08
114.45,-8.1613e-08
114.5,-8.1551e-08
114.57,-8.1551e-08
114.64,-8.1494e-08
114.71,-8.1539e-08
114.76,-8.1523e-08
114.82,-8.1496e-08
114.89,-8.1415e-08
114.95,-8.143e-08
115,-8.156e-08
115.07,-8.1554e-08
115.13,-8.1496e-08
115.19,-8.154e-08
115.26,-8.1654e-08
115.33,-8.1554e-08
115.4,-8.143e-08
115.46,-8.1439e-08
115.52,-8.1455e-08
115.57,-8.1556e-08
115.64,-8.1587e-08
115.7,-8.1566e-08
115.76,-8.1619e-08
115.83,-8.1761e-08
115.89,-8.1581e-08
115.95,-8.1681e-08
116.02,-8.1636e-08
116.08,-8.1644e-08
116.14,-8.1656e-08
116.21,-8.1602e-08
116.27,-8.1627e-08
116.33,-8.1597e-08
116.4,-8.1784e-08
116.45,-8.1674e-08
116.51,-8.1633e-08
116.57,-8.1526e-08
116.63,-8.1541e-08
116.71,-8.165e-08
116.77,-8.1653e-08
116.83,-8.1619e-08
116.89,-8.1628e-08
116.95,-8.1549e-08
117,-8.1576e-08
117.07,-8.149e-08
117.13,-8.1551e-08
117.2,-8.1439e-08
117.26,-8.1471e-08
117.32,-8.1653e-08
117.4,-8.1525e-08
117.46,-8.158e-08
117.52,-8.1505e-08
117.58,-8.1556e-08
117.65,-8.1465e-08
117.71,-8.1409e-08
117.77,-8.1457e-08
117.84,-8.1476e-08
117.89,-8.1473e-08
117.95,-8.1422e-08
118.01,-8.1436e-08
118.09,-8.1437e-08
118.15,-8.1409e-08
118.21,-8.1335e-08
118.27,-8.1376e-08
118.33,-8.1385e-08
118.39,-8.1366e-08
118.45,-8.1246e-08
118.51,-8.1266e-08
118.58,-8.1315e-08
118.64,-8.1273e-08
118.7,-8.1161e-08
118.78,-8.1208e-08
118.84,-8.1344e-08
118.9,-8.1271e-08
118.96,-8.1163e-08
119.02,-8.1366e-08
119.08,-8.1374e-08
119.15,-8.1249e-08
119.21,-8.1104e-08
119.27,-8.1147e-08
119.34,-8.1197e-08
119.39,-8.1124e-08
119.46,-8.1168e-08
119.52,-8.1245e-08
119.59,-8.1285e-08
119.65,-8.1132e-08
119.72,-8.1046e-08
119.78,-8.1058e-08
119.84,-8.0949e-08
119.9,-8.1052e-08
119.96,-8.1073e-08
120.02,-8.1161e-08
120.08,-8.1396e-08
120.15,-8.1121e-08
120.22,-8.1119e-08
120.27,-8.1209e-08
120.34,-8.1191e-08
120.4,-8.1201e-08
120.46,-8.1042e-08
120.51,-8.1074e-08
120.58,-8.1248e-08
120.64,-8.1139e-08
120.71,-8.1319e-08
120.77,-8.1086e-08
120.84,-8.1123e-08
120.91,-8.1148e-08
120.97,-8.1114e-08
121.03,-8.1183e-08
121.08,-8.1021e-08
121.15,-8.1024e-08
121.21,-8.1115e-08
121.28,-8.1072e-08
121.34,-8.1071e-08
121.4,-8.1159e-08
121.46,-8.1086e-08
121.53,-8.1056e-08
121.59,-8.1225e-08
121.66,-8.1047e-08
121.72,-8.1134e-08
121.78,-8.1101e-08
121.85,-8.1036e-08
121.91,-8.1083e-08
121.97,-8.1064e-08
122.03,-8.101e-08
122.09,-8.1044e-08
122.15,-8.106e-08
122.23,-8.1024e-08
122.29,-8.0962e-08
122.35,-8.0943e-08
122.42,-8.0906e-08
122.48,-8.099e-08
122.54,-8.0974e-08
122.6,-8.1001e-08
122.66,-8.1068e-08
122.72,-8.1018e-08
122.79,-8.1042e-08
122.84,-8.112e-08
122.92,-8.1047e-08
122.98,-8.1096e-08
123.05,-8.085e-08
123.11,-8.0872e-08
123.17,-8.1049e-08
123.22,-8.0932e-08
123.28,-8.0979e-08
123.34,-8.1037e-08
123.41,-8.0903e-08
123.47,-8.0911e-08
123.53,-8.0875e-08
123.6,-8.0877e-08
123.66,-8.0969e-08
123.72,-8.0861e-08
123.79,-8.0849e-08
123.85,-8.0821e-08
123.91,-8.0825e-08
123.98,-8.0822e-08
124.04,-8.0907e-08
124.09,-8.0897e-08
124.16,-8.0971e-08
124.21,-8.1098e-08
124.29,-8.0944e-08
124.35,-8.0869e-08
124.41,-8.075e-08
124.47,-8.0801e-08
124.54,-8.0887e-08
124.59,-8.0711e-08
124.65,-8.0836e-08
124.71,-8.0711e-08
124.77,-8.0778e-08
124.83,-8.0678e-08
124.9,-8.0668e-08
124.97,-8.0672e-08
125.04,-8.076e-08
125.09,-8.0742e-08
125.16,-8.0657e-08
125.22,-8.068e-08
125.28,-8.066e-08
125.35,-8.0591e-08
125.41,-8.0651e-08
125.47,-8.0678e-08
125.53,-8.0666e-08
125.59,-8.0704e-08
125.67,-8.0747e-08
125.73,-8.0611e-08
125.8,-8.0828e-08
125.86,-8.0825e-08
125.92,-8.0865e-08
125.99,-8.0721e-08
126.05,-8.0561e-08
126.11,-8.0602e-08
126.17,-8.071e-08
126.23,-8.0648e-08
126.29,-8.0612e-08
126.37,-8.0686e-08
126.43,-8.066e-08
126.49,-8.0779e-08
126.55,-8.0652e-08
126.61,-8.0639e-08
126.67,-8.0642e-08
126.73,-8.0548e-08
126.79,-8.0668e-08
126.85,-8.0508e-08
126.92,-8.0498e-08
126.98,-8.0567e-08
127.06,-8.0587e-08
127.12,-8.0518e-08
127.18,-8.0444e-08
127.24,-8.0475e-08
127.3,-8.0354e-08
127.36,-8.0309e-08
127.42,-8.0435e-08
127.48,-8.0419e-08
127.55,-8.0399e-08
127.61,-8.06e-08
127.67,-8.0604e-08
127.73,-8.0605e-08
127.8,-8.0446e-08
127.86,-8.0646e-08
127.92,-8.0592e-08
127.98,-8.0645e-08
128.04,-8.0523e-08
128.1,-8.0458e-08
128.17,-8.0565e-08
128.23,-8.0482e-08
128.29,-8.0472e-08
128.36,-8.0421e-08
128.43,-8.0595e-08
128.5,-8.0531e-08
128.55,-8.0431e-08
128.62,-8.0473e-08
128.67,-8.0497e-08
128.74,-8.0429e-08
128.8,-8.0531e-08
128.86,-8.0562e-08
128.92,-8.0295e-08
128.98,-8.0561e-08
129.05,-8.0523e-08
129.12,-8.0417e-08
129.18,-8.0531e-08
129.24,-8.0492e-08
129.3,-8.0371e-08
129.36,-8.0505e-08
129.42,-8.0519e-08
129.48,-8.0535e-08
129.54,-8.0541e-08
129.6,-8.0484e-08
129.66,-8.0504e-08
129.72,-8.0438e-08
129.8,-8.0382e-08
129.86,-8.053e-08
129.92,-8.0347e-08
129.98,-8.0282e-08
130.05,-8.0538e-08
130.11,-8.0554e-08
130.17,-8.056e-08
130.24,-8.0367e-08
130.3,-8.0489e-08
130.36,-8.0409e-08
130.42,-8.0383e-08
130.49,-8.0514e-08
130.55,-8.0436e-08
130.62,-8.0232e-08
130.68,-8.0341e-08
130.75,-8.0217e-08
130.81,-8.025e-08
130.87,-8.0343e-08
130.92,-8.0368e-08
130.99,-8.0354e-08
131.05,-8.0361e-08
131.11,-8.0325e-08
131.19,-8.0234e-08
131.25,-8.0372e-08
131.32,-8.0337e-08
131.38,-8.016e-08
131.44,-8.022e-08
131.49,-8.0207e-08
131.56,-8.0263e-08
131.62,-8.0247e-08
131.68,-8.0374e-08
131.75,-8.0149e-08
131.81,-8.0158e-08
131.89,-8.0064e-08
131.95,-8.014e-08
132.01,-8.0138e-08
132.07,-8.0206e-08
132.13,-8.0285e-08
132.19,-8.02e-08
132.26,-8.0119e-08
132.31,-8.016e-08
132.38,-8.0069e-08
132.44,-8.0329e-08
132.5,-8.0169e-08
132.56,-8.025e-08
132.63,-8.0252e-08
132.69,-8.0108e-08
132.75,-8.017e-08
132.81,-8.0232e-08
132.88,-8.0168e-08
132.94,-8.023e-08
133,-8.0193e-08
133.06,-8.0048e-08
133.12,-8.0293e-08
133.19,-8.02e-08
133.26,-8.03e-08
133.33,-8.022e-08
133.38,-8.0165e-08
133.45,-8.0095e-08
133.51,-8.0055e-08
133.57,-8.0164e-08
133.64,-8.0014e-08
133.7,-8.0093e-08
133.76,-7.9982e-08
133.82,-8.005e-08
133.89,-8.0008e-08
133.96,-8.0125e-08
134.02,-8.0187e-08
134.09,-8.0099e-08
134.15,-7.9948e-08
134.21,-8.0123e-08
134.28,-8.0111e-08
134.34,-7.9855e-08
134.39,-8.003e-08
134.46,-7.9969e-08
134.52,-7.9982e-08
134.58,-7.9824e-08
134.66,-8.0021e-08
134.72,-7.9896e-08
134.78,-7.9862e-08
134.84,-7.9944e-08
134.91,-7.9931e-08
134.96,-7.9856e-08
135.03,-7.9802e-08
135.09,-7.9981e-08
135.15,-7.9975e-08
135.21,-7.9994e-08
135.28,-7.9989e-08
135.35,-8.0007e-08
135.41,-7.9978e-08
135.48,-7.9884e-08
135.53,-7.9976e-08
135.59,-7.9938e-08
135.65,-8.0045e-08
135.71,-7.9949e-08
135.77,-7.9906e-08
135.84,-7.9878e-08
135.89,-7.9856e-08
135.96,-7.9936e-08
136.03,-7.9714e-08
136.09,-7.9836e-08
136.16,-7.9801e-08
136.22,-7.9685e-08
136.29,-7.9849e-08
136.35,-7.9871e-08
136.41,-7.9957e-08
136.48,-7.972e-08
136.53,-7.978e-08
136.6,-7.9752e-08
136.66,-7.9885e-08
136.73,-7.9953e-08
136.79,-7.9876e-08
136.86,-7.9717e-08
136.92,-7.9741e-08
136.98,-7.9824e-08
137.04,-7.9762e-08
137.1,-7.9912e-08
137.15,-7.99e-08
137.21,-7.9838e-08
137.28,-7.9916e-08
137.34,-7.9896e-08
137.41,-7.991e-08
137.48,-7.9892e-08
137.54,-7.9677e-08
137.6,-7.9727e-08
137.65,-7.972e-08
137.72,-7.9716e-08
137.77,-7.9643e-08
137.84,-7.9634e-08
137.9,-7.9541e-08
137.96,-7.974e-08
138.02,-7.9811e-08
138.1,-7.9662e-08
138.16,-7.9708e-08
138.22,-7.9668e-08
138.29,-7.9545e-08
138.35,-7.9528e-08
138.41,-7.9593e-08
138.48,-7.9657e-08
138.53,-7.9644e-08
138.59,-7.9635e-08
138.65,-7.9732e-08
138.71,-7.9865e-08
138.79,-7.9679e-08
138.85,-7.9591e-08
138.91,-7.9631e-08
138.98,-7.9684e-08
139.04,-7.9752e-08
139.09,-7.9551e-08
139.15,-7.9618e-08
139.21,-7.9634e-08
139.27,-7.9583e-08
139.33,-7.975e-08
139.39,-7.9734e-08
139.46,-7.9565e-08
139.52,-7.9626e-08
139.58,-7.9621e-08
139.65,-7.9588e-08
139.7,-7.9733e-08
139.77,-7.9802e-08
139.83,-7.9879e-08
139.89,-7.9787e-08
139.95,-7.9675e-08
140,-7.9634e-08
140.07,-7.9639e-08
140.13,-7.9698e-08
140.2,-7.9677e-08
140.26,-7.979e-08
140.32,-7.9655e-08
140.39,-7.9552e-08
140.45,-7.9579e-08
140.51,-7.9813e-08
140.57,-7.9762e-08
140.63,-7.9606e-08
140.69,-7.9533e-08
140.76,-7.9515e-08
140.83,-7.9517e-08
140.89,-7.9569e-08
140.96,-7.9551e-08
141.02,-7.9477e-08
141.07,-7.955e-08
141.13,-7.9662e-08
141.19,-7.9555e-08
141.26,-7.9623e-08
141.32,-7.9545e-08
141.38,-7.9437e-08
141.44,-7.9442e-08
141.51,-7.9486e-08
141.58,-7.958e-08
141.64,-7.956e-08
141.7,-7.9659e-08
141.77,-7.9492e-08
141.83,-7.9404e-08
141.89,-7.9459e-08
141.95,-7.9468e-08
142.01,-7.9444e-08
142.08,-7.9486e-08
142.13,-7.938e-08
142.21,-7.9486e-08
142.27,-7.9704e-08
142.34,-7.944e-08
142.4,-7.9533e-08
142.46,-7.9454e-08
142.52,-7.9413e-08
142.58,-7.9454e-08
142.65,-7.9541e-08
142.71,-7.9532e-08
142.77,-7.9383e-08
142.83,-7.9444e-08
142.91,-7.9496e-08
142.97,-7.9527e-08
143.03,-7.9463e-08
143.09,-7.9612e-08
143.16,-7.9608e-08
143.22,-7.9459e-08
143.28,-7.951e-08
143.34,-7.9399e-08
143.4,-7.9448e-08
143.47,-7.9364e-08
143.52,-7.9438e-08
143.59,-7.9448e-08
143.66,-7.9422e-08
143.72,-7.9534e-08
143.78,-7.9368e-08
143.85,-7.9468e-08
143.91,-7.9311e-08
143.97,-7.9408e-08
144.04,-7.9503e-08
144.09,-7.9576e-08
144.16,-7.9486e-08
144.22,-7.9579e-08
144.29,-7.9589e-08
144.35,-7.9269e-08
144.42,-7.9413e-08
144.48,-7.9317e-08
144.54,-7.9325e-08
144.61,-7.9339e-08
144.67,-7.9338e-08
144.72,-7.937e-08
144.78,-7.9439e-08
144.84,-7.9324e-08
144.91,-7.9325e-08
144.98,-7.9351e-08
145.04,-7.9327e-08
145.11,-7.9245e-08
145.16,-7.9142e-08
145.22,-7.917e-08
145.28,-7.9117e-08
145.34,-7.9238e-08
145.4,-7.9177e-08
145.47,-7.9214e-08
145.53,-7.9214e-08
145.59,-7.9275e-08
145.66,-7.9286e-08
145.73,-7.9283e-08
145.78,-7.9195e-08
145.85,-7.9152e-08
145.91,-7.9069e-08
145.97,-7.9134e-08
146.04,-7.9017e-08
146.09,-7.899e-08
146.16,-7.9134e-08
146.22,-7.9051e-08
146.28,-7.9091e-08
146.35,-7.9039e-08
146.42,-7.9079e-08
146.47,-7.903e-08
146.54,-7.904e-08
146.59,-7.9018e-08
146.65,-7.9106e-08
146.71,-7.9146e-08
146.77,-7.9128e-08
146.83,-7.8987e-08
146.9,-7.9063e-08
146.95,-7.9008e-08
147.02,-7.91e-08
147.09,-7.9114e-08
147.15,-7.8876e-08
147.21,-7.888e-08
147.28,-7.8946e-08
147.34,-7.8957e-08
147.4,-7.8925e-08
147.47,-7.8989e-08
147.52,-7.9168e-08
147.59,-7.9038e-08
147.65,-7.8985e-08
147.72,-7.8984e-08
147.78,-7.8918e-08
147.85,-7.906e-08
147.91,-7.8975e-08
147.97,-7.8941e-08
148.04,-7.8969e-08
148.1,-7.8804e-08
148.16,-7.9036e-08
148.22,-7.8947e-08
148.28,-7.9122e-08
148.34,-7.8896e-08
148.42,-7.8976e-08
148.48,-7.9054e-08
148.54,-7.8932e-08
148.61,-7.8847e-08
148.67,-7.8837e-08
148.73,-7.8835e-08
148.79,-7.8842e-08
148.85,-7.8847e-08
148.91,-7.8938e-08
148.98,-7.8819e-08
149.04,-7.8784e-08
149.12,-7.8909e-08
149.18,-7.8671e-08
149.24,-7.8778e-08
149.3,-7.8694e-08
149.36,-7.8735e-08
149.43,-7.8722e-08
149.49,-7.866e-08
149.55,-7.8813e-08
149.61,-7.8727e-08
149.67,-7.8544e-08
149.73,-7.8586e-08
149.8,-7.8476e-08
149.86,-7.8653e-08
149.92,-7.8734e-08
149.98,-7.8771e-08
150.04,-7.8683e-08
150.11,-7.8589e-08
150.17,-7.8694e-08
150.23,-7.8694e-08
150.29,-7.8697e-08
150.35,-7.8694e-08
150.42,-7.8689e-08
150.5,-7.8567e-08
150.56,-7.8701e-08
150.62,-7.8696e-08
150.68,-7.8697e-08
150.74,-7.883e-08
150.8,-7.8647e-08
150.86,-7.8787e-08
150.92,-7.8876e-08
150.98,-7.8818e-08
151.05,-7.8737e-08
151.1,-7.8778e-08
151.17,-7.8698e-08
151.24,-7.8627e-08
151.3,-7.8704e-08
151.36,-7.8624e-08
151.43,-7.8543e-08
151.49,-7.8648e-08
151.55,-7.8506e-08
151.61,-7.8529e-08
151.67,-7.8486e-08
151.73,-7.866e-08
151.79,-7.8578e-08
151.87,-7.862e-08
151.93,-7.8582e-08
151.99,-7.8544e-08
152.05,-7.8754e-08
152.11,-7.8643e-08
152.17,-7.8673e-08
152.24,-7.8602e-08
152.29,-7.8723e-08
152.36,-7.8677e-08
152.42,-7.8674e-08
152.48,-7.8626e-08
152.56,-7.8519e-08
152.62,-7.8629e-08
152.68,-7.857e-08
152.74,-7.8518e-08
152.81,-7.8554e-08
152.87,-7.8525e-08
152.93,-7.8619e-08
153,-7.8544e-08
153.05,-7.8519e-08
153.11,-7.8532e-08
153.17,-7.8556e-08
153.24,-7.8606e-08
153.31,-7.8511e-08
153.36,-7.8684e-08
153.43,-7.8675e-08
153.48,-7.8701e-08
153.55,-7.8481e-08
153.61,-7.8488e-08
153.67,-7.8616e-08
153.73,-7.8443e-08
153.8,-7.8462e-08
153.86,-7.8616e-08
153.94,-7.8541e-08
154,-7.8554e-08
154.06,-7.8555e-08
154.13,-7.8611e-08
154.18,-7.8556e-08
154.25,-7.8373e-08
154.31,-7.8362e-08
154.38,-7.8328e-08
154.43,-7.833e-08
154.49,-7.8389e-08
154.54,-7.8477e-08
154.61,-7.8353e-08
154.68,-7.8433e-08
154.74,-7.8439e-08
154.8,-7.8404e-08
154.87,-7.8333e-08
154.92,-7.8304e-08
154.99,-7.836e-08
155.05,-7.8289e-08
155.11,-7.8445e-08
155.17,-7.8442e-08
155.24,-7.8547e-08
155.31,-7.847e-08
155.37,-7.8492e-08
155.44,-7.8394e-08
155.49,-7.8422e-08
155.55,-7.8325e-08
155.61,-7.8298e-08
155.67,-7.8337e-08
155.73,-7.8311e-08
155.8,-7.8344e-08
155.85,-7.8338e-08
155.91,-7.8388e-08
155.98,-7.8281e-08
156.04,-7.8294e-08
156.11,-7.8311e-08
156.17,-7.8259e-08
156.23,-7.8319e-08
156.3,-7.8198e-08
156.35,-7.8363e-08
156.41,-7.8293e-08
156.47,-7.8273e-08
156.53,-7.823e-08
156.6,-7.8201e-08
156.67,-7.8231e-08
156.73,-7.8155e-08
156.8,-7.8173e-08
156.86,-7.8221e-08
156.92,-7.8137e-08
156.98,-7.7992e-08
157.04,-7.8202e-08
157.11,-7.8269e-08
157.16,-7.8126e-08
157.23,-7.8147e-08
157.29,-7.8196e-08
157.37,-7.8098e-08
157.43,-7.819e-08
157.49,-7.8209e-08
157.56,-7.8158e-08
157.62,-7.8138e-08
157.68,-7.8151e-08
157.75,-7.8225e-08
157.81,-7.8181e-08
157.87,-7.8222e-08
157.93,-7.8109e-08
157.99,-7.7967e-08
158.07,-7.8083e-08
158.13,-7.8126e-08
158.2,-7.7979e-08
158.25,-7.8084e-08
158.31,-7.8148e-08
158.38,-7.8113e-08
158.44,-7.8089e-08
158.5,-7.8082e-08
158.56,-7.81e-08
158.63,-7.801e-08
158.68,-7.8096e-08
158.76,-7.8126e-08
158.82,-7.8021e-08
158.88,-7.8112e-08
158.95,-7.8025e-08
159,-7.8034e-08
159.07,-7.8053e-08
159.13,-7.8006e-08
159.19,-7.8029e-08
159.25,-7.7986e-08
159.31,-7.8015e-08
159.38,-7.8003e-08
159.45,-7.8145e-08
159.52,-7.7931e-08
159.57,-7.7937e-08
159.63,-7.7966e-08
159.7,-7.8015e-08
159.76,-7.7882e-08
159.83,-7.7872e-08
159.89,-7.8013e-08
159.95,-7.8012e-08
160.01,-7.7971e-08
160.07,-7.8048e-08
160.15,-7.8048e-08
160.21,-7.8086e-08
160.28,-7.8077e-08
160.34,-7.8103e-08
160.4,-7.805e-08
160.47,-7.8024e-08
160.53,-7.7991e-08
160.59,-7.7884e-08
160.65,-7.8026e-08
160.71,-7.7915e-08
160.77,-7.7952e-08
160.85,-7.7907e-08
160.91,-7.7978e-08
160.97,-7.8008e-08
161.03,-7.7941e-08
161.09,-7.8012e-08
161.15,-7.8086e-08
161.21,-7.7999e-08
161.28,-7.8008e-08
161.34,-7.8091e-08
161.4,-7.8042e-08
161.46,-7.8123e-08
161.54,-7.8065e-08
161.6,-7.7956e-08
161.66,-7.7975e-08
161.72,-7.8004e-08
161.79,-7.795e-08
161.85,-7.8047e-08
161.91,-7.7928e-08
161.98,-7.7988e-08
162.03,-7.7963e-08
162.1,-7.8092e-08
162.16,-7.7958e-08
162.23,-7.8009e-08
162.29,-7.8011e-08
162.36,-7.7965e-08
162.42,-7.8097e-08
162.48,-7.8115e-08
162.54,-7.8052e-08
162.6,-7.8022e-08
162.65,-7.8033e-08
162.72,-7.7955e-08
162.77,-7.8084e-08
162.84,-7.8079e-08
162.91,-7.815e-08
162.98,-7.7985e-08
163.04,-7.7948e-08
163.1,-7.7892e-08
163.15,-7.7853e-08
163.22,-7.7791e-08
163.27,-7.7971e-08
163.34,-7.7927e-08
163.39,-7.7829e-08
163.45,-7.7963e-08
163.51,-7.7939e-08
163.57,-7.8095e-08
163.64,-7.7985e-08
163.69,-7.7945e-08
163.76,-7.7916e-08
163.82,-7.7966e-08
163.88,-7.7917e-08
163.94,-7.7957e-08
164,-7.7962e-08
164.06,-7.8018e-08
164.13,-7.7898e-08
164.19,-7.7855e-08
164.27,-7.7818e-08
164.33,-7.8015e-08
164.39,-7.7898e-08
164.46,-7.7811e-08
164.51,-7.7638e-08
164.58,-7.7666e-08
164.64,-7.7688e-08
164.7,-7.7746e-08
164.76,-7.7799e-08
164.82,-7.7808e-08
164.89,-7.7807e-08
164.96,-7.7827e-08
165.02,-7.781e-08
165.09,-7.793e-08
165.15,-7.7878e-08
165.21,-7.7876e-08
165.28,-7.7862e-08
165.34,-7.778e-08
165.4,-7.7882e-08
165.46,-7.7844e-08
165.53,-7.7807e-08
165.58,-7.773e-08
165.66,-7.7776e-08
165.72,-7.7746e-08
165.79,-7.7746e-08
165.85,-7.7711e-08
165.91,-7.781e-08
165.97,-7.7703e-08
166.03,-7.782e-08
166.09,-7.7782e-08
166.16,-7.7792e-08
166.22,-7.7868e-08
166.28,-7.7789e-08
166.36,-7.7722e-08
166.42,-7.7625e-08
166.49,-7.7637e-08
166.55,-7.7639e-08
166.61,-7.7643e-08
166.67,-7.7704e-08
166.73,-7.7676e-08
166.8,-7.7656e-08
166.85,-7.7627e-08
166.92,-7.7733e-08
166.98,-7.761e-08
167.06,-7.761e-08
167.12,-7.7594e-08
167.18,-7.7633e-08
167.25,-7.7652e-08
167.31,-7.7664e-08
167.37,-7.755e-08
167.44,-7.7489e-08
167.5,-7.7403e-08
167.56,-7.7478e-08
167.62,-7.7451e-08
167.68,-7.7573e-08
167.75,-7.7568e-08
167.82,-7.7611e-08
167.87,-7.7523e-08
167.94,-7.7534e-08
167.99,-7.752e-08
168.06,-7.7555e-08
168.12,-7.7476e-08
168.18,-7.7617e-08
168.24,-7.7629e-08
168.3,-7.7612e-08
168.37,-7.7534e-08
168.44,-7.7491e-08
168.5,-7.7568e-08
168.57,-7.7431e-08
168.63,-7.7393e-08
168.7,-7.7498e-08
168.76,-7.7579e-08
168.82,-7.7523e-08
168.89,-7.738e-08
168.95,-7.7443e-08
169.01,-7.7435e-08
169.07,-7.7369e-08
169.15,-7.7333e-08
169.21,-7.7436e-08
169.27,-7.7395e-08
169.34,-7.7454e-08
169.4,-7.749e-08
169.46,-7.7338e-08
169.53,-7.7533e-08
169.58,-7.7522e-08
169.64,-7.7537e-08
169.7,-7.7472e-08
169.76,-7.7511e-08
169.84,-7.7516e-08
169.9,-7.7386e-08
169.96,-7.7461e-08
170.02,-7.7343e-08
170.08,-7.7459e-08
170.14,-7.7461e-08
170.2,-7.7518e-08
170.26,-7.7507e-08
170.33,-7.7417e-08
170.39,-7.734e-08
170.45,-7.7477e-08
170.53,-7.747e-08
170.59,-7.7416e-08
170.66,-7.7554e-08
170.72,-7.7522e-08
170.78,-7.7479e-08
170.85,-7.744e-08
170.91,-7.7418e-08
170.97,-7.7402e-08
171.04,-7.735e-08
171.09,-7.7375e-08
171.16,-7.7369e-08
171.23,-7.7521e-08
171.3,-7.748e-08
171.36,-7.7357e-08
171.42,-7.7139e-08
171.49,-7.7201e-08
171.55,-7.7238e-08
171.62,-7.7299e-08
171.67,-7.7388e-08
171.74,-7.7335e-08
171.8,-7.7371e-08
171.86,-7.7409e-08
171.93,-7.7272e-08
172,-7.7402e-08
172.05,-7.7305e-08
172.12,-7.7316e-08
172.17,-7.7423e-08
172.24,-7.7352e-08
172.29,-7.7237e-08
172.36,-7.7225e-08
172.41,-7.72e-08
172.48,-7.7225e-08
172.54,-7.7303e-08
172.62,-7.737e-08
172.68,-7.7387e-08
172.75,-7.7249e-08
172.81,-7.7229e-08
172.87,-7.7296e-08
172.93,-7.7435e-08
172.99,-7.7267e-08
173.06,-7.7313e-08
173.11,-7.7175e-08
173.18,-7.7246e-08
173.24,-7.7126e-08
173.31,-7.7188e-08
173.37,-7.7222e-08
173.43,-7.711e-08
173.5,-7.7181e-08
173.56,-7.7292e-08
173.62,-7.7334e-08
173.68,-7.7368e-08
173.75,-7.7317e-08
173.81,-7.7259e-08
173.87,-7.7223e-08
173.93,-7.7128e-08
174,-7.7182e-08
174.07,-7.7258e-08
174.13,-7.7193e-08
174.19,-7.7173e-08
174.25,-7.7216e-08
174.31,-7.712e-08
174.37,-7.7167e-08
174.43,-7.7322e-08
174.49,-7.7218e-08
174.54,-7.7011e-08
174.6,-7.7132e-08
174.68,-7.7104e-08
174.74,-7.7132e-08
174.8,-7.7121e-08
174.86,-7.7083e-08
174.92,-7.7053e-08
174.99,-7.7092e-08
175.05,-7.7057e-08
175.11,-7.7128e-08
175.17,-7.7172e-08
175.24,-7.7037e-08
175.29,-7.7073e-08
175.37,-7.7202e-08
175.43,-7.7105e-08
175.49,-7.7092e-08
175.55,-7.7069e-08
175.61,-7.7168e-08
175.67,-7.7233e-08
175.74,-7.7147e-08
175.79,-7.7096e-08
175.86,-7.7109e-08
175.92,-7.7136e-08
175.98,-7.7e-08
176.06,-7.7018e-08
176.12,-7.6921e-08
176.19,-7.6969e-08
176.24,-7.6986e-08
176.31,-7.724e-08
176.37,-7.7178e-08
176.43,-7.7137e-08
176.49,-7.7254e-08
176.56,-7.721e-08
176.61,-7.7084e-08
176.67,-7.7089e-08
176.74,-7.7053e-08
176.81,-7.7075e-08
176.87,-7.7081e-08
176.93,-7.7089e-08
177,-7.712e-08
177.06,-7.7081e-08
177.12,-7.7143e-08
177.19,-7.71e-08
177.24,-7.7055e-08
177.31,-7.7236e-08
177.37,-7.7217e-08
177.44,-7.7207e-08
177.5,-7.7239e-08
177.56,-7.7197e-08
177.63,-7.7099e-08
177.69,-7.7087e-08
177.75,-7.7233e-08
177.81,-7.7364e-08
177.88,-7.7227e-08
177.93,-7.7241e-08
178,-7.7276e-08
178.06,-7.7203e-08
178.14,-7.717e-08
178.2,-7.7177e-08
178.26,-7.7159e-08
178.33,-7.7092e-08
178.38,-7.7119e-08
178.45,-7.7034e-08
178.51,-7.711e-08
178.57,-7.7184e-08
178.63,-7.7118e-08
178.69,-7.7019e-08
178.74,-7.7068e-08
178.82,-7.707e-08
178.88,-7.7032e-08
178.94,-7.6977e-08
178.99,-7.7033e-08
179.06,-7.7065e-08
179.12,-7.688e-08
179.18,-7.6989e-08
179.25,-7.69e-08
179.31,-7.6977e-08
179.38,-7.6893e-08
179.43,-7.7055e-08
179.51,-7.7059e-08
179.57,-7.7086e-08
179.63,-7.7179e-08
179.69,-7.7134e-08
179.75,-7.7146e-08
179.81,-7.712e-08
179.88,-7.7223e-08
179.93,-7.716e-08
179.99,-7.7125e-08
180.06,-7.7128e-08
180.12,-7.7085e-08
180.2,-7.7095e-08
180.26,-7.6935e-08
180.33,-7.7064e-08
180.38,-7.6924e-08
180.45,-7.7035e-08
180.51,-7.6991e-08
180.57,-7.7133e-08
180.63,-7.7032e-08
180.69,-7.7036e-08
180.76,-7.7007e-08
180.81,-7.71e-08
180.89,-7.6922e-08
180.95,-7.692e-08
181.01,-7.7001e-08
181.06,-7.7001e-08
181.13,-7.7021e-08
181.19,-7.7054e-08
181.26,-7.7058e-08
181.31,-7.7106e-08
181.38,-7.7027e-08
181.44,-7.6998e-08
181.5,-7.704e-08
181.57,-7.6915e-08
181.63,-7.7037e-08
181.69,-7.6987e-08
181.75,-7.6904e-08
181.81,-7.697e-08
181.88,-7.7016e-08
181.93,-7.6944e-08
182,-7.6816e-08
182.06,-7.6892e-08
182.12,-7.6814e-08
182.19,-7.6912e-08
182.26,-7.6972e-08
182.32,-7.6729e-08
182.38,-7.6728e-08
182.44,-7.6791e-08
182.5,-7.6859e-08
182.56,-7.6789e-08
182.63,-7.6814e-08
182.69,-7.6743e-08
182.75,-7.6676e-08
182.81,-7.6814e-08
182.88,-7.6815e-08
182.94,-7.6974e-08
183.01,-7.6886e-08
183.07,-7.6974e-08
183.13,-7.6895e-08
183.2,-7.6819e-08
183.26,-7.6899e-08
183.32,-7.6852e-08
183.38,-7.6745e-08
183.45,-7.6645e-08
183.5,-7.6628e-08
183.57,-7.671e-08
183.64,-7.6927e-08
183.71,-7.6966e-08
183.77,-7.6802e-08
183.83,-7.6807e-08
183.89,-7.6718e-08
183.95,-7.6809e-08
184.02,-7.6766e-08
184.08,-7.6767e-08
184.14,-7.6797e-08
184.2,-7.6948e-08
184.26,-7.6865e-08
184.34,-7.6766e-08
184.41,-7.6673e-08
184.47,-7.6872e-08
184.53,-7.6755e-08
184.59,-7.6679e-08
184.65,-7.6675e-08
184.72,-7.6609e-08
184.78,-7.6749e-08
184.83,-7.6849e-08
184.89,-7.6668e-08
184.95,-7.6838e-08
185.03,-7.6603e-08
185.09,-7.6713e-08
185.15,-7.663e-08
185.22,-7.6629e-08
185.28,-7.6614e-08
185.34,-7.6473e-08
185.4,-7.6514e-08
185.46,-7.6418e-08
185.52,-7.6452e-08
185.59,-7.6536e-08
185.65,-7.6574e-08
185.72,-7.6553e-08
185.78,-7.6526e-08
185.84,-7.6581e-08
185.91,-7.6579e-08
185.97,-7.6442e-08
186.03,-7.6615e-08
186.09,-7.6495e-08
186.15,-7.6488e-08
186.21,-7.6419e-08
186.28,-7.6534e-08
186.34,-7.6523e-08
186.41,-7.6498e-08
186.48,-7.6454e-08
186.54,-7.636e-08
186.6,-7.6382e-08
186.66,-7.6358e-08
186.73,-7.6469e-08
186.79,-7.6531e-08
186.85,-7.6547e-08
186.91,-7.667e-08
186.97,-7.648e-08
187.03,-7.6503e-08
187.1,-7.6519e-08
187.17,-7.6447e-08
187.22,-7.6481e-08
187.28,-7.6382e-08
187.34,-7.6436e-08
187.41,-7.647e-08
187.47,-7.6436e-08
187.53,-7.6526e-08
187.59,-7.6469e-08
187.64,-7.6495e-08
187.71,-7.6535e-08
187.78,-7.6496e-08
187.84,-7.6435e-08
187.91,-7.6474e-08
187.97,-7.6669e-08
188.03,-7.6677e-08
188.09,-7.6635e-08
188.16,-7.6745e-08
188.21,-7.6664e-08
188.28,-7.6659e-08
188.34,-7.6581e-08
188.4,-7.6692e-08
188.48,-7.6623e-08
188.54,-7.6667e-08
188.6,-7.6597e-08
188.66,-7.6663e-08
188.73,-7.66e-08
188.79,-7.6652e-08
188.85,-7.6633e-08
188.92,-7.6705e-08
188.98,-7.6701e-08
189.04,-7.6619e-08
189.1,-7.6633e-08
189.17,-7.6612e-08
189.23,-7.6601e-08
189.3,-7.6516e-08
189.36,-7.6534e-08
189.42,-7.6545e-08
189.48,-7.6592e-08
189.54,-7.6623e-08
189.59,-7.6633e-08
189.66,-7.6596e-08
189.71,-7.6494e-08
189.77,-7.6545e-08
189.85,-7.651e-08
189.91,-7.6605e-08
189.97,-7.6588e-08
190.03,-7.6554e-08
190.09,-7.6637e-08
190.16,-7.6618e-08
190.22,-7.6593e-08
190.28,-7.6473e-08
190.34,-7.651e-08
190.4,-7.652e-08
190.47,-7.6594e-08
190.54,-7.654e-08
190.6,-7.6522e-08
190.66,-7.6515e-08
190.73,-7.6539e-08
190.79,-7.6568e-08
190.85,-7.6623e-08
190.9,-7.6696e-08
190.96,-7.6519e-08
191.02,-7.6472e-08
191.09,-7.6601e-08
191.15,-7.6657e-08
191.23,-7.659e-08
191.29,-7.6481e-08
191.35,-7.6602e-08
191.42,-7.6549e-08
191.47,-7.6506e-08
191.54,-7.6511e-08
191.59,-7.6517e-08
191.66,-7.6489e-08
191.72,-7.6464e-08
191.78,-7.6421e-08
191.84,-7.6294e-08
191.91,-7.6544e-08
191.97,-7.6542e-08
192.03,-7.6425e-08
192.09,-7.6463e-08
192.15,-7.6488e-08
192.21,-7.6258e-08
192.28,-7.6519e-08
192.33,-7.6523e-08
192.39,-7.6477e-08
192.45,-7.6382e-08
192.51,-7.6415e-08
192.59,-7.6443e-08
192.65,-7.6383e-08
192.71,-7.6501e-08
192.78,-7.6376e-08
192.83,-7.6402e-08
192.89,-7.6295e-08
192.96,-7.6321e-08
193.01,-7.6165e-08
193.08,-7.6238e-08
193.14,-7.6116e-08
193.2,-7.6207e-08
193.28,-7.6229e-08
193.34,-7.6441e-08
193.41,-7.6316e-08
193.47,-7.62e-08
193.53,-7.627e-08
193.6,-7.6284e-08
193.66,-7.6274e-08
193.73,-7.6239e-08
193.79,-7.6236e-08
193.85,-7.6158e-08
193.91,-7.6121e-08
193.98,-7.6154e-08
194.05,-7.6165e-08
194.11,-7.6137e-08
194.18,-7.6216e-08
194.24,-7.6394e-08
194.3,-7.6171e-08
194.37,-7.6187e-08
194.43,-7.6186e-08
194.49,-7.6063e-08
194.55,-7.6232e-08
194.61,-7.6221e-08
194.68,-7.6387e-08
194.75,-7.6122e-08
194.81,-7.6154e-08
194.87,-7.6168e-08
194.94,-7.6168e-08
195,-7.6118e-08
195.06,-7.6023e-08
195.12,-7.6095e-08
195.19,-7.6046e-08
195.25,-7.6119e-08
195.31,-7.6143e-08
195.38,-7.612e-08
195.44,-7.6076e-08
195.51,-7.5983e-08
195.57,-7.6083e-08
195.63,-7.627e-08
195.69,-7.6315e-08
195.75,-7.6168e-08
195.81,-7.6132e-08
195.88,-7.5963e-08
195.94,-7.6051e-08
196,-7.612e-08
196.08,-7.6216e-08
196.14,-7.6207e-08
196.21,-7.6319e-08
196.26,-7.6195e-08
196.33,-7.6283e-08
196.39,-7.6212e-08
196.46,-7.6219e-08
196.51,-7.6254e-08
196.58,-7.6207e-08
196.64,-7.6177e-08
196.7,-7.6207e-08
196.77,-7.6226e-08
196.83,-7.6195e-08
196.9,-7.6062e-08
196.96,-7.6135e-08
197.02,-7.6105e-08
197.09,-7.6065e-08
197.15,-7.5963e-08
197.21,-7.6053e-08
197.26,-7.6176e-08
197.32,-7.603e-08
197.38,-7.6037e-08
197.45,-7.5919e-08
197.52,-7.5988e-08
197.58,-7.5866e-08
197.64,-7.5968e-08
197.71,-7.5995e-08
197.76,-7.6033e-08
197.83,-7.6011e-08
197.89,-7.6038e-08
197.96,-7.6006e-08
198.01,-7.5946e-08
198.08,-7.5871e-08
198.15,-7.5963e-08
198.21,-7.6039e-08
198.28,-7.5924e-08
198.34,-7.5909e-08
198.39,-7.6094e-08
198.45,-7.6007e-08
198.51,-7.6059e-08
198.58,-7.6101e-08
198.64,-7.5849e-08
198.7,-7.5847e-08
198.76,-7.5891e-08
198.83,-7.5989e-08
198.9,-7.5888e-08
198.96,-7.5963e-08
199.02,-7.5992e-08
199.09,-7.5949e-08
199.15,-7.5809e-08
199.21,-7.585e-08
199.28,-7.5842e-08
199.34,-7.5805e-08
199.4,-7.5803e-08
199.46,-7.5861e-08
199.53,-7.5825e-08
199.59,-7.5804e-08
199.66,-7.5819e-08
199.72,-7.5577e-08
199.78,-7.5782e-08
199.84,-7.5692e-08
199.9,-7.565e-08
199.95,-7.5789e-08
200.01,-7.5813e-08
200.07,-7.5748e-08
200.14,-7.5772e-08
200.21,-7.5873e-08
200.28,-7.5768e-08
200.33,-7.5803e-08
200.4,-7.57e-08
200.46,-7.5886e-08
200.51,-7.5812e-08
200.58,-7.5683e-08
200.63,-7.5734e-08
200.7,-7.573e-08
200.76,-7.5788e-08
200.82,-7.5811e-08
200.89,-7.5709e-08
200.96,-7.5748e-08
201.01,-7.5777e-08
201.08,-7.5672e-08
201.14,-7.597e-08
201.2,-7.5801e-08
201.25,-7.59e-08
201.32,-7.5862e-08
201.38,-7.5887e-08
201.45,-7.5607e-08
201.51,-7.5721e-08
201.58,-7.5833e-08
201.65,-7.5641e-08
201.71,-7.572e-08
201.77,-7.5562e-08
201.83,-7.5595e-08
201.89,-7.5631e-08
201.95,-7.5694e-08
202.02,-7.5742e-08
202.08,-7.5722e-08
202.14,-7.5803e-08
202.2,-7.5723e-08
202.28,-7.573e-08
202.34,-7.5713e-08
202.4,-7.571e-08
202.46,-7.567e-08
202.52,-7.5682e-08
202.59,-7.5677e-08
202.65,-7.575e-08
202.71,-7.5765e-08
202.77,-7.5692e-08
202.83,-7.5749e-08
202.89,-7.5706e-08
202.97,-7.5715e-08
203.03,-7.5622e-08
203.09,-7.5706e-08
203.16,-7.5638e-08
203.22,-7.5579e-08
203.28,-7.5597e-08
203.34,-7.5701e-08
203.4,-7.5579e-08
203.46,-7.584e-08
203.52,-7.5681e-08
203.59,-7.5718e-08
203.66,-7.569e-08
203.73,-7.5631e-08
203.79,-7.5676e-08
203.85,-7.5733e-08
203.91,-7.5572e-08
203.97,-7.5598e-08
204.03,-7.5736e-08
204.09,-7.5625e-08
204.16,-7.5611e-08
204.22,-7.5619e-08
204.29,-7.5742e-08
204.36,-7.576e-08
204.42,-7.5754e-08
204.48,-7.5782e-08
204.54,-7.5552e-08
204.61,-7.5581e-08
204.67,-7.5633e-08
204.74,-7.5708e-08
204.8,-7.5602e-08
204.86,-7.5686e-08
204.91,-7.5575e-08
204.98,-7.5534e-08
205.05,-7.5553e-08
205.12,-7.556e-08
205.18,-7.5517e-08
205.24,-7.5709e-08
205.31,-7.5629e-08
205.37,-7.5677e-08
205.43,-7.563e-08
205.48,-7.5506e-08
205.55,-7.5545e-08
205.61,-7.566e-08
205.67,-7.5513e-08
205.75,-7.5392e-08
205.81,-7.5521e-08
205.88,-7.5418e-08
205.94,-7.5474e-08
206,-7.5356e-08
206.05,-7.5447e-08
206.12,-7.5449e-08
206.17,-7.534e-08
206.24,-7.5229e-08
206.3,-7.5401e-08
206.36,-7.5421e-08
206.43,-7.5473e-08
206.5,-7.5464e-08
206.55,-7.5526e-08
206.62,-7.5644e-08
206.68,-7.5592e-08
206.75,-7.5564e-08
206.81,-7.5547e-08
206.87,-7.5542e-08
206.93,-7.5607e-08
206.99,-7.5497e-08
207.05,-7.5384e-08
207.13,-7.5552e-08
207.19,-7.554e-08
207.25,-7.5518e-08
207.32,-7.5453e-08
207.38,-7.5347e-08
207.44,-7.5346e-08
207.5,-7.5329e-08
207.56,-7.5314e-08
207.62,-7.5345e-08
207.68,-7.5349e-08
207.75,-7.5403e-08
207.82,-7.5345e-08
207.89,-7.5519e-08
207.95,-7.5429e-08
208.01,-7.5379e-08
208.07,-7.548e-08
208.13,-7.5207e-08
208.19,-7.5196e-08
208.26,-7.5173e-08
208.32,-7.533e-08
208.38,-7.5365e-08
208.45,-7.5366e-08
208.52,-7.5349e-08
208.59,-7.5417e-08
208.65,-7.5279e-08
208.71,-7.5229e-08
208.77,-7.5281e-08
208.83,-7.5366e-08
208.9,-7.5414e-08
208.96,-7.5322e-08
209.02,-7.5297e-08
209.07,-7.5219e-08
209.14,-7.535e-08
209.21,-7.534e-08
209.28,-7.5326e-08
209.34,-7.5219e-08
209.4,-7.5241e-08
209.47,-7.5229e-08
209.52,-7.5261e-08
209.58,-7.5321e-08
209.65,-7.5226e-08
209.7,-7.5241e-08
209.77,-7.5196e-08
209.83,-7.5142e-08
209.91,-7.5184e-08
209.97,-7.5276e-08
210.03,-7.5244e-08
210.1,-7.5208e-08
210.15,-7.5094e-08
210.21,-7.5228e-08
210.27,-7.5172e-08
210.33,-7.5236e-08
210.39,-7.5153e-08
210.46,-7.5233e-08
210.51,-7.524e-08
210.58,-7.5132e-08
210.65,-7.5163e-08
210.71,-7.5097e-08
210.77,-7.5238e-08
210.84,-7.5312e-08
210.9,-7.5254e-08
210.96,-7.5333e-08
211.03,-7.5332e-08
211.08,-7.5092e-08
211.14,-7.5128e-08
211.21,-7.5117e-08
211.28,-7.5117e-08
211.34,-7.531e-08
211.41,-7.5223e-08
211.47,-7.5153e-08
211.53,-7.5113e-08
211.59,-7.5312e-08
211.65,-7.5229e-08
211.71,-7.5253e-08
211.77,-7.5168e-08
211.83,-7.5025e-08
211.9,-7.5118e-08
211.97,-7.5012e-08
212.04,-7.5018e-08
212.1,-7.5006e-08
212.16,-7.5082e-08
212.22,-7.5041e-08
212.28,-7.4995e-08
212.33,-7.5087e-08
212.4,-7.5135e-08
212.46,-7.5032e-08
212.52,-7.5137e-08
212.58,-7.5092e-08
212.66,-7.504e-08
212.72,-7.5036e-08
212.78,-7.5149e-08
212.84,-7.5107e-08
212.9,-7.505e-08
212.97,-7.4974e-08
213.03,-7.4964e-08
213.09,-7.5008e-08
213.15,-7.5004e-08
213.21,-7.503e-08
213.27,-7.5064e-08
213.35,-7.4992e-08
213.41,-7.502e-08
213.47,-7.4904e-08
213.54,-7.5135e-08
213.6,-7.5043e-08
213.66,-7.5096e-08
213.71,-7.4841e-08
213.78,-7.4932e-08
213.83,-7.4921e-08
213.9,-7.4715e-08
213.96,-7.4899e-08
214.04,-7.4925e-08
214.1,-7.4941e-08
214.16,-7.4877e-08
214.23,-7.4834e-08
214.28,-7.4757e-08
214.34,-7.4811e-08
214.4,-7.4883e-08
214.47,-7.4927e-08
214.53,-7.504e-08
214.59,-7.5012e-08
214.65,-7.5054e-08
214.72,-7.4937e-08
214.78,-7.4978e-08
214.85,-7.499e-08
214.91,-7.5055e-08
214.97,-7.4944e-08
215.03,-7.4899e-08
215.09,-7.4939e-08
215.16,-7.5014e-08
215.22,-7.5066e-08
215.27,-7.504e-08
215.34,-7.5159e-08
215.41,-7.5072e-08
215.47,-7.517e-08
215.54,-7.5118e-08
215.6,-7.5188e-08
215.67,-7.5094e-08
215.73,-7.5067e-08
215.79,-7.505e-08
215.84,-7.5011e-08
215.91,-7.5005e-08
215.97,-7.5039e-08
216.03,-7.5054e-08
216.1,-7.5012e-08
216.17,-7.4961e-08
216.23,-7.4892e-08
216.29,-7.4975e-08
216.35,-7.5117e-08
216.41,-7.4928e-08
216.48,-7.4855e-08
216.54,-7.4954e-08
216.6,-7.4945e-08
216.66,-7.4979e-08
216.72,-7.4926e-08
216.79,-7.482e-08
216.85,-7.4879e-08
216.91,-7.4816e-08
216.97,-7.4954e-08
217.03,-7.4917e-08
217.1,-7.4928e-08
217.16,-7.4949e-08
217.23,-7.484e-08
217.28,-7.498e-08
217.34,-7.4872e-08
217.4,-7.4846e-08
217.48,-7.4923e-08
217.54,-7.4894e-08
217.61,-7.4869e-08
217.67,-7.474e-08
217.73,-7.481e-08
217.79,-7.4811e-08
217.85,-7.4705e-08
217.91,-7.4747e-08
217.97,-7.4873e-08
218.02,-7.4938e-08
218.09,-7.4832e-08
218.16,-7.4856e-08
218.22,-7.4928e-08
218.29,-7.4851e-08
218.34,-7.4818e-08
218.4,-7.4883e-08
218.47,-7.4901e-08
218.53,-7.4715e-08
218.59,-7.4932e-08
218.66,-7.4797e-08
218.72,-7.4793e-08
218.78,-7.4696e-08
218.86,-7.4734e-08
218.92,-7.474e-08
218.99,-7.4817e-08
219.05,-7.4865e-08
219.11,-7.4681e-08
219.17,-7.4738e-08
219.23,-7.4713e-08
219.3,-7.4873e-08
219.36,-7.4686e-08
219.42,-7.4614e-08
219.48,-7.4818e-08
219.56,-7.4787e-08
219.62,-7.4832e-08
219.68,-7.4657e-08
219.75,-7.4739e-08
219.81,-7.4587e-08
219.88,-7.4722e-08
219.94,-7.473e-08
220,-7.4768e-08
220.05,-7.4769e-08
220.11,-7.4675e-08
220.17,-7.4563e-08
220.24,-7.4855e-08
220.3,-7.4788e-08
220.37,-7.4756e-08
220.43,-7.4794e-08
220.49,-7.4732e-08
220.55,-7.4846e-08
220.61,-7.4735e-08
220.67,-7.4691e-08
220.74,-7.4815e-08
220.8,-7.4935e-08
220.86,-7.4757e-08
220.94,-7.4714e-08
221,-7.4576e-08
221.06,-7.4551e-08
221.12,-7.4546e-08
221.19,-7.4542e-08
221.25,-7.4651e-08
221.31,-7.452e-08
221.38,-7.4525e-08
221.43,-7.4411e-08
221.49,-7.4549e-08
221.55,-7.4565e-08
221.63,-7.4687e-08
221.69,-7.4737e-08
221.75,-7.4768e-08
221.82,-7.4667e-08
221.88,-7.4546e-08
221.94,-7.4508e-08
222,-7.4533e-08
222.06,-7.4567e-08
222.12,-7.4582e-08
222.18,-7.4472e-08
222.24,-7.4564e-08
222.32,-7.4491e-08
222.38,-7.4472e-08
222.45,-7.4518e-08
222.51,-7.4564e-08
222.57,-7.4448e-08
222.62,-7.4492e-08
222.68,-7.4689e-08
222.74,-7.4681e-08
222.8,-7.4637e-08
222.86,-7.462e-08
222.91,-7.4443e-08
222.99,-7.463e-08
223.05,-7.4612e-08
223.12,-7.456e-08
223.18,-7.4636e-08
223.24,-7.4549e-08
223.31,-7.4721e-08
223.37,-7.4552e-08
223.42,-7.4545e-08
223.49,-7.4485e-08
223.54,-7.4431e-08
223.61,-7.4468e-08
223.68,-7.4584e-08
223.74,-7.4572e-08
223.81,-7.4489e-08
223.87,-7.4476e-08
223.93,-7.4602e-08
223.99,-7.4676e-08
224.05,-7.4555e-08
224.11,-7.4607e-08
224.18,-7.4535e-08
224.24,-7.4501e-08
224.3,-7.4455e-08
224.38,-7.4326e-08
224.44,-7.4473e-08
224.51,-7.4455e-08
224.57,-7.4403e-08
224.63,-7.4414e-08
224.7,-7.4417e-08
224.76,-7.4368e-08
224.82,-7.4559e-08
224.89,-7.4356e-08
224.94,-7.4298e-08
225,-7.4447e-08
225.08,-7.4404e-08
225.14,-7.4447e-08
225.2,-7.4341e-08
225.27,-7.4537e-08
225.33,-7.4416e-08
225.39,-7.4374e-08
225.46,-7.4334e-08
225.51,-7.4502e-08
225.57,-7.4354e-08
225.63,-7.4438e-08
225.7,-7.4464e-08
225.77,-7.4428e-08
225.84,-7.4452e-08
225.9,-7.4387e-08
225.96,-7.4415e-08
226.03,-7.4407e-08
226.08,-7.4445e-08
226.14,-7.4257e-08
226.21,-7.4401e-08
226.27,-7.4367e-08
226.33,-7.4383e-08
226.4,-7.4313e-08
226.47,-7.4265e-08
226.53,-7.4373e-08
226.6,-7.4222e-08
226.66,-7.4212e-08
226.73,-7.4223e-08
226.79,-7.4279e-08
226.85,-7.4297e-08
226.91,-7.4162e-08
226.97,-7.4132e-08
227.04,-7.4233e-08
227.09,-7.4303e-08
227.16,-7.4209e-08
227.23,-7.4242e-08
227.29,-7.4322e-08
227.35,-7.4296e-08
227.42,-7.4238e-08
227.48,-7.4268e-08
227.54,-7.4304e-08
227.6,-7.429e-08
227.66,-7.4281e-08
227.72,-7.4285e-08
227.78,-7.4387e-08
227.85,-7.4278e-08
227.92,-7.4364e-08
227.97,-7.4161e-08
228.04,-7.416e-08
228.1,-7.4208e-08
228.16,-7.4148e-08
228.22,-7.4094e-08
228.29,-7.412e-08
228.35,-7.426e-08
228.41,-7.431e-08
228.47,-7.4167e-08
228.54,-7.4131e-08
228.61,-7.4172e-08
228.67,-7.4219e-08
228.74,-7.4299e-08
228.8,-7.4089e-08
228.86,-7.4218e-08
228.92,-7.4047e-08
228.98,-7.407e-08
229.05,-7.4176e-08
229.11,-7.418e-08
229.17,-7.4076e-08
229.24,-7.4089e-08
229.3,-7.3997e-08
229.36,-7.4077e-08
229.43,-7.4061e-08
229.49,-7.3978e-08
229.55,-7.3937e-08
229.62,-7.3864e-08
229.68,-7.3866e-08
229.74,-7.3888e-08
229.79,-7.3886e-08
229.86,-7.3821e-08
229.93,-7.4062e-08
230,-7.403e-08
230.06,-7.3874e-08
230.12,-7.4053e-08
230.19,-7.3969e-08
230.25,-7.3984e-08
230.3,-7.3934e-08
230.37,-7.3863e-08
230.42,-7.3931e-08
230.49,-7.3942e-08
230.55,-7.4023e-08
230.62,-7.3985e-08
230.69,-7.3932e-08
230.75,-7.4002e-08
230.82,-7.4098e-08
230.87,-7.3939e-08
230.94,-7.39e-08
231,-7.3904e-08
231.06,-7.3851e-08
231.12,-7.3947e-08
231.18,-7.4003e-08
231.25,-7.3987e-08
231.32,-7.4011e-08
231.39,-7.4195e-08
231.44,-7.4057e-08
231.51,-7.3884e-08
231.57,-7.3979e-08
231.64,-7.4045e-08
231.7,-7.4094e-08
231.76,-7.4029e-08
231.82,-7.3881e-08
231.88,-7.3839e-08
231.94,-7.4036e-08
232.02,-7.3945e-08
232.08,-7.3828e-08
232.14,-7.3845e-08
232.2,-7.4046e-08
232.26,-7.4055e-08
232.32,-7.4123e-08
232.38,-7.3963e-08
232.44,-7.3957e-08
232.5,-7.4072e-08
232.57,-7.401e-08
232.63,-7.3993e-08
232.71,-7.3934e-08
232.77,-7.3915e-08
232.83,-7.3964e-08
232.9,-7.3826e-08
232.95,-7.3828e-08
233.01,-7.395e-08
233.07,-7.3879e-08
233.13,-7.3849e-08
233.19,-7.3962e-08
233.25,-7.3802e-08
233.31,-7.382e-08
233.38,-7.3803e-08
233.45,-7.3879e-08
233.51,-7.3858e-08
233.57,-7.4029e-08
233.64,-7.3955e-08
233.7,-7.3875e-08
233.76,-7.3868e-08
233.82,-7.3946e-08
233.88,-7.3948e-08
233.94,-7.4016e-08
234,-7.3815e-08
234.08,-7.3836e-08
234.14,-7.3804e-08
234.2,-7.3888e-08
234.26,-7.4017e-08
234.32,-7.3899e-08
234.38,-7.3902e-08
234.44,-7.3763e-08
234.51,-7.3891e-08
234.56,-7.3823e-08
234.63,-7.3818e-08
234.69,-7.3811e-08
234.77,-7.3783e-08
234.83,-7.3857e-08
234.89,-7.3796e-08
234.95,-7.3774e-08
235.01,-7.3934e-08
235.07,-7.3901e-08
235.13,-7.3929e-08
235.2,-7.3735e-08
235.26,-7.3727e-08
235.33,-7.3761e-08
235.38,-7.3872e-08
235.45,-7.3976e-08
235.51,-7.3999e-08
235.58,-7.4044e-08
235.64,-7.3982e-08
235.71,-7.379e-08
235.77,-7.4013e-08
235.83,-7.4024e-08
235.89,-7.4118e-08
235.95,-7.3951e-08
236.01,-7.3811e-08
236.07,-7.3801e-08
236.13,-7.3929e-08
236.2,-7.3679e-08
236.26,-7.3805e-08
236.32,-7.3777e-08
236.39,-7.3831e-08
236.44,-7.3761e-08
236.51,-7.3808e-08
236.57,-7.3829e-08
236.63,-7.3787e-08
236.69,-7.3928e-08
236.76,-7.3829e-08
236.83,-7.3748e-08
236.89,-7.3689e-08
236.96,-7.3805e-08
237.01,-7.383e-08
237.08,-7.3973e-08
237.13,-7.391e-08
237.19,-7.3924e-08
237.25,-7.3937e-08
237.32,-7.3877e-08
237.38,-7.3831e-08
237.43,-7.3887e-08
237.51,-7.3714e-08
237.57,-7.3655e-08
237.63,-7.381e-08
237.7,-7.3819e-08
237.76,-7.3769e-08
237.82,-7.3573e-08
237.89,-7.3865e-08
237.95,-7.3788e-08
238.01,-7.3702e-08
238.07,-7.3861e-08
238.14,-7.3728e-08
238.21,-7.3641e-08
238.27,-7.3664e-08
238.32,-7.3724e-08
238.39,-7.3583e-08
238.45,-7.3522e-08
238.5,-7.3626e-08
238.57,-7.3545e-08
238.63,-7.3677e-08
238.69,-7.3643e-08
238.76,-7.3672e-08
238.82,-7.3686e-08
238.9,-7.3696e-08
238.96,-7.3683e-08
239.02,-7.3739e-08
239.08,-7.3889e-08
239.14,-7.3874e-08
239.21,-7.3816e-08
239.27,-7.3853e-08
239.34,-7.3583e-08
239.39,-7.3702e-08
239.46,-7.3746e-08
239.52,-7.3715e-08
239.59,-7.3826e-08
239.65,-7.3668e-08
239.71,-7.3668e-08
239.78,-7.354e-08
239.84,-7.3554e-08
239.9,-7.3638e-08
239.96,-7.3595e-08
240.02,-7.3677e-08
240.08,-7.3651e-08
240.14,-7.3584e-08
240.2,-7.3647e-08
240.28,-7.3705e-08
240.34,-7.3577e-08
240.41,-7.3677e-08
240.46,-7.3632e-08
240.52,-7.3527e-08
240.58,-7.3597e-08
240.65,-7.3586e-08
240.71,-7.357e-08
240.77,-7.3537e-08
240.84,-7.3525e-08
240.89,-7.3583e-08
240.96,-7.3696e-08
241.03,-7.3719e-08
241.09,-7.3602e-08
241.15,-7.3525e-08
241.22,-7.3525e-08
241.28,-7.3408e-08
241.34,-7.3424e-08
241.4,-7.3332e-08
241.46,-7.3399e-08
241.52,-7.3389e-08
241.58,-7.3528e-08
241.65,-7.3514e-08
241.72,-7.36e-08
241.77,-7.345e-08
241.84,-7.3569e-08
241.9,-7.3433e-08
241.96,-7.3493e-08
242.02,-7.349e-08
242.07,-7.3406e-08
242.13,-7.3359e-08
242.19,-7.3484e-08
242.25,-7.352e-08
242.32,-7.3519e-08
242.38,-7.3441e-08
242.44,-7.3361e-08
242.51,-7.3428e-08
242.57,-7.3499e-08
242.63,-7.3444e-08
242.7,-7.3492e-08
242.76,-7.3376e-08
242.82,-7.33e-08
242.87,-7.337e-08
242.94,-7.3342e-08
243.01,-7.3422e-08
243.08,-7.341e-08
243.14,-7.3447e-08
243.2,-7.3297e-08
243.27,-7.3434e-08
243.33,-7.3399e-08
243.38,-7.3354e-08
243.45,-7.3312e-08
243.5,-7.3269e-08
243.57,-7.3294e-08
243.63,-7.3328e-08
243.71,-7.3445e-08
243.77,-7.3306e-08
243.83,-7.3212e-08
243.89,-7.3272e-08
243.95,-7.3264e-08
244.01,-7.3338e-08
244.07,-7.3298e-08
244.14,-7.3271e-08
244.2,-7.3422e-08
244.26,-7.3272e-08
244.31,-7.3413e-08
244.39,-7.3339e-08
244.45,-7.3282e-08
244.51,-7.3178e-08
244.58,-7.3262e-08
244.64,-7.3284e-08
244.71,-7.3269e-08
244.77,-7.3415e-08
244.83,-7.3295e-08
244.89,-7.3429e-08
244.95,-7.3282e-08
245.01,-7.3278e-08
245.09,-7.3328e-08
245.15,-7.3258e-08
245.21,-7.3089e-08
245.28,-7.3156e-08
245.34,-7.3194e-08
245.4,-7.3218e-08
245.46,-7.3241e-08
245.52,-7.3371e-08
245.58,-7.3299e-08
245.64,-7.3328e-08
245.71,-7.3188e-08
245.78,-7.3389e-08
245.85,-7.3445e-08
245.91,-7.3247e-08
245.97,-7.339e-08
246.03,-7.3325e-08
246.09,-7.3216e-08
246.15,-7.3295e-08
246.21,-7.3279e-08
246.28,-7.3082e-08
246.34,-7.3173e-08
246.4,-7.3195e-08
246.48,-7.3242e-08
246.54,-7.316e-08
246.61,-7.3112e-08
246.66,-7.3149e-08
246.72,-7.3079e-08
246.78,-7.3208e-08
246.84,-7.3208e-08
246.91,-7.3124e-08
246.97,-7.3146e-08
247.03,-7.3265e-08
247.08,-7.3236e-08
247.16,-7.3276e-08
247.22,-7.3221e-08
247.29,-7.3234e-08
247.35,-7.3126e-08
247.41,-7.3307e-08
247.48,-7.3231e-08
247.54,-7.3129e-08
247.6,-7.3035e-08
247.66,-7.3175e-08
247.71,-7.3038e-08
247.77,-7.3187e-08
247.84,-7.3319e-08
247.91,-7.327e-08
247.97,-7.3175e-08
248.03,-7.3227e-08
248.09,-7.3297e-08
248.15,-7.3173e-08
248.2,-7.3119e-08
248.27,-7.3137e-08
248.33,-7.3019e-08
248.4,-7.3244e-08
248.45,-7.3175e-08
248.52,-7.3205e-08
248.58,-7.3071e-08
248.65,-7.3203e-08
248.71,-7.3115e-08
248.77,-7.316e-08
248.84,-7.3057e-08
248.9,-7.3257e-08
248.96,-7.314e-08
249.02,-7.3164e-08
249.08,-7.3073e-08
249.14,-7.3057e-08
249.22,-7.311e-08
249.28,-7.313e-08
249.34,-7.3079e-08
249.41,-7.3053e-08
249.47,-7.2995e-08
249.53,-7.3133e-08
249.59,-7.3164e-08
249.65,-7.3097e-08
249.71,-7.3035e-08
249.76,-7.3119e-08
249.83,-7.3041e-08
249.9,-7.3264e-08
249.96,-7.3161e-08
250.03,-7.3189e-08
250.08,-7.3261e-08
250.14,-7.3208e-08
250.21,-7.3153e-08
250.27,-7.3243e-08
250.33,-7.3237e-08
250.4,-7.3155e-08
250.46,-7.3239e-08
250.52,-7.3042e-08
250.59,-7.3152e-08
250.65,-7.3097e-08
250.71,-7.313e-08
250.78,-7.3036e-08
250.84,-7.2971e-08
250.9,-7.309e-08
250.97,-7.3203e-08
251.03,-7.311e-08
251.09,-7.3191e-08
251.14,-7.3195e-08
251.21,-7.3067e-08
251.28,-7.3169e-08
251.35,-7.311e-08
251.41,-7.3119e-08
251.47,-7.3125e-08
251.54,-7.3044e-08
251.6,-7.3022e-08
251.66,-7.3007e-08
251.71,-7.2972e-08
251.78,-7.3223e-08
251.84,-7.3096e-08
251.91,-7.3086e-08
251.98,-7.314e-08
252.04,-7.3261e-08
252.11,-7.3065e-08
252.17,-7.3187e-08
252.23,-7.3073e-08
252.28,-7.3084e-08
252.35,-7.314e-08
252.41,-7.3018e-08
252.47,-7.3016e-08
252.54,-7.3087e-08
252.6,-7.3133e-08
252.67,-7.3085e-08
252.73,-7.3111e-08
252.8,-7.3211e-08
252.86,-7.3182e-08
252.92,-7.3242e-08
252.98,-7.3231e-08
253.04,-7.3264e-08
253.11,-7.3142e-08
253.17,-7.2999e-08
253.22,-7.2946e-08
253.29,-7.3018e-08
253.36,-7.303e-08
253.42,-7.3005e-08
253.49,-7.2954e-08
253.55,-7.2916e-08
253.62,-7.2951e-08
253.68,-7.3115e-08
253.74,-7.2883e-08
253.79,-7.2825e-08
253.86,-7.287e-08
253.92,-7.2905e-08
253.98,-7.2923e-08
254.06,-7.3015e-08
254.12,-7.2927e-08
254.19,-7.2916e-08
254.25,-7.3135e-08
254.31,-7.3088e-08
254.37,-7.2954e-08
254.43,-7.2823e-08
254.48,-7.2885e-08
254.55,-7.3007e-08
254.61,-7.3023e-08
254.67,-7.2944e-08
254.74,-7.2933e-08
254.8,-7.2911e-08
254.86,-7.2934e-08
254.93,-7.286e-08
254.99,-7.2788e-08
255.05,-7.2675e-08
255.12,-7.2876e-08
255.18,-7.2786e-08
255.24,-7.276e-08
255.29,-7.2819e-08
255.36,-7.2891e-08
255.43,-7.2779e-08
255.5,-7.2966e-08
255.56,-7.2936e-08
255.62,-7.296e-08
255.69,-7.2863e-08
255.74,-7.2752e-08
255.8,-7.2797e-08
255.87,-7.2832e-08
255.92,-7.2827e-08
255.99,-7.2795e-08
256.05,-7.2905e-08
256.12,-7.2912e-08
256.19,-7.2858e-08
256.25,-7.2783e-08
256.31,-7.283e-08
256.37,-7.2963e-08
256.43,-7.2791e-08
256.49,-7.2978e-08
256.56,-7.2872e-08
256.62,-7.2858e-08
256.68,-7.2788e-08
256.74,-7.2901e-08
256.81,-7.2882e-08
256.87,-7.2924e-08
256.93,-7.2816e-08
257,-7.2916e-08
257.06,-7.2772e-08
257.13,-7.2938e-08
257.19,-7.2799e-08
257.25,-7.274e-08
257.31,-7.2685e-08
257.37,-7.264e-08
257.43,-7.2805e-08
257.51,-7.2819e-08
257.57,-7.2892e-08
257.63,-7.276e-08
257.7,-7.2741e-08
257.76,-7.2823e-08
257.82,-7.2766e-08
257.88,-7.2676e-08
257.94,-7.2772e-08
258,-7.276e-08
258.06,-7.2869e-08
258.13,-7.2848e-08
258.2,-7.2873e-08
258.27,-7.2739e-08
258.33,-7.2666e-08
258.39,-7.2789e-08
258.45,-7.2689e-08
258.51,-7.2677e-08
258.57,-7.2745e-08
258.63,-7.278e-08
258.7,-7.2676e-08
258.76,-7.2677e-08
258.83,-7.2794e-08
258.9,-7.2585e-08
258.96,-7.2868e-08
259.02,-7.2769e-08
259.08,-7.2821e-08
259.15,-7.2761e-08
259.21,-7.2655e-08
259.28,-7.2761e-08
259.34,-7.2745e-08
259.4,-7.277e-08
259.45,-7.2662e-08
259.52,-7.2756e-08
259.59,-7.2763e-08
259.66,-7.2837e-08
259.72,-7.2724e-08
259.78,-7.2757e-08
259.85,-7.2583e-08
259.91,-7.2631e-08
259.97,-7.2564e-08
260.02,-7.2565e-08
260.09,-7.2614e-08
260.15,-7.2725e-08
260.21,-7.2668e-08
260.28,-7.2694e-08
260.34,-7.2674e-08
260.41,-7.2637e-08
260.46,-7.2712e-08
260.52,-7.2773e-08
260.59,-7.2676e-08
260.65,-7.2771e-08
260.71,-7.2651e-08
260.78,-7.2651e-08
260.84,-7.258e-08
260.9,-7.2662e-08
260.96,-7.2675e-08
261.03,-7.2577e-08
261.09,-7.2625e-08
261.16,-7.2651e-08
261.22,-7.2653e-08
261.28,-7.2843e-08
261.35,-7.2666e-08
261.4,-7.2661e-08
261.46,-7.25e-08
261.52,-7.2646e-08
261.59,-7.2656e-08
261.66,-7.267e-08
261.72,-7.2738e-08
261.78,-7.2787e-08
261.84,-7.2674e-08
261.9,-7.2581e-08
261.96,-7.2802e-08
262.02,-7.268e-08
262.08,-7.266e-08
262.13,-7.2587e-08
262.2,-7.2605e-08
262.25,-7.2517e-08
262.32,-7.2692e-08
262.38,-7.2723e-08
262.45,-7.2605e-08
262.51,-7.2604e-08
262.58,-7.2723e-08
262.64,-7.2623e-08
262.7,-7.2704e-08
262.77,-7.243e-08
262.82,-7.2545e-08
262.88,-7.2462e-08
262.94,-7.2524e-08
263.02,-7.2578e-08
263.08,-7.2568e-08
263.14,-7.2648e-08
263.21,-7.268e-08
263.27,-7.2703e-08
263.33,-7.2545e-08
263.39,-7.2501e-08
263.45,-7.2453e-08
263.51,-7.2374e-08
263.57,-7.239e-08
263.63,-7.2489e-08
263.71,-7.257e-08
263.77,-7.2491e-08
263.84,-7.2559e-08
263.89,-7.2638e-08
263.95,-7.2661e-08
264.01,-7.2578e-08
264.08,-7.2575e-08
264.14,-7.2662e-08
264.2,-7.2472e-08
264.27,-7.2349e-08
264.32,-7.2362e-08
264.39,-7.2431e-08
264.46,-7.26e-08
264.52,-7.2461e-08
264.58,-7.2568e-08
264.65,-7.2585e-08
264.71,-7.2546e-08
264.77,-7.2607e-08
264.84,-7.2565e-08
264.89,-7.2483e-08
264.96,-7.2394e-08
265.02,-7.244e-08
265.09,-7.263e-08
265.15,-7.2396e-08
265.22,-7.2506e-08
265.28,-7.2519e-08
265.34,-7.2563e-08
265.4,-7.2442e-08
265.46,-7.2509e-08
265.52,-7.2483e-08
265.58,-7.2571e-08
265.64,-7.2605e-08
265.71,-7.2592e-08
265.78,-7.2431e-08
265.85,-7.2349e-08
265.91,-7.2468e-08
265.97,-7.2521e-08
266.03,-7.2662e-08
266.09,-7.2682e-08
266.16,-7.2635e-08
266.21,-7.2544e-08
266.28,-7.2519e-08
266.34,-7.2522e-08
266.4,-7.244e-08
266.48,-7.2463e-08
266.54,-7.2513e-08
266.61,-7.239e-08
266.67,-7.2497e-08
266.73,-7.2423e-08
266.79,-7.2447e-08
266.86,-7.2511e-08
266.92,-7.2447e-08
266.98,-7.246e-08
267.03,-7.2433e-08
267.09,-7.2372e-08
267.17,-7.2464e-08
267.23,-7.251e-08
267.29,-7.2479e-08
267.35,-7.25e-08
267.41,-7.2429e-08
267.47,-7.2352e-08
267.53,-7.223e-08
267.59,-7.2344e-08
267.65,-7.2344e-08
267.72,-7.2401e-08
267.78,-7.2384e-08
267.86,-7.2333e-08
267.92,-7.2323e-08
267.98,-7.2277e-08
268.04,-7.2358e-08
268.1,-7.2447e-08
268.17,-7.2302e-08
268.23,-7.2405e-08
268.29,-7.232e-08
268.35,-7.2275e-08
268.42,-7.23e-08
268.48,-7.2341e-08
268.55,-7.2302e-08
268.61,-7.2232e-08
268.67,-7.2153e-08
268.74,-7.2215e-08
268.8,-7.2219e-08
268.86,-7.2324e-08
268.91,-7.2385e-08
268.97,-7.225e-08
269.04,-7.2291e-08
269.1,-7.218e-08
269.16,-7.2191e-08
269.24,-7.2333e-08
269.3,-7.2328e-08
269.37,-7.2401e-08
269.42,-7.2423e-08
269.48,-7.2454e-08
269.54,-7.2364e-08
269.6,-7.2302e-08
269.66,-7.2313e-08
269.73,-7.2205e-08
269.78,-7.2234e-08
269.84,-7.2143e-08
269.92,-7.2062e-08
269.98,-7.2124e-08
270.04,-7.2149e-08
270.11,-7.2174e-08
270.17,-7.2224e-08
270.24,-7.2174e-08
270.3,-7.2242e-08
270.36,-7.22e-08
270.42,-7.221e-08
270.48,-7.2275e-08
270.55,-7.2241e-08
270.62,-7.2181e-08
270.68,-7.2014e-08
270.74,-7.2149e-08
270.81,-7.2203e-08
270.87,-7.2118e-08
270.93,-7.2072e-08
270.98,-7.2083e-08
271.04,-7.2276e-08
271.1,-7.2286e-08
271.16,-7.2235e-08
271.22,-7.227e-08
271.3,-7.2094e-08
271.36,-7.2148e-08
271.43,-7.2127e-08
271.48,-7.2144e-08
271.54,-7.2094e-08
271.6,-7.2237e-08
271.66,-7.2217e-08
271.72,-7.2096e-08
271.78,-7.2161e-08
271.84,-7.2195e-08
271.9,-7.2085e-08
271.97,-7.2118e-08
272.03,-7.2112e-08
272.1,-7.2177e-08
272.16,-7.219e-08
272.22,-7.2076e-08
272.29,-7.2121e-08
272.35,-7.197e-08
272.41,-7.1985e-08
272.47,-7.2028e-08
272.53,-7.2052e-08
272.59,-7.2004e-08
272.67,-7.208e-08
272.73,-7.2134e-08
272.8,-7.2214e-08
272.86,-7.2269e-08
272.92,-7.2138e-08
272.98,-7.2161e-08
273.04,-7.2202e-08
273.11,-7.1957e-08
273.16,-7.2009e-08
273.23,-7.2133e-08
273.29,-7.2121e-08
273.37,-7.2104e-08
273.43,-7.2054e-08
273.49,-7.2083e-08
273.55,-7.1967e-08
273.62,-7.211e-08
273.68,-7.2116e-08
273.74,-7.2109e-08
273.81,-7.1994e-08
273.86,-7.1947e-08
273.92,-7.2022e-08
273.98,-7.204e-08
274.05,-7.2236e-08
274.11,-7.2297e-08
274.17,-7.2202e-08
274.24,-7.2025e-08
274.29,-7.202e-08
274.35,-7.2212e-08
274.42,-7.2105e-08
274.47,-7.2172e-08
274.54,-7.2129e-08
274.6,-7.2135e-08
274.66,-7.2115e-08
274.74,-7.2087e-08
274.8,-7.2156e-08
274.87,-7.2055e-08
274.93,-7.2036e-08
274.99,-7.198e-08
275.05,-7.2084e-08
275.11,-7.2116e-08
275.18,-7.2102e-08
275.23,-7.2077e-08
275.29,-7.213e-08
275.36,-7.2003e-08
275.43,-7.2002e-08
275.49,-7.2065e-08
275.56,-7.1943e-08
275.62,-7.1837e-08
275.68,-7.1869e-08
275.74,-7.19e-08
275.8,-7.1893e-08
275.86,-7.1859e-08
275.92,-7.2052e-08
275.98,-7.1963e-08
276.05,-7.2065e-08
276.12,-7.1952e-08
276.18,-7.1962e-08
276.25,-7.206e-08
276.3,-7.2042e-08
276.37,-7.199e-08
276.43,-7.203e-08
276.5,-7.2108e-08
276.55,-7.2034e-08
276.62,-7.197e-08
276.68,-7.2119e-08
276.74,-7.2048e-08
276.82,-7.2186e-08
276.88,-7.202e-08
276.95,-7.1967e-08
277.01,-7.2053e-08
277.07,-7.1943e-08
277.13,-7.1847e-08
277.19,-7.1861e-08
277.26,-7.1832e-08
277.31,-7.1879e-08
277.38,-7.1936e-08
277.44,-7.1945e-08
277.52,-7.1923e-08
277.58,-7.1939e-08
277.64,-7.1945e-08
277.71,-7.1966e-08
277.77,-7.1951e-08
277.83,-7.19e-08
277.89,-7.1844e-08
277.96,-7.1859e-08
278.02,-7.1931e-08
278.08,-7.1897e-08
278.14,-7.1941e-08
278.21,-7.1827e-08
278.28,-7.1823e-08
278.34,-7.1882e-08
278.4,-7.1805e-08
278.46,-7.1811e-08
278.52,-7.1781e-08
278.59,-7.1871e-08
278.64,-7.1875e-08
278.71,-7.1791e-08
278.77,-7.2003e-08
278.83,-7.1946e-08
278.91,-7.1783e-08
278.97,-7.1919e-08
279.04,-7.185e-08
279.1,-7.1769e-08
279.16,-7.1745e-08
279.22,-7.1891e-08
279.28,-7.1866e-08
279.35,-7.1778e-08
279.4,-7.1766e-08
279.46,-7.1767e-08
279.52,-7.1934e-08
279.59,-7.1878e-08
279.66,-7.1963e-08
279.71,-7.1758e-08
279.78,-7.1852e-08
279.83,-7.1921e-08
279.89,-7.1798e-08
279.95,-7.1779e-08
280.01,-7.1777e-08
280.07,-7.176e-08
280.14,-7.1942e-08
280.2,-7.1863e-08
280.28,-7.1753e-08
280.34,-7.1874e-08
280.4,-7.1779e-08
280.47,-7.1861e-08
280.52,-7.1832e-08
280.58,-7.1777e-08
280.65,-7.181e-08
280.71,-7.179e-08
280.77,-7.1696e-08
280.83,-7.1727e-08
280.9,-7.1704e-08
280.97,-7.173e-08
281.03,-7.1628e-08
281.09,-7.1772e-08
281.16,-7.1691e-08
281.22,-7.1785e-08
281.28,-7.1613e-08
281.33,-7.168e-08
281.39,-7.1663e-08
281.45,-7.1698e-08
281.51,-7.1697e-08
281.57,-7.1718e-08
281.65,-7.1616e-08
281.71,-7.1639e-08
281.77,-7.1749e-08
281.83,-7.1559e-08
281.9,-7.1805e-08
281.96,-7.1629e-08
282.02,-7.1651e-08
282.09,-7.1666e-08
282.14,-7.174e-08
282.21,-7.1678e-08
282.27,-7.162e-08
282.34,-7.1589e-08
282.4,-7.1615e-08
282.47,-7.1652e-08
282.53,-7.168e-08
282.59,-7.1646e-08
282.66,-7.1713e-08
282.71,-7.1704e-08
282.78,-7.1763e-08
282.84,-7.1702e-08
282.91,-7.1712e-08
282.96,-7.163e-08
283.04,-7.1809e-08
283.1,-7.1768e-08
283.17,-7.1687e-08
283.23,-7.1736e-08
283.29,-7.1594e-08
283.35,-7.1745e-08
283.41,-7.1743e-08
283.47,-7.1675e-08
283.53,-7.1618e-08
283.6,-7.1719e-08
283.66,-7.1551e-08
283.74,-7.161e-08
283.8,-7.1559e-08
283.86,-7.1614e-08
283.92,-7.1671e-08
283.98,-7.1746e-08
284.05,-7.1665e-08
284.11,-7.1589e-08
284.17,-7.1817e-08
284.23,-7.1602e-08
284.29,-7.1577e-08
284.36,-7.1734e-08
284.43,-7.1667e-08
284.49,-7.1576e-08
284.55,-7.1514e-08
284.62,-7.147e-08
284.68,-7.1611e-08
284.75,-7.1578e-08
284.8,-7.1531e-08
284.87,-7.1729e-08
284.93,-7.1724e-08
284.99,-7.1491e-08
285.05,-7.1573e-08
285.13,-7.1595e-08
285.19,-7.1513e-08
285.25,-7.1482e-08
285.32,-7.1633e-08
285.37,-7.1581e-08
285.44,-7.1635e-08
285.5,-7.1556e-08
285.56,-7.1652e-08
285.62,-7.1646e-08
285.68,-7.1654e-08
285.75,-7.1563e-08
285.83,-7.1565e-08
285.89,-7.152e-08
285.95,-7.1409e-08
286.01,-7.1571e-08
286.07,-7.1524e-08
286.14,-7.1548e-08
286.2,-7.1487e-08
286.26,-7.1458e-08
286.32,-7.1603e-08
286.38,-7.1613e-08
286.45,-7.1519e-08
286.51,-7.1546e-08
286.58,-7.1572e-08
286.64,-7.1676e-08
286.71,-7.164e-08
286.77,-7.1601e-08
286.83,-7.16e-08
286.89,-7.1675e-08
286.95,-7.1568e-08
287.02,-7.153e-08
287.08,-7.147e-08
287.14,-7.1658e-08
287.21,-7.1602e-08
287.28,-7.1531e-08
287.34,-7.1627e-08
287.4,-7.1619e-08
287.46,-7.1608e-08
287.53,-7.1686e-08
287.59,-7.1609e-08
287.65,-7.16e-08
287.71,-7.1521e-08
287.77,-7.1636e-08
287.84,-7.1598e-08
287.91,-7.1467e-08
287.97,-7.162e-08
288.03,-7.1663e-08
288.1,-7.1537e-08
288.16,-7.1553e-08
288.22,-7.1533e-08
288.29,-7.1517e-08
288.35,-7.1688e-08
288.41,-7.1634e-08
288.47,-7.1542e-08
288.53,-7.1608e-08
288.6,-7.1557e-08
288.66,-7.1474e-08
288.73,-7.1495e-08
288.79,-7.1468e-08
288.85,-7.1551e-08
288.91,-7.1487e-08
288.97,-7.1563e-08
289.02,-7.1571e-08
289.09,-7.1383e-08
289.15,-7.1289e-08
289.22,-7.1324e-08
289.29,-7.1232e-08
289.35,-7.1401e-08
289.42,-7.1327e-08
289.47,-7.1347e-08
289.53,-7.1417e-08
289.59,-7.144e-08
289.65,-7.1312e-08
289.72,-7.1326e-08
289.78,-7.1353e-08
289.84,-7.1239e-08
289.89,-7.1236e-08
289.96,-7.1341e-08
290.02,-7.1317e-08
290.09,-7.1418e-08
290.15,-7.1304e-08
290.21,-7.1435e-08
290.28,-7.1429e-08
290.33,-7.1412e-08
290.4,-7.1445e-08
290.46,-7.1456e-08
290.52,-7.1364e-08
290.58,-7.1367e-08
290.66,-7.136e-08
290.72,-7.132e-08
290.79,-7.1376e-08
290.85,-7.1251e-08
290.91,-7.137e-08
290.97,-7.1305e-08
291.03,-7.1377e-08
291.09,-7.1469e-08
291.15,-7.1267e-08
291.22,-7.1367e-08
291.28,-7.1294e-08
291.36,-7.1429e-08
291.42,-7.1422e-08
291.48,-7.1455e-08
291.54,-7.1447e-08
291.6,-7.1385e-08
291.65,-7.1436e-08
291.72,-7.1443e-08
291.78,-7.1357e-08
291.84,-7.1476e-08
291.9,-7.1459e-08
291.95,-7.1492e-08
292.03,-7.1337e-08
292.09,-7.1365e-08
292.15,-7.1389e-08
292.22,-7.1342e-08
292.28,-7.1195e-08
292.34,-7.1186e-08
292.4,-7.1402e-08
292.46,-7.146e-08
292.52,-7.1361e-08
292.58,-7.1363e-08
292.64,-7.1489e-08
292.72,-7.1382e-08
292.78,-7.1331e-08
292.84,-7.1431e-08
292.9,-7.1368e-08
292.96,-7.1331e-08
293.01,-7.134e-08
293.08,-7.1311e-08
293.14,-7.1456e-08
293.21,-7.1423e-08
293.27,-7.1303e-08
293.33,-7.1314e-08
293.4,-7.1251e-08
293.46,-7.1175e-08
293.52,-7.1337e-08
293.58,-7.1364e-08
293.64,-7.1419e-08
293.71,-7.1378e-08
293.77,-7.1356e-08
293.83,-7.128e-08
293.89,-7.1326e-08
293.95,-7.136e-08
294.02,-7.1282e-08
294.08,-7.1477e-08
294.15,-7.133e-08
294.2,-7.1362e-08
294.27,-7.1234e-08
294.33,-7.1372e-08
294.39,-7.1378e-08
294.45,-7.1359e-08
294.51,-7.1301e-08
294.57,-7.1307e-08
294.64,-7.1326e-08
294.7,-7.1291e-08
294.78,-7.1303e-08
294.84,-7.1422e-08
294.89,-7.1232e-08
294.96,-7.1268e-08
295.02,-7.1178e-08
295.09,-7.1197e-08
295.15,-7.1181e-08
295.21,-7.1299e-08
295.27,-7.1234e-08
295.33,-7.1188e-08
295.4,-7.1344e-08
295.47,-7.1381e-08
295.54,-7.1209e-08
295.6,-7.117e-08
295.66,-7.1182e-08
295.73,-7.1173e-08
295.79,-7.1216e-08
295.85,-7.122e-08
295.91,-7.107e-08
295.96,-7.1214e-08
296.03,-7.1366e-08
296.08,-7.1252e-08
296.16,-7.119e-08
296.22,-7.1217e-08
296.28,-7.1161e-08
296.34,-7.106e-08
296.4,-7.1011e-08
296.47,-7.1056e-08
296.53,-7.1073e-08
296.59,-7.1072e-08
296.65,-7.0979e-08
296.72,-7.0918e-08
296.77,-7.1001e-08
296.84,-7.1029e-08
296.9,-7.099e-08
296.97,-7.101e-08
297.03,-7.1001e-08
297.09,-7.1087e-08
297.16,-7.1097e-08
297.22,-7.1037e-08
297.29,-7.093e-08
297.34,-7.095e-08
297.41,-7.1089e-08
297.47,-7.1141e-08
297.54,-7.1148e-08
297.6,-7.1168e-08
297.67,-7.1031e-08
297.73,-7.106e-08
297.79,-7.0968e-08
297.86,-7.1093e-08
297.91,-7.1271e-08
297.98,-7.1094e-08
298.04,-7.0975e-08
298.1,-7.1102e-08
298.16,-7.1089e-08
298.24,-7.1078e-08
298.3,-7.1118e-08
298.36,-7.1012e-08
298.43,-7.1127e-08
298.49,-7.1104e-08
298.55,-7.1196e-08
298.61,-7.1106e-08
298.67,-7.1115e-08
298.74,-7.105e-08
298.8,-7.1065e-08
298.86,-7.0985e-08
298.94,-7.105e-08
299,-7.1085e-08
299.06,-7.0919e-08
299.12,-7.108e-08
299.18,-7.1144e-08
299.24,-7.1205e-08
299.3,-7.1206e-08
299.36,-7.1103e-08
299.42,-7.1043e-08
299.48,-7.1064e-08
299.54,-7.1178e-08
299.62,-7.1125e-08
299.68,-7.113e-08
299.75,-7.1123e-08
299.81,-7.1127e-08
299.87,-7.1125e-08
299.93,-7.1225e-08
299.99,-7.1063e-08
300.06,-7.1089e-08
300.12,-7.0949e-08
300.18,-7.1039e-08
300.24,-7.1178e-08
300.32,-7.1007e-08
300.38,-7.1014e-08
300.44,-7.0917e-08
300.5,-7.0887e-08
300.56,-7.0803e-08
300.63,-7.0842e-08
300.68,-7.0805e-08
300.74,-7.0874e-08
300.8,-7.087e-08
300.86,-7.077e-08
300.92,-7.0801e-08
300.99,-7.0809e-08
301.05,-7.086e-08
301.11,-7.0953e-08
301.18,-7.0981e-08
301.24,-7.0999e-08
301.31,-7.0846e-08
301.37,-7.0777e-08
301.43,-7.0792e-08
301.48,-7.0742e-08
301.55,-7.0761e-08
301.61,-7.0743e-08
301.68,-7.0734e-08
301.75,-7.0745e-08
301.81,-7.0714e-08
301.88,-7.0732e-08
301.93,-7.0919e-08
302,-7.0781e-08
302.06,-7.082e-08
302.12,-7.0865e-08
302.17,-7.0732e-08
302.24,-7.0848e-08
302.29,-7.0755e-08
302.37,-7.0726e-08
302.43,-7.0716e-08
302.49,-7.0765e-08
302.55,-7.0822e-08
302.62,-7.074e-08
302.68,-7.0867e-08
302.74,-7.0936e-08
302.81,-7.0848e-08
302.86,-7.0861e-08
302.93,-7.0814e-08
302.99,-7.0768e-08
303.07,-7.0834e-08
303.13,-7.0931e-08
303.19,-7.0739e-08
303.26,-7.0895e-08
303.31,-7.078e-08
303.38,-7.0976e-08
303.44,-7.0928e-08
303.49,-7.0818e-08
303.56,-7.0938e-08
303.62,-7.1048e-08
303.68,-7.0968e-08
303.76,-7.0876e-08
303.82,-7.0779e-08
303.88,-7.0879e-08
303.95,-7.0789e-08
304,-7.0764e-08
304.06,-7.0747e-08
304.13,-7.0806e-08
304.19,-7.0819e-08
304.25,-7.078e-08
304.32,-7.0722e-08
304.38,-7.085e-08
304.46,-7.0809e-08
304.52,-7.0789e-08
304.58,-7.078e-08
304.64,-7.0837e-08
304.7,-7.0769e-08
304.76,-7.077e-08
304.82,-7.0738e-08
304.88,-7.0952e-08
304.95,-7.0879e-08
305.01,-7.0796e-08
305.07,-7.0811e-08
305.13,-7.0918e-08
305.2,-7.0749e-08
305.26,-7.0865e-08
305.32,-7.0861e-08
305.38,-7.0774e-08
305.44,-7.0783e-08
305.5,-7.0682e-08
305.57,-7.0652e-08
305.63,-7.0793e-08
305.69,-7.0815e-08
305.76,-7.0776e-08
305.83,-7.0889e-08
305.89,-7.0758e-08
305.95,-7.0912e-08
306.02,-7.0946e-08
306.08,-7.088e-08
306.14,-7.0891e-08
306.21,-7.0861e-08
306.27,-7.0959e-08
306.33,-7.0974e-08
306.39,-7.1051e-08
306.46,-7.0863e-08
306.52,-7.0928e-08
306.59,-7.1003e-08
306.65,-7.0867e-08
306.71,-7.0782e-08
306.78,-7.0776e-08
306.84,-7.0841e-08
306.9,-7.0724e-08
306.96,-7.0759e-08
307.02,-7.0747e-08
307.08,-7.0834e-08
307.15,-7.088e-08
307.22,-7.0795e-08
307.28,-7.0794e-08
307.35,-7.0755e-08
307.41,-7.0779e-08
307.47,-7.0792e-08
307.54,-7.0784e-08
307.6,-7.08e-08
307.66,-7.0868e-08
307.72,-7.0867e-08
307.79,-7.0798e-08
307.85,-7.0739e-08
307.92,-7.0769e-08
307.99,-7.067e-08
308.04,-7.0795e-08
308.11,-7.0773e-08
308.17,-7.0802e-08
308.24,-7.0733e-08
308.3,-7.073e-08
308.36,-7.0693e-08
308.43,-7.0617e-08
308.48,-7.0616e-08
308.54,-7.0749e-08
308.62,-7.0702e-08
308.68,-7.0737e-08
308.74,-7.0674e-08
308.81,-7.0697e-08
308.87,-7.0751e-08
308.93,-7.0621e-08
308.99,-7.0617e-08
309.05,-7.0738e-08
309.11,-7.0695e-08
309.17,-7.081e-08
309.24,-7.0749e-08
309.31,-7.061e-08
309.38,-7.0787e-08
309.44,-7.0767e-08
309.5,-7.0684e-08
309.56,-7.078e-08
309.62,-7.0791e-08
309.68,-7.0631e-08
309.75,-7.0793e-08
309.81,-7.0638e-08
309.87,-7.0709e-08
309.94,-7.0719e-08
310.01,-7.0889e-08
310.08,-7.0822e-08
310.13,-7.0672e-08
310.2,-7.07e-08
310.26,-7.0783e-08
310.32,-7.0653e-08
310.39,-7.0674e-08
310.45,-7.0666e-08
310.51,-7.0616e-08
310.57,-7.0592e-08
310.63,-7.0729e-08
310.7,-7.0612e-08
310.77,-7.0717e-08
310.83,-7.0732e-08
310.89,-7.0697e-08
310.96,-7.055e-08
311.02,-7.0604e-08
311.08,-7.0614e-08
311.14,-7.0597e-08
311.21,-7.0634e-08
311.26,-7.0611e-08
311.32,-7.0556e-08
311.4,-7.0519e-08
311.46,-7.0546e-08
311.52,-7.0549e-08
311.58,-7.061e-08
311.64,-7.0572e-08
311.71,-7.052e-08
311.76,-7.0575e-08
311.82,-7.0555e-08
311.88,-7.0467e-08
311.94,-7.0563e-08
312,-7.0424e-08
312.08,-7.0401e-08
312.14,-7.0663e-08
312.21,-7.041e-08
312.27,-7.0397e-08
312.33,-7.052e-08
312.4,-7.0505e-08
312.46,-7.0479e-08
312.53,-7.053e-08
312.58,-7.0562e-08
312.65,-7.049e-08
312.7,-7.0652e-08
312.78,-7.0629e-08
312.84,-7.0541e-08
312.91,-7.0574e-08
312.97,-7.0426e-08
313.03,-7.042e-08
313.09,-7.049e-08
313.15,-7.0488e-08
313.21,-7.0497e-08
313.27,-7.0469e-08
313.34,-7.0629e-08
313.4,-7.0613e-08
313.48,-7.0492e-08
313.54,-7.0607e-08
313.6,-7.0563e-08
313.67,-7.0438e-08
313.72,-7.0321e-08
313.78,-7.0366e-08
313.84,-7.0341e-08
313.91,-7.0525e-08
313.97,-7.0456e-08
314.03,-7.0427e-08
314.1,-7.0412e-08
314.17,-7.0507e-08
314.24,-7.0398e-08
314.29,-7.0397e-08
314.36,-7.0384e-08
314.42,-7.0388e-08
314.48,-7.055e-08
314.54,-7.0462e-08
314.6,-7.0447e-08
314.66,-7.0547e-08
314.73,-7.0472e-08
314.79,-7.0483e-08
314.86,-7.0383e-08
314.92,-7.0451e-08
314.99,-7.0707e-08
315.05,-7.0582e-08
315.11,-7.0597e-08
315.17,-7.064e-08
315.23,-7.0453e-08
315.3,-7.05e-08
315.35,-7.0602e-08
315.41,-7.0526e-08
315.47,-7.0523e-08
315.55,-7.0543e-08
315.61,-7.0569e-08
315.67,-7.0391e-08
315.73,-7.0544e-08
315.8,-7.0504e-08
315.86,-7.0376e-08
315.92,-7.0452e-08
315.99,-7.052e-08
316.04,-7.0485e-08
316.11,-7.0468e-08
316.17,-7.0452e-08
316.24,-7.0511e-08
316.3,-7.0465e-08
316.37,-7.048e-08
316.43,-7.0393e-08
316.5,-7.035e-08
316.55,-7.0354e-08
316.61,-7.042e-08
316.67,-7.0412e-08
316.74,-7.0324e-08
316.8,-7.0545e-08
316.86,-7.0425e-08
316.94,-7.0398e-08
317,-7.025e-08
317.06,-7.0391e-08
317.13,-7.0449e-08
317.18,-7.0435e-08
317.24,-7.052e-08
317.31,-7.0368e-08
317.36,-7.0336e-08
317.43,-7.0255e-08
317.49,-7.0371e-08
317.55,-7.0326e-08
317.62,-7.0278e-08
317.68,-7.0348e-08
317.74,-7.0337e-08
317.81,-7.024e-08
317.87,-7.0247e-08
317.93,-7.0242e-08
318,-7.032e-08
318.05,-7.0237e-08
318.11,-7.0214e-08
318.17,-7.0176e-08
318.23,-7.0097e-08
318.3,-7.0095e-08
318.36,-7.0244e-08
318.43,-7.0185e-08
318.49,-7.0319e-08
318.55,-7.0168e-08
318.6,-7.0115e-08
318.67,-7.0297e-08
318.73,-7.0281e-08
318.79,-7.0212e-08
318.86,-7.021e-08
318.92,-7.0251e-08
319,-7.0073e-08
319.06,-7.0175e-08
319.12,-7.0177e-08
319.18,-7.016e-08
319.25,-7.0174e-08
319.31,-7.0166e-08
319.37,-7.0149e-08
319.44,-7.0151e-08
319.49,-7.0223e-08
319.55,-7.0197e-08
319.61,-7.0209e-08
319.69,-7.0131e-08
319.75,-7.0199e-08
319.82,-7.0165e-08
319.88,-7.0211e-08
319.94,-7.0174e-08
320,-7.0197e-08
320.06,-7.0145e-08
320.12,-7.0131e-08
320.18,-7.0213e-08
320.23,-7.0195e-08
320.3,-7.0193e-08
320.37,-7.0275e-08
320.44,-7.0081e-08
320.5,-7.0154e-08
320.56,-7.0098e-08
320.62,-7.0078e-08
320.68,-7.0253e-08
320.74,-7.0137e-08
320.8,-7.0154e-08
320.87,-7.0142e-08
320.93,-7.0059e-08
320.98,-7.0005e-08
321.06,-6.9986e-08
321.12,-7.0076e-08
321.18,-7.0039e-08
321.25,-7.006e-08
321.31,-7.0066e-08
321.38,-7.0206e-08
321.44,-7.0277e-08
321.5,-7.0132e-08
321.56,-7.0006e-08
321.62,-6.9997e-08
321.68,-7.0104e-08
321.76,-7.0046e-08
321.82,-6.9976e-08
321.88,-7.0033e-08
321.95,-6.9999e-08
322.01,-7.0055e-08
322.07,-6.9995e-08
322.12,-7.0074e-08
322.19,-7.0041e-08
322.25,-7.0031e-08
322.31,-7.005e-08
322.37,-6.9988e-08
322.44,-7.0063e-08
322.5,-7.0123e-08
322.57,-7.014e-08
322.62,-7.0067e-08
322.69,-7.0284e-08
322.75,-7.022e-08
322.81,-7.0125e-08
322.87,-7.0261e-08
322.94,-7.0296e-08
323,-7.0103e-08
323.06,-7.0089e-08
323.13,-7.0066e-08
323.19,-7.0114e-08
323.25,-7.0159e-08
323.32,-7.0127e-08
323.38,-7.0004e-08
323.44,-7.0009e-08
323.51,-7.013e-08
323.57,-7.0056e-08
323.63,-7.0134e-08
323.69,-7.0158e-08
323.75,-7.0124e-08
323.82,-7.0248e-08
323.89,-7.0259e-08
323.95,-7.0167e-08
324.01,-7.0132e-08
324.08,-7.0127e-08
324.14,-7.0172e-08
324.2,-7.0127e-08
324.25,-7.0064e-08
324.32,-7.0131e-08
324.38,-7.0028e-08
324.45,-7.0147e-08
324.52,-7.0086e-08
324.58,-7.0089e-08
324.65,-7.0013e-08
324.71,-7.0107e-08
324.77,-7.0055e-08
324.83,-7.0172e-08
324.89,-7.0064e-08
324.95,-7.0071e-08
325.02,-7.018e-08
325.08,-7.0001e-08
325.14,-7.0048e-08
325.22,-7.0039e-08
325.28,-7.0158e-08
325.34,-7.0264e-08
325.4,-7.0117e-08
325.46,-7.0126e-08
325.52,-7.0065e-08
325.59,-7.0121e-08
325.65,-7.0084e-08
325.71,-7.0116e-08
325.76,-7.0161e-08
325.83,-7.0188e-08
325.9,-7.0021e-08
325.97,-7.0155e-08
326.03,-7.0091e-08
326.09,-7.0048e-08
326.16,-7.0176e-08
326.22,-7.01e-08
326.28,-7.0171e-08
326.34,-7.0136e-08
326.4,-7.0063e-08
326.46,-7.0099e-08
326.53,-7.0125e-08
326.6,-7.0136e-08
326.66,-7.0023e-08
326.73,-7.0107e-08
326.79,-7.0109e-08
326.85,-7.004e-08
326.91,-7.0175e-08
326.97,-6.9987e-08
327.03,-6.9953e-08
327.1,-6.998e-08
327.16,-6.9995e-08
327.22,-7.0083e-08
327.3,-7.0016e-08
327.36,-7.0024e-08
327.43,-7.0051e-08
327.49,-7.0038e-08
327.55,-6.9914e-08
327.62,-6.9941e-08
327.68,-6.9883e-08
327.75,-6.9925e-08
327.81,-6.9964e-08
327.87,-6.9925e-08
327.92,-6.9807e-08
327.99,-6.9887e-08
328.05,-6.9938e-08
328.12,-6.9959e-08
328.18,-6.9863e-08
328.24,-6.9959e-08
328.31,-6.9976e-08
328.36,-6.9825e-08
328.43,-6.9932e-08
328.49,-7.0046e-08
328.55,-7.0042e-08
328.61,-6.9932e-08
328.69,-6.9957e-08
328.75,-6.9927e-08
328.81,-6.9899e-08
328.88,-6.9839e-08
328.94,-6.9866e-08
329,-7.0006e-08
329.06,-6.987e-08
329.12,-6.9891e-08
329.18,-6.9885e-08
329.25,-6.9789e-08
329.31,-6.9716e-08
329.39,-6.9874e-08
329.45,-6.9879e-08
329.51,-6.9822e-08
329.57,-6.9797e-08
329.63,-6.9779e-08
329.7,-6.995e-08
329.76,-6.9946e-08
329.82,-6.9665e-08
329.88,-6.9761e-08
329.94,-6.9764e-08
330.01,-6.9727e-08
330.07,-6.9851e-08
330.14,-6.9822e-08
330.2,-6.9955e-08
330.26,-6.9983e-08
330.33,-6.9927e-08
330.39,-6.9913e-08
330.45,-6.9935e-08
330.51,-6.9956e-08
330.58,-6.9867e-08
330.63,-6.9925e-08
330.7,-6.9995e-08
330.77,-6.9808e-08
330.83,-6.9882e-08
330.9,-6.9812e-08
330.96,-6.9875e-08
331.02,-6.9794e-08
331.08,-6.9909e-08
331.15,-6.9741e-08
331.2,-6.9836e-08
331.27,-6.9868e-08
331.33,-6.9866e-08
331.39,-6.9921e-08
331.47,-6.9899e-08
331.53,-6.9849e-08
331.59,-6.98e-08
331.65,-6.9819e-08
331.72,-6.9719e-08
331.78,-6.9769e-08
331.84,-6.9708e-08
331.91,-6.9738e-08
331.96,-6.9863e-08
332.02,-6.9806e-08
332.08,-6.9744e-08
332.15,-6.9776e-08
332.22,-6.9757e-08
332.27,-6.9826e-08
332.34,-6.9815e-08
332.39,-6.9883e-08
332.46,-6.9859e-08
332.52,-6.9878e-08
332.59,-6.9958e-08
332.65,-6.9939e-08
332.71,-6.9868e-08
332.78,-7.005e-08
332.85,-6.988e-08
332.92,-6.9951e-08
332.98,-6.9971e-08
333.04,-6.9908e-08
333.09,-6.9855e-08
333.15,-6.9752e-08
333.21,-6.9702e-08
333.28,-6.9737e-08
333.34,-6.979e-08
333.4,-6.9751e-08
333.46,-6.9779e-08
333.52,-6.9775e-08
333.59,-6.9751e-08
333.65,-6.9803e-08
333.71,-6.9813e-08
333.78,-6.9879e-08
333.84,-6.9806e-08
333.9,-6.9758e-08
333.96,-6.9872e-08
334.03,-6.9807e-08
334.09,-6.9745e-08
334.15,-6.9786e-08
334.22,-6.9685e-08
334.28,-6.9704e-08
334.35,-6.9606e-08
334.41,-6.9667e-08
334.47,-6.9593e-08
334.53,-6.9568e-08
334.59,-6.9739e-08
334.65,-6.9759e-08
334.71,-6.9729e-08
334.78,-6.9648e-08
334.84,-6.9684e-08
334.92,-6.9767e-08
334.98,-6.9764e-08
335.04,-6.9767e-08
335.1,-6.9698e-08
335.16,-6.9654e-08
335.22,-6.9655e-08
335.28,-6.9698e-08
335.34,-6.9548e-08
335.4,-6.9731e-08
335.46,-6.9595e-08
335.52,-6.9739e-08
335.59,-6.9713e-08
335.66,-6.9628e-08
335.72,-6.9703e-08
335.78,-6.9592e-08
335.84,-6.9581e-08
335.91,-6.9619e-08
335.97,-6.9599e-08
336.03,-6.97e-08
336.09,-6.9583e-08
336.15,-6.9665e-08
336.22,-6.9501e-08
336.29,-6.9598e-08
336.36,-6.9641e-08
336.41,-6.9577e-08
336.48,-6.9488e-08
336.54,-6.9608e-08
336.6,-6.953e-08
336.67,-6.9559e-08
336.73,-6.9609e-08
336.79,-6.9669e-08
336.84,-6.9525e-08
336.9,-6.9602e-08
336.98,-6.9666e-08
337.04,-6.9549e-08
337.1,-6.9649e-08
337.16,-6.9475e-08
337.22,-6.9499e-08
337.28,-6.9602e-08
337.35,-6.956e-08
337.41,-6.9602e-08
337.47,-6.9617e-08
337.53,-6.9698e-08
337.59,-6.9634e-08
337.67,-6.9723e-08
337.73,-6.9537e-08
337.79,-6.9477e-08
337.85,-6.9547e-08
337.91,-6.9572e-08
337.98,-6.9529e-08
338.04,-6.9616e-08
338.1,-6.9383e-08
338.16,-6.9595e-08
338.22,-6.9617e-08
338.29,-6.9551e-08
338.36,-6.9604e-08
338.42,-6.9579e-08
338.48,-6.9666e-08
338.55,-6.9616e-08
338.61,-6.9665e-08
338.67,-6.969e-08
338.72,-6.9599e-08
338.78,-6.9702e-08
338.84,-6.9561e-08
338.91,-6.9695e-08
338.97,-6.9608e-08
339.05,-6.9596e-08
339.11,-6.9605e-08
339.17,-6.9711e-08
339.23,-6.9675e-08
339.29,-6.9674e-08
339.34,-6.9644e-08
339.41,-6.9615e-08
339.47,-6.9689e-08
339.53,-6.962e-08
339.59,-6.9737e-08
339.65,-6.9708e-08
339.73,-6.9768e-08
339.79,-6.9765e-08
339.86,-6.9658e-08
339.92,-6.9713e-08
339.98,-6.9627e-08
340.05,-6.9654e-08
340.11,-6.9703e-08
340.17,-6.9624e-08
340.22,-6.971e-08
340.28,-6.9743e-08
340.34,-6.9744e-08
340.41,-6.9782e-08
340.47,-6.9595e-08
340.54,-6.9582e-08
340.6,-6.9724e-08
340.67,-6.9781e-08
340.72,-6.9567e-08
340.79,-6.9589e-08
340.85,-6.9627e-08
340.91,-6.9658e-08
340.97,-6.957e-08
341.03,-6.9718e-08
341.11,-6.9752e-08
341.17,-6.9522e-08
341.24,-6.9597e-08
341.29,-6.9597e-08
341.35,-6.9633e-08
341.41,-6.9689e-08
341.47,-6.9633e-08
341.53,-6.9578e-08
341.6,-6.9544e-08
341.65,-6.9563e-08
341.71,-6.9635e-08
341.78,-6.9574e-08
341.84,-6.953e-08
341.9,-6.9464e-08
341.97,-6.9625e-08
342.03,-6.9653e-08
342.1,-6.955e-08
342.15,-6.9498e-08
342.22,-6.942e-08
342.28,-6.9415e-08
342.34,-6.9543e-08
342.4,-6.9504e-08
342.48,-6.9478e-08
342.54,-6.9408e-08
342.6,-6.9579e-08
342.67,-6.9462e-08
342.73,-6.9509e-08
342.79,-6.9595e-08
342.84,-6.975e-08
342.91,-6.9627e-08
342.96,-6.9529e-08
343.03,-6.9555e-08
343.09,-6.9531e-08
343.17,-6.9525e-08
343.23,-6.9418e-08
343.29,-6.9434e-08
343.36,-6.949e-08
343.42,-6.9462e-08
343.48,-6.9543e-08
343.55,-6.9519e-08
343.61,-6.9593e-08
343.68,-6.9446e-08
343.73,-6.9341e-08
343.8,-6.9504e-08
343.87,-6.9646e-08
343.94,-6.9623e-08
344,-6.9636e-08
344.06,-6.9571e-08
344.13,-6.9476e-08
344.19,-6.9622e-08
344.25,-6.9527e-08
344.32,-6.9439e-08
344.37,-6.9581e-08
344.44,-6.9517e-08
344.5,-6.9449e-08
344.57,-6.93e-08
344.63,-6.9528e-08
344.7,-6.9473e-08
344.76,-6.9584e-08
344.83,-6.9443e-08
344.89,-6.9557e-08
344.95,-6.9504e-08
345.01,-6.9441e-08
345.07,-6.9411e-08
345.13,-6.9564e-08
345.19,-6.9497e-08
345.27,-6.9427e-08
345.33,-6.9571e-08
345.4,-6.9474e-08
345.46,-6.9549e-08
345.52,-6.949e-08
345.58,-6.9409e-08
345.64,-6.934e-08
345.7,-6.9477e-08
345.77,-6.9365e-08
345.83,-6.9497e-08
345.89,-6.9504e-08
345.97,-6.944e-08
346.03,-6.9608e-08
346.09,-6.9396e-08
346.16,-6.9354e-08
346.22,-6.9401e-08
346.28,-6.9413e-08
346.35,-6.9531e-08
346.41,-6.9452e-08
346.48,-6.9508e-08
346.53,-6.9463e-08
346.59,-6.9469e-08
346.66,-6.9446e-08
346.73,-6.9294e-08
346.79,-6.9326e-08
346.85,-6.9437e-08
346.92,-6.936e-08
346.98,-6.9449e-08
347.04,-6.9417e-08
347.1,-6.9323e-08
347.17,-6.9327e-08
347.23,-6.9347e-08
347.29,-6.9231e-08
347.36,-6.9394e-08
347.42,-6.9358e-08
347.48,-6.9229e-08
347.54,-6.9224e-08
347.6,-6.9169e-08
347.67,-6.9139e-08
347.73,-6.922e-08
347.79,-6.9186e-08
347.85,-6.9122e-08
347.91,-6.8989e-08
347.98,-6.9173e-08
348.05,-6.9315e-08
348.11,-6.9343e-08
348.17,-6.9329e-08
348.24,-6.9262e-08
348.3,-6.9381e-08
348.36,-6.9342e-08
348.43,-6.9397e-08
348.49,-6.9307e-08
348.55,-6.9191e-08
348.6,-6.9249e-08
348.66,-6.9347e-08
348.74,-6.9172e-08
348.8,-6.926e-08
348.86,-6.9287e-08
348.92,-6.9283e-08
348.98,-6.9341e-08
349.03,-6.9412e-08
349.09,-6.9271e-08
349.15,-6.9337e-08
349.22,-6.9418e-08
349.28,-6.9356e-08
349.34,-6.927e-08
349.41,-6.9257e-08
349.47,-6.9173e-08
349.53,-6.9318e-08
349.59,-6.9295e-08
349.65,-6.9288e-08
349.72,-6.9459e-08
349.78,-6.9337e-08
349.83,-6.9396e-08
349.9,-6.924e-08
349.96,-6.9278e-08
350.02,-6.9266e-08
350.09,-6.9395e-08
350.16,-6.9468e-08
350.21,-6.9478e-08
350.27,-6.9252e-08
350.33,-6.931e-08
350.4,-6.9137e-08
350.46,-6.9127e-08
350.52,-6.9215e-08
350.58,-6.9425e-08
350.64,-6.928e-08
350.71,-6.9341e-08
350.78,-6.9299e-08
350.85,-6.9274e-08
350.9,-6.9212e-08
350.97,-6.9375e-08
351.03,-6.9265e-08
351.09,-6.9207e-08
351.16,-6.9187e-08
351.22,-6.9314e-08
351.28,-6.9288e-08
351.34,-6.9263e-08
351.4,-6.9116e-08
351.47,-6.9262e-08
351.54,-6.9334e-08
351.6,-6.9333e-08
351.66,-6.9267e-08
351.73,-6.9418e-08
351.79,-6.9364e-08
351.85,-6.933e-08
351.91,-6.9325e-08
351.98,-6.9203e-08
352.03,-6.9084e-08
352.1,-6.9184e-08
352.17,-6.9155e-08
352.23,-6.9373e-08
352.3,-6.9356e-08
352.36,-6.9158e-08
352.42,-6.9145e-08
352.48,-6.9081e-08
352.55,-6.903e-08
352.6,-6.9094e-08
352.67,-6.9063e-08
352.73,-6.9145e-08
352.79,-6.9108e-08
352.87,-6.912e-08
352.93,-6.9083e-08
352.99,-6.907e-08
353.05,-6.9049e-08
353.11,-6.9067e-08
353.18,-6.9068e-08
353.24,-6.9235e-08
353.3,-6.9109e-08
353.36,-6.9168e-08
353.42,-6.9188e-08
353.49,-6.9099e-08
353.56,-6.9142e-08
353.62,-6.8976e-08
353.68,-6.9062e-08
353.75,-6.9077e-08
353.81,-6.9093e-08
353.87,-6.9091e-08
353.93,-6.9002e-08
354,-6.9049e-08
354.06,-6.9005e-08
354.12,-6.9061e-08
354.18,-6.9071e-08
354.25,-6.9062e-08
354.32,-6.913e-08
354.38,-6.9227e-08
354.44,-6.9138e-08
354.5,-6.8987e-08
354.57,-6.9072e-08
354.63,-6.9039e-08
354.69,-6.9067e-08
354.75,-6.9087e-08
354.81,-6.9064e-08
354.88,-6.9029e-08
354.95,-6.9157e-08
355.02,-6.9069e-08
355.07,-6.9045e-08
355.14,-6.9015e-08
355.2,-6.9136e-08
355.26,-6.905e-08
355.33,-6.9141e-08
355.39,-6.9031e-08
355.45,-6.9096e-08
355.51,-6.9069e-08
355.58,-6.9017e-08
355.65,-6.909e-08
355.71,-6.9045e-08
355.77,-6.8944e-08
355.84,-6.8916e-08
355.9,-6.9033e-08
355.96,-6.9042e-08
356.01,-6.8925e-08
356.07,-6.8851e-08
356.13,-6.9083e-08
356.19,-6.8988e-08
356.25,-6.8988e-08
356.33,-6.8987e-08
356.39,-6.8933e-08
356.46,-6.8965e-08
356.51,-6.8915e-08
356.57,-6.8893e-08
356.63,-6.9022e-08
356.69,-6.8954e-08
356.75,-6.8835e-08
356.82,-6.8908e-08
356.88,-6.8894e-08
356.93,-6.8925e-08
357,-6.8892e-08
357.06,-6.8917e-08
357.13,-6.8879e-08
357.19,-6.8918e-08
357.25,-6.8882e-08
357.32,-6.8854e-08
357.38,-6.8865e-08
357.44,-6.8865e-08
357.5,-6.9023e-08
357.56,-6.8973e-08
357.62,-6.8912e-08
357.7,-6.9055e-08
357.76,-6.9215e-08
357.83,-6.9077e-08
357.89,-6.9138e-08
357.95,-6.899e-08
358.01,-6.8995e-08
358.07,-6.9162e-08
358.13,-6.9168e-08
358.19,-6.9203e-08
358.26,-6.9103e-08
358.32,-6.9168e-08
358.4,-6.9185e-08
358.46,-6.915e-08
358.52,-6.9167e-08
358.58,-6.8973e-08
358.64,-6.8968e-08
358.71,-6.8954e-08
358.77,-6.9072e-08
358.83,-6.9069e-08
358.89,-6.9068e-08
358.95,-6.8988e-08
359.01,-6.9052e-08
359.09,-6.9098e-08
359.15,-6.9044e-08
359.21,-6.909e-08
359.28,-6.9164e-08
359.34,-6.9219e-08
359.41,-6.9091e-08
359.46,-6.9107e-08
359.53,-6.9046e-08
359.59,-6.8987e-08
359.65,-6.8985e-08
359.71,-6.9078e-08
359.79,-6.8974e-08
359.85,-6.9005e-08
359.91,-6.892e-08
359.98,-6.89e-08
360.03,-6.8963e-08
360.1,-6.9005e-08
360.16,-6.9013e-08
360.22,-6.8866e-08
360.28,-6.8987e-08
360.34,-6.893e-08
360.41,-6.8923e-08
360.49,-6.8743e-08
360.55,-6.8821e-08
360.61,-6.8783e-08
360.67,-6.8727e-08
360.73,-6.8701e-08
360.8,-6.8867e-08
360.86,-6.8887e-08
360.92,-6.8922e-08
360.98,-6.9011e-08
361.04,-6.8828e-08
361.11,-6.8933e-08
361.18,-6.8848e-08
361.25,-6.8895e-08
361.31,-6.8992e-08
361.38,-6.8927e-08
361.44,-6.8859e-08
361.5,-6.9008e-08
361.56,-6.8974e-08
361.62,-6.8941e-08
361.67,-6.8999e-08
361.73,-6.8911e-08
361.79,-6.8959e-08
361.87,-6.8869e-08
361.93,-6.894e-08
361.99,-6.8906e-08
362.06,-6.8909e-08
362.11,-6.8911e-08
362.17,-6.8926e-08
362.23,-6.8908e-08
362.29,-6.8805e-08
362.35,-6.8799e-08
362.42,-6.8944e-08
362.47,-6.8652e-08
362.54,-6.8772e-08
362.61,-6.8808e-08
362.67,-6.8871e-08
362.73,-6.879e-08
362.8,-6.888e-08
362.86,-6.881e-08
362.92,-6.8745e-08
362.99,-6.8764e-08
363.05,-6.8786e-08
363.11,-6.8775e-08
363.17,-6.8661e-08
363.24,-6.8807e-08
363.3,-6.8718e-08
363.37,-6.8698e-08
363.43,-6.8649e-08
363.5,-6.8741e-08
363.55,-6.8704e-08
363.61,-6.8759e-08
363.67,-6.866e-08
363.72,-6.8643e-08
363.79,-6.8706e-08
363.85,-6.8801e-08
363.92,-6.8729e-08
363.99,-6.8719e-08
364.04,-6.8745e-08
364.11,-6.8761e-08
364.17,-6.8802e-08
364.23,-6.8765e-08
364.29,-6.8803e-08
364.36,-6.8859e-08
364.41,-6.8869e-08
364.47,-6.8897e-08
364.53,-6.8806e-08
364.59,-6.8891e-08
364.66,-6.8891e-08
364.71,-6.8827e-08
364.78,-6.8814e-08
364.84,-6.8716e-08
364.9,-6.8689e-08
364.96,-6.8779e-08
365.02,-6.8801e-08
365.08,-6.8658e-08
365.15,-6.8775e-08
365.21,-6.8712e-08
365.29,-6.8588e-08
365.35,-6.8608e-08
365.41,-6.8652e-08
365.48,-6.8686e-08
365.53,-6.8681e-08
365.6,-6.8684e-08
365.66,-6.8682e-08
365.72,-6.8739e-08
365.78,-6.8703e-08
365.84,-6.8722e-08
365.91,-6.8798e-08
365.98,-6.8714e-08
366.04,-6.8737e-08
366.1,-6.8675e-08
366.17,-6.8693e-08
366.23,-6.8741e-08
366.29,-6.8664e-08
366.34,-6.8748e-08
366.41,-6.8693e-08
366.47,-6.8695e-08
366.54,-6.8725e-08
366.59,-6.8653e-08
366.66,-6.8662e-08
366.73,-6.8617e-08
366.79,-6.8636e-08
366.84,-6.8702e-08
366.91,-6.8726e-08
366.97,-6.8753e-08
367.04,-6.8744e-08
367.09,-6.881e-08
367.16,-6.8794e-08
367.22,-6.8717e-08
367.28,-6.8963e-08
367.35,-6.8693e-08
367.41,-6.8732e-08
367.47,-6.8708e-08
367.54,-6.8781e-08
367.6,-6.8776e-08
367.66,-6.8766e-08
367.73,-6.877e-08
367.78,-6.8914e-08
367.85,-6.8789e-08
367.91,-6.872e-08
367.97,-6.8763e-08
368.04,-6.87e-08
368.11,-6.8851e-08
368.16,-6.8761e-08
368.22,-6.8703e-08
368.28,-6.8761e-08
368.33,-6.8743e-08
368.4,-6.8582e-08
368.46,-6.8791e-08
368.52,-6.8758e-08
368.59,-6.8639e-08
368.65,-6.8574e-08
368.73,-6.8636e-08
368.79,-6.8493e-08
368.85,-6.8551e-08
368.91,-6.8656e-08
368.97,-6.8602e-08
369.04,-6.8559e-08
369.1,-6.8507e-08
369.17,-6.8466e-08
369.22,-6.851e-08
369.29,-6.858e-08
369.35,-6.856e-08
369.42,-6.8526e-08
369.48,-6.8504e-08
369.54,-6.8452e-08
369.61,-6.8589e-08
369.67,-6.8614e-08
369.73,-6.8605e-08
369.79,-6.8627e-08
369.86,-6.8512e-08
369.91,-6.8578e-08
369.97,-6.8567e-08
370.04,-6.8749e-08
370.11,-6.8705e-08
370.18,-6.8614e-08
370.24,-6.8522e-08
370.3,-6.8517e-08
370.36,-6.8519e-08
370.42,-6.8508e-08
370.49,-6.8716e-08
370.55,-6.8786e-08
370.61,-6.8685e-08
370.67,-6.8651e-08
370.74,-6.8701e-08
370.81,-6.8582e-08
370.87,-6.8697e-08
370.93,-6.8566e-08
370.99,-6.8573e-08
371.06,-6.8653e-08
371.12,-6.8621e-08
371.18,-6.8605e-08
371.25,-6.8655e-08
371.3,-6.8665e-08
371.37,-6.8712e-08
371.43,-6.857e-08
371.5,-6.8504e-08
371.56,-6.8553e-08
371.63,-6.851e-08
371.69,-6.8615e-08
371.75,-6.8691e-08
371.81,-6.8547e-08
371.87,-6.8556e-08
371.93,-6.8519e-08
371.99,-6.8548e-08
372.05,-6.8617e-08
372.12,-6.8654e-08
372.19,-6.8627e-08
372.25,-6.8555e-08
372.32,-6.8497e-08
372.38,-6.8446e-08
372.44,-6.8568e-08
372.5,-6.8529e-08
372.57,-6.8498e-08
372.63,-6.8497e-08
372.69,-6.8391e-08
372.76,-6.8343e-08
372.82,-6.8486e-08
372.89,-6.8281e-08
372.96,-6.8378e-08
373.01,-6.8383e-08
373.07,-6.8405e-08
373.14,-6.8342e-08
373.2,-6.8375e-08
373.26,-6.8526e-08
373.32,-6.846e-08
373.38,-6.8562e-08
373.45,-6.8412e-08
373.5,-6.8491e-08
373.58,-6.8524e-08
373.64,-6.8554e-08
373.7,-6.8417e-08
373.76,-6.8485e-08
373.82,-6.8407e-08
373.88,-6.848e-08
373.94,-6.8385e-08
374,-6.8364e-08
374.07,-6.8401e-08
374.13,-6.8529e-08
374.19,-6.8432e-08
374.27,-6.8481e-08
374.33,-6.839e-08
374.4,-6.8569e-08
374.46,-6.8535e-08
374.52,-6.8539e-08
374.59,-6.8626e-08
374.65,-6.8488e-08
374.71,-6.8458e-08
374.78,-6.8263e-08
374.83,-6.8286e-08
374.9,-6.8447e-08
374.97,-6.8247e-08
375.04,-6.8175e-08
375.1,-6.8231e-08
375.16,-6.8308e-08
375.23,-6.828e-08
375.29,-6.8241e-08
375.35,-6.8211e-08
375.42,-6.8212e-08
375.47,-6.8165e-08
375.54,-6.8296e-08
375.59,-6.8199e-08
375.67,-6.8237e-08
375.73,-6.8358e-08
375.79,-6.8273e-08
375.85,-6.8302e-08
375.92,-6.8307e-08
375.97,-6.8284e-08
376.04,-6.8238e-08
376.09,-6.8324e-08
376.16,-6.8312e-08
376.21,-6.8514e-08
376.27,-6.8353e-08
376.35,-6.8257e-08
376.41,-6.8279e-08
376.47,-6.8357e-08
376.54,-6.8472e-08
376.59,-6.8296e-08
376.66,-6.8508e-08
376.72,-6.8305e-08
376.78,-6.8424e-08
376.85,-6.8411e-08
376.9,-6.8472e-08
376.97,-6.8373e-08
377.04,-6.8359e-08
377.1,-6.8422e-08
377.16,-6.8402e-08
377.23,-6.8455e-08
377.29,-6.8399e-08
377.35,-6.8384e-08
377.41,-6.8418e-08
377.47,-6.8489e-08
377.54,-6.8498e-08
377.59,-6.8328e-08
377.66,-6.8361e-08
377.73,-6.8344e-08
377.79,-6.8506e-08
377.86,-6.8326e-08
377.92,-6.8384e-08
377.98,-6.845e-08
378.04,-6.8313e-08
378.1,-6.8308e-08
378.16,-6.8311e-08
378.22,-6.8356e-08
378.29,-6.8296e-08
378.35,-6.8278e-08
378.43,-6.8285e-08
378.49,-6.8167e-08
378.55,-6.8354e-08
378.6,-6.8176e-08
378.67,-6.8284e-08
378.73,-6.8115e-08
378.79,-6.83e-08
378.86,-6.8257e-08
378.92,-6.8331e-08
378.98,-6.8501e-08
379.04,-6.8393e-08
379.11,-6.8372e-08
379.17,-6.8317e-08
379.23,-6.8387e-08
379.29,-6.8309e-08
379.35,-6.8345e-08
379.42,-6.8329e-08
379.48,-6.8463e-08
379.54,-6.8403e-08
379.6,-6.8433e-08
379.66,-6.8411e-08
379.73,-6.8491e-08
379.8,-6.8451e-08
379.87,-6.8305e-08
379.93,-6.8313e-08
379.99,-6.8415e-08
380.05,-6.8423e-08
380.11,-6.8379e-08
380.18,-6.8341e-08
380.24,-6.8218e-08
380.3,-6.8334e-08
380.36,-6.8264e-08
380.43,-6.8277e-08
380.49,-6.8351e-08
380.56,-6.8217e-08
380.61,-6.8305e-08
380.68,-6.8217e-08
380.74,-6.8285e-08
380.8,-6.8264e-08
380.86,-6.8259e-08
380.93,-6.8107e-08
380.98,-6.844e-08
381.05,-6.8253e-08
381.11,-6.8379e-08
381.18,-6.818e-08
381.25,-6.8408e-08
381.31,-6.8308e-08
381.37,-6.8228e-08
381.43,-6.8234e-08
381.5,-6.8354e-08
381.55,-6.8252e-08
381.62,-6.8263e-08
381.68,-6.8374e-08
381.74,-6.8307e-08
381.8,-6.8166e-08
381.88,-6.8236e-08
381.94,-6.8177e-08
382,-6.8173e-08
382.06,-6.8246e-08
382.12,-6.8215e-08
382.18,-6.8213e-08
382.24,-6.8187e-08
382.29,-6.8228e-08
382.36,-6.8245e-08
382.42,-6.8295e-08
382.48,-6.8263e-08
382.55,-6.8253e-08
382.62,-6.8217e-08
382.68,-6.8307e-08
382.74,-6.8297e-08
382.81,-6.8231e-08
382.87,-6.8431e-08
382.93,-6.8346e-08
382.99,-6.8367e-08
383.05,-6.8312e-08
383.11,-6.8239e-08
383.18,-6.8339e-08
383.25,-6.8109e-08
383.31,-6.8147e-08
383.38,-6.8223e-08
383.43,-6.82e-08
383.5,-6.8355e-08
383.56,-6.8274e-08
383.63,-6.833e-08
383.68,-6.8292e-08
383.75,-6.8234e-08
383.81,-6.8353e-08
383.87,-6.83e-08
383.94,-6.8356e-08
384,-6.8299e-08
384.06,-6.8455e-08
384.12,-6.8334e-08
384.19,-6.8339e-08
384.25,-6.821e-08
384.32,-6.8324e-08
384.37,-6.8333e-08
384.44,-6.8203e-08
384.5,-6.8351e-08
384.56,-6.823e-08
384.63,-6.8231e-08
384.7,-6.8225e-08
384.75,-6.8226e-08
384.82,-6.8347e-08
384.87,-6.8029e-08
384.94,-6.8141e-08
385,-6.8154e-08
385.06,-6.8108e-08
385.12,-6.8304e-08
385.19,-6.8212e-08
385.25,-6.8284e-08
385.33,-6.8118e-08
385.39,-6.8284e-08
385.45,-6.8322e-08
385.52,-6.8533e-08
385.57,-6.8168e-08
385.63,-6.8168e-08
385.7,-6.8296e-08
385.76,-6.8519e-08
385.82,-6.8344e-08
385.88,-6.8341e-08
385.95,-6.8488e-08
386.01,-6.8348e-08
386.08,-6.8353e-08
386.14,-6.8269e-08
386.2,-6.8402e-08
386.27,-6.8443e-08
386.33,-6.8446e-08
386.39,-6.8287e-08
386.45,-6.8496e-08
386.51,-6.8347e-08
386.57,-6.8418e-08
386.63,-6.8207e-08
386.71,-6.8205e-08
386.77,-6.8395e-08
386.84,-6.8412e-08
386.9,-6.822e-08
386.96,-6.8225e-08
387.02,-6.8098e-08
387.08,-6.8145e-08
387.14,-6.8178e-08
387.2,-6.8213e-08
387.27,-6.8228e-08
387.33,-6.8153e-08
387.41,-6.8298e-08
387.47,-6.8268e-08
387.53,-6.8254e-08
387.6,-6.8152e-08
387.66,-6.8344e-08
387.72,-6.8207e-08
387.79,-6.8134e-08
387.85,-6.81e-08
387.91,-6.7979e-08
387.97,-6.8106e-08
388.03,-6.8231e-08
388.1,-6.8166e-08
388.16,-6.8195e-08
388.22,-6.8196e-08
388.29,-6.823e-08
388.35,-6.8241e-08
388.42,-6.8308e-08
388.47,-6.8184e-08
388.54,-6.8186e-08
388.6,-6.8231e-08
388.66,-6.8239e-08
388.72,-6.8437e-08
388.79,-6.8222e-08
388.86,-6.8143e-08
388.92,-6.8218e-08
388.98,-6.8074e-08
389.04,-6.8144e-08
389.1,-6.8187e-08
389.16,-6.8136e-08
389.22,-6.8201e-08
389.28,-6.8106e-08
389.34,-6.8096e-08
389.39,-6.8121e-08
389.47,-6.8106e-08
389.53,-6.8235e-08
389.59,-6.8238e-08
389.65,-6.8114e-08
389.71,-6.816e-08
389.77,-6.8132e-08
389.82,-6.809e-08
389.89,-6.8135e-08
389.95,-6.8037e-08
390.01,-6.8077e-08
390.07,-6.8192e-08
390.15,-6.8184e-08
390.21,-6.8137e-08
390.27,-6.8135e-08
390.34,-6.8122e-08
390.39,-6.8078e-08
390.46,-6.8153e-08
390.51,-6.8104e-08
390.58,-6.802e-08
390.64,-6.786e-08
390.7,-6.7964e-08
390.77,-6.7826e-08
390.84,-6.7981e-08
390.91,-6.7825e-08
390.97,-6.7985e-08
391.03,-6.7841e-08
391.09,-6.7876e-08
391.15,-6.7982e-08
391.22,-6.8067e-08
391.28,-6.8086e-08
391.34,-6.8022e-08
391.4,-6.8024e-08
391.47,-6.7965e-08
391.53,-6.8036e-08
391.59,-6.8023e-08
391.66,-6.8034e-08
391.72,-6.8142e-08
391.79,-6.7982e-08
391.85,-6.8104e-08
391.91,-6.8026e-08
391.97,-6.7987e-08
392.03,-6.81e-08
392.09,-6.8004e-08
392.16,-6.7885e-08
392.23,-6.789e-08
392.29,-6.7909e-08
392.36,-6.7912e-08
392.42,-6.7817e-08
392.48,-6.7861e-08
392.54,-6.7982e-08
392.6,-6.8124e-08
392.66,-6.8047e-08
392.72,-6.7979e-08
392.79,-6.7955e-08
392.85,-6.8058e-08
392.93,-6.7903e-08
392.99,-6.7924e-08
393.05,-6.796e-08
393.1,-6.7877e-08
393.17,-6.7972e-08
393.23,-6.796e-08
393.29,-6.8013e-08
393.35,-6.7982e-08
393.42,-6.7818e-08
393.48,-6.7948e-08
393.54,-6.7973e-08
393.61,-6.7967e-08
393.67,-6.8011e-08
393.73,-6.8008e-08
393.79,-6.8073e-08
393.85,-6.7847e-08
393.91,-6.7942e-08
393.97,-6.7904e-08
394.03,-6.7852e-08
394.1,-6.794e-08
394.16,-6.8055e-08
394.22,-6.7996e-08
394.3,-6.7893e-08
394.36,-6.7832e-08
394.42,-6.7969e-08
394.48,-6.796e-08
394.55,-6.7964e-08
394.61,-6.8025e-08
394.67,-6.7979e-08
394.74,-6.8035e-08
394.79,-6.8061e-08
394.86,-6.8051e-08
394.92,-6.8064e-08
394.99,-6.8122e-08
395.05,-6.7759e-08
395.12,-6.803e-08
395.18,-6.7897e-08
395.24,-6.7983e-08
395.3,-6.781e-08
395.36,-6.7938e-08
395.42,-6.7867e-08
395.47,-6.789e-08
395.54,-6.7887e-08
395.6,-6.7855e-08
395.68,-6.7853e-08
395.74,-6.7876e-08
395.8,-6.7889e-08
395.87,-6.7895e-08
395.93,-6.7845e-08
395.99,-6.7852e-08
396.05,-6.7763e-08
396.12,-6.7798e-08
396.17,-6.7942e-08
396.24,-6.7925e-08
396.3,-6.7908e-08
396.38,-6.8012e-08
396.44,-6.7933e-08
396.5,-6.7837e-08
396.55,-6.7803e-08
396.62,-6.773e-08
396.68,-6.7847e-08
396.74,-6.7688e-08
396.8,-6.7876e-08
396.86,-6.7863e-08
396.93,-6.7912e-08
396.98,-6.7767e-08
397.06,-6.7816e-08
397.12,-6.7724e-08
397.18,-6.7928e-08
397.24,-6.7893e-08
397.29,-6.7762e-08
397.36,-6.7893e-08
397.42,-6.7831e-08
397.48,-6.7792e-08
397.55,-6.7889e-08
397.61,-6.7838e-08
397.67,-6.7694e-08
397.75,-6.7846e-08
397.81,-6.7767e-08
397.87,-6.7824e-08
397.93,-6.7854e-08
397.99,-6.7882e-08
398.05,-6.7792e-08
398.12,-6.7825e-08
398.17,-6.7798e-08
398.24,-6.7808e-08
398.3,-6.7718e-08
398.36,-6.7857e-08
398.43,-6.7698e-08
398.5,-6.7919e-08
398.55,-6.7788e-08
398.61,-6.7786e-08
398.67,-6.7893e-08
398.73,-6.7991e-08
398.8,-6.7917e-08
398.86,-6.78e-08
398.92,-6.7808e-08
398.98,-6.7787e-08
399.05,-6.7697e-08
399.12,-6.7782e-08
399.19,-6.773e-08
399.25,-6.7735e-08
399.31,-6.7728e-08
399.37,-6.7893e-08
399.43,-6.7908e-08
399.5,-6.7838e-08
399.56,-6.7796e-08
399.62,-6.7814e-08
399.69,-6.7696e-08
399.75,-6.7721e-08
399.82,-6.7793e-08
399.88,-6.7661e-08
399.94,-6.7489e-08
400,-6.765e-08
400.06,-6.763e-08
400.12,-6.7802e-08
400.18,-6.7655e-08
400.24,-6.7633e-08
400.29,-6.7889e-08
400.35,-6.7748e-08
400.41,-6.7749e-08
