time,current
0,0
0.0058594,-2.1422e-08
0.068359,-1.1033e-08
0.12598,-9.3509e-09
0.18945,-8.6916e-09
0.25293,-8.3745e-09
0.31641,-8.3369e-09
0.37305,-8.2907e-09
0.4375,-8.2649e-09
0.50098,-8.319e-09
0.55762,-8.4052e-09
0.62109,-8.4891e-09
0.69531,-8.684e-09
0.75879,-8.8595e-09
0.82227,-9.0252e-09
0.88574,-9.2186e-09
0.94336,-9.4579e-09
1.0068,-9.5984e-09
1.0645,-9.7829e-09
1.1279,-9.9927e-09
1.1924,-1.0294e-08
1.2568,-1.0506e-08
1.3213,-1.0712e-08
1.3994,-1.1055e-08
1.4629,-1.1263e-08
1.5264,-1.1559e-08
1.584,-1.1855e-08
1.6475,-1.2052e-08
1.7109,-1.2331e-08
1.7676,-1.2532e-08
1.8252,-1.2834e-08
1.8877,-1.3083e-08
1.9512,-1.3376e-08
2.0088,-1.3639e-08
2.0771,-1.3955e-08
2.1406,-1.4246e-08
2.1973,-1.4537e-08
2.2617,-1.4821e-08
2.3252,-1.5169e-08
2.3887,-1.5407e-08
2.4521,-1.5734e-08
2.5156,-1.5985e-08
2.5732,-1.6312e-08
2.6299,-1.6572e-08
2.6934,-1.6821e-08
2.7607,-1.7167e-08
2.8242,-1.7497e-08
2.8877,-1.7746e-08
2.9512,-1.8107e-08
3.0146,-1.8371e-08
3.0713,-1.8701e-08
3.1289,-1.9009e-08
3.1924,-1.9251e-08
3.249,-1.9592e-08
3.3125,-1.9919e-08
3.376,-2.0261e-08
3.4502,-2.0617e-08
3.5137,-2.093e-08
3.5771,-2.1253e-08
3.6348,-2.1553e-08
3.6914,-2.1829e-08
3.7549,-2.2175e-08
3.8115,-2.2446e-08
3.875,-2.2827e-08
3.9385,-2.3131e-08
4.002,-2.3414e-08
4.0586,-2.3692e-08
4.1279,-2.4033e-08
4.1914,-2.4324e-08
4.249,-2.462e-08
4.3076,-2.4938e-08
4.3711,-2.5265e-08
4.4355,-2.5631e-08
4.499,-2.5923e-08
4.5566,-2.6154e-08
4.6143,-2.6509e-08
4.6777,-2.6731e-08
4.7344,-2.709e-08
4.8086,-2.7463e-08
4.8721,-2.7803e-08
4.9297,-2.8059e-08
4.9873,-2.8333e-08
5.0498,-2.8675e-08
5.1143,-2.8936e-08
5.1768,-2.925e-08
5.2344,-2.9552e-08
5.2979,-2.991e-08
5.3613,-3.0198e-08
5.4248,-3.0515e-08
5.498,-3.0931e-08
5.5605,-3.1195e-08
5.624,-3.1497e-08
5.6875,-3.1795e-08
5.751,-3.2037e-08
5.8076,-3.2306e-08
5.8711,-3.2593e-08
5.9346,-3.2898e-08
5.998,-3.3153e-08
6.0547,-3.3413e-08
6.1123,-3.3682e-08
6.1816,-3.3995e-08
6.2441,-3.425e-08
6.3086,-3.4574e-08
6.373,-3.4892e-08
6.4375,-3.5208e-08
6.501,-3.544e-08
6.5645,-3.5669e-08
6.6211,-3.5919e-08
6.6787,-3.6203e-08
6.7432,-3.6459e-08
6.8008,-3.6711e-08
6.875,-3.7075e-08
6.9375,-3.727e-08
6.9951,-3.7547e-08
7.0527,-3.7804e-08
7.1162,-3.8031e-08
7.1797,-3.829e-08
7.2432,-3.8553e-08
7.2998,-3.8831e-08
7.3633,-3.9094e-08
7.4268,-3.9354e-08
7.4902,-3.9497e-08
7.5674,-3.9832e-08
7.6309,-4.0068e-08
7.6875,-4.0367e-08
7.751,-4.0659e-08
7.8076,-4.0851e-08
7.8711,-4.1147e-08
7.9346,-4.1336e-08
7.998,-4.1585e-08
8.0547,-4.182e-08
8.1182,-4.203e-08
8.1816,-4.2271e-08
8.2568,-4.2533e-08
8.3193,-4.2762e-08
8.3828,-4.3057e-08
8.4473,-4.3304e-08
8.5107,-4.3484e-08
8.5674,-4.3736e-08
8.6309,-4.4008e-08
8.6875,-4.4227e-08
8.752,-4.4404e-08
8.8164,-4.464e-08
8.873,-4.4846e-08
8.9473,-4.5079e-08
9.0107,-4.5284e-08
9.0674,-4.5441e-08
9.125,-4.5688e-08
9.1816,-4.5899e-08
9.2451,-4.6136e-08
9.3086,-4.6393e-08
9.3662,-4.6566e-08
9.4297,-4.6747e-08
9.4932,-4.7026e-08
9.5566,-4.7225e-08
9.6387,-4.7428e-08
9.7012,-4.7678e-08
9.7646,-4.7817e-08
9.8213,-4.8031e-08
9.8848,-4.8267e-08
9.9482,-4.8413e-08
10.006,-4.8576e-08
10.062,-4.8744e-08
10.126,-4.9006e-08
10.189,-4.9233e-08
10.246,-4.9368e-08
10.32,-4.9595e-08
10.384,-4.9771e-08
10.447,-4.9939e-08
10.511,-5.012e-08
10.568,-5.0328e-08
10.633,-5.0611e-08
10.696,-5.068e-08
10.76,-5.0809e-08
10.817,-5.106e-08
10.881,-5.1244e-08
10.945,-5.1436e-08
11.021,-5.1704e-08
11.084,-5.1849e-08
11.147,-5.2054e-08
11.211,-5.2214e-08
11.274,-5.234e-08
11.338,-5.2478e-08
11.401,-5.2652e-08
11.458,-5.2817e-08
11.516,-5.2929e-08
11.573,-5.3166e-08
11.637,-5.3277e-08
11.711,-5.354e-08
11.774,-5.3712e-08
11.831,-5.3817e-08
11.895,-5.3986e-08
11.951,-5.419e-08
12.015,-5.4304e-08
12.078,-5.4468e-08
12.136,-5.4607e-08
12.199,-5.476e-08
12.263,-5.5026e-08
12.326,-5.5094e-08
12.404,-5.5443e-08
12.468,-5.5503e-08
12.531,-5.5595e-08
12.588,-5.5707e-08
12.651,-5.5897e-08
12.715,-5.5982e-08
12.771,-5.6152e-08
12.836,-5.6271e-08
12.893,-5.636e-08
12.949,-5.6556e-08
13.013,-5.6749e-08
13.088,-5.6879e-08
13.15,-5.702e-08
13.215,-5.7212e-08
13.278,-5.7337e-08
13.335,-5.7473e-08
13.398,-5.7616e-08
13.462,-5.7775e-08
13.526,-5.7895e-08
13.583,-5.7938e-08
13.646,-5.811e-08
13.71,-5.8152e-08
13.778,-5.8324e-08
13.841,-5.8449e-08
13.905,-5.8602e-08
13.969,-5.884e-08
14.032,-5.8844e-08
14.096,-5.9009e-08
14.152,-5.9157e-08
14.216,-5.9306e-08
14.279,-5.9417e-08
14.337,-5.9541e-08
14.4,-5.9551e-08
14.475,-5.9715e-08
14.538,-5.9962e-08
14.602,-6.0063e-08
14.665,-6.0186e-08
14.722,-6.0224e-08
14.785,-6.0402e-08
14.849,-6.0482e-08
14.912,-6.0657e-08
14.97,-6.0769e-08
15.033,-6.0847e-08
15.096,-6.1027e-08
15.173,-6.1243e-08
15.236,-6.1288e-08
15.3,-6.138e-08
15.357,-6.1471e-08
15.421,-6.1538e-08
15.484,-6.1698e-08
15.542,-6.1696e-08
15.599,-6.1817e-08
15.662,-6.1844e-08
15.726,-6.2027e-08
15.783,-6.208e-08
15.851,-6.225e-08
15.914,-6.2233e-08
15.971,-6.2391e-08
16.028,-6.2582e-08
16.085,-6.2684e-08
16.142,-6.2815e-08
16.206,-6.2957e-08
16.27,-6.308e-08
16.326,-6.3129e-08
16.384,-6.3127e-08
16.447,-6.3286e-08
16.522,-6.3343e-08
16.585,-6.3476e-08
16.647,-6.3574e-08
16.705,-6.3648e-08
16.761,-6.3735e-08
16.824,-6.3751e-08
16.888,-6.3903e-08
16.944,-6.3975e-08
17.009,-6.4071e-08
17.072,-6.4182e-08
17.129,-6.4252e-08
17.197,-6.4363e-08
17.26,-6.4371e-08
17.323,-6.447e-08
17.388,-6.4541e-08
17.451,-6.4625e-08
17.514,-6.4736e-08
17.578,-6.4816e-08
17.642,-6.4853e-08
17.698,-6.4987e-08
17.756,-6.4996e-08
17.812,-6.5032e-08
17.88,-6.5133e-08
17.943,-6.5266e-08
18.007,-6.531e-08
18.07,-6.5568e-08
18.135,-6.5561e-08
18.198,-6.5624e-08
18.261,-6.5731e-08
18.318,-6.577e-08
18.382,-6.5935e-08
18.445,-6.5924e-08
18.509,-6.5993e-08
18.585,-6.6178e-08
18.647,-6.6337e-08
18.711,-6.6299e-08
18.774,-6.6339e-08
18.83,-6.638e-08
18.893,-6.6506e-08
18.957,-6.6563e-08
19.021,-6.6668e-08
19.078,-6.6716e-08
19.142,-6.6791e-08
19.204,-6.6761e-08
19.272,-6.6903e-08
19.336,-6.6934e-08
19.399,-6.7058e-08
19.463,-6.7072e-08
19.526,-6.7097e-08
19.584,-6.7201e-08
19.641,-6.7249e-08
19.703,-6.7335e-08
19.768,-6.748e-08
19.83,-6.7543e-08
19.895,-6.7606e-08
19.97,-6.7692e-08
20.032,-6.7744e-08
20.097,-6.7852e-08
20.16,-6.7842e-08
20.217,-6.7855e-08
20.274,-6.794e-08
20.331,-6.8017e-08
20.388,-6.8081e-08
20.452,-6.8144e-08
20.509,-6.8133e-08
20.565,-6.8191e-08
20.641,-6.8269e-08
20.703,-6.8264e-08
20.767,-6.8404e-08
20.831,-6.8428e-08
20.895,-6.8489e-08
20.957,-6.8593e-08
21.021,-6.8599e-08
21.085,-6.8781e-08
21.142,-6.8776e-08
21.206,-6.8835e-08
21.27,-6.8876e-08
21.338,-6.891e-08
21.401,-6.8977e-08
21.465,-6.9152e-08
21.529,-6.9133e-08
21.593,-6.9171e-08
21.656,-6.927e-08
21.713,-6.9317e-08
21.776,-6.9353e-08
21.841,-6.9422e-08
21.897,-6.9441e-08
21.961,-6.956e-08
22.037,-6.9515e-08
22.1,-6.9579e-08
22.164,-6.9651e-08
22.228,-6.9674e-08
22.292,-6.9743e-08
22.349,-6.973e-08
22.412,-6.9784e-08
22.47,-6.978e-08
22.533,-6.9821e-08
22.597,-6.991e-08
22.66,-6.9898e-08
22.735,-6.9974e-08
22.798,-7.0079e-08
22.862,-7.0161e-08
22.919,-7.0197e-08
22.983,-7.016e-08
23.04,-7.0176e-08
23.097,-7.0282e-08
23.154,-7.0238e-08
23.218,-7.0288e-08
23.274,-7.0275e-08
23.331,-7.0421e-08
23.406,-7.0433e-08
23.47,-7.0579e-08
23.533,-7.0598e-08
23.598,-7.0629e-08
23.661,-7.0671e-08
23.725,-7.075e-08
23.781,-7.0699e-08
23.839,-7.0751e-08
23.902,-7.0907e-08
23.966,-7.0942e-08
24.028,-7.0971e-08
24.104,-7.0987e-08
24.167,-7.099e-08
24.23,-7.1011e-08
24.294,-7.101e-08
24.351,-7.1145e-08
24.415,-7.1156e-08
24.479,-7.1216e-08
24.542,-7.1254e-08
24.6,-7.1306e-08
24.663,-7.1306e-08
24.727,-7.1325e-08
24.803,-7.1394e-08
24.865,-7.1417e-08
24.923,-7.1489e-08
24.986,-7.1481e-08
25.05,-7.1534e-08
25.112,-7.1582e-08
25.177,-7.1626e-08
25.24,-7.1728e-08
25.297,-7.168e-08
25.354,-7.171e-08
25.418,-7.1716e-08
25.493,-7.1771e-08
25.557,-7.1817e-08
25.62,-7.1869e-08
25.684,-7.195e-08
25.746,-7.1927e-08
25.804,-7.2e-08
25.86,-7.1995e-08
25.923,-7.2012e-08
25.98,-7.2038e-08
26.044,-7.2103e-08
26.107,-7.2166e-08
26.182,-7.2192e-08
26.245,-7.2187e-08
26.309,-7.2164e-08
26.365,-7.2237e-08
26.423,-7.2248e-08
26.486,-7.2348e-08
26.549,-7.233e-08
26.613,-7.2348e-08
26.677,-7.2456e-08
26.733,-7.2529e-08
26.791,-7.2466e-08
26.859,-7.2507e-08
26.922,-7.2526e-08
26.986,-7.2539e-08
27.042,-7.2538e-08
27.105,-7.251e-08
27.17,-7.2591e-08
27.227,-7.2603e-08
27.29,-7.2642e-08
27.354,-7.2642e-08
27.417,-7.2779e-08
27.474,-7.2725e-08
27.549,-7.2729e-08
27.612,-7.2752e-08
27.676,-7.2752e-08
27.74,-7.2786e-08
27.797,-7.2778e-08
27.86,-7.28e-08
27.924,-7.2857e-08
27.987,-7.2816e-08
28.052,-7.2866e-08
28.115,-7.2884e-08
28.179,-7.2873e-08
28.254,-7.3012e-08
28.317,-7.3006e-08
28.381,-7.3111e-08
28.444,-7.3099e-08
28.508,-7.3053e-08
28.564,-7.3015e-08
28.628,-7.3013e-08
28.692,-7.3096e-08
28.749,-7.308e-08
28.806,-7.3147e-08
28.87,-7.3176e-08
28.944,-7.3224e-08
29.008,-7.3215e-08
29.071,-7.3299e-08
29.135,-7.3195e-08
29.198,-7.3201e-08
29.254,-7.3207e-08
29.317,-7.3222e-08
29.382,-7.3329e-08
29.438,-7.3393e-08
29.5,-7.3416e-08
29.564,-7.3364e-08
29.64,-7.3373e-08
29.703,-7.3355e-08
29.767,-7.3504e-08
29.823,-7.3536e-08
29.887,-7.3512e-08
29.95,-7.3565e-08
30.007,-7.3512e-08
30.07,-7.3486e-08
30.134,-7.354e-08
30.197,-7.3532e-08
30.254,-7.3622e-08
30.322,-7.3559e-08
30.385,-7.3657e-08
30.449,-7.3647e-08
30.513,-7.3699e-08
30.576,-7.371e-08
30.64,-7.3695e-08
30.703,-7.3742e-08
30.761,-7.3698e-08
30.817,-7.3834e-08
30.881,-7.3807e-08
30.945,-7.3774e-08
31.021,-7.3859e-08
31.083,-7.3849e-08
31.147,-7.3829e-08
31.211,-7.3877e-08
31.274,-7.3932e-08
31.332,-7.3956e-08
31.389,-7.4029e-08
31.452,-7.3971e-08
31.51,-7.4046e-08
31.573,-7.3997e-08
31.637,-7.3992e-08
31.712,-7.4047e-08
31.775,-7.4032e-08
31.839,-7.4041e-08
31.902,-7.4086e-08
31.96,-7.4005e-08
32.023,-7.4109e-08
32.087,-7.4162e-08
32.15,-7.4134e-08
32.208,-7.4101e-08
32.271,-7.4173e-08
32.328,-7.4187e-08
32.396,-7.4123e-08
32.46,-7.4156e-08
32.517,-7.4121e-08
32.579,-7.4123e-08
32.644,-7.4155e-08
32.707,-7.4099e-08
32.771,-7.4222e-08
32.827,-7.4297e-08
32.885,-7.4429e-08
32.948,-7.4356e-08
33.006,-7.4308e-08
33.081,-7.4376e-08
33.144,-7.4283e-08
33.2,-7.4245e-08
33.265,-7.4323e-08
33.328,-7.4287e-08
33.385,-7.4267e-08
33.442,-7.4261e-08
33.499,-7.4267e-08
33.556,-7.4236e-08
33.62,-7.4255e-08
33.684,-7.4286e-08
33.758,-7.4285e-08
33.821,-7.4328e-08
33.885,-7.4258e-08
33.947,-7.4287e-08
34.005,-7.4286e-08
34.068,-7.4308e-08
34.132,-7.4333e-08
34.188,-7.4364e-08
34.246,-7.4316e-08
34.31,-7.4418e-08
34.367,-7.4398e-08
34.435,-7.4396e-08
34.498,-7.4362e-08
34.562,-7.441e-08
34.625,-7.4418e-08
34.683,-7.4388e-08
34.739,-7.4474e-08
34.796,-7.4448e-08
34.86,-7.446e-08
34.924,-7.4545e-08
34.987,-7.4523e-08
35.052,-7.4549e-08
35.129,-7.4538e-08
35.191,-7.4566e-08
35.256,-7.4501e-08
35.312,-7.4522e-08
35.37,-7.4541e-08
35.427,-7.4554e-08
35.483,-7.4576e-08
35.548,-7.4668e-08
35.604,-7.457e-08
35.66,-7.4647e-08
35.725,-7.4529e-08
35.8,-7.4616e-08
35.862,-7.4595e-08
35.92,-7.4537e-08
35.983,-7.452e-08
36.047,-7.4649e-08
36.104,-7.4644e-08
36.161,-7.4713e-08
36.225,-7.4637e-08
36.288,-7.4728e-08
36.353,-7.4662e-08
36.416,-7.4666e-08
36.491,-7.4681e-08
36.555,-7.4684e-08
36.618,-7.4629e-08
36.675,-7.4646e-08
36.732,-7.4712e-08
36.796,-7.4719e-08
36.852,-7.4743e-08
36.915,-7.474e-08
36.979,-7.4687e-08
37.034,-7.473e-08
37.092,-7.4741e-08
37.16,-7.475e-08
37.223,-7.4687e-08
37.287,-7.4806e-08
37.351,-7.481e-08
37.414,-7.476e-08
37.478,-7.4903e-08
37.534,-7.4763e-08
37.599,-7.4789e-08
37.662,-7.4833e-08
37.726,-7.4845e-08
37.783,-7.4815e-08
37.858,-7.4981e-08
37.921,-7.4945e-08
37.984,-7.4921e-08
38.048,-7.4883e-08
38.104,-7.4758e-08
38.169,-7.4908e-08
38.232,-7.476e-08
38.296,-7.473e-08
38.354,-7.4761e-08
38.417,-7.4717e-08
38.48,-7.4775e-08
38.556,-7.4829e-08
38.619,-7.475e-08
38.675,-7.4733e-08
38.738,-7.4777e-08
38.802,-7.4815e-08
38.865,-7.4793e-08
38.928,-7.4755e-08
38.992,-7.4764e-08
39.049,-7.4806e-08
39.113,-7.4828e-08
39.177,-7.4849e-08
39.252,-7.4821e-08
39.315,-7.4784e-08
39.379,-7.4787e-08
39.442,-7.4814e-08
39.507,-7.4871e-08
39.57,-7.4826e-08
39.627,-7.4814e-08
39.685,-7.491e-08
39.741,-7.4884e-08
39.805,-7.4801e-08
39.868,-7.4741e-08
39.942,-7.4757e-08
40.006,-7.4715e-08
40.069,-7.4729e-08
40.134,-7.474e-08
40.191,-7.4756e-08
40.248,-7.4804e-08
40.312,-7.4809e-08
40.374,-7.4845e-08
40.432,-7.4778e-08
40.495,-7.475e-08
40.552,-7.489e-08
40.62,-7.4906e-08
40.683,-7.4875e-08
40.74,-7.4882e-08
40.804,-7.4941e-08
40.867,-7.4907e-08
40.932,-7.487e-08
40.995,-7.4861e-08
41.059,-7.4842e-08
41.116,-7.4919e-08
41.173,-7.4818e-08
41.236,-7.4854e-08
41.312,-7.4903e-08
41.375,-7.4877e-08
41.432,-7.4883e-08
41.495,-7.4945e-08
41.56,-7.4904e-08
41.616,-7.4922e-08
41.673,-7.4861e-08
41.73,-7.478e-08
41.787,-7.4929e-08
41.851,-7.4907e-08
41.908,-7.4891e-08
41.977,-7.4914e-08
42.039,-7.4816e-08
42.096,-7.4837e-08
42.16,-7.4833e-08
42.224,-7.4812e-08
42.287,-7.4812e-08
42.352,-7.4818e-08
42.415,-7.4914e-08
42.472,-7.4903e-08
42.529,-7.4959e-08
42.593,-7.4939e-08
42.668,-7.4951e-08
42.731,-7.4912e-08
42.788,-7.5007e-08
42.852,-7.4945e-08
42.914,-7.4884e-08
42.972,-7.4951e-08
43.028,-7.5014e-08
43.091,-7.5027e-08
43.155,-7.4963e-08
43.212,-7.4971e-08
43.275,-7.5032e-08
43.352,-7.4924e-08
43.415,-7.4989e-08
43.472,-7.4971e-08
43.535,-7.4961e-08
43.598,-7.4962e-08
43.662,-7.4955e-08
43.726,-7.5013e-08
43.789,-7.4879e-08
43.847,-7.4864e-08
43.903,-7.4874e-08
43.967,-7.4816e-08
44.041,-7.4735e-08
44.104,-7.4779e-08
44.161,-7.4745e-08
44.225,-7.4791e-08
44.289,-7.4795e-08
44.346,-7.486e-08
44.402,-7.4838e-08
44.46,-7.4811e-08
44.517,-7.4853e-08
44.58,-7.4847e-08
44.645,-7.483e-08
44.721,-7.4833e-08
44.783,-7.4898e-08
44.84,-7.4818e-08
44.904,-7.4923e-08
44.968,-7.4866e-08
45.031,-7.4805e-08
45.094,-7.4905e-08
45.158,-7.4756e-08
45.214,-7.4754e-08
45.271,-7.4781e-08
45.335,-7.4824e-08
45.409,-7.4756e-08
45.472,-7.4792e-08
45.536,-7.4799e-08
45.6,-7.4797e-08
45.663,-7.4681e-08
45.721,-7.4749e-08
45.777,-7.4707e-08
45.841,-7.4761e-08
45.898,-7.4687e-08
45.962,-7.4666e-08
46.025,-7.4704e-08
46.1,-7.4766e-08
46.163,-7.4635e-08
46.227,-7.4639e-08
46.282,-7.4644e-08
46.34,-7.4604e-08
46.403,-7.4678e-08
46.467,-7.4526e-08
46.53,-7.4623e-08
46.595,-7.4612e-08
46.658,-7.4574e-08
46.715,-7.4544e-08
46.79,-7.4657e-08
46.854,-7.459e-08
46.917,-7.4545e-08
46.98,-7.4592e-08
47.044,-7.4478e-08
47.107,-7.4518e-08
47.172,-7.4471e-08
47.235,-7.4589e-08
47.292,-7.4546e-08
47.356,-7.451e-08
47.42,-7.4541e-08
47.494,-7.4523e-08
47.558,-7.4578e-08
47.621,-7.4521e-08
47.685,-7.4529e-08
47.748,-7.4507e-08
47.812,-7.4468e-08
47.868,-7.4499e-08
47.933,-7.4503e-08
47.996,-7.4563e-08
48.053,-7.452e-08
48.117,-7.451e-08
48.192,-7.4509e-08
48.255,-7.4486e-08
48.319,-7.4518e-08
48.383,-7.4444e-08
48.439,-7.4466e-08
48.504,-7.4536e-08
48.567,-7.4559e-08
48.63,-7.4501e-08
48.688,-7.4492e-08
48.751,-7.443e-08
48.815,-7.4489e-08
48.891,-7.4483e-08
48.954,-7.4475e-08
49.018,-7.446e-08
49.08,-7.4501e-08
49.138,-7.4482e-08
49.201,-7.4492e-08
49.265,-7.449e-08
49.328,-7.4573e-08
49.385,-7.4453e-08
49.449,-7.4394e-08
49.513,-7.4468e-08
49.588,-7.4549e-08
49.651,-7.4503e-08
49.715,-7.4383e-08
49.778,-7.4474e-08
49.843,-7.4432e-08
49.906,-7.4445e-08
49.963,-7.443e-08
50.026,-7.4454e-08
50.09,-7.4372e-08
50.153,-7.4392e-08
50.21,-7.4386e-08
50.285,-7.4406e-08
50.348,-7.4396e-08
50.411,-7.4452e-08
50.476,-7.4397e-08
50.532,-7.4432e-08
50.595,-7.444e-08
50.659,-7.4429e-08
50.716,-7.4478e-08
50.779,-7.4502e-08
50.844,-7.45e-08
50.907,-7.4451e-08
50.982,-7.4438e-08
51.045,-7.443e-08
51.102,-7.4438e-08
51.166,-7.4459e-08
51.229,-7.4372e-08
51.293,-7.4328e-08
51.356,-7.429e-08
51.421,-7.4268e-08
51.477,-7.4271e-08
51.533,-7.433e-08
51.598,-7.4322e-08
51.673,-7.4292e-08
51.735,-7.4304e-08
51.793,-7.4363e-08
51.856,-7.4281e-08
51.92,-7.4235e-08
51.977,-7.4348e-08
52.041,-7.4294e-08
52.104,-7.4331e-08
52.168,-7.4303e-08
52.225,-7.4343e-08
52.289,-7.4223e-08
52.364,-7.4278e-08
52.427,-7.4179e-08
52.489,-7.4287e-08
52.547,-7.4315e-08
52.604,-7.4353e-08
52.666,-7.4368e-08
52.73,-7.4367e-08
52.794,-7.4251e-08
52.857,-7.4214e-08
52.922,-7.4224e-08
52.979,-7.4179e-08
53.046,-7.4274e-08
53.108,-7.425e-08
53.171,-7.424e-08
53.235,-7.4111e-08
53.299,-7.4117e-08
53.361,-7.4112e-08
53.426,-7.4144e-08
53.489,-7.4071e-08
53.546,-7.4015e-08
53.604,-7.4002e-08
53.667,-7.4082e-08
53.742,-7.4046e-08
53.806,-7.4064e-08
53.869,-7.4058e-08
53.933,-7.4009e-08
53.997,-7.4004e-08
54.061,-7.3987e-08
54.117,-7.3981e-08
54.182,-7.4099e-08
54.245,-7.4017e-08
54.309,-7.4004e-08
54.366,-7.3994e-08
54.44,-7.4041e-08
54.504,-7.4057e-08
54.567,-7.4022e-08
54.63,-7.4064e-08
54.688,-7.4097e-08
54.743,-7.3954e-08
54.808,-7.3915e-08
54.871,-7.3947e-08
54.935,-7.3875e-08
54.998,-7.3889e-08
55.062,-7.3936e-08
55.138,-7.3916e-08
55.201,-7.393e-08
55.265,-7.3889e-08
55.328,-7.397e-08
55.386,-7.3931e-08
55.449,-7.3973e-08
55.513,-7.3983e-08
55.575,-7.3916e-08
55.633,-7.3884e-08
55.689,-7.3863e-08
55.753,-7.3882e-08
55.828,-7.3942e-08
55.892,-7.3898e-08
55.947,-7.3869e-08
56.01,-7.388e-08
56.074,-7.3801e-08
56.131,-7.3818e-08
56.188,-7.3832e-08
56.245,-7.3846e-08
56.302,-7.3781e-08
56.365,-7.3811e-08
56.423,-7.3851e-08
56.49,-7.3725e-08
56.553,-7.3759e-08
56.609,-7.3789e-08
56.674,-7.3843e-08
56.737,-7.3706e-08
56.801,-7.3734e-08
56.864,-7.3831e-08
56.928,-7.3831e-08
56.985,-7.3705e-08
57.049,-7.3773e-08
57.112,-7.3652e-08
57.187,-7.369e-08
57.25,-7.3666e-08
57.313,-7.3648e-08
57.377,-7.3737e-08
57.44,-7.3681e-08
57.504,-7.3627e-08
57.562,-7.3629e-08
57.617,-7.3638e-08
57.673,-7.3655e-08
57.729,-7.3644e-08
57.794,-7.3618e-08
57.869,-7.3634e-08
57.933,-7.3608e-08
57.996,-7.3591e-08
58.059,-7.3587e-08
58.116,-7.3545e-08
58.18,-7.3527e-08
58.244,-7.352e-08
58.308,-7.3518e-08
58.364,-7.3539e-08
58.429,-7.3466e-08
58.492,-7.3491e-08
58.568,-7.3466e-08
58.632,-7.3461e-08
58.695,-7.3521e-08
58.76,-7.3538e-08
58.815,-7.3446e-08
58.879,-7.3375e-08
58.943,-7.3436e-08
59.007,-7.3379e-08
59.063,-7.343e-08
59.128,-7.3425e-08
59.191,-7.3392e-08
59.267,-7.3428e-08
59.33,-7.3456e-08
59.394,-7.3454e-08
59.457,-7.3475e-08
59.521,-7.3499e-08
59.584,-7.336e-08
59.648,-7.3402e-08
59.704,-7.3447e-08
59.768,-7.3469e-08
59.832,-7.3459e-08
59.888,-7.3416e-08
59.962,-7.3377e-08
60.025,-7.3371e-08
60.089,-7.3337e-08
60.152,-7.3373e-08
60.217,-7.345e-08
60.273,-7.3383e-08
60.33,-7.3351e-08
60.394,-7.3356e-08
60.458,-7.3287e-08
60.521,-7.3335e-08
60.585,-7.3285e-08
60.66,-7.3249e-08
60.723,-7.321e-08
60.786,-7.3227e-08
60.85,-7.3216e-08
60.913,-7.3253e-08
60.977,-7.3261e-08
61.034,-7.3221e-08
61.098,-7.3131e-08
61.161,-7.3076e-08
61.226,-7.3142e-08
61.282,-7.3102e-08
61.35,-7.3068e-08
61.412,-7.32e-08
61.475,-7.3114e-08
61.539,-7.3137e-08
61.603,-7.3158e-08
61.666,-7.3176e-08
61.73,-7.3136e-08
61.794,-7.3076e-08
61.851,-7.3048e-08
61.908,-7.3055e-08
61.972,-7.3102e-08
62.047,-7.3008e-08
62.11,-7.3024e-08
62.174,-7.3109e-08
62.237,-7.3034e-08
62.302,-7.3037e-08
62.358,-7.3016e-08
62.415,-7.308e-08
62.479,-7.2955e-08
62.535,-7.3011e-08
62.599,-7.2999e-08
62.663,-7.2992e-08
62.737,-7.3033e-08
62.801,-7.3008e-08
62.864,-7.2963e-08
62.929,-7.2899e-08
62.985,-7.292e-08
63.042,-7.2911e-08
63.1,-7.2944e-08
63.163,-7.2921e-08
63.227,-7.2832e-08
63.29,-7.284e-08
63.348,-7.2826e-08
63.415,-7.2912e-08
63.478,-7.2893e-08
63.541,-7.2871e-08
63.605,-7.2907e-08
63.669,-7.2759e-08
63.731,-7.2833e-08
63.796,-7.286e-08
63.859,-7.2788e-08
63.916,-7.275e-08
63.974,-7.2741e-08
64.037,-7.2781e-08
64.112,-7.2784e-08
64.176,-7.2809e-08
64.239,-7.2759e-08
64.304,-7.2726e-08
64.367,-7.2754e-08
64.423,-7.2755e-08
64.479,-7.2738e-08
64.536,-7.2771e-08
64.592,-7.2808e-08
64.655,-7.2731e-08
64.719,-7.2756e-08
64.793,-7.2791e-08
64.856,-7.2679e-08
64.92,-7.261e-08
64.978,-7.2624e-08
65.034,-7.266e-08
65.098,-7.2715e-08
65.155,-7.2673e-08
65.219,-7.2678e-08
65.282,-7.2734e-08
65.34,-7.2636e-08
65.403,-7.2556e-08
65.479,-7.2651e-08
65.542,-7.2745e-08
65.605,-7.2648e-08
65.67,-7.2655e-08
65.733,-7.2588e-08
65.797,-7.2587e-08
65.861,-7.2585e-08
65.925,-7.2543e-08
65.981,-7.2448e-08
66.046,-7.2477e-08
66.109,-7.2517e-08
66.184,-7.2563e-08
66.247,-7.2578e-08
66.311,-7.2508e-08
66.374,-7.256e-08
66.438,-7.2537e-08
66.501,-7.2515e-08
66.558,-7.2462e-08
66.614,-7.2449e-08
66.67,-7.2488e-08
66.733,-7.2619e-08
66.797,-7.2461e-08
66.872,-7.2481e-08
66.936,-7.2427e-08
66.999,-7.2426e-08
67.062,-7.2383e-08
67.119,-7.245e-08
67.183,-7.2406e-08
67.239,-7.2353e-08
67.304,-7.2412e-08
67.367,-7.2462e-08
67.432,-7.2401e-08
67.495,-7.2335e-08
67.571,-7.2305e-08
67.635,-7.2415e-08
67.698,-7.2408e-08
67.761,-7.2458e-08
67.818,-7.2378e-08
67.882,-7.2217e-08
67.946,-7.229e-08
68.01,-7.2324e-08
68.066,-7.2313e-08
68.131,-7.2344e-08
68.194,-7.2322e-08
68.268,-7.2372e-08
68.331,-7.2357e-08
68.394,-7.2306e-08
68.458,-7.2267e-08
68.521,-7.2269e-08
68.585,-7.2315e-08
68.648,-7.2237e-08
68.706,-7.2281e-08
68.77,-7.2268e-08
68.826,-7.2239e-08
68.891,-7.2245e-08
68.958,-7.2163e-08
69.021,-7.218e-08
69.085,-7.22e-08
69.148,-7.2181e-08
69.206,-7.2161e-08
69.27,-7.2045e-08
69.326,-7.2115e-08
69.39,-7.2077e-08
69.453,-7.2117e-08
69.517,-7.2196e-08
69.581,-7.2095e-08
69.655,-7.2193e-08
69.719,-7.22e-08
69.782,-7.2129e-08
69.846,-7.2144e-08
69.901,-7.197e-08
69.965,-7.2032e-08
70.029,-7.196e-08
70.093,-7.2006e-08
70.15,-7.1923e-08
70.214,-7.2026e-08
70.276,-7.1965e-08
70.346,-7.1996e-08
70.408,-7.1978e-08
70.473,-7.1944e-08
70.536,-7.1958e-08
70.6,-7.2002e-08
70.656,-7.1927e-08
70.714,-7.1984e-08
70.777,-7.1987e-08
70.835,-7.2029e-08
70.898,-7.1974e-08
70.962,-7.2006e-08
71.036,-7.1917e-08
71.1,-7.1998e-08
71.163,-7.1877e-08
71.22,-7.1906e-08
71.284,-7.1909e-08
71.348,-7.1878e-08
71.404,-7.1877e-08
71.469,-7.1869e-08
71.532,-7.1847e-08
71.596,-7.1824e-08
71.652,-7.1845e-08
71.727,-7.182e-08
71.789,-7.1816e-08
71.846,-7.1772e-08
71.903,-7.1822e-08
71.967,-7.183e-08
72.03,-7.1856e-08
72.087,-7.1904e-08
72.144,-7.1819e-08
72.201,-7.1785e-08
72.265,-7.1811e-08
72.328,-7.1873e-08
72.402,-7.1822e-08
72.465,-7.1876e-08
72.529,-7.1891e-08
72.593,-7.1882e-08
72.649,-7.177e-08
72.714,-7.1726e-08
72.777,-7.1804e-08
72.84,-7.1831e-08
72.897,-7.1829e-08
72.961,-7.1781e-08
73.024,-7.1773e-08
73.102,-7.1673e-08
73.165,-7.1751e-08
73.229,-7.1708e-08
73.284,-7.1725e-08
73.342,-7.1672e-08
73.405,-7.1672e-08
73.469,-7.1665e-08
73.533,-7.1643e-08
73.597,-7.1632e-08
73.652,-7.1626e-08
73.71,-7.1521e-08
73.778,-7.16e-08
73.841,-7.1617e-08
73.904,-7.1564e-08
73.968,-7.1512e-08
74.031,-7.1573e-08
74.094,-7.1545e-08
74.151,-7.1568e-08
74.208,-7.1514e-08
74.265,-7.1511e-08
74.329,-7.1473e-08
74.385,-7.1495e-08
74.459,-7.1412e-08
74.522,-7.1451e-08
74.586,-7.1482e-08
74.649,-7.1414e-08
74.706,-7.1454e-08
74.77,-7.138e-08
74.834,-7.1405e-08
74.89,-7.1346e-08
74.953,-7.1365e-08
75.018,-7.1377e-08
75.073,-7.1349e-08
75.142,-7.1366e-08
75.205,-7.1311e-08
75.261,-7.1323e-08
75.325,-7.1282e-08
75.389,-7.1315e-08
75.452,-7.1309e-08
75.516,-7.1288e-08
75.579,-7.125e-08
75.636,-7.1266e-08
75.7,-7.1216e-08
75.764,-7.1273e-08
75.839,-7.1198e-08
75.902,-7.1308e-08
75.966,-7.1322e-08
76.028,-7.1243e-08
76.093,-7.1201e-08
76.156,-7.1254e-08
76.22,-7.1225e-08
76.276,-7.1223e-08
76.34,-7.1221e-08
76.404,-7.1257e-08
76.46,-7.1258e-08
76.535,-7.1153e-08
76.599,-7.1119e-08
76.662,-7.1152e-08
76.726,-7.1087e-08
76.789,-7.1066e-08
76.846,-7.1024e-08
76.91,-7.1167e-08
76.974,-7.109e-08
77.031,-7.1095e-08
77.095,-7.1073e-08
77.158,-7.1053e-08
77.233,-7.1115e-08
77.297,-7.1026e-08
77.36,-7.099e-08
77.417,-7.0943e-08
77.481,-7.0985e-08
77.545,-7.1092e-08
77.608,-7.1029e-08
77.665,-7.1014e-08
77.729,-7.0955e-08
77.793,-7.0833e-08
77.85,-7.0921e-08
77.925,-7.0921e-08
77.988,-7.1014e-08
78.052,-7.0892e-08
78.116,-7.0873e-08
78.172,-7.0919e-08
78.235,-7.0979e-08
78.299,-7.0914e-08
78.355,-7.0918e-08
78.42,-7.0943e-08
78.483,-7.0873e-08
78.546,-7.0902e-08
78.614,-7.0785e-08
78.678,-7.0867e-08
78.741,-7.0818e-08
78.806,-7.0808e-08
78.869,-7.076e-08
78.927,-7.085e-08
78.99,-7.0797e-08
79.054,-7.0869e-08
79.11,-7.0805e-08
79.174,-7.082e-08
79.238,-7.0795e-08
79.313,-7.0788e-08
79.377,-7.0743e-08
79.44,-7.0748e-08
79.498,-7.0692e-08
79.562,-7.0698e-08
79.625,-7.0681e-08
79.683,-7.0703e-08
79.746,-7.0739e-08
79.81,-7.0669e-08
79.873,-7.0726e-08
79.931,-7.0731e-08
80.004,-7.0666e-08
80.067,-7.0612e-08
80.131,-7.0547e-08
80.194,-7.0596e-08
80.258,-7.0597e-08
80.315,-7.0548e-08
80.379,-7.0555e-08
80.442,-7.0451e-08
80.5,-7.0541e-08
80.557,-7.0519e-08
80.62,-7.0671e-08
80.694,-7.06e-08
80.757,-7.0562e-08
80.814,-7.0446e-08
80.878,-7.0444e-08
80.941,-7.0592e-08
80.999,-7.0548e-08
81.056,-7.0537e-08
81.112,-7.05e-08
81.17,-7.0461e-08
81.233,-7.058e-08
81.289,-7.0559e-08
81.356,-7.0463e-08
81.42,-7.0528e-08
81.477,-7.0471e-08
81.54,-7.0453e-08
81.604,-7.0442e-08
81.668,-7.0346e-08
81.731,-7.0385e-08
81.794,-7.0426e-08
81.852,-7.0454e-08
81.907,-7.0428e-08
81.97,-7.0392e-08
82.046,-7.0392e-08
82.108,-7.0304e-08
82.171,-7.0341e-08
82.235,-7.0336e-08
82.299,-7.0325e-08
82.355,-7.036e-08
82.413,-7.0293e-08
82.477,-7.0293e-08
82.533,-7.0262e-08
82.598,-7.0256e-08
82.661,-7.0183e-08
82.736,-7.0218e-08
82.799,-7.0184e-08
82.863,-7.0202e-08
82.92,-7.0233e-08
82.976,-7.0208e-08
83.038,-7.0169e-08
83.103,-7.02e-08
83.158,-7.0223e-08
83.222,-7.0188e-08
83.279,-7.0094e-08
83.336,-7.0208e-08
83.411,-7.025e-08
83.475,-7.0179e-08
83.538,-7.0111e-08
83.602,-7.0118e-08
83.664,-7.0088e-08
83.729,-7.0114e-08
83.785,-7.0075e-08
83.842,-7.0111e-08
83.906,-7.0062e-08
83.963,-7.0119e-08
84.026,-7.0145e-08
84.102,-7.0064e-08
84.164,-7.0036e-08
84.229,-7.0082e-08
84.292,-7.0088e-08
84.349,-7.0038e-08
84.405,-7.0022e-08
84.47,-7.0013e-08
84.533,-6.9958e-08
84.597,-6.9946e-08
84.66,-6.9973e-08
84.725,-6.9923e-08
84.8,-7.0012e-08
84.862,-6.9898e-08
84.926,-6.9962e-08
84.99,-6.9909e-08
85.046,-6.9946e-08
85.109,-6.9923e-08
85.173,-6.9962e-08
85.236,-6.9914e-08
85.293,-6.9929e-08
85.356,-6.9876e-08
85.42,-6.9822e-08
85.486,-6.9834e-08
85.549,-6.9811e-08
85.612,-6.9803e-08
85.676,-6.9808e-08
85.738,-6.976e-08
85.803,-6.9824e-08
85.859,-6.9792e-08
85.924,-6.9722e-08
85.987,-6.9762e-08
86.045,-6.9772e-08
86.108,-6.9764e-08
86.183,-6.9701e-08
86.246,-6.9694e-08
86.31,-6.9706e-08
86.374,-6.976e-08
86.437,-6.9663e-08
86.493,-6.9756e-08
86.557,-6.9756e-08
86.621,-6.9717e-08
86.685,-6.9804e-08
86.749,-6.9714e-08
86.812,-6.9781e-08
86.888,-6.9754e-08
86.95,-6.9692e-08
87.015,-6.976e-08
87.078,-6.9738e-08
87.134,-6.9727e-08
87.197,-6.9637e-08
87.261,-6.964e-08
87.324,-6.9611e-08
87.388,-6.9615e-08
87.451,-6.9645e-08
87.515,-6.9598e-08
87.591,-6.9552e-08
87.653,-6.9615e-08
87.711,-6.96e-08
87.767,-6.9649e-08
87.83,-6.9667e-08
87.894,-6.9648e-08
87.957,-6.9599e-08
88.02,-6.9672e-08
88.077,-6.9562e-08
88.141,-6.9473e-08
88.198,-6.9495e-08
88.272,-6.9623e-08
88.335,-6.952e-08
88.393,-6.9573e-08
88.456,-6.9506e-08
88.513,-6.9549e-08
88.57,-6.9536e-08
88.634,-6.9493e-08
88.691,-6.9593e-08
88.755,-6.952e-08
88.819,-6.9541e-08
88.882,-6.955e-08
88.958,-6.9586e-08
89.021,-6.9401e-08
89.085,-6.9454e-08
89.143,-6.9442e-08
89.206,-6.9462e-08
89.263,-6.953e-08
89.327,-6.9374e-08
89.39,-6.9347e-08
89.454,-6.9364e-08
89.518,-6.9322e-08
89.573,-6.9223e-08
89.647,-6.9307e-08
89.711,-6.9311e-08
89.774,-6.933e-08
89.839,-6.936e-08
89.901,-6.935e-08
89.959,-6.9329e-08
90.015,-6.9336e-08
90.071,-6.9225e-08
90.136,-6.9296e-08
90.199,-6.9234e-08
90.262,-6.9309e-08
90.33,-6.9238e-08
90.394,-6.923e-08
90.449,-6.9206e-08
90.513,-6.9171e-08
90.569,-6.9135e-08
90.633,-6.9228e-08
90.696,-6.909e-08
90.753,-6.9126e-08
90.816,-6.9064e-08
90.881,-6.9169e-08
90.944,-6.9219e-08
91.021,-6.9102e-08
91.084,-6.9145e-08
91.14,-6.9054e-08
91.196,-6.9101e-08
91.261,-6.9051e-08
91.324,-6.8992e-08
91.389,-6.9006e-08
91.444,-6.8949e-08
91.508,-6.8918e-08
91.571,-6.9033e-08
91.635,-6.9082e-08
91.703,-6.8925e-08
91.767,-6.897e-08
91.83,-6.8964e-08
91.894,-6.8913e-08
91.957,-6.8873e-08
92.014,-6.9014e-08
92.078,-6.8973e-08
92.142,-6.8923e-08
92.199,-6.8915e-08
92.263,-6.8835e-08
92.326,-6.8883e-08
92.401,-6.8845e-08
92.464,-6.8983e-08
92.528,-6.8885e-08
92.585,-6.8864e-08
92.649,-6.8953e-08
92.713,-6.8927e-08
92.77,-6.8789e-08
92.834,-6.8863e-08
92.896,-6.8838e-08
92.961,-6.8895e-08
93.018,-6.8933e-08
93.094,-6.886e-08
93.156,-6.8866e-08
93.214,-6.8845e-08
93.277,-6.8766e-08
93.334,-6.8738e-08
93.398,-6.871e-08
93.454,-6.8683e-08
93.512,-6.8747e-08
93.575,-6.8773e-08
93.639,-6.8819e-08
93.702,-6.8865e-08
93.777,-6.8783e-08
93.841,-6.8704e-08
93.904,-6.878e-08
93.969,-6.8806e-08
94.032,-6.8698e-08
94.09,-6.8698e-08
94.153,-6.8735e-08
94.209,-6.8695e-08
94.272,-6.8664e-08
94.336,-6.8708e-08
94.399,-6.8724e-08
94.472,-6.8608e-08
94.534,-6.8598e-08
94.598,-6.858e-08
94.654,-6.8525e-08
94.718,-6.8572e-08
94.782,-6.8634e-08
94.846,-6.864e-08
94.909,-6.8549e-08
94.973,-6.8533e-08
95.035,-6.8623e-08
95.093,-6.8602e-08
95.161,-6.8587e-08
95.225,-6.8606e-08
95.28,-6.8623e-08
95.337,-6.8565e-08
95.401,-6.8536e-08
95.465,-6.845e-08
95.522,-6.8486e-08
95.578,-6.8512e-08
95.642,-6.8504e-08
95.706,-6.8442e-08
95.77,-6.8499e-08
95.845,-6.8526e-08
95.907,-6.8564e-08
95.964,-6.8484e-08
96.028,-6.848e-08
96.085,-6.8456e-08
96.148,-6.8416e-08
96.212,-6.8415e-08
96.274,-6.8435e-08
96.332,-6.8488e-08
96.396,-6.8476e-08
96.46,-6.8426e-08
96.535,-6.8332e-08
96.598,-6.836e-08
96.661,-6.8321e-08
96.725,-6.8285e-08
96.787,-6.8332e-08
96.845,-6.8318e-08
96.908,-6.83e-08
96.973,-6.8337e-08
97.029,-6.8372e-08
97.094,-6.8307e-08
97.156,-6.831e-08
97.225,-6.8382e-08
97.287,-6.8332e-08
97.351,-6.8238e-08
97.414,-6.8313e-08
97.478,-6.8217e-08
97.541,-6.8163e-08
97.599,-6.8264e-08
97.662,-6.8252e-08
97.72,-6.8179e-08
97.783,-6.8218e-08
97.846,-6.8187e-08
97.921,-6.8165e-08
97.983,-6.8207e-08
98.048,-6.8226e-08
98.11,-6.8109e-08
98.168,-6.822e-08
98.231,-6.8213e-08
98.289,-6.8202e-08
98.353,-6.8169e-08
98.416,-6.8201e-08
98.479,-6.8217e-08
98.543,-6.8162e-08
98.62,-6.82e-08
98.684,-6.8113e-08
98.747,-6.8062e-08
98.804,-6.8065e-08
98.867,-6.807e-08
98.925,-6.8065e-08
98.988,-6.8126e-08
99.053,-6.8054e-08
99.115,-6.8042e-08
99.18,-6.8042e-08
99.236,-6.8065e-08
99.312,-6.8028e-08
99.375,-6.8018e-08
99.433,-6.8072e-08
99.496,-6.8021e-08
99.56,-6.7937e-08
99.623,-6.7945e-08
99.687,-6.7965e-08
99.742,-6.7979e-08
99.799,-6.8016e-08
99.863,-6.8029e-08
99.927,-6.8018e-08
99.995,-6.8012e-08
100.06,-6.7994e-08
100.12,-6.804e-08
100.19,-6.7971e-08
100.25,-6.791e-08
100.31,-6.8028e-08
100.37,-6.8006e-08
100.43,-6.808e-08
100.49,-6.8039e-08
100.55,-6.7968e-08
100.61,-6.7882e-08
100.69,-6.7952e-08
100.75,-6.7954e-08
100.81,-6.7872e-08
100.88,-6.7753e-08
100.94,-6.7758e-08
101,-6.7783e-08
101.06,-6.7806e-08
101.12,-6.7821e-08
101.18,-6.7831e-08
101.24,-6.7801e-08
101.3,-6.7714e-08
101.38,-6.779e-08
101.44,-6.7754e-08
101.5,-6.7784e-08
101.56,-6.7734e-08
101.63,-6.7746e-08
101.68,-6.7774e-08
101.74,-6.7746e-08
101.8,-6.7722e-08
101.85,-6.7654e-08
101.92,-6.7616e-08
101.97,-6.7616e-08
102.04,-6.7532e-08
102.11,-6.7621e-08
102.16,-6.7599e-08
102.23,-6.7589e-08
102.29,-6.7607e-08
102.35,-6.7586e-08
102.42,-6.7567e-08
102.48,-6.7624e-08
102.54,-6.7634e-08
102.6,-6.7597e-08
102.66,-6.7522e-08
102.73,-6.7494e-08
102.8,-6.7538e-08
102.86,-6.753e-08
102.92,-6.749e-08
102.99,-6.761e-08
103.05,-6.76e-08
103.11,-6.7528e-08
103.17,-6.7541e-08
103.23,-6.7537e-08
103.29,-6.7501e-08
103.35,-6.7578e-08
103.43,-6.7523e-08
103.49,-6.7516e-08
103.55,-6.7529e-08
103.62,-6.7544e-08
103.67,-6.7527e-08
103.74,-6.7467e-08
103.8,-6.7416e-08
103.86,-6.7458e-08
103.92,-6.7377e-08
103.99,-6.7352e-08
104.04,-6.7219e-08
104.11,-6.7352e-08
104.17,-6.7372e-08
104.24,-6.7322e-08
104.3,-6.7316e-08
104.36,-6.7316e-08
104.42,-6.7296e-08
104.48,-6.7384e-08
104.55,-6.7389e-08
104.61,-6.722e-08
104.66,-6.7269e-08
104.73,-6.7323e-08
104.8,-6.7352e-08
104.86,-6.7303e-08
104.92,-6.7336e-08
104.99,-6.7286e-08
105.05,-6.7277e-08
105.11,-6.7286e-08
105.16,-6.7276e-08
105.23,-6.7273e-08
105.29,-6.7249e-08
105.35,-6.7215e-08
105.42,-6.7196e-08
105.49,-6.7186e-08
105.56,-6.7224e-08
105.62,-6.7147e-08
105.68,-6.7142e-08
105.73,-6.7172e-08
105.79,-6.7211e-08
105.85,-6.721e-08
105.91,-6.7139e-08
105.97,-6.7149e-08
106.02,-6.7137e-08
106.09,-6.7096e-08
106.16,-6.7066e-08
106.22,-6.7043e-08
106.28,-6.7085e-08
106.35,-6.7045e-08
106.41,-6.7021e-08
106.47,-6.6999e-08
106.53,-6.7046e-08
106.59,-6.7037e-08
106.65,-6.7071e-08
106.71,-6.7034e-08
106.78,-6.6951e-08
106.85,-6.7114e-08
106.92,-6.7053e-08
106.98,-6.7025e-08
107.04,-6.7072e-08
107.1,-6.7029e-08
107.16,-6.7014e-08
107.23,-6.6995e-08
107.28,-6.6888e-08
107.35,-6.6945e-08
107.41,-6.6922e-08
107.47,-6.6951e-08
107.55,-6.6986e-08
107.61,-6.6972e-08
107.67,-6.698e-08
107.73,-6.6948e-08
107.8,-6.6936e-08
107.86,-6.6881e-08
107.92,-6.6869e-08
107.98,-6.6787e-08
108.04,-6.6769e-08
108.1,-6.6767e-08
108.17,-6.6779e-08
108.23,-6.6738e-08
108.3,-6.6787e-08
108.36,-6.6785e-08
108.43,-6.6791e-08
108.49,-6.6752e-08
108.55,-6.6757e-08
108.61,-6.681e-08
108.67,-6.6764e-08
108.73,-6.6803e-08
108.79,-6.6735e-08
108.86,-6.6769e-08
108.93,-6.6795e-08
109,-6.6739e-08
109.06,-6.6724e-08
109.12,-6.6675e-08
109.18,-6.6685e-08
109.24,-6.6676e-08
109.31,-6.6677e-08
109.36,-6.6581e-08
109.43,-6.6614e-08
109.49,-6.6553e-08
109.55,-6.6625e-08
109.62,-6.6633e-08
109.68,-6.6643e-08
109.74,-6.6716e-08
109.8,-6.6682e-08
109.86,-6.6623e-08
109.92,-6.6589e-08
109.99,-6.6552e-08
110.05,-6.6535e-08
110.11,-6.6589e-08
110.17,-6.663e-08
110.24,-6.6549e-08
110.31,-6.6561e-08
110.37,-6.6646e-08
110.43,-6.6592e-08
110.49,-6.657e-08
110.55,-6.6506e-08
110.61,-6.6411e-08
110.67,-6.6541e-08
110.74,-6.6626e-08
110.79,-6.6607e-08
110.86,-6.6513e-08
110.92,-6.6454e-08
111,-6.653e-08
111.06,-6.6577e-08
111.12,-6.6556e-08
111.18,-6.6488e-08
111.24,-6.6544e-08
111.3,-6.647e-08
111.36,-6.647e-08
111.42,-6.6501e-08
111.48,-6.6464e-08
111.54,-6.6444e-08
111.6,-6.6446e-08
111.67,-6.6429e-08
111.73,-6.6388e-08
111.8,-6.6387e-08
111.86,-6.6459e-08
111.92,-6.6473e-08
111.99,-6.6417e-08
112.04,-6.6436e-08
112.1,-6.6544e-08
112.17,-6.6427e-08
112.23,-6.6455e-08
112.29,-6.6375e-08
112.37,-6.6505e-08
112.43,-6.6406e-08
112.49,-6.6346e-08
112.56,-6.6379e-08
112.61,-6.6385e-08
112.67,-6.6417e-08
112.73,-6.6391e-08
112.78,-6.6309e-08
112.85,-6.6317e-08
112.9,-6.628e-08
112.96,-6.6201e-08
113.04,-6.627e-08
113.1,-6.6295e-08
113.16,-6.6178e-08
113.23,-6.6228e-08
113.29,-6.6228e-08
113.35,-6.6299e-08
113.42,-6.6275e-08
113.47,-6.6287e-08
113.53,-6.6257e-08
113.6,-6.6258e-08
113.65,-6.6335e-08
113.72,-6.6297e-08
113.78,-6.6279e-08
113.85,-6.6212e-08
113.91,-6.6168e-08
113.98,-6.6085e-08
114.03,-6.6133e-08
114.09,-6.6137e-08
114.15,-6.619e-08
114.2,-6.6215e-08
114.26,-6.6047e-08
114.32,-6.607e-08
114.39,-6.6003e-08
114.45,-6.6117e-08
114.52,-6.6094e-08
114.58,-6.6073e-08
114.64,-6.5953e-08
114.71,-6.5993e-08
114.77,-6.6005e-08
114.83,-6.5998e-08
114.89,-6.6018e-08
114.95,-6.5998e-08
115.01,-6.5992e-08
115.07,-6.5956e-08
115.14,-6.5947e-08
115.2,-6.6025e-08
115.26,-6.5943e-08
115.32,-6.5913e-08
115.38,-6.586e-08
115.44,-6.5983e-08
115.51,-6.6021e-08
115.57,-6.5955e-08
115.63,-6.5996e-08
115.7,-6.5974e-08
115.77,-6.5931e-08
115.83,-6.5918e-08
115.89,-6.587e-08
115.96,-6.5869e-08
116.02,-6.5925e-08
116.08,-6.5933e-08
116.15,-6.6001e-08
116.21,-6.5826e-08
116.27,-6.5933e-08
116.32,-6.5918e-08
116.39,-6.5874e-08
116.46,-6.5855e-08
116.53,-6.5824e-08
116.59,-6.5897e-08
116.65,-6.5898e-08
116.72,-6.5849e-08
116.78,-6.5774e-08
116.84,-6.5828e-08
116.89,-6.5765e-08
116.96,-6.5821e-08
117.02,-6.5775e-08
117.08,-6.5739e-08
117.16,-6.5603e-08
117.22,-6.5685e-08
117.29,-6.5699e-08
117.35,-6.578e-08
117.41,-6.5697e-08
117.47,-6.5723e-08
117.53,-6.5694e-08
117.6,-6.5754e-08
117.66,-6.5793e-08
117.72,-6.5729e-08
117.78,-6.5748e-08
117.86,-6.5685e-08
117.92,-6.568e-08
117.98,-6.5695e-08
118.04,-6.5657e-08
118.11,-6.5733e-08
118.16,-6.5628e-08
118.23,-6.5655e-08
118.28,-6.5664e-08
118.34,-6.5666e-08
118.4,-6.5629e-08
118.47,-6.5689e-08
118.54,-6.5618e-08
118.61,-6.5545e-08
118.67,-6.5624e-08
118.73,-6.5553e-08
118.8,-6.557e-08
118.85,-6.561e-08
118.91,-6.5587e-08
118.97,-6.5517e-08
119.03,-6.5587e-08
119.09,-6.5599e-08
119.16,-6.5608e-08
119.24,-6.5641e-08
119.3,-6.5631e-08
119.36,-6.5643e-08
119.42,-6.5597e-08
119.48,-6.5602e-08
119.53,-6.5637e-08
119.6,-6.5635e-08
119.66,-6.5562e-08
119.72,-6.5538e-08
119.78,-6.5547e-08
119.84,-6.5483e-08
119.91,-6.5453e-08
119.97,-6.5583e-08
120.04,-6.5562e-08
120.1,-6.5462e-08
120.17,-6.5449e-08
120.23,-6.5424e-08
120.29,-6.5432e-08
120.36,-6.5426e-08
120.42,-6.5447e-08
120.49,-6.5486e-08
120.55,-6.553e-08
120.62,-6.5535e-08
120.69,-6.5528e-08
120.75,-6.5516e-08
120.81,-6.5448e-08
120.88,-6.5442e-08
120.94,-6.552e-08
121.01,-6.5354e-08
121.06,-6.5429e-08
121.12,-6.5459e-08
121.18,-6.5437e-08
121.25,-6.543e-08
121.32,-6.5437e-08
121.38,-6.5415e-08
121.45,-6.5347e-08
121.51,-6.54e-08
121.58,-6.5408e-08
121.63,-6.544e-08
121.69,-6.5309e-08
121.75,-6.5344e-08
121.82,-6.5361e-08
121.87,-6.5283e-08
121.94,-6.5354e-08
122.02,-6.5287e-08
122.08,-6.526e-08
122.14,-6.5243e-08
122.2,-6.5283e-08
122.26,-6.528e-08
122.33,-6.5315e-08
122.38,-6.54e-08
122.44,-6.5341e-08
122.51,-6.5442e-08
122.57,-6.5296e-08
122.63,-6.5169e-08
122.69,-6.5347e-08
122.76,-6.5295e-08
122.82,-6.5207e-08
122.89,-6.5195e-08
122.95,-6.514e-08
123.01,-6.5142e-08
123.08,-6.5057e-08
123.14,-6.5219e-08
123.2,-6.5166e-08
123.25,-6.5118e-08
123.32,-6.5201e-08
123.38,-6.5233e-08
123.45,-6.5169e-08
123.5,-6.506e-08
123.57,-6.5188e-08
123.63,-6.5163e-08
123.69,-6.5062e-08
123.75,-6.5153e-08
123.81,-6.5147e-08
123.87,-6.5144e-08
123.93,-6.5083e-08
123.99,-6.5085e-08
124.07,-6.506e-08
124.13,-6.5101e-08
124.19,-6.508e-08
124.25,-6.5135e-08
124.32,-6.5072e-08
124.37,-6.5117e-08
124.44,-6.5034e-08
124.5,-6.5013e-08
124.56,-6.4975e-08
124.62,-6.5005e-08
124.68,-6.4975e-08
124.75,-6.5006e-08
124.82,-6.4946e-08
124.88,-6.4991e-08
124.94,-6.4949e-08
125.01,-6.5002e-08
125.07,-6.5004e-08
125.14,-6.495e-08
125.19,-6.491e-08
125.25,-6.4953e-08
125.31,-6.4941e-08
125.38,-6.4918e-08
125.45,-6.4895e-08
125.51,-6.486e-08
125.57,-6.4887e-08
125.63,-6.4841e-08
125.69,-6.4828e-08
125.75,-6.4808e-08
125.81,-6.4849e-08
125.87,-6.4871e-08
125.93,-6.4959e-08
126,-6.4827e-08
126.06,-6.4873e-08
126.14,-6.4838e-08
126.2,-6.4787e-08
126.26,-6.4796e-08
126.33,-6.4783e-08
126.39,-6.4834e-08
126.45,-6.4814e-08
126.51,-6.4774e-08
126.57,-6.4784e-08
126.64,-6.4697e-08
126.69,-6.4816e-08
126.75,-6.4715e-08
126.83,-6.4783e-08
126.89,-6.4788e-08
126.95,-6.4723e-08
127.01,-6.4771e-08
127.07,-6.4621e-08
127.14,-6.4749e-08
127.2,-6.4697e-08
127.26,-6.4753e-08
127.31,-6.4792e-08
127.38,-6.475e-08
127.44,-6.4699e-08
127.52,-6.4797e-08
127.58,-6.4701e-08
127.64,-6.4601e-08
127.71,-6.4702e-08
127.77,-6.4697e-08
127.83,-6.4745e-08
127.88,-6.4761e-08
127.95,-6.4727e-08
128.01,-6.472e-08
128.07,-6.4734e-08
128.13,-6.4654e-08
128.21,-6.4664e-08
128.27,-6.4631e-08
128.34,-6.4639e-08
128.4,-6.4663e-08
128.46,-6.4712e-08
128.52,-6.4638e-08
128.58,-6.4689e-08
128.64,-6.4542e-08
128.71,-6.4514e-08
128.77,-6.4466e-08
128.83,-6.4515e-08
128.9,-6.4519e-08
128.97,-6.4509e-08
129.03,-6.4439e-08
129.09,-6.4467e-08
129.15,-6.4471e-08
129.21,-6.4554e-08
129.28,-6.4523e-08
129.34,-6.4498e-08
129.41,-6.4528e-08
129.46,-6.4474e-08
129.52,-6.4407e-08
129.6,-6.4359e-08
129.66,-6.4459e-08
129.73,-6.4562e-08
129.79,-6.4425e-08
129.85,-6.4412e-08
129.92,-6.441e-08
129.98,-6.4352e-08
130.04,-6.4317e-08
130.1,-6.4342e-08
130.16,-6.4346e-08
130.22,-6.4409e-08
130.3,-6.4329e-08
130.36,-6.4294e-08
130.42,-6.4278e-08
130.49,-6.4341e-08
130.55,-6.4336e-08
130.62,-6.4245e-08
130.68,-6.4314e-08
130.74,-6.4235e-08
130.79,-6.4254e-08
130.86,-6.424e-08
130.92,-6.4184e-08
131,-6.4207e-08
131.06,-6.4179e-08
131.12,-6.4187e-08
131.19,-6.4247e-08
131.25,-6.4268e-08
131.31,-6.4274e-08
131.36,-6.4202e-08
131.43,-6.4243e-08
131.48,-6.4323e-08
131.55,-6.421e-08
131.61,-6.4179e-08
131.69,-6.4252e-08
131.75,-6.42e-08
131.82,-6.4226e-08
131.87,-6.4243e-08
131.94,-6.4203e-08
131.99,-6.4125e-08
132.06,-6.413e-08
132.12,-6.4207e-08
132.18,-6.4087e-08
132.25,-6.4038e-08
132.31,-6.4124e-08
132.38,-6.4107e-08
132.44,-6.4088e-08
132.51,-6.4093e-08
132.57,-6.4207e-08
132.63,-6.4129e-08
132.68,-6.4041e-08
132.75,-6.405e-08
132.81,-6.4038e-08
132.87,-6.4055e-08
132.92,-6.4006e-08
132.99,-6.4086e-08
133.06,-6.4139e-08
133.12,-6.4139e-08
133.18,-6.4137e-08
133.24,-6.4108e-08
133.3,-6.4048e-08
133.36,-6.3996e-08
133.42,-6.4076e-08
133.48,-6.4051e-08
133.54,-6.4009e-08
133.6,-6.4014e-08
133.66,-6.3981e-08
133.74,-6.3997e-08
133.8,-6.3996e-08
133.86,-6.3944e-08
133.92,-6.3936e-08
133.98,-6.3992e-08
134.04,-6.3938e-08
134.11,-6.3892e-08
134.17,-6.396e-08
134.23,-6.4014e-08
134.28,-6.393e-08
134.35,-6.3859e-08
134.42,-6.382e-08
134.49,-6.3932e-08
134.55,-6.3874e-08
134.61,-6.3922e-08
134.68,-6.3955e-08
134.74,-6.3992e-08
134.8,-6.3893e-08
134.86,-6.3853e-08
134.92,-6.385e-08
134.98,-6.3833e-08
135.04,-6.3793e-08
135.11,-6.38e-08
135.18,-6.3764e-08
135.24,-6.3767e-08
135.3,-6.3773e-08
135.36,-6.3745e-08
135.42,-6.3761e-08
135.48,-6.3686e-08
135.54,-6.3709e-08
135.61,-6.3774e-08
135.67,-6.3755e-08
135.73,-6.3708e-08
135.81,-6.3694e-08
135.87,-6.3695e-08
135.93,-6.3738e-08
135.99,-6.3659e-08
136.05,-6.3599e-08
136.11,-6.362e-08
136.18,-6.3611e-08
136.24,-6.3653e-08
136.3,-6.3626e-08
136.36,-6.3649e-08
136.42,-6.3705e-08
136.49,-6.3661e-08
136.56,-6.3755e-08
136.62,-6.3739e-08
136.68,-6.3642e-08
136.75,-6.3631e-08
136.81,-6.367e-08
136.87,-6.3593e-08
136.93,-6.3633e-08
136.99,-6.3662e-08
137.05,-6.3572e-08
137.11,-6.3586e-08
137.19,-6.3642e-08
137.25,-6.361e-08
137.31,-6.368e-08
137.37,-6.3678e-08
137.43,-6.3646e-08
137.49,-6.3529e-08
137.55,-6.3521e-08
137.62,-6.3506e-08
137.67,-6.3575e-08
137.73,-6.3592e-08
137.8,-6.3619e-08
137.88,-6.3631e-08
137.94,-6.3492e-08
138,-6.3556e-08
138.07,-6.351e-08
138.13,-6.3496e-08
138.19,-6.3409e-08
138.25,-6.3454e-08
138.31,-6.3414e-08
138.38,-6.3449e-08
138.43,-6.3469e-08
138.49,-6.3471e-08
138.57,-6.3341e-08
138.63,-6.3373e-08
138.69,-6.3389e-08
138.75,-6.3389e-08
138.81,-6.3397e-08
138.88,-6.3419e-08
138.93,-6.344e-08
138.99,-6.3393e-08
139.05,-6.3406e-08
139.12,-6.3371e-08
139.17,-6.3417e-08
139.25,-6.338e-08
139.31,-6.3459e-08
139.38,-6.3347e-08
139.44,-6.3355e-08
139.5,-6.3361e-08
139.55,-6.339e-08
139.62,-6.3331e-08
139.68,-6.3447e-08
139.74,-6.344e-08
139.8,-6.3453e-08
139.86,-6.3393e-08
139.92,-6.354e-08
139.99,-6.3385e-08
140.05,-6.3376e-08
140.12,-6.3327e-08
140.18,-6.3353e-08
140.24,-6.3296e-08
140.3,-6.3296e-08
140.36,-6.3283e-08
140.42,-6.3326e-08
140.48,-6.3412e-08
140.54,-6.3383e-08
140.62,-6.3357e-08
140.68,-6.3295e-08
140.74,-6.3264e-08
140.81,-6.3263e-08
140.87,-6.3327e-08
140.93,-6.331e-08
140.99,-6.3313e-08
141.05,-6.3356e-08
141.11,-6.341e-08
141.17,-6.3293e-08
141.23,-6.3335e-08
141.31,-6.3219e-08
141.37,-6.3258e-08
141.43,-6.3252e-08
141.49,-6.3292e-08
141.55,-6.3323e-08
141.62,-6.3224e-08
141.68,-6.3245e-08
141.74,-6.3235e-08
141.8,-6.3169e-08
141.87,-6.3198e-08
141.93,-6.3281e-08
142.01,-6.3172e-08
142.07,-6.3139e-08
142.13,-6.3109e-08
142.19,-6.3122e-08
142.25,-6.3113e-08
142.31,-6.3148e-08
142.37,-6.3205e-08
142.44,-6.3166e-08
142.5,-6.312e-08
142.55,-6.3229e-08
142.62,-6.3085e-08
142.69,-6.3082e-08
142.75,-6.3071e-08
142.82,-6.3026e-08
142.88,-6.3052e-08
142.94,-6.2971e-08
143.01,-6.2981e-08
143.07,-6.3003e-08
143.13,-6.298e-08
143.19,-6.293e-08
143.25,-6.2965e-08
143.31,-6.29e-08
143.38,-6.2896e-08
143.44,-6.3023e-08
143.51,-6.3053e-08
143.57,-6.3003e-08
143.63,-6.2895e-08
143.68,-6.297e-08
143.75,-6.2996e-08
143.81,-6.2954e-08
143.87,-6.2947e-08
143.93,-6.2928e-08
144,-6.2969e-08
144.07,-6.2965e-08
144.14,-6.2854e-08
144.2,-6.294e-08
144.26,-6.2893e-08
144.32,-6.2856e-08
144.38,-6.2868e-08
144.44,-6.2831e-08
144.5,-6.2779e-08
144.57,-6.285e-08
144.62,-6.285e-08
144.68,-6.2818e-08
144.76,-6.2854e-08
144.82,-6.2853e-08
144.88,-6.2862e-08
144.95,-6.2858e-08
145.01,-6.2794e-08
145.07,-6.2785e-08
145.14,-6.2804e-08
145.19,-6.2856e-08
145.25,-6.2868e-08
145.32,-6.2759e-08
145.38,-6.2771e-08
145.45,-6.2662e-08
145.51,-6.2726e-08
145.57,-6.2679e-08
145.64,-6.2625e-08
145.69,-6.2696e-08
145.76,-6.2646e-08
145.82,-6.2672e-08
145.88,-6.2694e-08
145.94,-6.27e-08
146,-6.2764e-08
146.06,-6.2794e-08
146.15,-6.2755e-08
146.21,-6.2764e-08
146.27,-6.2673e-08
146.33,-6.269e-08
146.39,-6.2748e-08
146.46,-6.2756e-08
146.51,-6.2746e-08
146.57,-6.2696e-08
146.64,-6.2758e-08
146.7,-6.2727e-08
146.76,-6.2653e-08
146.83,-6.2663e-08
146.89,-6.2716e-08
146.95,-6.2671e-08
147.02,-6.257e-08
147.08,-6.2573e-08
147.14,-6.2609e-08
147.21,-6.2558e-08
147.27,-6.2507e-08
147.33,-6.25e-08
147.38,-6.2533e-08
147.45,-6.2639e-08
147.51,-6.2579e-08
147.58,-6.2517e-08
147.63,-6.2528e-08
147.7,-6.2532e-08
147.75,-6.2532e-08
147.82,-6.2582e-08
147.88,-6.2632e-08
147.94,-6.2602e-08
148,-6.2608e-08
148.06,-6.2575e-08
148.12,-6.2654e-08
148.2,-6.2578e-08
148.26,-6.2537e-08
148.32,-6.2555e-08
148.38,-6.2528e-08
148.45,-6.2522e-08
148.5,-6.2574e-08
148.57,-6.2518e-08
148.63,-6.2585e-08
148.69,-6.2522e-08
148.75,-6.2521e-08
148.81,-6.2513e-08
148.88,-6.2533e-08
148.95,-6.2479e-08
149.01,-6.254e-08
149.07,-6.2523e-08
149.14,-6.2476e-08
149.2,-6.2517e-08
149.26,-6.2494e-08
149.32,-6.2507e-08
149.38,-6.2418e-08
149.44,-6.2433e-08
149.51,-6.2459e-08
149.58,-6.2472e-08
149.64,-6.239e-08
149.7,-6.2392e-08
149.77,-6.2474e-08
149.82,-6.2374e-08
149.89,-6.2352e-08
149.95,-6.2383e-08
150.01,-6.2343e-08
150.06,-6.236e-08
150.13,-6.2506e-08
150.19,-6.2367e-08
150.27,-6.2384e-08
150.33,-6.2386e-08
150.39,-6.2303e-08
150.46,-6.2437e-08
150.52,-6.2357e-08
150.58,-6.2359e-08
150.63,-6.2328e-08
150.7,-6.2268e-08
150.75,-6.2319e-08
150.82,-6.2288e-08
150.88,-6.2224e-08
150.95,-6.2314e-08
151.01,-6.2342e-08
151.08,-6.2325e-08
151.14,-6.228e-08
151.2,-6.2305e-08
151.27,-6.2283e-08
151.33,-6.2237e-08
151.39,-6.223e-08
151.45,-6.2209e-08
151.52,-6.2231e-08
151.57,-6.2245e-08
151.64,-6.2174e-08
151.71,-6.2159e-08
151.77,-6.2157e-08
151.83,-6.2163e-08
151.89,-6.218e-08
151.95,-6.2154e-08
152.02,-6.2161e-08
152.08,-6.2142e-08
152.14,-6.2181e-08
152.19,-6.2105e-08
152.26,-6.2126e-08
152.33,-6.2157e-08
152.4,-6.2114e-08
152.46,-6.2082e-08
152.52,-6.2197e-08
152.59,-6.2127e-08
152.64,-6.2098e-08
152.7,-6.214e-08
152.76,-6.2101e-08
152.82,-6.2092e-08
152.88,-6.2177e-08
152.95,-6.2061e-08
153.02,-6.2058e-08
153.09,-6.2076e-08
153.15,-6.2056e-08
153.21,-6.2046e-08
153.28,-6.2106e-08
153.34,-6.2146e-08
153.4,-6.2063e-08
153.46,-6.2014e-08
153.52,-6.2166e-08
153.59,-6.2084e-08
153.65,-6.2037e-08
153.72,-6.2036e-08
153.78,-6.2098e-08
153.85,-6.2107e-08
153.91,-6.2046e-08
153.97,-6.2034e-08
154.04,-6.2121e-08
154.09,-6.2065e-08
154.16,-6.1995e-08
154.22,-6.1995e-08
154.28,-6.1969e-08
154.34,-6.2006e-08
154.41,-6.2048e-08
154.47,-6.1989e-08
154.54,-6.1975e-08
154.59,-6.2004e-08
154.66,-6.1978e-08
154.72,-6.1986e-08
154.78,-6.201e-08
154.84,-6.1877e-08
154.9,-6.1875e-08
154.96,-6.1898e-08
155.02,-6.1852e-08
155.1,-6.1961e-08
155.16,-6.1856e-08
155.22,-6.1894e-08
155.29,-6.1831e-08
155.34,-6.1887e-08
155.4,-6.2008e-08
155.46,-6.1901e-08
155.52,-6.189e-08
155.59,-6.184e-08
155.65,-6.1806e-08
155.71,-6.1811e-08
155.78,-6.1809e-08
155.84,-6.1766e-08
155.91,-6.1762e-08
155.97,-6.1782e-08
156.04,-6.1757e-08
156.1,-6.177e-08
156.16,-6.1788e-08
156.21,-6.1776e-08
156.28,-6.1809e-08
156.34,-6.1736e-08
156.4,-6.1789e-08
156.47,-6.1739e-08
156.54,-6.1839e-08
156.6,-6.1722e-08
156.66,-6.1779e-08
156.72,-6.1718e-08
156.78,-6.173e-08
156.85,-6.1798e-08
156.91,-6.1744e-08
156.97,-6.1724e-08
157.03,-6.17e-08
157.1,-6.1765e-08
157.16,-6.1642e-08
157.23,-6.1718e-08
157.29,-6.1707e-08
157.35,-6.1711e-08
157.42,-6.1641e-08
157.47,-6.1667e-08
157.53,-6.163e-08
157.59,-6.1697e-08
157.65,-6.1632e-08
157.71,-6.1602e-08
157.78,-6.1631e-08
157.85,-6.1614e-08
157.91,-6.1554e-08
157.97,-6.1569e-08
158.04,-6.1646e-08
158.1,-6.1643e-08
158.16,-6.1533e-08
158.22,-6.1656e-08
158.29,-6.1666e-08
158.35,-6.163e-08
158.41,-6.1594e-08
158.47,-6.1543e-08
158.54,-6.1557e-08
158.6,-6.1507e-08
158.66,-6.1517e-08
158.73,-6.1605e-08
158.79,-6.1645e-08
158.85,-6.1713e-08
158.91,-6.1533e-08
158.97,-6.16e-08
159.03,-6.1599e-08
159.09,-6.152e-08
159.15,-6.1584e-08
159.22,-6.1571e-08
159.29,-6.1627e-08
159.35,-6.164e-08
159.41,-6.1636e-08
159.47,-6.1654e-08
159.53,-6.1661e-08
159.59,-6.1661e-08
159.66,-6.159e-08
159.71,-6.1568e-08
159.78,-6.1602e-08
159.84,-6.1483e-08
159.91,-6.1532e-08
159.97,-6.1502e-08
160.04,-6.1567e-08
160.1,-6.1474e-08
160.16,-6.1493e-08
160.23,-6.1534e-08
160.28,-6.1475e-08
160.34,-6.1499e-08
160.41,-6.149e-08
160.47,-6.1456e-08
160.53,-6.1333e-08
160.61,-6.1366e-08
160.67,-6.1427e-08
160.73,-6.1511e-08
160.79,-6.1332e-08
160.85,-6.1367e-08
160.92,-6.1416e-08
160.98,-6.1387e-08
161.04,-6.1304e-08
161.09,-6.1334e-08
161.16,-6.1294e-08
161.21,-6.1321e-08
161.29,-6.136e-08
161.35,-6.1372e-08
161.42,-6.136e-08
161.48,-6.1317e-08
161.54,-6.1408e-08
161.59,-6.1395e-08
161.66,-6.1368e-08
161.72,-6.1281e-08
161.78,-6.1334e-08
161.84,-6.1261e-08
161.9,-6.1301e-08
161.97,-6.128e-08
162.03,-6.1219e-08
162.09,-6.1266e-08
162.15,-6.1293e-08
162.21,-6.1315e-08
162.27,-6.12e-08
162.33,-6.125e-08
162.39,-6.1318e-08
162.45,-6.1254e-08
162.51,-6.1269e-08
162.58,-6.1339e-08
162.65,-6.1349e-08
162.71,-6.1375e-08
162.78,-6.1277e-08
162.84,-6.1199e-08
162.9,-6.12e-08
162.96,-6.1286e-08
163.02,-6.1239e-08
163.08,-6.1229e-08
163.14,-6.127e-08
163.2,-6.1231e-08
163.27,-6.1106e-08
163.34,-6.1238e-08
163.4,-6.1194e-08
163.47,-6.1308e-08
163.53,-6.1232e-08
163.59,-6.1131e-08
163.66,-6.1208e-08
163.72,-6.1141e-08
163.79,-6.119e-08
163.84,-6.1206e-08
163.91,-6.1167e-08
163.97,-6.1167e-08
164.04,-6.1141e-08
164.1,-6.1191e-08
164.17,-6.1235e-08
164.23,-6.1136e-08
164.29,-6.1147e-08
164.36,-6.1142e-08
164.41,-6.1174e-08
164.48,-6.1137e-08
164.54,-6.1075e-08
164.6,-6.1071e-08
164.66,-6.1087e-08
164.74,-6.1084e-08
164.8,-6.102e-08
164.86,-6.1067e-08
164.92,-6.0985e-08
164.98,-6.1098e-08
165.05,-6.1054e-08
165.11,-6.1064e-08
165.17,-6.0997e-08
165.22,-6.1033e-08
165.29,-6.0988e-08
165.34,-6.0941e-08
165.42,-6.0959e-08
165.48,-6.1027e-08
165.55,-6.0965e-08
165.61,-6.1014e-08
165.67,-6.0985e-08
165.73,-6.1038e-08
165.79,-6.1024e-08
165.86,-6.0987e-08
165.91,-6.1043e-08
165.98,-6.0987e-08
166.04,-6.0831e-08
166.12,-6.0869e-08
166.18,-6.0948e-08
166.24,-6.097e-08
166.31,-6.0932e-08
166.37,-6.0985e-08
166.43,-6.0937e-08
166.5,-6.0853e-08
166.56,-6.0829e-08
166.62,-6.0789e-08
166.68,-6.0887e-08
166.74,-6.0845e-08
166.81,-6.0867e-08
166.87,-6.0875e-08
166.93,-6.0847e-08
166.99,-6.0949e-08
167.04,-6.0921e-08
167.11,-6.0864e-08
167.17,-6.0822e-08
167.24,-6.0927e-08
167.29,-6.09e-08
167.36,-6.0838e-08
167.42,-6.0773e-08
167.5,-6.0725e-08
167.56,-6.078e-08
167.63,-6.0777e-08
167.68,-6.0818e-08
167.75,-6.0761e-08
167.81,-6.07e-08
167.87,-6.0722e-08
167.92,-6.0707e-08
167.99,-6.0783e-08
168.05,-6.0721e-08
168.11,-6.08e-08
168.17,-6.0797e-08
168.24,-6.0754e-08
168.29,-6.0736e-08
168.35,-6.0749e-08
168.41,-6.0782e-08
168.48,-6.0777e-08
168.54,-6.0719e-08
168.6,-6.0798e-08
168.66,-6.0734e-08
168.73,-6.0703e-08
168.78,-6.0743e-08
168.86,-6.0748e-08
168.92,-6.0681e-08
168.98,-6.0711e-08
169.04,-6.0721e-08
169.1,-6.0722e-08
169.16,-6.0639e-08
169.22,-6.0639e-08
169.28,-6.0646e-08
169.34,-6.0611e-08
169.41,-6.0639e-08
169.46,-6.0584e-08
169.54,-6.0642e-08
169.6,-6.0602e-08
169.66,-6.0556e-08
169.73,-6.0513e-08
169.78,-6.0498e-08
169.84,-6.0421e-08
169.9,-6.053e-08
169.97,-6.0499e-08
170.02,-6.05e-08
170.08,-6.0529e-08
170.14,-6.0507e-08
170.21,-6.0483e-08
170.28,-6.0598e-08
170.34,-6.0496e-08
170.4,-6.0413e-08
170.47,-6.0476e-08
170.52,-6.049e-08
170.59,-6.0441e-08
170.65,-6.0351e-08
170.72,-6.042e-08
170.77,-6.0434e-08
170.84,-6.0553e-08
170.91,-6.0461e-08
170.97,-6.043e-08
171.04,-6.04e-08
171.09,-6.0476e-08
171.16,-6.0432e-08
171.22,-6.0414e-08
171.29,-6.0449e-08
171.34,-6.0374e-08
171.4,-6.049e-08
171.46,-6.0461e-08
171.52,-6.0417e-08
171.6,-6.0489e-08
171.66,-6.04e-08
171.72,-6.0489e-08
171.79,-6.0429e-08
171.84,-6.0435e-08
171.9,-6.0344e-08
171.96,-6.0407e-08
172.03,-6.0446e-08
172.08,-6.0414e-08
172.15,-6.0445e-08
172.21,-6.0368e-08
172.28,-6.0356e-08
172.34,-6.0355e-08
172.41,-6.0387e-08
172.47,-6.0366e-08
172.53,-6.0383e-08
172.6,-6.0339e-08
172.65,-6.0365e-08
172.71,-6.0273e-08
172.77,-6.0323e-08
172.83,-6.0356e-08
172.89,-6.032e-08
172.96,-6.0354e-08
173.03,-6.0328e-08
173.09,-6.0359e-08
173.15,-6.0386e-08
173.21,-6.0308e-08
173.28,-6.0425e-08
173.33,-6.0316e-08
173.39,-6.0257e-08
173.45,-6.0332e-08
173.52,-6.0324e-08
173.57,-6.023e-08
173.65,-6.028e-08
173.71,-6.0264e-08
173.78,-6.0259e-08
173.84,-6.0299e-08
173.9,-6.0287e-08
173.95,-6.0297e-08
174.02,-6.0283e-08
174.07,-6.0188e-08
174.14,-6.023e-08
174.2,-6.0222e-08
174.26,-6.0219e-08
174.33,-6.016e-08
174.4,-6.0205e-08
174.46,-6.0204e-08
174.52,-6.0256e-08
174.59,-6.0275e-08
174.65,-6.0361e-08
174.71,-6.0194e-08
174.76,-6.0261e-08
174.83,-6.0201e-08
174.89,-6.0142e-08
174.95,-6.0183e-08
175.02,-6.0107e-08
175.09,-6.0188e-08
175.15,-6.0107e-08
175.21,-6.0138e-08
175.27,-6.0117e-08
175.34,-6.0117e-08
175.39,-6.0167e-08
175.46,-6.0083e-08
175.52,-6.0095e-08
175.58,-6.016e-08
175.65,-6.0136e-08
175.72,-6.0152e-08
175.78,-6.0055e-08
175.85,-6.013e-08
175.91,-6.0149e-08
175.97,-6.0099e-08
176.03,-6.0033e-08
176.09,-6.0046e-08
176.15,-6.0124e-08
176.21,-6.0029e-08
176.27,-5.9996e-08
176.34,-6.002e-08
176.41,-6.0022e-08
176.47,-5.9905e-08
176.54,-5.9989e-08
176.6,-6.0004e-08
176.66,-5.9955e-08
176.73,-6.0029e-08
176.79,-5.9902e-08
176.85,-5.9946e-08
176.91,-5.9973e-08
176.98,-6.0006e-08
177.03,-5.9945e-08
177.1,-5.9942e-08
177.16,-5.9902e-08
177.22,-5.9967e-08
177.29,-5.9937e-08
177.34,-5.9898e-08
177.41,-5.9953e-08
177.47,-5.9928e-08
177.53,-5.9911e-08
177.59,-5.9924e-08
177.66,-5.9889e-08
177.72,-5.9867e-08
177.8,-5.9842e-08
177.86,-5.9804e-08
177.92,-5.9791e-08
177.98,-5.9844e-08
178.04,-5.9867e-08
178.09,-5.9832e-08
178.16,-5.984e-08
178.22,-5.983e-08
178.29,-5.9824e-08
178.35,-5.9884e-08
178.41,-5.9894e-08
178.47,-5.9882e-08
178.54,-5.9874e-08
178.6,-5.981e-08
178.66,-5.9836e-08
178.73,-5.9842e-08
178.78,-5.9837e-08
178.85,-5.9848e-08
178.9,-5.9829e-08
178.97,-5.9747e-08
179.03,-5.9861e-08
179.09,-5.9854e-08
179.16,-5.9842e-08
179.23,-5.9806e-08
179.29,-5.9906e-08
179.35,-5.9811e-08
179.42,-5.9746e-08
179.47,-5.9754e-08
179.53,-5.9796e-08
179.59,-5.9754e-08
179.65,-5.9788e-08
179.72,-5.9791e-08
179.78,-5.9717e-08
179.86,-5.9743e-08
179.92,-5.9698e-08
179.98,-5.9717e-08
180.04,-5.967e-08
180.1,-5.9671e-08
180.15,-5.9671e-08
180.22,-5.9564e-08
180.27,-5.9602e-08
180.33,-5.9657e-08
180.39,-5.9658e-08
180.46,-5.9586e-08
180.53,-5.9571e-08
180.6,-5.9569e-08
180.66,-5.9544e-08
180.72,-5.9601e-08
180.79,-5.9677e-08
180.84,-5.9689e-08
180.91,-5.9642e-08
180.96,-5.9651e-08
181.02,-5.9711e-08
181.08,-5.9678e-08
181.14,-5.9694e-08
181.22,-5.9829e-08
181.28,-5.9727e-08
181.34,-5.965e-08
181.41,-5.9655e-08
181.46,-5.9691e-08
181.52,-5.9623e-08
181.58,-5.9686e-08
181.64,-5.9623e-08
181.7,-5.9534e-08
181.77,-5.9674e-08
181.83,-5.9703e-08
181.9,-5.967e-08
181.96,-5.9714e-08
182.03,-5.9743e-08
182.09,-5.9675e-08
182.15,-5.9658e-08
182.21,-5.9616e-08
182.27,-5.9592e-08
182.34,-5.9695e-08
182.4,-5.9552e-08
182.46,-5.9569e-08
182.51,-5.9599e-08
182.59,-5.9579e-08
182.65,-5.9631e-08
182.72,-5.9603e-08
182.77,-5.9638e-08
182.84,-5.9647e-08
182.9,-5.9527e-08
182.96,-5.9582e-08
183.01,-5.9609e-08
183.08,-5.969e-08
183.13,-5.9632e-08
183.2,-5.9568e-08
183.27,-5.9652e-08
183.34,-5.9651e-08
183.4,-5.9654e-08
183.46,-5.9635e-08
183.52,-5.9718e-08
183.58,-5.9507e-08
183.65,-5.9524e-08
183.7,-5.9576e-08
183.77,-5.9455e-08
183.83,-5.9433e-08
183.9,-5.9597e-08
183.98,-5.953e-08
184.04,-5.9485e-08
184.1,-5.9462e-08
184.16,-5.9478e-08
184.22,-5.9434e-08
184.29,-5.9422e-08
184.34,-5.9415e-08
184.41,-5.9412e-08
184.47,-5.9482e-08
184.54,-5.9439e-08
184.6,-5.9439e-08
184.68,-5.942e-08
184.74,-5.9413e-08
184.8,-5.9452e-08
184.87,-5.9411e-08
184.93,-5.9406e-08
184.99,-5.9362e-08
185.04,-5.9421e-08
185.1,-5.9384e-08
185.16,-5.9346e-08
185.22,-5.9388e-08
185.29,-5.9381e-08
185.35,-5.9366e-08
185.42,-5.9316e-08
185.48,-5.9294e-08
185.54,-5.9264e-08
185.61,-5.9325e-08
185.67,-5.9265e-08
185.73,-5.9303e-08
185.79,-5.9295e-08
185.86,-5.9299e-08
185.91,-5.9283e-08
185.98,-5.9339e-08
186.05,-5.93e-08
186.11,-5.9236e-08
186.17,-5.9311e-08
186.23,-5.9234e-08
186.29,-5.9344e-08
186.36,-5.925e-08
186.42,-5.9315e-08
186.48,-5.9224e-08
186.53,-5.9205e-08
186.59,-5.9221e-08
186.65,-5.9199e-08
186.72,-5.9307e-08
186.78,-5.9344e-08
186.84,-5.9317e-08
186.91,-5.9257e-08
186.96,-5.9217e-08
187.02,-5.9182e-08
187.08,-5.9148e-08
187.14,-5.9133e-08
187.2,-5.9155e-08
187.26,-5.9136e-08
187.32,-5.9201e-08
187.4,-5.9131e-08
187.46,-5.9192e-08
187.52,-5.9154e-08
187.58,-5.922e-08
187.64,-5.9147e-08
187.7,-5.9186e-08
187.77,-5.915e-08
187.82,-5.9129e-08
187.89,-5.914e-08
187.95,-5.9214e-08
188.02,-5.916e-08
188.1,-5.9181e-08
188.16,-5.912e-08
188.22,-5.9151e-08
188.28,-5.9182e-08
188.34,-5.9157e-08
188.41,-5.9139e-08
188.47,-5.9162e-08
188.53,-5.9154e-08
188.59,-5.9228e-08
188.65,-5.9173e-08
188.71,-5.9125e-08
188.78,-5.9177e-08
188.84,-5.9153e-08
188.91,-5.9147e-08
188.97,-5.9108e-08
189.03,-5.9076e-08
189.08,-5.9097e-08
189.14,-5.9022e-08
189.2,-5.9108e-08
189.26,-5.91e-08
189.33,-5.9057e-08
189.38,-5.9044e-08
189.46,-5.8992e-08
189.52,-5.8993e-08
189.58,-5.894e-08
189.64,-5.8912e-08
189.7,-5.8985e-08
189.76,-5.9008e-08
189.83,-5.9069e-08
189.88,-5.8971e-08
189.95,-5.893e-08
190.01,-5.9013e-08
190.07,-5.9009e-08
190.15,-5.9026e-08
190.21,-5.9058e-08
190.28,-5.8947e-08
190.34,-5.8945e-08
190.4,-5.8895e-08
190.46,-5.8897e-08
190.52,-5.8877e-08
190.58,-5.8825e-08
190.65,-5.8868e-08
190.71,-5.8869e-08
190.77,-5.8912e-08
190.85,-5.8866e-08
190.91,-5.8907e-08
190.98,-5.8887e-08
191.04,-5.8888e-08
191.1,-5.8886e-08
191.16,-5.8919e-08
191.22,-5.8875e-08
191.29,-5.8869e-08
191.35,-5.8805e-08
191.41,-5.8939e-08
191.47,-5.8893e-08
191.55,-5.8899e-08
191.61,-5.8932e-08
191.67,-5.8876e-08
191.73,-5.8956e-08
191.79,-5.8968e-08
191.86,-5.8849e-08
191.92,-5.8938e-08
191.98,-5.8924e-08
192.04,-5.8827e-08
192.11,-5.8906e-08
192.17,-5.8897e-08
192.24,-5.8806e-08
192.3,-5.8805e-08
192.36,-5.8838e-08
192.43,-5.8763e-08
192.49,-5.8751e-08
192.55,-5.8749e-08
192.61,-5.875e-08
192.67,-5.8735e-08
192.74,-5.8737e-08
192.8,-5.8718e-08
192.86,-5.8704e-08
192.93,-5.8738e-08
193,-5.8772e-08
193.06,-5.8687e-08
193.12,-5.8697e-08
193.18,-5.8691e-08
193.25,-5.8697e-08
193.31,-5.8767e-08
193.37,-5.8753e-08
193.43,-5.8715e-08
193.49,-5.8751e-08
193.56,-5.8747e-08
193.63,-5.8817e-08
193.7,-5.8737e-08
193.76,-5.8745e-08
193.82,-5.8708e-08
193.88,-5.8619e-08
193.95,-5.864e-08
194.01,-5.8676e-08
194.07,-5.8643e-08
194.12,-5.8622e-08
194.19,-5.865e-08
194.24,-5.8572e-08
194.32,-5.8557e-08
194.38,-5.858e-08
194.45,-5.8528e-08
194.51,-5.8573e-08
194.57,-5.8575e-08
194.62,-5.8551e-08
194.69,-5.8611e-08
194.74,-5.8503e-08
194.81,-5.8609e-08
194.87,-5.8618e-08
194.94,-5.8552e-08
195,-5.8532e-08
195.07,-5.8594e-08
195.13,-5.8643e-08
195.19,-5.8624e-08
195.26,-5.8641e-08
195.32,-5.8547e-08
195.38,-5.8582e-08
195.44,-5.8624e-08
195.51,-5.8592e-08
195.56,-5.854e-08
195.62,-5.853e-08
195.69,-5.8602e-08
195.76,-5.859e-08
195.82,-5.8563e-08
195.88,-5.8478e-08
195.94,-5.8465e-08
196,-5.856e-08
196.06,-5.8509e-08
196.12,-5.8628e-08
196.19,-5.8514e-08
196.25,-5.8592e-08
196.32,-5.8527e-08
196.39,-5.8609e-08
196.45,-5.859e-08
196.52,-5.8538e-08
196.58,-5.8586e-08
196.65,-5.8509e-08
196.7,-5.8536e-08
196.76,-5.8424e-08
196.82,-5.8434e-08
196.88,-5.8493e-08
196.94,-5.8429e-08
197.01,-5.8517e-08
197.08,-5.8495e-08
197.14,-5.845e-08
197.2,-5.8486e-08
197.26,-5.8513e-08
197.32,-5.8451e-08
197.39,-5.8511e-08
197.44,-5.8545e-08
197.51,-5.8467e-08
197.57,-5.8445e-08
197.63,-5.8347e-08
197.69,-5.8364e-08
197.77,-5.8377e-08
197.83,-5.8428e-08
197.89,-5.8414e-08
197.96,-5.8312e-08
198.01,-5.8476e-08
198.08,-5.8488e-08
198.14,-5.8342e-08
198.2,-5.8422e-08
198.26,-5.8331e-08
198.33,-5.8379e-08
198.39,-5.833e-08
198.47,-5.8411e-08
198.53,-5.8324e-08
198.59,-5.8281e-08
198.65,-5.8337e-08
198.72,-5.8409e-08
198.78,-5.8377e-08
198.84,-5.8374e-08
198.9,-5.8369e-08
198.96,-5.8365e-08
199.03,-5.8405e-08
199.09,-5.837e-08
199.17,-5.835e-08
199.23,-5.8374e-08
199.29,-5.8373e-08
199.36,-5.8292e-08
199.42,-5.8398e-08
199.48,-5.8326e-08
199.54,-5.8332e-08
199.6,-5.8292e-08
199.66,-5.8284e-08
199.72,-5.832e-08
199.78,-5.8343e-08
199.86,-5.8324e-08
199.92,-5.8338e-08
199.98,-5.8316e-08
200.05,-5.8297e-08
200.11,-5.8315e-08
200.18,-5.8312e-08
200.24,-5.8379e-08
200.3,-5.8326e-08
200.35,-5.832e-08
200.42,-5.8316e-08
200.48,-5.8333e-08
200.55,-5.8257e-08
200.61,-5.8219e-08
200.68,-5.8289e-08
200.74,-5.8258e-08
200.8,-5.8194e-08
200.86,-5.8253e-08
200.92,-5.819e-08
200.99,-5.8273e-08
201.04,-5.8257e-08
201.11,-5.8185e-08
201.17,-5.8181e-08
201.25,-5.8177e-08
201.31,-5.8037e-08
201.37,-5.8151e-08
201.43,-5.8174e-08
201.49,-5.8221e-08
201.56,-5.8144e-08
201.62,-5.8192e-08
201.68,-5.8209e-08
201.74,-5.8252e-08
201.81,-5.8207e-08
201.87,-5.8066e-08
201.95,-5.8217e-08
202.01,-5.8162e-08
202.07,-5.8095e-08
202.14,-5.8141e-08
202.2,-5.8106e-08
202.26,-5.8111e-08
202.32,-5.8138e-08
202.39,-5.8099e-08
202.45,-5.809e-08
202.51,-5.804e-08
202.57,-5.8046e-08
202.64,-5.8058e-08
202.71,-5.806e-08
202.76,-5.8084e-08
202.83,-5.8064e-08
202.89,-5.8069e-08
202.94,-5.8106e-08
203,-5.8009e-08
203.06,-5.8032e-08
203.13,-5.8031e-08
203.19,-5.811e-08
203.25,-5.806e-08
203.32,-5.8063e-08
203.38,-5.8026e-08
203.44,-5.8044e-08
203.5,-5.8086e-08
203.56,-5.8028e-08
203.63,-5.8044e-08
203.69,-5.8004e-08
203.75,-5.8002e-08
203.81,-5.8003e-08
203.87,-5.7948e-08
203.94,-5.7956e-08
204.01,-5.7907e-08
204.07,-5.7907e-08
204.14,-5.7863e-08
204.2,-5.7941e-08
204.26,-5.7915e-08
204.32,-5.7892e-08
204.39,-5.7938e-08
204.45,-5.792e-08
204.51,-5.7908e-08
204.57,-5.7883e-08
204.63,-5.778e-08
204.71,-5.7902e-08
204.77,-5.787e-08
204.83,-5.7896e-08
204.9,-5.789e-08
204.95,-5.7905e-08
205.02,-5.7865e-08
205.08,-5.7953e-08
205.15,-5.7902e-08
205.2,-5.7896e-08
205.27,-5.792e-08
205.33,-5.7889e-08
205.4,-5.7833e-08
205.46,-5.7792e-08
205.52,-5.7826e-08
205.59,-5.7866e-08
205.65,-5.7842e-08
205.71,-5.7912e-08
205.77,-5.7885e-08
205.84,-5.7882e-08
205.9,-5.7845e-08
205.96,-5.7889e-08
206.02,-5.7837e-08
206.09,-5.7858e-08
206.16,-5.7839e-08
206.21,-5.7855e-08
206.27,-5.7865e-08
206.34,-5.7886e-08
206.4,-5.7869e-08
206.46,-5.7887e-08
206.52,-5.782e-08
206.58,-5.7821e-08
206.65,-5.7811e-08
206.71,-5.7875e-08
206.78,-5.792e-08
206.85,-5.7883e-08
206.91,-5.7844e-08
206.97,-5.7881e-08
207.04,-5.7849e-08
207.09,-5.7787e-08
207.16,-5.7826e-08
207.22,-5.7803e-08
207.29,-5.7798e-08
207.34,-5.7917e-08
207.41,-5.7796e-08
207.48,-5.7761e-08
207.54,-5.7838e-08
207.61,-5.7866e-08
207.67,-5.7871e-08
207.73,-5.7914e-08
207.79,-5.7793e-08
207.85,-5.7786e-08
207.91,-5.7772e-08
207.97,-5.7741e-08
208.03,-5.7813e-08
208.09,-5.7824e-08
208.16,-5.7717e-08
208.23,-5.7797e-08
208.29,-5.7738e-08
208.35,-5.7787e-08
208.42,-5.7821e-08
208.47,-5.7758e-08
208.54,-5.7786e-08
208.6,-5.7729e-08
208.67,-5.7852e-08
208.72,-5.7826e-08
208.79,-5.7852e-08
208.86,-5.7773e-08
208.92,-5.7814e-08
208.99,-5.7752e-08
209.04,-5.7787e-08
209.1,-5.7771e-08
209.16,-5.7769e-08
209.23,-5.7761e-08
209.29,-5.7786e-08
209.34,-5.7692e-08
209.41,-5.7648e-08
209.46,-5.7689e-08
209.54,-5.7701e-08
209.6,-5.7699e-08
209.66,-5.7717e-08
209.72,-5.7566e-08
209.78,-5.7622e-08
209.84,-5.7633e-08
209.89,-5.7651e-08
209.96,-5.7611e-08
210.02,-5.76e-08
210.08,-5.7571e-08
210.14,-5.7585e-08
210.21,-5.7614e-08
210.28,-5.757e-08
210.34,-5.7627e-08
210.4,-5.7633e-08
210.46,-5.7769e-08
210.52,-5.7574e-08
210.58,-5.7603e-08
210.64,-5.756e-08
210.7,-5.752e-08
210.77,-5.7581e-08
210.83,-5.7514e-08
210.91,-5.7522e-08
210.98,-5.7483e-08
211.04,-5.7538e-08
211.1,-5.756e-08
211.16,-5.7482e-08
211.22,-5.7622e-08
211.29,-5.7544e-08
211.34,-5.7491e-08
211.41,-5.746e-08
211.47,-5.7499e-08
211.54,-5.7502e-08
211.61,-5.7523e-08
211.67,-5.7476e-08
211.74,-5.7436e-08
211.8,-5.7526e-08
211.86,-5.7549e-08
211.92,-5.7491e-08
211.99,-5.7514e-08
212.05,-5.7449e-08
212.11,-5.7425e-08
212.17,-5.7453e-08
212.23,-5.7367e-08
212.31,-5.7518e-08
212.37,-5.7471e-08
212.43,-5.7411e-08
212.49,-5.7448e-08
212.55,-5.7433e-08
212.61,-5.7344e-08
212.66,-5.7386e-08
212.72,-5.7443e-08
212.78,-5.7369e-08
212.85,-5.7363e-08
212.91,-5.7413e-08
212.98,-5.7437e-08
213.04,-5.7468e-08
213.1,-5.7371e-08
213.16,-5.7383e-08
213.22,-5.7349e-08
213.28,-5.7347e-08
213.35,-5.7343e-08
213.41,-5.7368e-08
213.47,-5.7409e-08
213.52,-5.7356e-08
213.58,-5.7463e-08
213.65,-5.7389e-08
213.71,-5.7414e-08
213.77,-5.7329e-08
213.84,-5.7333e-08
213.9,-5.736e-08
213.96,-5.7422e-08
214.02,-5.7396e-08
214.08,-5.7396e-08
214.14,-5.7299e-08
214.21,-5.7247e-08
214.27,-5.7374e-08
214.34,-5.7294e-08
214.4,-5.7282e-08
214.47,-5.7308e-08
214.53,-5.7327e-08
214.59,-5.7303e-08
214.65,-5.7326e-08
214.71,-5.7275e-08
214.78,-5.7242e-08
214.84,-5.7272e-08
214.9,-5.7249e-08
214.96,-5.7262e-08
215.04,-5.7227e-08
215.1,-5.7236e-08
215.16,-5.7238e-08
215.23,-5.7218e-08
215.28,-5.7283e-08
215.35,-5.7222e-08
215.41,-5.7207e-08
215.47,-5.7274e-08
215.53,-5.7255e-08
215.6,-5.7254e-08
215.66,-5.7251e-08
215.74,-5.7282e-08
215.8,-5.7254e-08
215.87,-5.7255e-08
215.93,-5.7193e-08
215.99,-5.7271e-08
216.05,-5.7259e-08
216.1,-5.7265e-08
216.17,-5.7302e-08
216.23,-5.7257e-08
216.29,-5.7239e-08
216.35,-5.7235e-08
216.42,-5.7238e-08
216.49,-5.7265e-08
216.55,-5.7253e-08
216.61,-5.7253e-08
216.68,-5.716e-08
216.74,-5.7211e-08
216.8,-5.7149e-08
216.86,-5.7107e-08
216.92,-5.7079e-08
216.98,-5.7164e-08
217.05,-5.7138e-08
217.12,-5.7289e-08
217.18,-5.7191e-08
217.24,-5.7138e-08
217.3,-5.7166e-08
217.36,-5.7234e-08
217.42,-5.7264e-08
217.49,-5.72e-08
217.54,-5.716e-08
217.61,-5.7235e-08
217.67,-5.7143e-08
217.74,-5.7109e-08
217.82,-5.7109e-08
217.88,-5.7077e-08
217.94,-5.7127e-08
218,-5.7082e-08
218.06,-5.7131e-08
218.13,-5.7134e-08
218.19,-5.707e-08
218.25,-5.7069e-08
218.31,-5.7053e-08
218.38,-5.703e-08
218.44,-5.7022e-08
218.51,-5.7054e-08
218.57,-5.7063e-08
218.63,-5.707e-08
218.69,-5.7016e-08
218.75,-5.7002e-08
218.82,-5.6939e-08
218.88,-5.6979e-08
218.94,-5.7043e-08
219,-5.6993e-08
219.06,-5.6954e-08
219.12,-5.6993e-08
219.19,-5.6986e-08
219.25,-5.7006e-08
219.32,-5.6848e-08
219.38,-5.6908e-08
219.45,-5.6926e-08
219.51,-5.6879e-08
219.57,-5.6903e-08
219.64,-5.6871e-08
219.7,-5.6934e-08
219.76,-5.6888e-08
219.82,-5.6869e-08
219.9,-5.6877e-08
219.96,-5.6879e-08
220.01,-5.6885e-08
220.07,-5.6876e-08
220.14,-5.6922e-08
220.2,-5.6876e-08
220.26,-5.6877e-08
220.32,-5.6845e-08
220.38,-5.677e-08
220.45,-5.6849e-08
220.51,-5.6834e-08
220.59,-5.6847e-08
220.65,-5.6772e-08
220.71,-5.6869e-08
220.77,-5.6786e-08
220.84,-5.6831e-08
220.9,-5.6824e-08
220.96,-5.6847e-08
221.02,-5.683e-08
221.09,-5.6821e-08
221.14,-5.6783e-08
221.21,-5.6883e-08
221.28,-5.6814e-08
221.34,-5.6791e-08
221.4,-5.673e-08
221.46,-5.6779e-08
221.53,-5.6832e-08
221.59,-5.6827e-08
221.66,-5.6845e-08
221.72,-5.6824e-08
221.78,-5.6781e-08
221.84,-5.6802e-08
221.9,-5.6804e-08
221.97,-5.6779e-08
222.04,-5.6723e-08
222.1,-5.6742e-08
222.16,-5.6813e-08
222.23,-5.6794e-08
222.29,-5.6678e-08
222.35,-5.6644e-08
222.41,-5.6769e-08
222.47,-5.6765e-08
222.53,-5.6697e-08
222.59,-5.6739e-08
222.67,-5.6716e-08
222.73,-5.6787e-08
222.79,-5.6702e-08
222.85,-5.6594e-08
222.91,-5.6724e-08
222.97,-5.6643e-08
223.04,-5.6695e-08
223.09,-5.6726e-08
223.16,-5.6767e-08
223.22,-5.6768e-08
223.29,-5.6688e-08
223.36,-5.6751e-08
223.42,-5.6646e-08
223.49,-5.6688e-08
223.55,-5.6694e-08
223.61,-5.6685e-08
223.67,-5.6728e-08
223.73,-5.6634e-08
223.8,-5.6666e-08
223.86,-5.6619e-08
223.92,-5.6629e-08
223.98,-5.6596e-08
224.06,-5.6632e-08
224.12,-5.6664e-08
224.18,-5.668e-08
224.24,-5.6721e-08
224.3,-5.6708e-08
224.36,-5.6653e-08
224.41,-5.6629e-08
224.47,-5.6635e-08
224.53,-5.6664e-08
224.6,-5.6647e-08
224.66,-5.6647e-08
224.73,-5.6666e-08
224.79,-5.6563e-08
224.86,-5.6519e-08
224.92,-5.6561e-08
224.98,-5.6532e-08
225.03,-5.6532e-08
225.1,-5.6529e-08
225.15,-5.6502e-08
225.22,-5.6549e-08
225.28,-5.6515e-08
225.34,-5.6548e-08
225.41,-5.6529e-08
225.48,-5.6601e-08
225.54,-5.6497e-08
225.6,-5.6579e-08
225.67,-5.6631e-08
225.72,-5.652e-08
225.79,-5.655e-08
225.85,-5.6576e-08
225.92,-5.6601e-08
225.97,-5.6509e-08
226.04,-5.6531e-08
226.11,-5.6488e-08
226.18,-5.6482e-08
226.24,-5.6414e-08
226.3,-5.6491e-08
226.37,-5.6503e-08
226.42,-5.6552e-08
226.48,-5.6512e-08
226.54,-5.6474e-08
226.61,-5.6465e-08
226.67,-5.6441e-08
226.73,-5.6455e-08
226.8,-5.6455e-08
226.87,-5.644e-08
226.92,-5.6381e-08
226.98,-5.6419e-08
227.04,-5.641e-08
227.11,-5.6449e-08
227.17,-5.6406e-08
227.23,-5.632e-08
227.29,-5.6396e-08
227.35,-5.6309e-08
227.42,-5.6362e-08
227.5,-5.638e-08
227.56,-5.6327e-08
227.63,-5.6328e-08
227.68,-5.6315e-08
227.74,-5.6292e-08
227.8,-5.6359e-08
227.86,-5.635e-08
227.92,-5.6319e-08
227.99,-5.6356e-08
228.05,-5.6334e-08
228.11,-5.6346e-08
228.18,-5.6378e-08
228.25,-5.6339e-08
228.31,-5.6451e-08
228.37,-5.6375e-08
228.43,-5.6455e-08
228.49,-5.6384e-08
228.56,-5.638e-08
228.62,-5.6379e-08
228.68,-5.6395e-08
228.75,-5.6448e-08
228.81,-5.6382e-08
228.89,-5.6331e-08
228.95,-5.6346e-08
229.01,-5.6253e-08
229.08,-5.6225e-08
229.14,-5.6284e-08
229.2,-5.6296e-08
229.26,-5.6279e-08
229.32,-5.6305e-08
229.38,-5.6334e-08
229.44,-5.6289e-08
229.5,-5.6289e-08
229.58,-5.632e-08
229.64,-5.6344e-08
229.7,-5.6298e-08
229.76,-5.637e-08
229.82,-5.6345e-08
229.88,-5.6258e-08
229.95,-5.634e-08
230.01,-5.6382e-08
230.07,-5.6328e-08
230.13,-5.6278e-08
230.19,-5.6249e-08
230.27,-5.6264e-08
230.34,-5.6224e-08
230.4,-5.6247e-08
230.46,-5.6232e-08
230.52,-5.633e-08
230.59,-5.6252e-08
230.65,-5.6241e-08
230.71,-5.6234e-08
230.77,-5.6307e-08
230.84,-5.6289e-08
230.9,-5.6282e-08
230.97,-5.6287e-08
231.04,-5.6249e-08
231.1,-5.6279e-08
231.16,-5.6263e-08
231.23,-5.6263e-08
231.29,-5.6254e-08
231.35,-5.6286e-08
231.41,-5.633e-08
231.48,-5.6245e-08
231.54,-5.6232e-08
231.6,-5.6226e-08
231.67,-5.6221e-08
231.74,-5.6248e-08
231.79,-5.6295e-08
231.86,-5.6265e-08
231.91,-5.6256e-08
231.97,-5.6199e-08
232.03,-5.6235e-08
232.09,-5.6214e-08
232.16,-5.6186e-08
232.21,-5.6186e-08
232.28,-5.6219e-08
232.35,-5.6162e-08
232.41,-5.6131e-08
232.47,-5.6135e-08
232.53,-5.6215e-08
232.59,-5.6256e-08
232.66,-5.628e-08
232.72,-5.6247e-08
232.78,-5.6256e-08
232.84,-5.6232e-08
232.91,-5.6199e-08
232.97,-5.625e-08
233.04,-5.605e-08
233.11,-5.6171e-08
233.17,-5.6207e-08
233.23,-5.6147e-08
233.29,-5.6138e-08
233.35,-5.6134e-08
233.41,-5.6166e-08
233.47,-5.6171e-08
233.54,-5.6125e-08
233.6,-5.6194e-08
233.67,-5.6127e-08
233.74,-5.6102e-08
233.8,-5.6095e-08
233.87,-5.6098e-08
233.93,-5.6081e-08
234,-5.6134e-08
234.06,-5.5988e-08
234.12,-5.5987e-08
234.19,-5.5965e-08
234.24,-5.6029e-08
234.31,-5.6014e-08
234.37,-5.5963e-08
234.44,-5.5979e-08
234.5,-5.5956e-08
234.57,-5.613e-08
234.63,-5.6102e-08
234.69,-5.6108e-08
234.76,-5.6086e-08
234.81,-5.6112e-08
234.88,-5.6112e-08
234.94,-5.607e-08
235,-5.6051e-08
235.06,-5.6014e-08
235.13,-5.6053e-08
235.19,-5.6009e-08
235.26,-5.6088e-08
235.32,-5.6092e-08
235.38,-5.6076e-08
235.44,-5.6064e-08
235.51,-5.6046e-08
235.56,-5.609e-08
235.63,-5.6147e-08
235.69,-5.6108e-08
235.75,-5.6031e-08
235.84,-5.6126e-08
235.9,-5.607e-08
235.96,-5.5991e-08
236.01,-5.5963e-08
236.08,-5.5922e-08
236.13,-5.6044e-08
236.19,-5.601e-08
236.25,-5.6057e-08
236.31,-5.6059e-08
236.37,-5.6062e-08
236.43,-5.6045e-08
236.51,-5.6039e-08
236.57,-5.5963e-08
236.63,-5.6075e-08
236.7,-5.6084e-08
236.76,-5.6065e-08
236.82,-5.5987e-08
236.87,-5.5905e-08
236.94,-5.5949e-08
237,-5.5987e-08
237.06,-5.6003e-08
237.12,-5.6005e-08
237.2,-5.5986e-08
237.26,-5.5863e-08
237.32,-5.5949e-08
237.38,-5.5901e-08
237.44,-5.591e-08
237.51,-5.594e-08
237.56,-5.598e-08
237.63,-5.5974e-08
237.69,-5.5918e-08
237.75,-5.5939e-08
237.82,-5.5848e-08
237.89,-5.5917e-08
237.96,-5.5853e-08
238.02,-5.593e-08
238.08,-5.5881e-08
238.15,-5.5855e-08
238.2,-5.5873e-08
238.27,-5.5842e-08
238.33,-5.5838e-08
238.4,-5.5844e-08
238.45,-5.5857e-08
238.52,-5.5903e-08
238.59,-5.5931e-08
238.65,-5.5878e-08
238.71,-5.5792e-08
238.77,-5.5854e-08
238.83,-5.5919e-08
238.9,-5.5849e-08
238.96,-5.5875e-08
239.02,-5.5886e-08
239.08,-5.5928e-08
239.14,-5.582e-08
239.2,-5.5858e-08
239.28,-5.5843e-08
239.34,-5.5791e-08
239.4,-5.5848e-08
239.46,-5.5814e-08
239.52,-5.5788e-08
239.58,-5.5794e-08
239.65,-5.5804e-08
239.71,-5.5753e-08
239.77,-5.5826e-08
239.83,-5.5813e-08
239.89,-5.5655e-08
239.97,-5.5662e-08
240.03,-5.5707e-08
240.09,-5.5772e-08
240.15,-5.5737e-08
240.21,-5.577e-08
240.28,-5.5668e-08
240.34,-5.5697e-08
240.4,-5.5794e-08
240.46,-5.5692e-08
240.53,-5.5734e-08
240.58,-5.5734e-08
240.66,-5.5794e-08
240.72,-5.5762e-08
240.79,-5.5799e-08
240.85,-5.5798e-08
240.91,-5.5777e-08
240.97,-5.5833e-08
241.03,-5.576e-08
241.1,-5.578e-08
241.15,-5.579e-08
241.22,-5.5853e-08
241.28,-5.5805e-08
241.35,-5.5738e-08
241.42,-5.5787e-08
241.48,-5.5773e-08
241.54,-5.5777e-08
241.61,-5.5745e-08
241.67,-5.574e-08
241.74,-5.587e-08
241.8,-5.58e-08
241.86,-5.5826e-08
241.93,-5.5809e-08
241.99,-5.5744e-08
242.06,-5.5771e-08
242.12,-5.5666e-08
242.18,-5.5678e-08
242.25,-5.568e-08
242.31,-5.5724e-08
242.38,-5.5675e-08
242.44,-5.5701e-08
242.5,-5.5728e-08
242.56,-5.5699e-08
242.62,-5.5689e-08
242.68,-5.5786e-08
242.76,-5.5763e-08
242.82,-5.5775e-08
242.88,-5.5714e-08
242.95,-5.5717e-08
243,-5.5757e-08
243.06,-5.5609e-08
243.12,-5.5637e-08
243.19,-5.5643e-08
243.25,-5.5598e-08
243.31,-5.5618e-08
243.37,-5.5626e-08
243.44,-5.5552e-08
243.5,-5.5566e-08
243.57,-5.5619e-08
243.63,-5.5643e-08
243.69,-5.556e-08
243.75,-5.5559e-08
243.82,-5.5616e-08
243.88,-5.557e-08
243.94,-5.5508e-08
244,-5.5563e-08
244.06,-5.5599e-08
244.14,-5.5659e-08
244.2,-5.5529e-08
244.26,-5.562e-08
244.32,-5.5608e-08
244.38,-5.5599e-08
244.44,-5.5625e-08
244.5,-5.5573e-08
244.56,-5.5641e-08
244.63,-5.5618e-08
244.69,-5.5504e-08
244.75,-5.5462e-08
244.82,-5.548e-08
244.89,-5.5549e-08
244.95,-5.556e-08
245.01,-5.5666e-08
245.07,-5.5619e-08
245.13,-5.5644e-08
245.19,-5.5522e-08
245.25,-5.5579e-08
245.32,-5.5569e-08
245.38,-5.5558e-08
245.43,-5.5509e-08
245.51,-5.547e-08
245.57,-5.5451e-08
245.63,-5.5467e-08
245.7,-5.5511e-08
245.75,-5.5489e-08
245.82,-5.5547e-08
245.88,-5.5506e-08
245.95,-5.549e-08
246.01,-5.5479e-08
246.07,-5.5455e-08
246.13,-5.55e-08
246.21,-5.5431e-08
246.27,-5.5468e-08
246.33,-5.5611e-08
246.39,-5.5654e-08
246.45,-5.552e-08
246.5,-5.5462e-08
246.57,-5.5514e-08
246.63,-5.546e-08
246.7,-5.547e-08
246.75,-5.544e-08
246.82,-5.5485e-08
246.89,-5.5364e-08
246.95,-5.5372e-08
247.02,-5.5498e-08
247.08,-5.5401e-08
247.14,-5.5534e-08
247.19,-5.5537e-08
247.26,-5.5472e-08
247.32,-5.5462e-08
247.38,-5.5466e-08
247.45,-5.5378e-08
247.51,-5.5406e-08
247.59,-5.5343e-08
247.65,-5.5354e-08
247.71,-5.5438e-08
247.76,-5.5392e-08
247.83,-5.5402e-08
247.89,-5.548e-08
247.94,-5.549e-08
248,-5.5363e-08
248.06,-5.5336e-08
248.13,-5.5419e-08
248.19,-5.5354e-08
248.26,-5.5348e-08
248.32,-5.5455e-08
248.38,-5.5343e-08
248.44,-5.5411e-08
248.51,-5.5375e-08
248.57,-5.5252e-08
248.64,-5.5245e-08
248.7,-5.531e-08
248.76,-5.5373e-08
248.82,-5.5328e-08
248.88,-5.5338e-08
248.96,-5.533e-08
249.02,-5.5375e-08
249.09,-5.5255e-08
249.14,-5.5345e-08
249.21,-5.5305e-08
249.27,-5.5276e-08
249.33,-5.5277e-08
249.39,-5.5299e-08
249.46,-5.5287e-08
249.52,-5.516e-08
249.58,-5.515e-08
249.66,-5.5167e-08
249.72,-5.5219e-08
249.79,-5.5163e-08
249.85,-5.5228e-08
249.91,-5.529e-08
249.97,-5.5212e-08
250.03,-5.5253e-08
250.1,-5.5277e-08
250.16,-5.5289e-08
250.22,-5.5268e-08
250.28,-5.5257e-08
250.36,-5.5258e-08
250.42,-5.5261e-08
250.48,-5.513e-08
250.54,-5.5219e-08
250.6,-5.5191e-08
250.66,-5.5184e-08
250.72,-5.5163e-08
250.78,-5.5103e-08
250.84,-5.5148e-08
250.91,-5.5111e-08
250.97,-5.5164e-08
251.04,-5.514e-08
251.1,-5.5163e-08
251.17,-5.5186e-08
251.23,-5.5208e-08
251.29,-5.5211e-08
251.35,-5.5148e-08
251.41,-5.5186e-08
251.46,-5.506e-08
251.53,-5.5197e-08
251.59,-5.521e-08
251.65,-5.5141e-08
251.73,-5.5256e-08
251.79,-5.5225e-08
251.86,-5.5161e-08
251.91,-5.5204e-08
251.97,-5.52e-08
252.03,-5.5182e-08
252.09,-5.5213e-08
252.16,-5.5156e-08
252.22,-5.5093e-08
252.29,-5.5181e-08
252.34,-5.5159e-08
252.42,-5.5155e-08
252.48,-5.5222e-08
252.55,-5.5064e-08
252.61,-5.5112e-08
252.67,-5.5061e-08
252.73,-5.5035e-08
252.79,-5.5072e-08
252.86,-5.5071e-08
252.92,-5.5049e-08
252.99,-5.5107e-08
253.05,-5.5041e-08
253.13,-5.5129e-08
253.19,-5.5053e-08
253.25,-5.5008e-08
253.32,-5.5083e-08
253.38,-5.515e-08
253.44,-5.5108e-08
253.5,-5.5093e-08
253.56,-5.5066e-08
253.61,-5.5091e-08
253.68,-5.5051e-08
253.74,-5.4984e-08
253.82,-5.5121e-08
253.88,-5.5075e-08
253.94,-5.5016e-08
254.01,-5.5027e-08
254.07,-5.5042e-08
254.13,-5.5119e-08
254.19,-5.5071e-08
254.26,-5.4989e-08
254.31,-5.5093e-08
254.38,-5.509e-08
254.44,-5.5027e-08
254.51,-5.5113e-08
254.58,-5.5011e-08
254.64,-5.4983e-08
254.71,-5.4999e-08
254.76,-5.5017e-08
254.83,-5.5005e-08
254.89,-5.5006e-08
254.95,-5.5021e-08
255.01,-5.5008e-08
255.07,-5.4926e-08
255.14,-5.4918e-08
255.21,-5.4933e-08
255.28,-5.5046e-08
255.34,-5.4944e-08
255.4,-5.4956e-08
255.46,-5.4865e-08
255.52,-5.4909e-08
255.58,-5.4913e-08
255.64,-5.4945e-08
255.71,-5.4898e-08
255.77,-5.4979e-08
255.83,-5.4908e-08
255.9,-5.4899e-08
255.97,-5.4924e-08
256.03,-5.4897e-08
256.09,-5.491e-08
256.16,-5.4906e-08
256.21,-5.4906e-08
256.27,-5.4989e-08
256.34,-5.4934e-08
256.4,-5.4923e-08
256.46,-5.4948e-08
256.52,-5.4901e-08
256.6,-5.4953e-08
256.66,-5.4993e-08
256.72,-5.4953e-08
256.77,-5.4869e-08
256.84,-5.4866e-08
256.9,-5.4974e-08
256.96,-5.4846e-08
257.02,-5.4848e-08
257.09,-5.4827e-08
257.15,-5.4919e-08
257.21,-5.4779e-08
257.29,-5.4885e-08
257.35,-5.4868e-08
257.42,-5.488e-08
257.47,-5.48e-08
257.54,-5.4865e-08
257.59,-5.4818e-08
257.66,-5.4802e-08
257.72,-5.4914e-08
257.79,-5.4821e-08
257.85,-5.479e-08
257.91,-5.4807e-08
257.99,-5.4851e-08
258.05,-5.4886e-08
258.12,-5.4787e-08
258.18,-5.4806e-08
258.24,-5.4795e-08
258.3,-5.479e-08
258.36,-5.4822e-08
258.42,-5.482e-08
258.49,-5.4806e-08
258.55,-5.4885e-08
258.61,-5.4887e-08
258.68,-5.49e-08
258.74,-5.4803e-08
258.8,-5.484e-08
258.86,-5.4791e-08
258.92,-5.4842e-08
258.99,-5.4827e-08
259.05,-5.4854e-08
259.11,-5.489e-08
259.17,-5.4798e-08
259.24,-5.4808e-08
259.3,-5.483e-08
259.37,-5.4715e-08
259.44,-5.4713e-08
259.49,-5.4731e-08
259.56,-5.4758e-08
259.62,-5.4789e-08
259.68,-5.4765e-08
259.74,-5.4803e-08
259.81,-5.4814e-08
259.87,-5.4714e-08
259.94,-5.4692e-08
260,-5.4632e-08
260.07,-5.4701e-08
260.14,-5.4707e-08
260.2,-5.4701e-08
260.26,-5.4581e-08
260.33,-5.4723e-08
260.38,-5.4732e-08
260.45,-5.4641e-08
260.5,-5.4625e-08
260.56,-5.4629e-08
260.63,-5.455e-08
260.69,-5.4637e-08
260.76,-5.4636e-08
260.83,-5.4698e-08
260.88,-5.4652e-08
260.95,-5.4706e-08
261.01,-5.4768e-08
261.07,-5.4662e-08
261.13,-5.4636e-08
261.2,-5.4673e-08
261.25,-5.47e-08
261.32,-5.4685e-08
261.38,-5.4774e-08
261.46,-5.4738e-08
261.52,-5.4642e-08
261.59,-5.4626e-08
261.64,-5.4674e-08
261.7,-5.4699e-08
261.76,-5.4674e-08
261.82,-5.4737e-08
261.88,-5.4625e-08
261.95,-5.4588e-08
262.01,-5.4584e-08
262.07,-5.4568e-08
262.14,-5.4536e-08
262.21,-5.4515e-08
262.27,-5.4504e-08
262.33,-5.453e-08
262.39,-5.4549e-08
262.45,-5.45e-08
262.52,-5.4598e-08
262.58,-5.459e-08
262.64,-5.4553e-08
262.7,-5.4621e-08
262.76,-5.4551e-08
262.84,-5.4535e-08
262.9,-5.4538e-08
262.97,-5.4556e-08
263.03,-5.4539e-08
263.09,-5.4516e-08
263.16,-5.458e-08
263.22,-5.4579e-08
263.28,-5.4539e-08
263.34,-5.4525e-08
263.4,-5.4617e-08
263.47,-5.4549e-08
263.54,-5.4606e-08
263.6,-5.4595e-08
263.66,-5.4563e-08
263.73,-5.4621e-08
263.79,-5.4603e-08
263.85,-5.461e-08
263.91,-5.4582e-08
263.97,-5.462e-08
264.04,-5.4605e-08
264.1,-5.4575e-08
264.16,-5.4568e-08
264.23,-5.4576e-08
264.3,-5.4659e-08
264.35,-5.4616e-08
264.41,-5.4612e-08
264.47,-5.4569e-08
264.54,-5.4604e-08
264.6,-5.4535e-08
264.66,-5.4502e-08
264.72,-5.4527e-08
264.79,-5.4542e-08
264.85,-5.4513e-08
264.93,-5.4508e-08
264.99,-5.4574e-08
265.05,-5.4557e-08
265.11,-5.4603e-08
265.17,-5.4538e-08
265.23,-5.4555e-08
265.29,-5.4594e-08
265.36,-5.4597e-08
265.42,-5.4565e-08
265.49,-5.4487e-08
265.55,-5.4498e-08
265.62,-5.4424e-08
265.69,-5.4443e-08
265.75,-5.4384e-08
265.81,-5.4514e-08
265.88,-5.4553e-08
265.93,-5.4445e-08
266,-5.4493e-08
266.06,-5.4387e-08
266.12,-5.439e-08
266.18,-5.4341e-08
266.24,-5.4399e-08
266.31,-5.4406e-08
266.38,-5.4362e-08
266.44,-5.4433e-08
266.5,-5.4353e-08
266.57,-5.4325e-08
266.62,-5.4333e-08
266.69,-5.4291e-08
266.75,-5.4355e-08
266.82,-5.4357e-08
266.87,-5.4378e-08
266.94,-5.4431e-08
267.01,-5.4305e-08
267.07,-5.4344e-08
267.14,-5.4271e-08
267.2,-5.424e-08
267.25,-5.4315e-08
267.32,-5.4374e-08
267.38,-5.441e-08
267.44,-5.4268e-08
267.49,-5.4278e-08
267.56,-5.4213e-08
267.61,-5.4327e-08
267.69,-5.43e-08
267.75,-5.4346e-08
267.81,-5.4274e-08
267.87,-5.4229e-08
267.93,-5.4257e-08
267.99,-5.4208e-08
268.04,-5.4292e-08
268.11,-5.4294e-08
268.17,-5.4296e-08
268.23,-5.4273e-08
268.29,-5.4306e-08
268.37,-5.4241e-08
268.43,-5.4316e-08
268.49,-5.4328e-08
268.55,-5.4379e-08
268.61,-5.439e-08
268.67,-5.4304e-08
268.73,-5.4254e-08
268.8,-5.4288e-08
268.85,-5.4336e-08
268.91,-5.4317e-08
268.97,-5.4371e-08
269.04,-5.4352e-08
269.11,-5.4364e-08
269.17,-5.4218e-08
269.23,-5.4238e-08
269.3,-5.4287e-08
269.35,-5.43e-08
269.42,-5.4312e-08
269.48,-5.4265e-08
269.54,-5.4246e-08
269.6,-5.4297e-08
269.67,-5.4262e-08
269.74,-5.4272e-08
269.8,-5.4261e-08
269.87,-5.426e-08
269.93,-5.4294e-08
269.99,-5.4287e-08
270.05,-5.4287e-08
270.12,-5.4235e-08
270.17,-5.4293e-08
270.24,-5.4168e-08
270.3,-5.4233e-08
270.36,-5.4179e-08
270.43,-5.4151e-08
270.49,-5.4186e-08
270.56,-5.4255e-08
270.62,-5.4256e-08
270.68,-5.4254e-08
270.74,-5.4204e-08
270.8,-5.4231e-08
270.87,-5.4306e-08
270.93,-5.4302e-08
270.99,-5.4263e-08
271.05,-5.4192e-08
271.13,-5.4076e-08
271.19,-5.4168e-08
271.25,-5.4142e-08
271.32,-5.4172e-08
271.38,-5.4237e-08
271.44,-5.4218e-08
271.5,-5.418e-08
271.56,-5.4185e-08
271.62,-5.4156e-08
271.69,-5.4182e-08
271.75,-5.4139e-08
271.83,-5.4162e-08
271.9,-5.4191e-08
271.96,-5.4255e-08
272.02,-5.4155e-08
272.08,-5.4159e-08
272.14,-5.4183e-08
272.2,-5.4138e-08
272.26,-5.4187e-08
272.32,-5.4093e-08
272.38,-5.4145e-08
272.45,-5.415e-08
272.52,-5.4063e-08
272.59,-5.4045e-08
272.65,-5.4086e-08
272.71,-5.4128e-08
272.78,-5.4034e-08
272.84,-5.406e-08
272.9,-5.4044e-08
272.97,-5.4155e-08
273.02,-5.42e-08
273.09,-5.4161e-08
273.15,-5.4169e-08
273.22,-5.4128e-08
273.28,-5.4157e-08
273.35,-5.4104e-08
273.41,-5.4149e-08
273.47,-5.4041e-08
273.54,-5.4032e-08
273.59,-5.4081e-08
273.66,-5.4096e-08
273.72,-5.4111e-08
273.79,-5.4193e-08
273.84,-5.409e-08
273.92,-5.3994e-08
273.98,-5.402e-08
274.04,-5.4051e-08
274.09,-5.4062e-08
274.15,-5.4055e-08
274.21,-5.4083e-08
274.27,-5.4056e-08
274.33,-5.412e-08
274.4,-5.4129e-08
274.46,-5.4125e-08
274.52,-5.4111e-08
274.59,-5.4084e-08
274.66,-5.4209e-08
274.72,-5.4144e-08
274.79,-5.4076e-08
274.84,-5.4103e-08
274.91,-5.4107e-08
274.97,-5.4115e-08
275.03,-5.4119e-08
275.1,-5.4139e-08
275.15,-5.4149e-08
275.22,-5.4101e-08
275.29,-5.4093e-08
275.36,-5.4185e-08
275.41,-5.4099e-08
275.48,-5.4164e-08
275.54,-5.4118e-08
275.6,-5.4074e-08
275.67,-5.4052e-08
275.72,-5.4041e-08
275.79,-5.4003e-08
275.85,-5.399e-08
275.91,-5.4047e-08
275.98,-5.4012e-08
276.05,-5.4016e-08
276.1,-5.4037e-08
276.17,-5.3934e-08
276.23,-5.3946e-08
276.29,-5.392e-08
276.35,-5.3907e-08
276.41,-5.3922e-08
276.47,-5.4035e-08
276.54,-5.3964e-08
276.6,-5.3916e-08
276.67,-5.3929e-08
276.74,-5.3927e-08
276.8,-5.3975e-08
276.86,-5.399e-08
276.92,-5.3909e-08
276.98,-5.3906e-08
277.05,-5.3919e-08
277.11,-5.3857e-08
277.17,-5.3888e-08
277.23,-5.391e-08
277.3,-5.3863e-08
277.37,-5.3882e-08
277.43,-5.3963e-08
277.5,-5.3917e-08
277.56,-5.3859e-08
277.62,-5.3941e-08
277.68,-5.391e-08
277.74,-5.3897e-08
277.81,-5.3862e-08
277.87,-5.3914e-08
277.93,-5.3841e-08
277.99,-5.3986e-08
278.07,-5.3897e-08
278.13,-5.3957e-08
278.19,-5.3879e-08
278.25,-5.3902e-08
278.31,-5.3992e-08
278.37,-5.3933e-08
278.44,-5.3894e-08
278.49,-5.3934e-08
278.56,-5.393e-08
278.62,-5.3917e-08
278.68,-5.3939e-08
278.75,-5.3833e-08
278.82,-5.3806e-08
278.87,-5.3865e-08
278.94,-5.3798e-08
278.99,-5.3755e-08
279.06,-5.3766e-08
279.12,-5.379e-08
279.18,-5.3847e-08
279.24,-5.3809e-08
279.3,-5.3886e-08
279.37,-5.3894e-08
279.45,-5.3795e-08
279.51,-5.382e-08
279.57,-5.3921e-08
279.63,-5.3817e-08
279.69,-5.3772e-08
279.76,-5.3796e-08
279.82,-5.379e-08
279.88,-5.3818e-08
279.94,-5.369e-08
280,-5.381e-08
280.07,-5.3811e-08
280.14,-5.3817e-08
280.21,-5.3912e-08
280.27,-5.3896e-08
280.33,-5.3784e-08
280.4,-5.3906e-08
280.45,-5.3873e-08
280.52,-5.3868e-08
280.58,-5.3949e-08
280.65,-5.3879e-08
280.7,-5.3921e-08
280.77,-5.3865e-08
280.84,-5.3788e-08
280.9,-5.3849e-08
280.96,-5.3844e-08
281.02,-5.3832e-08
281.09,-5.3845e-08
281.15,-5.3825e-08
281.21,-5.3785e-08
281.28,-5.3778e-08
281.34,-5.3854e-08
281.4,-5.3846e-08
281.46,-5.3892e-08
281.53,-5.3797e-08
281.59,-5.3723e-08
281.66,-5.3844e-08
281.72,-5.3795e-08
281.78,-5.3823e-08
281.85,-5.3863e-08
281.91,-5.3847e-08
281.97,-5.3737e-08
282.03,-5.382e-08
282.09,-5.3842e-08
282.15,-5.372e-08
282.23,-5.3743e-08
282.29,-5.3716e-08
282.35,-5.3752e-08
282.4,-5.3791e-08
282.47,-5.3814e-08
282.53,-5.3671e-08
282.6,-5.3744e-08
282.65,-5.3662e-08
282.72,-5.3667e-08
282.78,-5.3645e-08
282.84,-5.3657e-08
282.92,-5.3784e-08
282.98,-5.3718e-08
283.04,-5.3757e-08
283.11,-5.3797e-08
283.17,-5.3661e-08
283.23,-5.3709e-08
283.29,-5.3649e-08
283.36,-5.3723e-08
283.42,-5.364e-08
283.48,-5.3647e-08
283.54,-5.3673e-08
283.62,-5.3675e-08
283.68,-5.3667e-08
283.74,-5.3641e-08
283.8,-5.3598e-08
283.86,-5.3677e-08
283.93,-5.3658e-08
283.99,-5.3621e-08
284.05,-5.365e-08
284.12,-5.355e-08
284.18,-5.3622e-08
284.24,-5.362e-08
284.31,-5.3652e-08
284.38,-5.3663e-08
284.44,-5.3624e-08
284.5,-5.3599e-08
284.57,-5.3639e-08
284.63,-5.3696e-08
284.69,-5.3716e-08
284.75,-5.3762e-08
284.81,-5.3714e-08
284.87,-5.3709e-08
284.93,-5.3712e-08
285.01,-5.3596e-08
285.07,-5.3606e-08
285.14,-5.3618e-08
285.2,-5.3535e-08
285.26,-5.3547e-08
285.32,-5.3603e-08
285.38,-5.3553e-08
285.45,-5.3556e-08
285.51,-5.3628e-08
285.57,-5.3607e-08
285.63,-5.3585e-08
285.71,-5.3455e-08
285.78,-5.3472e-08
285.84,-5.3471e-08
285.9,-5.3505e-08
285.96,-5.3524e-08
286.02,-5.3567e-08
286.08,-5.3531e-08
286.14,-5.354e-08
286.21,-5.3564e-08
286.27,-5.3487e-08
286.33,-5.3564e-08
286.4,-5.3533e-08
286.47,-5.3443e-08
286.53,-5.3493e-08
286.59,-5.3367e-08
286.65,-5.3472e-08
286.71,-5.3408e-08
286.78,-5.346e-08
286.84,-5.3398e-08
286.9,-5.3436e-08
286.96,-5.3522e-08
287.02,-5.3526e-08
287.1,-5.3464e-08
287.16,-5.3434e-08
287.23,-5.3466e-08
287.29,-5.3409e-08
287.35,-5.3383e-08
287.42,-5.3441e-08
287.48,-5.3406e-08
287.54,-5.3363e-08
287.6,-5.3391e-08
287.67,-5.3452e-08
287.73,-5.3488e-08
287.8,-5.3489e-08
287.86,-5.348e-08
287.92,-5.3319e-08
287.99,-5.3309e-08
288.05,-5.3327e-08
288.11,-5.3252e-08
288.17,-5.333e-08
288.23,-5.3327e-08
288.3,-5.3308e-08
288.35,-5.3294e-08
288.42,-5.3323e-08
288.49,-5.3316e-08
288.56,-5.334e-08
288.61,-5.329e-08
288.67,-5.3362e-08
288.74,-5.3262e-08
288.8,-5.3272e-08
288.86,-5.3317e-08
288.92,-5.3209e-08
288.98,-5.3272e-08
289.05,-5.3246e-08
289.11,-5.3334e-08
289.18,-5.3257e-08
289.25,-5.3251e-08
289.31,-5.3259e-08
289.38,-5.3248e-08
289.44,-5.327e-08
289.5,-5.3299e-08
289.56,-5.3226e-08
289.62,-5.3176e-08
289.69,-5.3234e-08
289.74,-5.3205e-08
289.81,-5.3263e-08
289.88,-5.3234e-08
289.94,-5.3219e-08
290,-5.3168e-08
290.07,-5.3115e-08
290.12,-5.3209e-08
290.18,-5.3238e-08
290.24,-5.323e-08
290.29,-5.3242e-08
290.36,-5.3202e-08
290.42,-5.3181e-08
290.49,-5.3224e-08
290.55,-5.3189e-08
290.62,-5.3189e-08
290.68,-5.3222e-08
290.74,-5.3206e-08
290.81,-5.3137e-08
290.87,-5.3174e-08
290.93,-5.3222e-08
290.99,-5.3098e-08
291.06,-5.3139e-08
291.12,-5.3156e-08
291.18,-5.3093e-08
291.26,-5.3233e-08
291.32,-5.3261e-08
291.38,-5.3144e-08
291.45,-5.3164e-08
291.51,-5.3192e-08
291.57,-5.3273e-08
291.63,-5.3199e-08
291.69,-5.3199e-08
291.76,-5.3149e-08
291.82,-5.3104e-08
291.88,-5.3168e-08
291.95,-5.3208e-08
292.02,-5.3134e-08
292.07,-5.3119e-08
292.14,-5.3015e-08
292.2,-5.3084e-08
292.26,-5.3118e-08
292.33,-5.319e-08
292.39,-5.3151e-08
292.45,-5.3228e-08
292.51,-5.312e-08
292.58,-5.3107e-08
292.64,-5.308e-08
292.71,-5.319e-08
292.77,-5.3142e-08
292.83,-5.3158e-08
292.89,-5.3123e-08
292.95,-5.3183e-08
293.01,-5.3206e-08
293.07,-5.3132e-08
293.13,-5.3119e-08
293.2,-5.306e-08
293.25,-5.3165e-08
293.33,-5.3129e-08
293.39,-5.3061e-08
293.46,-5.3133e-08
293.51,-5.3205e-08
293.58,-5.3128e-08
293.64,-5.3012e-08
293.71,-5.3031e-08
293.76,-5.2962e-08
293.83,-5.3056e-08
293.89,-5.3035e-08
293.95,-5.3025e-08
294.03,-5.3055e-08
294.09,-5.2938e-08
294.16,-5.2958e-08
294.22,-5.2962e-08
294.28,-5.3065e-08
294.34,-5.3057e-08
294.4,-5.307e-08
294.47,-5.3156e-08
294.53,-5.3102e-08
294.59,-5.2974e-08
294.65,-5.2983e-08
294.73,-5.3061e-08
294.79,-5.2981e-08
294.85,-5.3021e-08
294.91,-5.2989e-08
294.97,-5.3011e-08
295.04,-5.3085e-08
295.1,-5.3106e-08
295.17,-5.3068e-08
295.22,-5.3058e-08
295.29,-5.3062e-08
295.35,-5.3058e-08
295.42,-5.3081e-08
295.48,-5.3092e-08
295.54,-5.3036e-08
295.59,-5.3075e-08
295.66,-5.3095e-08
295.72,-5.3065e-08
295.79,-5.3135e-08
295.84,-5.3145e-08
295.91,-5.3037e-08
295.97,-5.3034e-08
296.03,-5.2966e-08
296.11,-5.3027e-08
296.17,-5.3034e-08
296.23,-5.3016e-08
296.3,-5.2995e-08
296.36,-5.2962e-08
296.42,-5.3028e-08
296.48,-5.2972e-08
296.54,-5.2945e-08
296.61,-5.2938e-08
296.67,-5.2986e-08
296.73,-5.2965e-08
296.8,-5.2948e-08
296.87,-5.2876e-08
296.92,-5.2948e-08
296.99,-5.2931e-08
297.04,-5.2914e-08
297.1,-5.2975e-08
297.16,-5.3053e-08
297.21,-5.2948e-08
297.28,-5.2927e-08
297.34,-5.2982e-08
297.41,-5.2946e-08
297.48,-5.2866e-08
297.54,-5.2865e-08
297.6,-5.285e-08
297.66,-5.2916e-08
297.72,-5.2937e-08
297.78,-5.2939e-08
297.85,-5.2872e-08
297.91,-5.2928e-08
297.97,-5.298e-08
298.03,-5.2993e-08
298.1,-5.2976e-08
298.18,-5.294e-08
298.24,-5.3001e-08
298.31,-5.2969e-08
298.36,-5.3016e-08
298.43,-5.2958e-08
298.49,-5.2981e-08
298.55,-5.293e-08
298.62,-5.296e-08
298.68,-5.2923e-08
298.74,-5.2893e-08
298.8,-5.2818e-08
298.88,-5.2883e-08
298.94,-5.2931e-08
299,-5.288e-08
299.06,-5.292e-08
299.12,-5.2929e-08
299.19,-5.294e-08
299.25,-5.296e-08
299.31,-5.2896e-08
299.37,-5.292e-08
299.43,-5.2883e-08
299.5,-5.2962e-08
299.57,-5.2936e-08
299.63,-5.2928e-08
299.69,-5.2919e-08
299.76,-5.2976e-08
299.82,-5.2903e-08
299.88,-5.3014e-08
299.94,-5.2914e-08
300,-5.2876e-08
300.06,-5.2918e-08
300.13,-5.295e-08
300.19,-5.2981e-08
300.26,-5.2927e-08
300.32,-5.2901e-08
300.38,-5.2955e-08
300.45,-5.2967e-08
300.51,-5.2893e-08
300.57,-5.2875e-08
300.63,-5.2884e-08
300.69,-5.2913e-08
300.75,-5.2887e-08
300.81,-5.2834e-08
300.87,-5.2835e-08
300.94,-5.2827e-08
301.01,-5.2844e-08
301.07,-5.2853e-08
301.13,-5.276e-08
301.19,-5.2761e-08
301.25,-5.2923e-08
301.31,-5.2853e-08
301.37,-5.2843e-08
301.43,-5.2847e-08
301.49,-5.2934e-08
301.56,-5.2902e-08
301.62,-5.2846e-08
301.69,-5.2937e-08
301.75,-5.2847e-08
301.82,-5.2889e-08
301.88,-5.288e-08
301.94,-5.2827e-08
302,-5.2915e-08
302.06,-5.2883e-08
302.11,-5.2782e-08
302.18,-5.2791e-08
302.23,-5.2929e-08
302.31,-5.2858e-08
302.37,-5.2863e-08
302.44,-5.2719e-08
302.49,-5.2766e-08
302.55,-5.2746e-08
302.61,-5.2792e-08
302.67,-5.2798e-08
302.73,-5.2706e-08
302.79,-5.2764e-08
302.85,-5.2865e-08
302.91,-5.286e-08
302.98,-5.2799e-08
303.04,-5.2844e-08
303.11,-5.2732e-08
303.17,-5.2787e-08
303.23,-5.2779e-08
303.29,-5.2846e-08
303.35,-5.2827e-08
303.41,-5.2847e-08
303.48,-5.2829e-08
303.53,-5.2816e-08
303.59,-5.2846e-08
303.67,-5.2825e-08
303.73,-5.2733e-08
303.78,-5.258e-08
303.84,-5.2636e-08
303.91,-5.2649e-08
303.97,-5.2711e-08
304.03,-5.2781e-08
304.09,-5.2582e-08
304.15,-5.2661e-08
304.22,-5.2619e-08
304.28,-5.2729e-08
304.35,-5.2801e-08
304.41,-5.2825e-08
304.47,-5.2833e-08
304.54,-5.2789e-08
304.6,-5.2781e-08
304.66,-5.2801e-08
304.72,-5.2755e-08
304.79,-5.2791e-08
304.85,-5.2754e-08
304.91,-5.2771e-08
304.97,-5.2772e-08
305.05,-5.267e-08
305.11,-5.279e-08
305.17,-5.2703e-08
305.22,-5.2743e-08
305.29,-5.2782e-08
305.35,-5.2687e-08
305.41,-5.2618e-08
305.48,-5.2708e-08
305.54,-5.2747e-08
305.6,-5.2667e-08
305.66,-5.2701e-08
305.74,-5.2806e-08
305.8,-5.2788e-08
305.86,-5.2656e-08
305.91,-5.2712e-08
305.98,-5.2615e-08
306.04,-5.2722e-08
306.1,-5.2811e-08
306.16,-5.2653e-08
306.22,-5.2642e-08
306.29,-5.2684e-08
306.35,-5.2701e-08
306.42,-5.2615e-08
306.49,-5.2634e-08
306.55,-5.2615e-08
306.62,-5.2556e-08
306.68,-5.2695e-08
306.74,-5.2581e-08
306.8,-5.2703e-08
306.86,-5.2747e-08
306.93,-5.2683e-08
306.98,-5.2574e-08
307.05,-5.2709e-08
307.12,-5.2716e-08
307.19,-5.2661e-08
307.24,-5.2653e-08
307.31,-5.2617e-08
307.36,-5.2664e-08
307.43,-5.2692e-08
307.49,-5.2621e-08
307.55,-5.2548e-08
307.61,-5.272e-08
307.67,-5.2632e-08
307.73,-5.2626e-08
307.81,-5.2654e-08
307.87,-5.2627e-08
307.93,-5.2605e-08
307.99,-5.2667e-08
308.05,-5.2673e-08
308.11,-5.2682e-08
308.17,-5.2651e-08
308.24,-5.2623e-08
308.29,-5.2527e-08
308.36,-5.2614e-08
308.42,-5.2636e-08
308.5,-5.2541e-08
308.56,-5.2563e-08
308.62,-5.2521e-08
308.68,-5.2577e-08
308.75,-5.2549e-08
308.81,-5.2546e-08
308.87,-5.259e-08
308.93,-5.2535e-08
308.99,-5.2587e-08
309.06,-5.2594e-08
309.12,-5.2546e-08
309.2,-5.2595e-08
309.26,-5.2494e-08
309.32,-5.2361e-08
309.39,-5.2373e-08
309.45,-5.2503e-08
309.51,-5.2507e-08
309.57,-5.2373e-08
309.63,-5.2448e-08
309.7,-5.252e-08
309.75,-5.2505e-08
309.82,-5.2547e-08
309.89,-5.2453e-08
309.96,-5.2538e-08
310.01,-5.2484e-08
310.08,-5.2504e-08
310.13,-5.2535e-08
310.2,-5.2611e-08
310.26,-5.2523e-08
310.32,-5.2464e-08
310.38,-5.2583e-08
310.45,-5.2556e-08
310.51,-5.2409e-08
310.58,-5.2504e-08
310.64,-5.2427e-08
310.7,-5.2411e-08
310.76,-5.2443e-08
310.82,-5.2428e-08
310.88,-5.2433e-08
310.95,-5.2415e-08
311.01,-5.2429e-08
311.07,-5.2533e-08
311.13,-5.2456e-08
311.19,-5.2429e-08
311.27,-5.2425e-08
311.33,-5.2383e-08
311.39,-5.2448e-08
311.45,-5.249e-08
311.51,-5.2502e-08
311.56,-5.255e-08
311.63,-5.2489e-08
311.69,-5.2526e-08
311.75,-5.2429e-08
311.82,-5.2561e-08
311.88,-5.2495e-08
311.95,-5.246e-08
312.01,-5.2459e-08
312.08,-5.2456e-08
312.14,-5.2423e-08
312.2,-5.2419e-08
312.26,-5.2473e-08
312.33,-5.2451e-08
312.39,-5.2353e-08
312.45,-5.2478e-08
312.51,-5.252e-08
312.57,-5.2424e-08
312.64,-5.2364e-08
312.71,-5.2381e-08
312.77,-5.2306e-08
312.83,-5.2331e-08
312.89,-5.2397e-08
312.95,-5.2337e-08
313.01,-5.2342e-08
313.07,-5.2325e-08
313.14,-5.2353e-08
313.2,-5.2352e-08
313.26,-5.235e-08
313.33,-5.2393e-08
313.39,-5.2247e-08
313.45,-5.239e-08
313.51,-5.2341e-08
313.57,-5.2411e-08
313.64,-5.2314e-08
313.7,-5.2375e-08
313.76,-5.2336e-08
313.82,-5.2481e-08
313.88,-5.2484e-08
313.95,-5.2399e-08
314.02,-5.2393e-08
314.08,-5.229e-08
314.15,-5.2304e-08
314.21,-5.2282e-08
314.27,-5.2353e-08
314.33,-5.247e-08
314.39,-5.234e-08
314.46,-5.2448e-08
314.52,-5.2469e-08
314.58,-5.2376e-08
314.64,-5.2463e-08
314.72,-5.2381e-08
314.78,-5.238e-08
314.84,-5.2364e-08
314.9,-5.2341e-08
314.96,-5.2381e-08
315.02,-5.2402e-08
315.07,-5.2395e-08
315.14,-5.2378e-08
315.2,-5.2381e-08
315.26,-5.2443e-08
315.32,-5.2458e-08
315.4,-5.2436e-08
315.46,-5.2312e-08
315.52,-5.2319e-08
315.59,-5.2361e-08
315.64,-5.2431e-08
315.7,-5.2426e-08
315.76,-5.2362e-08
315.83,-5.2322e-08
315.88,-5.2328e-08
315.95,-5.227e-08
316.01,-5.2227e-08
316.09,-5.2247e-08
316.16,-5.2228e-08
316.22,-5.2324e-08
316.28,-5.2285e-08
316.34,-5.2271e-08
316.4,-5.2375e-08
316.46,-5.2364e-08
316.52,-5.2344e-08
316.59,-5.2352e-08
316.65,-5.2276e-08
316.71,-5.246e-08
316.79,-5.2359e-08
316.85,-5.2317e-08
316.92,-5.2255e-08
316.98,-5.2314e-08
317.04,-5.229e-08
317.1,-5.2326e-08
317.16,-5.2348e-08
317.23,-5.2397e-08
317.29,-5.2315e-08
317.35,-5.2343e-08
317.41,-5.2286e-08
317.49,-5.2247e-08
317.55,-5.2214e-08
317.61,-5.2361e-08
317.67,-5.2256e-08
317.73,-5.2267e-08
317.79,-5.2241e-08
317.85,-5.2262e-08
317.91,-5.2256e-08
317.97,-5.2256e-08
318.04,-5.2267e-08
318.1,-5.2247e-08
318.17,-5.2287e-08
318.23,-5.2227e-08
318.29,-5.227e-08
318.35,-5.2286e-08
318.42,-5.2224e-08
318.48,-5.2121e-08
318.54,-5.2083e-08
318.61,-5.2082e-08
318.66,-5.2074e-08
318.73,-5.2152e-08
318.79,-5.2143e-08
318.87,-5.2258e-08
318.93,-5.2143e-08
318.99,-5.2111e-08
319.05,-5.2081e-08
319.11,-5.2164e-08
319.18,-5.2113e-08
319.23,-5.2171e-08
319.3,-5.1982e-08
319.36,-5.2042e-08
319.43,-5.1958e-08
319.49,-5.2086e-08
319.56,-5.2218e-08
319.63,-5.2061e-08
319.69,-5.2078e-08
319.75,-5.2166e-08
319.82,-5.2097e-08
319.88,-5.2152e-08
319.94,-5.214e-08
320,-5.2061e-08
320.07,-5.2088e-08
320.12,-5.2142e-08
320.19,-5.208e-08
320.26,-5.2097e-08
320.33,-5.2046e-08
320.38,-5.207e-08
320.45,-5.2082e-08
320.5,-5.2018e-08
320.56,-5.2098e-08
320.62,-5.2109e-08
320.68,-5.2123e-08
320.74,-5.2116e-08
320.81,-5.2086e-08
320.87,-5.2069e-08
320.94,-5.2095e-08
321,-5.2117e-08
321.06,-5.2072e-08
321.12,-5.2077e-08
321.18,-5.2145e-08
321.24,-5.2143e-08
321.31,-5.206e-08
321.37,-5.2164e-08
321.43,-5.2128e-08
321.49,-5.2104e-08
321.56,-5.2153e-08
321.63,-5.1998e-08
321.69,-5.1953e-08
321.76,-5.2028e-08
321.82,-5.2112e-08
321.88,-5.2048e-08
321.94,-5.2089e-08
322,-5.2093e-08
322.07,-5.2126e-08
322.13,-5.2055e-08
322.19,-5.2061e-08
322.25,-5.2029e-08
322.33,-5.2118e-08
322.39,-5.1984e-08
322.45,-5.2084e-08
322.52,-5.2078e-08
322.58,-5.2173e-08
322.64,-5.2122e-08
322.69,-5.2049e-08
322.75,-5.1962e-08
322.81,-5.192e-08
322.88,-5.1992e-08
322.94,-5.1982e-08
323.01,-5.1948e-08
323.08,-5.1988e-08
323.14,-5.2036e-08
323.2,-5.1926e-08
323.27,-5.1959e-08
323.32,-5.196e-08
323.39,-5.1996e-08
323.45,-5.1935e-08
323.51,-5.1899e-08
323.57,-5.1939e-08
323.63,-5.1875e-08
323.71,-5.2025e-08
323.77,-5.2022e-08
323.84,-5.1939e-08
323.89,-5.1986e-08
323.95,-5.203e-08
324.01,-5.1898e-08
324.07,-5.1982e-08
324.13,-5.1945e-08
324.2,-5.1923e-08
324.26,-5.191e-08
324.32,-5.1965e-08
324.39,-5.194e-08
324.45,-5.1994e-08
324.51,-5.197e-08
324.57,-5.2043e-08
324.63,-5.2032e-08
324.69,-5.2005e-08
324.75,-5.1971e-08
324.81,-5.1934e-08
324.88,-5.1872e-08
324.94,-5.1973e-08
325,-5.2061e-08
325.07,-5.2168e-08
325.13,-5.2028e-08
325.2,-5.213e-08
325.26,-5.2038e-08
325.32,-5.2035e-08
325.39,-5.2076e-08
325.45,-5.2053e-08
325.51,-5.2155e-08
325.57,-5.2084e-08
325.63,-5.2074e-08
325.69,-5.2097e-08
325.77,-5.2041e-08
325.83,-5.2024e-08
325.89,-5.1975e-08
325.96,-5.1988e-08
326.01,-5.2044e-08
326.07,-5.1897e-08
326.13,-5.2e-08
326.2,-5.2013e-08
326.26,-5.1993e-08
326.32,-5.1977e-08
326.38,-5.1953e-08
326.45,-5.2101e-08
326.52,-5.202e-08
326.58,-5.1969e-08
326.64,-5.1956e-08
326.71,-5.2042e-08
326.76,-5.2011e-08
326.83,-5.1971e-08
326.89,-5.1899e-08
326.96,-5.1919e-08
327.01,-5.197e-08
327.08,-5.1923e-08
327.15,-5.1941e-08
327.21,-5.2023e-08
327.28,-5.2063e-08
327.34,-5.196e-08
327.4,-5.197e-08
327.46,-5.1878e-08
327.52,-5.1911e-08
327.58,-5.1908e-08
327.65,-5.1894e-08
327.71,-5.1882e-08
327.77,-5.1906e-08
327.84,-5.1848e-08
327.9,-5.1878e-08
327.96,-5.1942e-08
328.02,-5.1908e-08
328.08,-5.1937e-08
328.15,-5.196e-08
328.21,-5.2076e-08
328.27,-5.2002e-08
328.33,-5.2002e-08
328.39,-5.1938e-08
328.46,-5.1851e-08
328.53,-5.1932e-08
328.59,-5.1924e-08
328.66,-5.1893e-08
328.72,-5.1932e-08
328.78,-5.1825e-08
328.84,-5.196e-08
328.9,-5.1922e-08
328.97,-5.1924e-08
329.03,-5.2055e-08
329.09,-5.1979e-08
329.15,-5.193e-08
329.23,-5.1889e-08
329.29,-5.1901e-08
329.35,-5.1889e-08
329.41,-5.179e-08
329.47,-5.1811e-08
329.53,-5.1858e-08
329.59,-5.1876e-08
329.65,-5.1846e-08
329.71,-5.1842e-08
329.78,-5.1866e-08
329.83,-5.1897e-08
329.91,-5.1897e-08
329.97,-5.1847e-08
330.04,-5.1909e-08
330.1,-5.1792e-08
330.16,-5.1734e-08
330.22,-5.1784e-08
330.28,-5.1791e-08
330.34,-5.1763e-08
330.4,-5.188e-08
330.46,-5.1849e-08
330.52,-5.1819e-08
330.6,-5.1857e-08
330.66,-5.1918e-08
330.73,-5.1908e-08
330.78,-5.177e-08
330.84,-5.1818e-08
330.9,-5.1842e-08
330.96,-5.1806e-08
331.02,-5.1806e-08
331.09,-5.1737e-08
331.15,-5.1747e-08
331.21,-5.1794e-08
331.28,-5.1767e-08
331.34,-5.1882e-08
331.41,-5.1904e-08
331.47,-5.192e-08
331.53,-5.1794e-08
331.59,-5.1868e-08
331.66,-5.1883e-08
331.72,-5.1895e-08
331.78,-5.1852e-08
331.85,-5.2001e-08
331.91,-5.1864e-08
331.99,-5.1893e-08
332.05,-5.1859e-08
332.11,-5.1721e-08
332.17,-5.1686e-08
332.23,-5.1713e-08
332.3,-5.1756e-08
332.36,-5.1701e-08
332.42,-5.1815e-08
332.48,-5.1773e-08
332.54,-5.1752e-08
332.6,-5.1721e-08
332.68,-5.1611e-08
332.74,-5.1698e-08
332.8,-5.1659e-08
332.86,-5.165e-08
332.92,-5.1642e-08
332.98,-5.1702e-08
333.05,-5.1749e-08
333.11,-5.1697e-08
333.17,-5.1773e-08
333.23,-5.1703e-08
333.29,-5.1731e-08
333.37,-5.173e-08
333.44,-5.1682e-08
333.5,-5.1757e-08
333.56,-5.1616e-08
333.62,-5.1684e-08
333.69,-5.1628e-08
333.74,-5.1712e-08
333.81,-5.1674e-08
333.86,-5.1664e-08
333.92,-5.1559e-08
333.98,-5.1687e-08
334.06,-5.1695e-08
334.12,-5.1737e-08
334.19,-5.1758e-08
334.25,-5.1628e-08
334.31,-5.1658e-08
334.37,-5.1629e-08
334.43,-5.1647e-08
334.5,-5.1597e-08
334.55,-5.1673e-08
334.62,-5.1663e-08
334.68,-5.1628e-08
334.75,-5.1773e-08
334.81,-5.1636e-08
334.88,-5.1675e-08
334.94,-5.16e-08
335,-5.1635e-08
335.07,-5.1624e-08
335.12,-5.1623e-08
335.18,-5.1621e-08
335.24,-5.1525e-08
335.31,-5.1687e-08
335.37,-5.1552e-08
335.44,-5.1596e-08
335.5,-5.1582e-08
335.57,-5.1559e-08
335.63,-5.1518e-08
335.69,-5.1568e-08
335.75,-5.1534e-08
335.81,-5.1561e-08
335.87,-5.1551e-08
335.94,-5.1641e-08
336,-5.1619e-08
336.07,-5.16e-08
336.14,-5.1622e-08
336.2,-5.1612e-08
336.26,-5.1623e-08
336.33,-5.1535e-08
336.38,-5.1484e-08
336.45,-5.1487e-08
336.51,-5.1542e-08
336.57,-5.1465e-08
336.64,-5.1482e-08
336.7,-5.1521e-08
336.76,-5.1533e-08
336.84,-5.1509e-08
336.9,-5.1588e-08
336.96,-5.1487e-08
337.03,-5.1536e-08
337.09,-5.1491e-08
337.16,-5.1461e-08
337.22,-5.1503e-08
337.28,-5.156e-08
337.34,-5.1466e-08
337.4,-5.1501e-08
337.47,-5.146e-08
337.54,-5.1405e-08
337.6,-5.1456e-08
337.65,-5.1479e-08
337.72,-5.1426e-08
337.78,-5.147e-08
337.84,-5.1439e-08
337.9,-5.1494e-08
337.96,-5.1349e-08
338.02,-5.1428e-08
338.08,-5.1403e-08
338.14,-5.141e-08
338.22,-5.1339e-08
338.29,-5.1294e-08
338.35,-5.1362e-08
338.41,-5.1426e-08
338.47,-5.1403e-08
338.54,-5.1453e-08
338.59,-5.1337e-08
338.66,-5.1368e-08
338.72,-5.1371e-08
338.78,-5.1325e-08
338.85,-5.1354e-08
338.92,-5.1402e-08
338.98,-5.139e-08
339.05,-5.1366e-08
339.11,-5.1371e-08
339.18,-5.137e-08
339.23,-5.1328e-08
339.3,-5.1339e-08
339.36,-5.1346e-08
339.42,-5.1298e-08
339.48,-5.1398e-08
339.54,-5.1351e-08
339.62,-5.1335e-08
339.68,-5.1263e-08
339.74,-5.1326e-08
339.8,-5.1299e-08
339.86,-5.1505e-08
339.92,-5.1436e-08
339.99,-5.1487e-08
340.04,-5.1429e-08
340.11,-5.1376e-08
340.17,-5.1362e-08
340.24,-5.1462e-08
340.3,-5.1452e-08
340.37,-5.1331e-08
340.43,-5.1349e-08
340.49,-5.1362e-08
340.56,-5.139e-08
340.62,-5.1375e-08
340.67,-5.1377e-08
340.74,-5.1427e-08
340.8,-5.1389e-08
340.86,-5.1291e-08
340.92,-5.1336e-08
341,-5.128e-08
341.06,-5.1312e-08
341.12,-5.1333e-08
341.18,-5.1336e-08
341.24,-5.1331e-08
341.29,-5.1353e-08
341.36,-5.132e-08
341.42,-5.1326e-08
341.48,-5.1421e-08
341.55,-5.1301e-08
341.6,-5.1334e-08
341.67,-5.1235e-08
341.74,-5.1196e-08
341.79,-5.1285e-08
341.86,-5.1248e-08
341.91,-5.1346e-08
341.98,-5.1258e-08
342.04,-5.1317e-08
342.1,-5.1227e-08
342.16,-5.122e-08
342.23,-5.1253e-08
342.28,-5.1411e-08
342.36,-5.1383e-08
342.42,-5.1316e-08
342.49,-5.1353e-08
342.55,-5.1368e-08
342.61,-5.141e-08
342.67,-5.1301e-08
342.73,-5.1337e-08
342.79,-5.1324e-08
342.85,-5.1352e-08
342.92,-5.1282e-08
342.97,-5.1236e-08
343.05,-5.1215e-08
343.11,-5.1261e-08
343.18,-5.1309e-08
343.23,-5.1405e-08
343.3,-5.1196e-08
343.36,-5.1248e-08
343.42,-5.1294e-08
343.48,-5.1318e-08
343.54,-5.1357e-08
343.6,-5.1359e-08
343.66,-5.1352e-08
343.73,-5.1373e-08
343.8,-5.1401e-08
343.86,-5.1268e-08
343.92,-5.1297e-08
343.98,-5.1302e-08
344.04,-5.1383e-08
344.11,-5.1328e-08
344.17,-5.1372e-08
344.24,-5.1268e-08
344.3,-5.1263e-08
344.36,-5.1247e-08
344.44,-5.1217e-08
344.5,-5.1277e-08
344.56,-5.1312e-08
344.63,-5.1317e-08
344.69,-5.1299e-08
344.75,-5.1359e-08
344.8,-5.1287e-08
344.87,-5.139e-08
344.93,-5.1209e-08
345,-5.1299e-08
345.05,-5.124e-08
345.13,-5.1214e-08
345.19,-5.1153e-08
345.25,-5.1159e-08
345.31,-5.1217e-08
345.37,-5.122e-08
345.43,-5.1169e-08
345.5,-5.1126e-08
345.56,-5.1221e-08
345.62,-5.1102e-08
345.68,-5.1102e-08
345.74,-5.11e-08
345.83,-5.1152e-08
345.89,-5.1038e-08
345.95,-5.1149e-08
346.01,-5.1113e-08
346.07,-5.1148e-08
346.13,-5.1109e-08
346.19,-5.1203e-08
346.26,-5.1203e-08
346.32,-5.1204e-08
346.38,-5.1139e-08
346.45,-5.1127e-08
346.52,-5.1224e-08
346.58,-5.1119e-08
346.64,-5.1161e-08
346.69,-5.1155e-08
346.76,-5.1196e-08
346.82,-5.1177e-08
346.88,-5.1131e-08
346.95,-5.1166e-08
347.01,-5.1121e-08
347.08,-5.1063e-08
347.14,-5.1014e-08
347.21,-5.0994e-08
347.27,-5.1062e-08
347.33,-5.1068e-08
347.4,-5.1032e-08
347.46,-5.1015e-08
347.53,-5.109e-08
347.58,-5.1085e-08
347.65,-5.1117e-08
347.71,-5.1194e-08
347.77,-5.1196e-08
347.83,-5.1256e-08
347.91,-5.1188e-08
347.97,-5.1208e-08
348.03,-5.1223e-08
348.1,-5.1232e-08
348.15,-5.1162e-08
348.21,-5.1125e-08
348.28,-5.1143e-08
348.34,-5.1159e-08
348.4,-5.1092e-08
348.45,-5.1109e-08
348.51,-5.1098e-08
348.59,-5.1116e-08
348.65,-5.1169e-08
348.71,-5.1169e-08
348.78,-5.1119e-08
348.84,-5.1157e-08
348.9,-5.1072e-08
348.96,-5.1032e-08
349.03,-5.0953e-08
349.09,-5.1002e-08
349.15,-5.1041e-08
349.21,-5.1071e-08
349.28,-5.1031e-08
349.35,-5.1006e-08
349.41,-5.1043e-08
349.47,-5.109e-08
349.54,-5.1056e-08
349.6,-5.1122e-08
349.65,-5.1093e-08
349.72,-5.107e-08
349.78,-5.1084e-08
349.84,-5.1147e-08
349.9,-5.1061e-08
349.97,-5.0987e-08
350.04,-5.104e-08
350.09,-5.107e-08
350.15,-5.1215e-08
350.22,-5.1171e-08
350.28,-5.1164e-08
350.34,-5.115e-08
350.4,-5.1074e-08
350.46,-5.1062e-08
350.53,-5.0966e-08
350.59,-5.1038e-08
350.66,-5.1053e-08
350.73,-5.1107e-08
350.79,-5.1086e-08
350.85,-5.1112e-08
350.92,-5.1162e-08
350.97,-5.1027e-08
351.04,-5.1025e-08
351.1,-5.1019e-08
351.17,-5.1025e-08
351.22,-5.0895e-08
351.29,-5.094e-08
351.36,-5.097e-08
351.42,-5.0912e-08
351.48,-5.0916e-08
351.55,-5.0969e-08
351.6,-5.101e-08
351.67,-5.0937e-08
351.73,-5.0975e-08
351.79,-5.0979e-08
351.85,-5.0989e-08
351.91,-5.1019e-08
351.98,-5.0916e-08
352.05,-5.0953e-08
352.11,-5.1004e-08
352.17,-5.1025e-08
352.24,-5.1026e-08
352.3,-5.0973e-08
352.36,-5.0937e-08
352.41,-5.0899e-08
352.48,-5.0852e-08
352.54,-5.0835e-08
352.6,-5.0872e-08
352.66,-5.089e-08
352.74,-5.0961e-08
352.8,-5.0942e-08
352.86,-5.0962e-08
352.92,-5.1006e-08
352.98,-5.0921e-08
353.04,-5.081e-08
353.1,-5.0983e-08
353.17,-5.0955e-08
353.22,-5.0942e-08
353.28,-5.0989e-08
353.35,-5.0905e-08
353.42,-5.0936e-08
353.49,-5.0982e-08
353.54,-5.0918e-08
353.61,-5.0897e-08
353.66,-5.0952e-08
353.73,-5.0921e-08
353.79,-5.0892e-08
353.85,-5.0919e-08
353.91,-5.0901e-08
353.98,-5.0868e-08
354.04,-5.1006e-08
354.11,-5.0973e-08
354.17,-5.0884e-08
354.23,-5.0871e-08
354.3,-5.0882e-08
354.36,-5.0921e-08
354.42,-5.0967e-08
354.47,-5.1016e-08
354.54,-5.0922e-08
354.6,-5.098e-08
354.66,-5.0921e-08
354.72,-5.0863e-08
354.8,-5.0986e-08
354.86,-5.0993e-08
354.92,-5.0959e-08
354.98,-5.0776e-08
355.04,-5.0827e-08
355.11,-5.0854e-08
355.17,-5.0903e-08
355.23,-5.0729e-08
355.29,-5.0806e-08
355.34,-5.0785e-08
355.41,-5.0832e-08
355.48,-5.081e-08
355.55,-5.0869e-08
355.6,-5.0876e-08
355.67,-5.0903e-08
355.72,-5.086e-08
355.79,-5.0886e-08
355.85,-5.0861e-08
355.91,-5.0858e-08
355.97,-5.092e-08
356.04,-5.0886e-08
356.1,-5.0853e-08
356.17,-5.0923e-08
356.23,-5.0801e-08
356.29,-5.0868e-08
356.36,-5.0885e-08
356.42,-5.0842e-08
356.48,-5.0832e-08
356.54,-5.095e-08
356.59,-5.087e-08
356.66,-5.0839e-08
356.72,-5.0788e-08
356.78,-5.079e-08
356.86,-5.081e-08
356.92,-5.078e-08
356.99,-5.0767e-08
357.04,-5.0736e-08
357.11,-5.081e-08
357.17,-5.0848e-08
357.23,-5.076e-08
357.29,-5.0855e-08
357.35,-5.0861e-08
357.42,-5.0851e-08
357.48,-5.0837e-08
357.56,-5.0735e-08
357.62,-5.0765e-08
357.68,-5.0782e-08
357.75,-5.076e-08
357.81,-5.0792e-08
357.87,-5.0828e-08
357.93,-5.0822e-08
358,-5.0776e-08
358.06,-5.0736e-08
358.12,-5.0728e-08
358.18,-5.0743e-08
358.25,-5.0779e-08
358.32,-5.0739e-08
358.38,-5.0767e-08
358.44,-5.0778e-08
358.5,-5.0722e-08
358.56,-5.076e-08
358.62,-5.0827e-08
358.68,-5.0752e-08
358.74,-5.0776e-08
358.81,-5.0672e-08
358.87,-5.069e-08
358.94,-5.0744e-08
359,-5.0739e-08
359.07,-5.0735e-08
359.13,-5.0731e-08
359.19,-5.0776e-08
359.26,-5.0756e-08
359.32,-5.0822e-08
359.39,-5.0837e-08
359.45,-5.0729e-08
359.51,-5.0684e-08
359.57,-5.0664e-08
359.65,-5.0688e-08
359.71,-5.0699e-08
359.77,-5.0703e-08
359.84,-5.0642e-08
359.89,-5.0664e-08
359.95,-5.0683e-08
360.01,-5.0682e-08
360.07,-5.0742e-08
360.13,-5.0804e-08
360.2,-5.0734e-08
360.26,-5.0796e-08
360.33,-5.0726e-08
360.39,-5.077e-08
360.46,-5.0736e-08
360.52,-5.0713e-08
360.58,-5.0742e-08
360.64,-5.075e-08
360.7,-5.0739e-08
360.77,-5.0564e-08
360.83,-5.0694e-08
360.89,-5.0653e-08
360.94,-5.0809e-08
361.02,-5.0684e-08
361.08,-5.066e-08
361.15,-5.0783e-08
361.21,-5.0711e-08
361.28,-5.0723e-08
361.34,-5.0723e-08
361.4,-5.072e-08
361.46,-5.0642e-08
361.52,-5.0716e-08
361.58,-5.0679e-08
361.64,-5.0673e-08
361.72,-5.0702e-08
361.78,-5.0703e-08
361.85,-5.0766e-08
361.91,-5.0691e-08
361.97,-5.0822e-08
362.04,-5.0721e-08
362.1,-5.065e-08
362.16,-5.067e-08
362.22,-5.0756e-08
362.29,-5.061e-08
362.34,-5.0535e-08
362.42,-5.0699e-08
362.48,-5.0609e-08
362.54,-5.0693e-08
362.6,-5.0729e-08
362.66,-5.0695e-08
362.73,-5.0676e-08
362.79,-5.064e-08
362.85,-5.0612e-08
362.91,-5.0717e-08
362.98,-5.0744e-08
363.04,-5.0807e-08
363.11,-5.076e-08
363.18,-5.0644e-08
363.24,-5.0692e-08
363.3,-5.0656e-08
363.37,-5.0644e-08
363.42,-5.0573e-08
363.49,-5.075e-08
363.55,-5.0648e-08
363.62,-5.0631e-08
363.67,-5.0609e-08
363.74,-5.0567e-08
363.81,-5.0593e-08
363.88,-5.0725e-08
363.94,-5.0618e-08
364,-5.0541e-08
364.07,-5.056e-08
364.12,-5.0675e-08
364.19,-5.0692e-08
364.25,-5.0622e-08
364.31,-5.0684e-08
364.37,-5.066e-08
364.43,-5.0788e-08
364.51,-5.0742e-08
364.57,-5.076e-08
364.64,-5.0611e-08
364.69,-5.071e-08
364.76,-5.0697e-08
364.82,-5.0794e-08
364.88,-5.0704e-08
364.94,-5.0552e-08
365,-5.0537e-08
365.07,-5.0656e-08
365.12,-5.0711e-08
365.2,-5.0541e-08
365.26,-5.0645e-08
365.32,-5.0652e-08
365.38,-5.0626e-08
365.44,-5.055e-08
365.5,-5.0632e-08
365.57,-5.051e-08
365.62,-5.0444e-08
365.69,-5.0407e-08
365.75,-5.0573e-08
365.82,-5.0654e-08
365.9,-5.0512e-08
365.96,-5.0564e-08
366.02,-5.0599e-08
366.08,-5.0487e-08
366.14,-5.0526e-08
366.21,-5.0503e-08
366.26,-5.0536e-08
366.33,-5.0479e-08
366.39,-5.0578e-08
366.46,-5.0511e-08
366.52,-5.0619e-08
366.6,-5.0506e-08
366.66,-5.0628e-08
366.72,-5.0599e-08
366.79,-5.0664e-08
366.85,-5.0674e-08
366.91,-5.0644e-08
366.97,-5.0653e-08
367.03,-5.0649e-08
367.1,-5.0621e-08
367.16,-5.0664e-08
367.22,-5.0538e-08
367.29,-5.0496e-08
367.36,-5.0443e-08
367.41,-5.0395e-08
367.48,-5.0498e-08
367.53,-5.0476e-08
367.6,-5.0504e-08
367.66,-5.0485e-08
367.72,-5.0447e-08
367.78,-5.0517e-08
367.85,-5.0473e-08
367.9,-5.0429e-08
367.98,-5.0454e-08
368.04,-5.0438e-08
368.1,-5.0465e-08
368.17,-5.0392e-08
368.23,-5.0465e-08
368.29,-5.0405e-08
368.35,-5.0479e-08
368.41,-5.0378e-08
368.47,-5.0413e-08
368.53,-5.0419e-08
368.6,-5.0359e-08
368.67,-5.0397e-08
368.73,-5.0489e-08
368.8,-5.0469e-08
368.85,-5.0327e-08
368.92,-5.0415e-08
368.98,-5.0348e-08
369.04,-5.0401e-08
369.1,-5.0424e-08
369.17,-5.0383e-08
369.23,-5.0352e-08
369.29,-5.0349e-08
369.37,-5.0477e-08
369.43,-5.039e-08
369.5,-5.0375e-08
369.56,-5.0268e-08
369.62,-5.0379e-08
369.68,-5.0361e-08
369.74,-5.0368e-08
369.81,-5.0359e-08
369.87,-5.04e-08
369.93,-5.044e-08
369.99,-5.048e-08
370.07,-5.0433e-08
370.13,-5.0505e-08
370.19,-5.0402e-08
370.25,-5.0439e-08
370.31,-5.0354e-08
370.37,-5.032e-08
370.43,-5.0358e-08
370.49,-5.0362e-08
370.56,-5.0285e-08
370.62,-5.0345e-08
370.68,-5.0363e-08
370.75,-5.035e-08
370.81,-5.0343e-08
370.88,-5.0393e-08
370.94,-5.0452e-08
371.01,-5.0443e-08
371.06,-5.0358e-08
371.13,-5.0321e-08
371.19,-5.0408e-08
371.25,-5.0284e-08
371.31,-5.0343e-08
371.37,-5.0317e-08
371.45,-5.0347e-08
371.51,-5.0323e-08
371.58,-5.0438e-08
371.64,-5.038e-08
371.7,-5.0441e-08
371.75,-5.0397e-08
371.82,-5.0441e-08
371.88,-5.0336e-08
371.94,-5.0372e-08
372.01,-5.0382e-08
372.07,-5.0392e-08
372.15,-5.0334e-08
372.21,-5.034e-08
372.27,-5.0364e-08
372.33,-5.0343e-08
372.39,-5.0355e-08
372.45,-5.0465e-08
372.51,-5.0364e-08
372.58,-5.0343e-08
372.63,-5.0329e-08
372.69,-5.0276e-08
372.75,-5.0326e-08
372.82,-5.0321e-08
372.89,-5.0419e-08
372.95,-5.0459e-08
373.01,-5.0395e-08
373.08,-5.0338e-08
373.14,-5.0346e-08
373.2,-5.0458e-08
373.26,-5.0394e-08
373.33,-5.0351e-08
373.38,-5.0316e-08
373.45,-5.0433e-08
373.52,-5.0374e-08
373.58,-5.0317e-08
373.64,-5.0435e-08
373.7,-5.0437e-08
373.76,-5.0396e-08
373.81,-5.0442e-08
373.88,-5.0398e-08
373.94,-5.0338e-08
374,-5.0285e-08
374.07,-5.028e-08
374.13,-5.0262e-08
374.21,-5.0219e-08
374.27,-5.0241e-08
374.33,-5.0279e-08
374.4,-5.0313e-08
374.46,-5.0305e-08
374.52,-5.0329e-08
374.58,-5.03e-08
374.64,-5.0256e-08
374.71,-5.0276e-08
374.77,-5.0239e-08
374.83,-5.0313e-08
374.9,-5.0253e-08
374.97,-5.0355e-08
375.02,-5.0319e-08
375.09,-5.037e-08
375.14,-5.0349e-08
375.2,-5.0327e-08
375.26,-5.0316e-08
375.32,-5.0299e-08
375.38,-5.0298e-08
375.44,-5.0289e-08
375.51,-5.0252e-08
375.58,-5.0306e-08
375.65,-5.037e-08
375.71,-5.0314e-08
375.77,-5.0278e-08
375.83,-5.0392e-08
375.89,-5.0299e-08
375.95,-5.0288e-08
376.01,-5.0305e-08
376.08,-5.027e-08
376.14,-5.0243e-08
376.19,-5.0265e-08
376.27,-5.0275e-08
376.33,-5.0332e-08
376.39,-5.0293e-08
376.46,-5.0299e-08
376.51,-5.0236e-08
376.58,-5.0151e-08
376.64,-5.0234e-08
376.71,-5.0252e-08
376.77,-5.0189e-08
376.83,-5.0246e-08
376.89,-5.0273e-08
376.96,-5.031e-08
377.03,-5.0237e-08
377.09,-5.0308e-08
377.15,-5.024e-08
377.22,-5.0322e-08
377.27,-5.0275e-08
377.33,-5.0243e-08
377.4,-5.0208e-08
377.46,-5.0175e-08
377.52,-5.0208e-08
377.58,-5.0179e-08
377.65,-5.0207e-08
377.72,-5.0205e-08
377.77,-5.023e-08
377.84,-5.022e-08
377.89,-5.0251e-08
377.96,-5.0085e-08
378.02,-5.0081e-08
378.09,-5.0079e-08
378.14,-5.0213e-08
378.21,-5.0143e-08
378.27,-5.0155e-08
378.35,-5.02e-08
378.41,-5.0146e-08
378.48,-5.0107e-08
378.53,-5.0041e-08
378.6,-5.0176e-08
378.66,-5.0114e-08
378.72,-5.0149e-08
378.78,-5.0097e-08
378.84,-5.0021e-08
378.91,-5.0008e-08
378.97,-5.0067e-08
379.05,-5.0032e-08
379.11,-5.0002e-08
379.18,-4.9941e-08
379.24,-4.998e-08
379.3,-5.0024e-08
379.36,-4.9985e-08
379.42,-4.9995e-08
379.48,-5.0045e-08
379.54,-5.0087e-08
379.6,-5.0114e-08
379.67,-5.0091e-08
379.74,-4.9971e-08
379.8,-5.0105e-08
379.87,-5.0016e-08
379.93,-5.0091e-08
380,-4.9992e-08
380.06,-5.0011e-08
380.12,-4.9873e-08
380.19,-5.0041e-08
380.25,-5.0039e-08
380.31,-5.0036e-08
380.37,-4.9969e-08
380.44,-4.9895e-08
380.5,-4.9942e-08
380.57,-4.9953e-08
380.62,-4.9996e-08
380.69,-4.992e-08
380.74,-4.9929e-08
380.81,-4.9997e-08
380.87,-4.9975e-08
380.93,-4.9935e-08
380.99,-5.0032e-08
381.06,-4.9963e-08
381.13,-5.0058e-08
381.19,-5.0054e-08
381.26,-4.999e-08
381.31,-5.0026e-08
381.38,-5.001e-08
381.44,-5.004e-08
381.5,-5.0002e-08
381.56,-4.9966e-08
381.62,-5.0108e-08
381.68,-4.9955e-08
381.75,-4.9926e-08
381.82,-4.9992e-08
381.88,-4.9966e-08
381.95,-4.999e-08
382.01,-4.9917e-08
382.07,-5.0007e-08
382.13,-4.9958e-08
382.2,-4.9962e-08
382.26,-5.0037e-08
382.32,-5.0046e-08
382.38,-4.9985e-08
382.44,-5e-08
382.52,-4.9973e-08
382.58,-5.0033e-08
382.64,-4.9994e-08
382.7,-4.9983e-08
382.77,-4.9999e-08
382.83,-5.0022e-08
382.89,-4.9988e-08
382.95,-5.0002e-08
383.01,-4.9974e-08
383.08,-5e-08
383.14,-5.0018e-08
383.21,-5.0128e-08
383.28,-5.0032e-08
383.34,-5.0023e-08
383.4,-5.0129e-08
383.47,-5.0124e-08
383.53,-5.004e-08
383.59,-5.0017e-08
383.65,-5.0002e-08
383.71,-5.0007e-08
383.77,-4.9972e-08
383.83,-4.9992e-08
383.9,-4.9943e-08
383.97,-4.9979e-08
384.03,-4.9921e-08
384.09,-4.9967e-08
384.15,-4.9922e-08
384.21,-4.9865e-08
384.28,-4.9953e-08
384.33,-4.993e-08
384.39,-4.9913e-08
384.46,-5.0011e-08
384.51,-4.9887e-08
384.59,-4.9886e-08
384.65,-4.9884e-08
384.71,-5.0022e-08
384.78,-5.0036e-08
384.84,-4.9995e-08
384.9,-4.996e-08
384.96,-4.9993e-08
385.03,-4.9931e-08
385.09,-4.9952e-08
385.15,-4.995e-08
385.21,-4.9944e-08
385.29,-5.0016e-08
385.35,-5.0017e-08
385.41,-4.9899e-08
385.47,-4.9934e-08
385.53,-4.9867e-08
385.59,-4.9842e-08
385.65,-4.9879e-08
385.71,-4.9883e-08
385.78,-4.9854e-08
385.84,-4.9867e-08
385.9,-4.9917e-08
385.97,-4.9959e-08
386.03,-4.9823e-08
386.1,-4.9798e-08
386.16,-4.9849e-08
386.22,-4.9843e-08
386.28,-4.982e-08
386.34,-4.9758e-08
386.4,-4.9808e-08
386.46,-4.9718e-08
386.53,-4.9814e-08
386.59,-4.994e-08
386.67,-4.9874e-08
386.73,-4.9853e-08
386.8,-4.9884e-08
386.85,-4.9846e-08
386.92,-4.9793e-08
386.98,-4.9827e-08
387.04,-4.9887e-08
387.1,-4.9946e-08
387.16,-4.9916e-08
387.23,-4.9831e-08
387.29,-4.9859e-08
387.37,-4.9845e-08
387.43,-4.9783e-08
387.49,-4.9826e-08
387.56,-4.9808e-08
387.62,-4.982e-08
387.68,-4.983e-08
387.74,-4.9957e-08
387.81,-4.9906e-08
387.87,-4.991e-08
387.93,-4.9867e-08
387.99,-4.9836e-08
388.06,-4.989e-08
388.13,-4.9789e-08
388.18,-4.9868e-08
388.25,-4.9846e-08
388.31,-4.9967e-08
388.38,-4.9863e-08
388.44,-4.9806e-08
388.5,-4.9764e-08
388.56,-4.9772e-08
388.62,-4.979e-08
388.69,-4.9778e-08
388.76,-4.9829e-08
388.83,-4.9836e-08
388.89,-4.9833e-08
388.95,-4.9829e-08
389,-4.9767e-08
389.06,-4.9854e-08
389.12,-4.9844e-08
389.19,-4.9832e-08
389.25,-4.9717e-08
389.31,-4.9742e-08
389.37,-4.9745e-08
389.44,-4.9712e-08
389.5,-4.9667e-08
389.57,-4.9724e-08
389.63,-4.9687e-08
389.69,-4.9773e-08
389.75,-4.9737e-08
389.82,-4.9702e-08
389.87,-4.9753e-08
389.93,-4.9674e-08
390,-4.9765e-08
390.05,-4.9787e-08
390.13,-4.9779e-08
390.19,-4.9769e-08
390.25,-4.9707e-08
390.32,-4.975e-08
390.37,-4.9661e-08
390.43,-4.9767e-08
390.5,-4.9697e-08
390.55,-4.9782e-08
390.62,-4.9706e-08
390.68,-4.9722e-08
390.74,-4.9841e-08
390.81,-4.968e-08
390.87,-4.969e-08
390.94,-4.9674e-08
391,-4.9685e-08
391.07,-4.974e-08
391.13,-4.9715e-08
391.19,-4.9653e-08
391.25,-4.9626e-08
391.31,-4.968e-08
391.38,-4.9658e-08
391.43,-4.9665e-08
391.5,-4.9722e-08
391.57,-4.9753e-08
391.63,-4.9699e-08
391.69,-4.9843e-08
391.75,-4.9778e-08
391.81,-4.9753e-08
391.88,-4.9735e-08
391.93,-4.9642e-08
392,-4.9786e-08
392.06,-4.974e-08
392.12,-4.9767e-08
392.21,-4.9736e-08
392.27,-4.9703e-08
392.33,-4.9705e-08
392.38,-4.9706e-08
392.45,-4.9738e-08
392.51,-4.969e-08
392.58,-4.9725e-08
392.64,-4.9738e-08
392.7,-4.9737e-08
392.76,-4.9724e-08
392.82,-4.971e-08
392.9,-4.9705e-08
392.96,-4.9707e-08
393.03,-4.9633e-08
393.09,-4.9758e-08
393.15,-4.9662e-08
393.21,-4.9622e-08
393.27,-4.9626e-08
393.33,-4.9685e-08
393.39,-4.9638e-08
393.46,-4.9612e-08
393.51,-4.9656e-08
393.59,-4.9607e-08
393.65,-4.9637e-08
393.71,-4.9572e-08
393.77,-4.959e-08
393.82,-4.9604e-08
393.89,-4.9689e-08
393.95,-4.9676e-08
394.01,-4.9699e-08
394.07,-4.9662e-08
394.13,-4.9631e-08
394.19,-4.9606e-08
394.27,-4.966e-08
394.33,-4.9607e-08
394.39,-4.9661e-08
394.46,-4.9764e-08
394.51,-4.9696e-08
394.58,-4.9727e-08
394.64,-4.9633e-08
394.71,-4.9669e-08
394.77,-4.9668e-08
394.83,-4.9738e-08
394.89,-4.9789e-08
394.96,-4.9704e-08
395.03,-4.9715e-08
395.08,-4.9682e-08
395.15,-4.9654e-08
395.21,-4.9594e-08
395.28,-4.9584e-08
395.34,-4.9622e-08
395.4,-4.9668e-08
395.46,-4.959e-08
395.52,-4.9556e-08
395.58,-4.9611e-08
395.66,-4.9591e-08
395.72,-4.964e-08
395.78,-4.9678e-08
395.85,-4.9638e-08
395.91,-4.967e-08
395.97,-4.9626e-08
396.03,-4.9726e-08
396.09,-4.971e-08
396.16,-4.964e-08
396.21,-4.9567e-08
396.28,-4.9549e-08
396.35,-4.9604e-08
396.42,-4.9559e-08
396.47,-4.9551e-08
396.53,-4.9577e-08
396.59,-4.957e-08
396.66,-4.957e-08
396.72,-4.9563e-08
396.78,-4.9623e-08
396.84,-4.9661e-08
396.91,-4.9521e-08
396.97,-4.9553e-08
397.04,-4.9611e-08
397.11,-4.9652e-08
397.17,-4.9568e-08
397.23,-4.9598e-08
397.3,-4.9549e-08
397.35,-4.9647e-08
397.41,-4.9557e-08
397.47,-4.9516e-08
397.53,-4.9672e-08
397.6,-4.9534e-08
397.66,-4.9589e-08
397.73,-4.9554e-08
397.8,-4.9543e-08
397.86,-4.9612e-08
397.92,-4.9579e-08
397.99,-4.958e-08
398.05,-4.9602e-08
398.12,-4.9576e-08
398.17,-4.9602e-08
398.24,-4.9545e-08
398.3,-4.957e-08
398.36,-4.9446e-08
398.43,-4.9462e-08
398.49,-4.9419e-08
398.56,-4.9503e-08
398.62,-4.9522e-08
398.68,-4.9481e-08
398.75,-4.9398e-08
398.8,-4.9528e-08
398.87,-4.9493e-08
398.93,-4.9478e-08
398.99,-4.9494e-08
399.05,-4.9555e-08
399.13,-4.9593e-08
399.19,-4.9567e-08
399.25,-4.9573e-08
399.3,-4.9626e-08
399.37,-4.9502e-08
399.43,-4.9452e-08
399.49,-4.9423e-08
399.55,-4.9573e-08
399.62,-4.9544e-08
399.68,-4.9587e-08
399.74,-4.9503e-08
399.82,-4.9516e-08
399.88,-4.9486e-08
399.95,-4.9518e-08
400.01,-4.9451e-08
400.07,-4.9508e-08
400.13,-4.9539e-08
400.19,-4.9577e-08
400.26,-4.9511e-08
400.32,-4.9447e-08
400.38,-4.9471e-08
400.43,-4.9431e-08
