time,current
0,0
0.0058594,-4.2605e-08
0.068359,-2.1456e-08
0.125,-1.9065e-08
0.18848,-1.8434e-08
0.25293,-1.8313e-08
0.31641,-1.8397e-08
0.37988,-1.8593e-08
0.43652,-1.8788e-08
0.49316,-1.9103e-08
0.55762,-1.9439e-08
0.62207,-1.9776e-08
0.69629,-2.0253e-08
0.75879,-2.0622e-08
0.82324,-2.1086e-08
0.88672,-2.1544e-08
0.95117,-2.1941e-08
1.0088,-2.2379e-08
1.0654,-2.2778e-08
1.1289,-2.3212e-08
1.1855,-2.3598e-08
1.2432,-2.41e-08
1.3066,-2.4533e-08
1.3896,-2.5058e-08
1.4531,-2.5576e-08
1.5166,-2.5999e-08
1.5742,-2.6431e-08
1.6377,-2.688e-08
1.7012,-2.7381e-08
1.7646,-2.775e-08
1.8223,-2.8229e-08
1.8867,-2.867e-08
1.9512,-2.9146e-08
2.0146,-2.96e-08
2.0918,-3.0187e-08
2.1543,-3.0606e-08
2.2188,-3.1084e-08
2.2832,-3.159e-08
2.3467,-3.1937e-08
2.4043,-3.2376e-08
2.4678,-3.2841e-08
2.5312,-3.321e-08
2.5947,-3.361e-08
2.6523,-3.4021e-08
2.7158,-3.447e-08
2.79,-3.5013e-08
2.8535,-3.5453e-08
2.917,-3.591e-08
2.9805,-3.6277e-08
3.0371,-3.66e-08
3.1006,-3.7038e-08
3.1641,-3.7496e-08
3.2275,-3.7894e-08
3.2842,-3.8318e-08
3.3418,-3.865e-08
3.3994,-3.9137e-08
3.4736,-3.9553e-08
3.5371,-3.9925e-08
3.6006,-4.0331e-08
3.6631,-4.0694e-08
3.7275,-4.1124e-08
3.7852,-4.1564e-08
3.8486,-4.1939e-08
3.9121,-4.2255e-08
3.9756,-4.2613e-08
4.0322,-4.3008e-08
4.0957,-4.3328e-08
4.1699,-4.3721e-08
4.2334,-4.4077e-08
4.2969,-4.4442e-08
4.3613,-4.4751e-08
4.4189,-4.5059e-08
4.4824,-4.5431e-08
4.5449,-4.5783e-08
4.6084,-4.6084e-08
4.666,-4.635e-08
4.7295,-4.6799e-08
4.793,-4.7158e-08
4.873,-4.7627e-08
4.9355,-4.7934e-08
4.999,-4.8191e-08
5.0557,-4.8531e-08
5.1133,-4.8866e-08
5.1768,-4.9161e-08
5.2402,-4.9514e-08
5.3027,-4.9807e-08
5.3604,-5.0084e-08
5.4238,-5.0478e-08
5.4805,-5.0735e-08
5.5557,-5.1104e-08
5.6191,-5.1516e-08
5.6826,-5.177e-08
5.7461,-5.1975e-08
5.8096,-5.2211e-08
5.8662,-5.2478e-08
5.9297,-5.2817e-08
5.9932,-5.3095e-08
6.0498,-5.3385e-08
6.1074,-5.3745e-08
6.1699,-5.3977e-08
6.2451,-5.4356e-08
6.3076,-5.4586e-08
6.3721,-5.476e-08
6.4297,-5.5053e-08
6.4941,-5.5226e-08
6.5586,-5.5486e-08
6.6172,-5.5769e-08
6.6738,-5.6004e-08
6.7373,-5.6253e-08
6.7939,-5.6496e-08
6.8574,-5.677e-08
6.9316,-5.7055e-08
6.9951,-5.745e-08
7.0586,-5.7694e-08
7.1221,-5.7847e-08
7.1787,-5.8217e-08
7.2432,-5.8416e-08
7.3076,-5.8648e-08
7.3652,-5.8841e-08
7.4277,-5.9069e-08
7.4854,-5.9388e-08
7.5488,-5.9479e-08
7.6221,-5.972e-08
7.6855,-5.9847e-08
7.749,-6.0213e-08
7.8115,-6.038e-08
7.876,-6.0625e-08
7.9326,-6.0839e-08
7.9961,-6.1094e-08
8.0596,-6.1347e-08
8.123,-6.1568e-08
8.1807,-6.1775e-08
8.2441,-6.1984e-08
8.3184,-6.2262e-08
8.3818,-6.2501e-08
8.4375,-6.2702e-08
8.501,-6.2804e-08
8.5645,-6.3046e-08
8.6279,-6.3284e-08
8.6914,-6.347e-08
8.7549,-6.3636e-08
8.8105,-6.3828e-08
8.8682,-6.3976e-08
8.9238,-6.4233e-08
8.999,-6.4409e-08
9.0625,-6.4693e-08
9.1191,-6.4876e-08
9.1826,-6.5018e-08
9.2393,-6.5133e-08
9.2959,-6.5319e-08
9.3516,-6.5463e-08
9.4092,-6.568e-08
9.4727,-6.5786e-08
9.5283,-6.5975e-08
9.5859,-6.6182e-08
9.6602,-6.6443e-08
9.7227,-6.6575e-08
9.7871,-6.6878e-08
9.8506,-6.6912e-08
9.915,-6.7048e-08
9.9785,-6.7389e-08
10.036,-6.7444e-08
10.1,-6.7605e-08
10.163,-6.775e-08
10.221,-6.7944e-08
10.284,-6.8023e-08
10.359,-6.8265e-08
10.422,-6.8401e-08
10.484,-6.8524e-08
10.549,-6.8624e-08
10.605,-6.883e-08
10.662,-6.9024e-08
10.727,-6.9166e-08
10.79,-6.9356e-08
10.853,-6.9534e-08
10.917,-6.9692e-08
10.98,-6.9812e-08
11.06,-6.9879e-08
11.122,-7.0017e-08
11.187,-7.0207e-08
11.243,-7.0425e-08
11.307,-7.0453e-08
11.364,-7.0539e-08
11.421,-7.0763e-08
11.484,-7.0843e-08
11.548,-7.1036e-08
11.605,-7.1109e-08
11.662,-7.1256e-08
11.737,-7.1379e-08
11.801,-7.1532e-08
11.864,-7.178e-08
11.928,-7.1782e-08
11.992,-7.1943e-08
12.056,-7.2181e-08
12.119,-7.2157e-08
12.177,-7.2309e-08
12.233,-7.2456e-08
12.297,-7.2563e-08
12.361,-7.2695e-08
12.437,-7.2812e-08
12.499,-7.3004e-08
12.557,-7.304e-08
12.62,-7.3068e-08
12.676,-7.3245e-08
12.733,-7.3332e-08
12.797,-7.3508e-08
12.86,-7.3594e-08
12.924,-7.3713e-08
12.988,-7.3809e-08
13.052,-7.3933e-08
13.128,-7.4118e-08
13.19,-7.4085e-08
13.248,-7.4217e-08
13.312,-7.4321e-08
13.375,-7.4508e-08
13.438,-7.4646e-08
13.503,-7.4565e-08
13.566,-7.477e-08
13.623,-7.4853e-08
13.681,-7.495e-08
13.744,-7.5047e-08
13.819,-7.512e-08
13.883,-7.5218e-08
13.946,-7.5468e-08
14.01,-7.5538e-08
14.074,-7.5575e-08
14.138,-7.5753e-08
14.194,-7.5756e-08
14.252,-7.5951e-08
14.315,-7.6001e-08
14.378,-7.6168e-08
14.442,-7.6368e-08
14.517,-7.6315e-08
14.58,-7.641e-08
14.644,-7.6442e-08
14.707,-7.6582e-08
14.764,-7.6654e-08
14.819,-7.67e-08
14.876,-7.6824e-08
14.94,-7.693e-08
15.004,-7.6941e-08
15.067,-7.7077e-08
15.124,-7.712e-08
15.192,-7.7335e-08
15.256,-7.7413e-08
15.319,-7.751e-08
15.383,-7.7604e-08
15.447,-7.7647e-08
15.511,-7.7879e-08
15.573,-7.7784e-08
15.638,-7.7849e-08
15.694,-7.8087e-08
15.759,-7.8067e-08
15.822,-7.8215e-08
15.891,-7.8144e-08
15.953,-7.8211e-08
16.018,-7.8324e-08
16.081,-7.8546e-08
16.146,-7.8596e-08
16.209,-7.8645e-08
16.267,-7.8701e-08
16.33,-7.8788e-08
16.394,-7.8864e-08
16.451,-7.8968e-08
16.515,-7.8964e-08
16.589,-7.9145e-08
16.651,-7.9129e-08
16.716,-7.9232e-08
16.779,-7.9215e-08
16.837,-7.9302e-08
16.9,-7.9389e-08
16.957,-7.9507e-08
17.021,-7.9517e-08
17.077,-7.9543e-08
17.134,-7.9716e-08
17.191,-7.9703e-08
17.267,-7.9871e-08
17.33,-8.004e-08
17.387,-7.9975e-08
17.45,-8.0103e-08
17.507,-8.0174e-08
17.571,-8.0238e-08
17.635,-8.0331e-08
17.692,-8.0295e-08
17.749,-8.0483e-08
17.812,-8.0428e-08
17.875,-8.0332e-08
17.95,-8.0543e-08
18.014,-8.0605e-08
18.077,-8.0661e-08
18.141,-8.0712e-08
18.204,-8.0682e-08
18.26,-8.0622e-08
18.323,-8.0888e-08
18.387,-8.0874e-08
18.443,-8.1035e-08
18.507,-8.1077e-08
18.57,-8.1141e-08
18.646,-8.1179e-08
18.709,-8.1128e-08
18.772,-8.1215e-08
18.829,-8.1341e-08
18.894,-8.1349e-08
18.957,-8.1554e-08
19.02,-8.1589e-08
19.077,-8.1645e-08
19.141,-8.1536e-08
19.204,-8.1674e-08
19.268,-8.1659e-08
19.342,-8.1776e-08
19.405,-8.1797e-08
19.469,-8.1772e-08
19.533,-8.188e-08
19.59,-8.2023e-08
19.653,-8.207e-08
19.718,-8.2092e-08
19.781,-8.216e-08
19.838,-8.2128e-08
19.902,-8.2159e-08
19.966,-8.2218e-08
20.034,-8.2344e-08
20.098,-8.2257e-08
20.161,-8.2296e-08
20.225,-8.2336e-08
20.289,-8.2473e-08
20.353,-8.2464e-08
20.409,-8.2602e-08
20.474,-8.2535e-08
20.537,-8.2609e-08
20.594,-8.2562e-08
20.651,-8.2573e-08
20.726,-8.2774e-08
20.789,-8.2773e-08
20.853,-8.279e-08
20.915,-8.2809e-08
20.973,-8.2969e-08
21.028,-8.2981e-08
21.085,-8.3093e-08
21.149,-8.3122e-08
21.213,-8.3191e-08
21.276,-8.3118e-08
21.334,-8.3045e-08
21.402,-8.315e-08
21.465,-8.3142e-08
21.528,-8.3211e-08
21.592,-8.3239e-08
21.655,-8.3343e-08
21.719,-8.3354e-08
21.783,-8.3371e-08
21.847,-8.3468e-08
21.903,-8.3468e-08
21.961,-8.3611e-08
22.024,-8.3544e-08
22.1,-8.3606e-08
22.163,-8.3618e-08
22.227,-8.3685e-08
22.29,-8.367e-08
22.354,-8.3634e-08
22.418,-8.366e-08
22.475,-8.3788e-08
22.532,-8.3812e-08
22.589,-8.379e-08
22.646,-8.3783e-08
22.71,-8.3876e-08
22.785,-8.397e-08
22.848,-8.3995e-08
22.912,-8.4032e-08
22.969,-8.4094e-08
23.031,-8.4174e-08
23.089,-8.4129e-08
23.145,-8.4065e-08
23.207,-8.4174e-08
23.271,-8.4225e-08
23.328,-8.4251e-08
23.385,-8.4278e-08
23.46,-8.4324e-08
23.523,-8.4383e-08
23.587,-8.4486e-08
23.651,-8.4502e-08
23.715,-8.4565e-08
23.778,-8.4647e-08
23.835,-8.4567e-08
23.893,-8.463e-08
23.956,-8.4578e-08
24.013,-8.4602e-08
24.077,-8.4616e-08
24.151,-8.4758e-08
24.215,-8.4695e-08
24.278,-8.4592e-08
24.341,-8.4647e-08
24.398,-8.4722e-08
24.455,-8.4741e-08
24.518,-8.4761e-08
24.582,-8.478e-08
24.638,-8.478e-08
24.701,-8.4916e-08
24.759,-8.4929e-08
24.834,-8.4935e-08
24.896,-8.5043e-08
24.954,-8.4979e-08
25.018,-8.5003e-08
25.081,-8.5041e-08
25.146,-8.5039e-08
25.209,-8.5113e-08
25.272,-8.5151e-08
25.33,-8.5196e-08
25.394,-8.5266e-08
25.457,-8.5297e-08
25.532,-8.5454e-08
25.596,-8.534e-08
25.659,-8.5386e-08
25.723,-8.5422e-08
25.786,-8.5299e-08
25.851,-8.5358e-08
25.914,-8.544e-08
25.971,-8.5485e-08
26.033,-8.5454e-08
26.098,-8.5453e-08
26.153,-8.539e-08
26.229,-8.5421e-08
26.292,-8.5491e-08
26.349,-8.5593e-08
26.412,-8.547e-08
26.47,-8.5512e-08
26.526,-8.56e-08
26.59,-8.5571e-08
26.654,-8.553e-08
26.718,-8.5669e-08
26.781,-8.5795e-08
26.846,-8.5853e-08
26.921,-8.5788e-08
26.983,-8.5708e-08
27.04,-8.572e-08
27.104,-8.5796e-08
27.168,-8.587e-08
27.231,-8.5901e-08
27.295,-8.5755e-08
27.358,-8.5864e-08
27.416,-8.5794e-08
27.479,-8.5883e-08
27.543,-8.5716e-08
27.611,-8.5809e-08
27.675,-8.5815e-08
27.738,-8.5827e-08
27.802,-8.5837e-08
27.866,-8.607e-08
27.93,-8.5978e-08
27.987,-8.5973e-08
28.051,-8.6019e-08
28.114,-8.5951e-08
28.172,-8.5999e-08
28.235,-8.6028e-08
28.311,-8.604e-08
28.374,-8.5978e-08
28.438,-8.6063e-08
28.501,-8.5977e-08
28.559,-8.6033e-08
28.622,-8.6076e-08
28.686,-8.6083e-08
28.748,-8.6174e-08
28.806,-8.6071e-08
28.869,-8.6062e-08
28.934,-8.6044e-08
29.011,-8.6142e-08
29.074,-8.6276e-08
29.138,-8.6202e-08
29.194,-8.6285e-08
29.251,-8.6205e-08
29.314,-8.6266e-08
29.371,-8.6287e-08
29.436,-8.6354e-08
29.491,-8.6386e-08
29.549,-8.6348e-08
29.605,-8.6438e-08
29.674,-8.6267e-08
29.736,-8.6413e-08
29.794,-8.638e-08
29.857,-8.6375e-08
29.914,-8.64e-08
29.979,-8.644e-08
30.042,-8.6512e-08
30.099,-8.6416e-08
30.163,-8.6455e-08
30.227,-8.64e-08
30.29,-8.6467e-08
30.365,-8.6591e-08
30.429,-8.6521e-08
30.492,-8.6645e-08
30.556,-8.6607e-08
30.62,-8.6572e-08
30.684,-8.6647e-08
30.747,-8.6542e-08
30.811,-8.6603e-08
30.874,-8.6602e-08
30.931,-8.6579e-08
30.994,-8.6618e-08
31.069,-8.6605e-08
31.132,-8.6603e-08
31.196,-8.6478e-08
31.26,-8.6408e-08
31.323,-8.6497e-08
31.388,-8.6496e-08
31.451,-8.6586e-08
31.507,-8.6566e-08
31.563,-8.6594e-08
31.627,-8.6742e-08
31.684,-8.6618e-08
31.76,-8.6678e-08
31.822,-8.6679e-08
31.88,-8.6787e-08
31.943,-8.6787e-08
31.999,-8.6748e-08
32.057,-8.6879e-08
32.12,-8.6841e-08
32.184,-8.6808e-08
32.248,-8.6881e-08
32.312,-8.682e-08
32.375,-8.6784e-08
32.45,-8.6677e-08
32.514,-8.668e-08
32.569,-8.662e-08
32.633,-8.6684e-08
32.696,-8.6657e-08
32.76,-8.6702e-08
32.822,-8.6672e-08
32.887,-8.6653e-08
32.943,-8.6756e-08
33.007,-8.6917e-08
33.07,-8.6882e-08
33.139,-8.679e-08
33.201,-8.684e-08
33.266,-8.6974e-08
33.329,-8.7002e-08
33.392,-8.6971e-08
33.449,-8.6801e-08
33.506,-8.6823e-08
33.562,-8.6757e-08
33.62,-8.6806e-08
33.684,-8.6762e-08
33.748,-8.6841e-08
33.822,-8.6678e-08
33.886,-8.678e-08
33.942,-8.6847e-08
34.007,-8.6787e-08
34.062,-8.6793e-08
34.126,-8.6773e-08
34.189,-8.6774e-08
34.253,-8.6933e-08
34.31,-8.687e-08
34.367,-8.6903e-08
34.423,-8.6937e-08
34.491,-8.693e-08
34.555,-8.6867e-08
34.611,-8.6887e-08
34.675,-8.6845e-08
34.732,-8.6867e-08
34.788,-8.6924e-08
34.852,-8.6883e-08
34.915,-8.6962e-08
34.979,-8.706e-08
35.043,-8.6895e-08
35.106,-8.6973e-08
35.183,-8.7106e-08
35.245,-8.7056e-08
35.303,-8.7101e-08
35.366,-8.703e-08
35.43,-8.6991e-08
35.486,-8.6973e-08
35.55,-8.6923e-08
35.607,-8.7003e-08
35.663,-8.7004e-08
35.72,-8.7e-08
35.777,-8.6901e-08
35.852,-8.7068e-08
35.914,-8.7061e-08
35.977,-8.7024e-08
36.041,-8.7019e-08
36.097,-8.6955e-08
36.153,-8.6862e-08
36.211,-8.6904e-08
36.274,-8.7039e-08
36.338,-8.7021e-08
36.401,-8.6898e-08
36.457,-8.6922e-08
36.525,-8.7011e-08
36.589,-8.6986e-08
36.652,-8.7006e-08
36.716,-8.6843e-08
36.779,-8.6753e-08
36.843,-8.6862e-08
36.906,-8.6992e-08
36.97,-8.6929e-08
37.026,-8.6887e-08
37.09,-8.6846e-08
37.154,-8.6943e-08
37.221,-8.6937e-08
37.283,-8.6899e-08
37.348,-8.6896e-08
37.411,-8.7047e-08
37.476,-8.6892e-08
37.531,-8.6784e-08
37.594,-8.6878e-08
37.658,-8.6844e-08
37.715,-8.6864e-08
37.778,-8.6779e-08
37.842,-8.6774e-08
37.916,-8.6804e-08
37.979,-8.6722e-08
38.043,-8.6755e-08
38.107,-8.6775e-08
38.163,-8.6793e-08
38.228,-8.6781e-08
38.291,-8.6792e-08
38.355,-8.6762e-08
38.419,-8.681e-08
38.482,-8.6926e-08
38.546,-8.6836e-08
38.622,-8.6907e-08
38.685,-8.6794e-08
38.742,-8.6929e-08
38.798,-8.6932e-08
38.861,-8.6795e-08
38.925,-8.6829e-08
38.988,-8.679e-08
39.052,-8.6759e-08
39.108,-8.6835e-08
39.173,-8.6899e-08
39.236,-8.6794e-08
39.305,-8.6809e-08
39.368,-8.6927e-08
39.432,-8.6794e-08
39.495,-8.6843e-08
39.559,-8.6896e-08
39.616,-8.6857e-08
39.68,-8.6956e-08
39.743,-8.6891e-08
39.8,-8.6875e-08
39.863,-8.6806e-08
39.928,-8.7007e-08
40.003,-8.6935e-08
40.066,-8.6883e-08
40.13,-8.678e-08
40.186,-8.6835e-08
40.25,-8.6746e-08
40.313,-8.6738e-08
40.37,-8.681e-08
40.435,-8.682e-08
40.498,-8.68e-08
40.562,-8.678e-08
40.619,-8.6856e-08
40.687,-8.6798e-08
40.75,-8.6887e-08
40.813,-8.6874e-08
40.878,-8.6845e-08
40.941,-8.678e-08
41.005,-8.6942e-08
41.068,-8.6896e-08
41.132,-8.6872e-08
41.189,-8.6892e-08
41.253,-8.683e-08
41.316,-8.6896e-08
41.391,-8.6846e-08
41.454,-8.6887e-08
41.518,-8.6736e-08
41.581,-8.6776e-08
41.645,-8.6835e-08
41.708,-8.6703e-08
41.772,-8.6763e-08
41.828,-8.6771e-08
41.885,-8.6748e-08
41.942,-8.6834e-08
42.006,-8.681e-08
42.08,-8.6707e-08
42.144,-8.6725e-08
42.207,-8.6737e-08
42.271,-8.6873e-08
42.328,-8.6978e-08
42.392,-8.6828e-08
42.455,-8.699e-08
42.519,-8.69e-08
42.575,-8.6844e-08
42.639,-8.6842e-08
42.703,-8.6811e-08
42.78,-8.6887e-08
42.844,-8.6922e-08
42.907,-8.6838e-08
42.964,-8.6764e-08
43.021,-8.693e-08
43.084,-8.6819e-08
43.141,-8.67e-08
43.205,-8.6723e-08
43.261,-8.6701e-08
43.318,-8.667e-08
43.375,-8.6702e-08
43.442,-8.6773e-08
43.506,-8.6723e-08
43.562,-8.6777e-08
43.626,-8.6663e-08
43.69,-8.6777e-08
43.746,-8.6755e-08
43.809,-8.6758e-08
43.873,-8.6685e-08
43.93,-8.6719e-08
43.993,-8.6743e-08
44.057,-8.6677e-08
44.132,-8.6558e-08
44.195,-8.6782e-08
44.259,-8.6674e-08
44.315,-8.6656e-08
44.373,-8.6712e-08
44.429,-8.6718e-08
44.492,-8.6772e-08
44.557,-8.6754e-08
44.62,-8.6634e-08
44.677,-8.6683e-08
44.741,-8.6711e-08
44.816,-8.6745e-08
44.879,-8.6761e-08
44.943,-8.6799e-08
45.007,-8.6905e-08
45.071,-8.6785e-08
45.135,-8.6712e-08
45.198,-8.6736e-08
45.256,-8.679e-08
45.312,-8.6856e-08
45.368,-8.6771e-08
45.426,-8.6741e-08
45.5,-8.6732e-08
45.562,-8.6635e-08
45.625,-8.6706e-08
45.689,-8.6731e-08
45.753,-8.6679e-08
45.811,-8.654e-08
45.874,-8.663e-08
45.938,-8.674e-08
46.002,-8.6602e-08
46.059,-8.6607e-08
46.122,-8.6663e-08
46.197,-8.6555e-08
46.26,-8.6527e-08
46.323,-8.6514e-08
46.38,-8.6609e-08
46.443,-8.6623e-08
46.501,-8.6537e-08
46.558,-8.6428e-08
46.621,-8.6538e-08
46.686,-8.6495e-08
46.749,-8.6546e-08
46.807,-8.6556e-08
46.881,-8.6566e-08
46.943,-8.6492e-08
47.001,-8.6443e-08
47.064,-8.6407e-08
47.128,-8.6509e-08
47.191,-8.6516e-08
47.255,-8.6398e-08
47.311,-8.6346e-08
47.368,-8.6487e-08
47.432,-8.6348e-08
47.495,-8.6358e-08
47.571,-8.6316e-08
47.634,-8.6313e-08
47.696,-8.6481e-08
47.761,-8.6404e-08
47.824,-8.6401e-08
47.882,-8.6414e-08
47.945,-8.6334e-08
48.009,-8.6391e-08
48.066,-8.6431e-08
48.13,-8.6247e-08
48.193,-8.6275e-08
48.269,-8.6427e-08
48.332,-8.6385e-08
48.396,-8.6468e-08
48.46,-8.6512e-08
48.516,-8.6568e-08
48.579,-8.6517e-08
48.643,-8.6464e-08
48.706,-8.6398e-08
48.771,-8.6456e-08
48.834,-8.6374e-08
48.896,-8.6323e-08
48.972,-8.6332e-08
49.035,-8.6326e-08
49.091,-8.6226e-08
49.154,-8.6279e-08
49.218,-8.6398e-08
49.281,-8.6395e-08
49.345,-8.6292e-08
49.408,-8.628e-08
49.465,-8.6367e-08
49.529,-8.6352e-08
49.593,-8.6256e-08
49.668,-8.62e-08
49.731,-8.6165e-08
49.795,-8.6266e-08
49.858,-8.6184e-08
49.923,-8.6222e-08
49.986,-8.6234e-08
50.049,-8.6235e-08
50.106,-8.6161e-08
50.17,-8.6245e-08
50.233,-8.6248e-08
50.29,-8.6314e-08
50.359,-8.6386e-08
50.422,-8.6457e-08
50.485,-8.6314e-08
50.549,-8.641e-08
50.606,-8.6359e-08
50.67,-8.6291e-08
50.734,-8.6383e-08
50.791,-8.6312e-08
50.854,-8.639e-08
50.918,-8.6367e-08
50.982,-8.63e-08
51.058,-8.6259e-08
51.121,-8.6212e-08
51.177,-8.6244e-08
51.24,-8.6268e-08
51.305,-8.6156e-08
51.368,-8.6106e-08
51.432,-8.6264e-08
51.495,-8.6332e-08
51.552,-8.6148e-08
51.607,-8.613e-08
51.67,-8.6125e-08
51.745,-8.6118e-08
51.809,-8.618e-08
51.872,-8.6168e-08
51.937,-8.6133e-08
52,-8.6103e-08
52.057,-8.609e-08
52.114,-8.6086e-08
52.178,-8.6137e-08
52.234,-8.6163e-08
52.299,-8.6116e-08
52.362,-8.6147e-08
52.438,-8.6103e-08
52.5,-8.6076e-08
52.562,-8.6073e-08
52.627,-8.6081e-08
52.684,-8.6036e-08
52.741,-8.6106e-08
52.798,-8.6202e-08
52.861,-8.6331e-08
52.925,-8.6266e-08
52.982,-8.6262e-08
53.039,-8.619e-08
53.114,-8.6294e-08
53.178,-8.6241e-08
53.241,-8.6129e-08
53.305,-8.6244e-08
53.367,-8.6116e-08
53.432,-8.6041e-08
53.495,-8.6105e-08
53.559,-8.6186e-08
53.616,-8.6011e-08
53.673,-8.5949e-08
53.736,-8.5919e-08
53.811,-8.5931e-08
53.874,-8.6089e-08
53.938,-8.5944e-08
54.001,-8.604e-08
54.065,-8.5974e-08
54.122,-8.6042e-08
54.179,-8.6037e-08
54.243,-8.6064e-08
54.307,-8.6032e-08
54.37,-8.5964e-08
54.434,-8.5889e-08
54.506,-8.5964e-08
54.569,-8.5965e-08
54.633,-8.5995e-08
54.689,-8.5998e-08
54.746,-8.6017e-08
54.81,-8.5937e-08
54.872,-8.6008e-08
54.937,-8.598e-08
55,-8.5946e-08
55.057,-8.5891e-08
55.113,-8.6056e-08
55.188,-8.5882e-08
55.251,-8.5921e-08
55.313,-8.5861e-08
55.378,-8.5892e-08
55.441,-8.5747e-08
55.505,-8.5921e-08
55.568,-8.5996e-08
55.632,-8.6003e-08
55.688,-8.5952e-08
55.746,-8.5855e-08
55.81,-8.5938e-08
55.884,-8.5846e-08
55.946,-8.5743e-08
56.004,-8.5881e-08
56.067,-8.5786e-08
56.131,-8.5836e-08
56.188,-8.5813e-08
56.245,-8.5818e-08
56.309,-8.5732e-08
56.373,-8.5802e-08
56.437,-8.5824e-08
56.5,-8.5771e-08
56.575,-8.57e-08
56.639,-8.5837e-08
56.702,-8.5788e-08
56.759,-8.5736e-08
56.816,-8.5659e-08
56.872,-8.5604e-08
56.935,-8.5703e-08
56.999,-8.5499e-08
57.062,-8.5666e-08
57.119,-8.5717e-08
57.184,-8.5645e-08
57.258,-8.5539e-08
57.32,-8.5523e-08
57.385,-8.5555e-08
57.448,-8.5552e-08
57.513,-8.5512e-08
57.576,-8.5548e-08
57.64,-8.5579e-08
57.697,-8.5495e-08
57.754,-8.5459e-08
57.811,-8.5572e-08
57.875,-8.5468e-08
57.941,-8.5564e-08
58.004,-8.5591e-08
58.066,-8.5539e-08
58.131,-8.5489e-08
58.194,-8.5435e-08
58.252,-8.5566e-08
58.315,-8.5515e-08
58.378,-8.5477e-08
58.442,-8.5561e-08
58.498,-8.545e-08
58.562,-8.5425e-08
58.638,-8.5322e-08
58.7,-8.5447e-08
58.765,-8.555e-08
58.821,-8.5484e-08
58.878,-8.5484e-08
58.936,-8.5499e-08
58.999,-8.5354e-08
59.062,-8.5365e-08
59.127,-8.5471e-08
59.183,-8.5419e-08
59.239,-8.5496e-08
59.309,-8.5308e-08
59.371,-8.5422e-08
59.436,-8.539e-08
59.499,-8.5428e-08
59.562,-8.5232e-08
59.627,-8.5165e-08
59.684,-8.5251e-08
59.748,-8.5404e-08
59.812,-8.5369e-08
59.875,-8.5276e-08
59.933,-8.531e-08
60.007,-8.5248e-08
60.069,-8.5184e-08
60.133,-8.5259e-08
60.196,-8.5308e-08
60.254,-8.5302e-08
60.311,-8.5255e-08
60.374,-8.5325e-08
60.438,-8.5245e-08
60.495,-8.5246e-08
60.559,-8.5145e-08
60.615,-8.5159e-08
60.69,-8.5194e-08
60.754,-8.5028e-08
60.811,-8.518e-08
60.874,-8.5224e-08
60.937,-8.52e-08
61.001,-8.5246e-08
61.064,-8.5115e-08
61.127,-8.5114e-08
61.185,-8.5122e-08
61.24,-8.5192e-08
61.303,-8.5146e-08
61.377,-8.5105e-08
61.44,-8.5123e-08
61.504,-8.509e-08
61.566,-8.5051e-08
61.631,-8.5107e-08
61.694,-8.5167e-08
61.752,-8.5052e-08
61.809,-8.4935e-08
61.872,-8.5165e-08
61.935,-8.5062e-08
61.999,-8.5036e-08
62.073,-8.5059e-08
62.137,-8.5119e-08
62.2,-8.5101e-08
62.265,-8.5075e-08
62.321,-8.4913e-08
62.378,-8.4921e-08
62.442,-8.4973e-08
62.506,-8.4866e-08
62.569,-8.4975e-08
62.634,-8.4952e-08
62.697,-8.4977e-08
62.772,-8.4933e-08
62.835,-8.4892e-08
62.892,-8.4858e-08
62.956,-8.4878e-08
63.02,-8.4849e-08
63.083,-8.4735e-08
63.147,-8.4678e-08
63.211,-8.4797e-08
63.267,-8.469e-08
63.324,-8.4736e-08
63.388,-8.4807e-08
63.463,-8.4776e-08
63.525,-8.4852e-08
63.59,-8.4839e-08
63.653,-8.4772e-08
63.717,-8.482e-08
63.781,-8.4829e-08
63.837,-8.4792e-08
63.895,-8.4983e-08
63.958,-8.4874e-08
64.021,-8.4859e-08
64.085,-8.4796e-08
64.16,-8.484e-08
64.224,-8.4828e-08
64.287,-8.4981e-08
64.351,-8.4859e-08
64.407,-8.4852e-08
64.471,-8.4763e-08
64.535,-8.4819e-08
64.592,-8.4748e-08
64.655,-8.4782e-08
64.72,-8.4714e-08
64.783,-8.4627e-08
64.859,-8.4609e-08
64.922,-8.4514e-08
64.979,-8.4555e-08
65.043,-8.4643e-08
65.106,-8.4554e-08
65.17,-8.4645e-08
65.233,-8.453e-08
65.298,-8.4709e-08
65.354,-8.4609e-08
65.411,-8.4572e-08
65.469,-8.4659e-08
65.544,-8.4591e-08
65.606,-8.4664e-08
65.664,-8.4569e-08
65.728,-8.4533e-08
65.784,-8.4508e-08
65.849,-8.4677e-08
65.912,-8.4623e-08
65.969,-8.4562e-08
66.033,-8.4521e-08
66.097,-8.4463e-08
66.161,-8.4442e-08
66.238,-8.4408e-08
66.302,-8.4377e-08
66.365,-8.4376e-08
66.422,-8.4466e-08
66.479,-8.4447e-08
66.535,-8.4415e-08
66.598,-8.4511e-08
66.662,-8.448e-08
66.726,-8.4303e-08
66.783,-8.4307e-08
66.847,-8.4272e-08
66.921,-8.4436e-08
66.984,-8.4318e-08
67.048,-8.4304e-08
67.105,-8.434e-08
67.169,-8.4343e-08
67.232,-8.4298e-08
67.296,-8.4312e-08
67.354,-8.4313e-08
67.417,-8.4259e-08
67.48,-8.4308e-08
67.537,-8.4407e-08
67.612,-8.439e-08
67.676,-8.4282e-08
67.732,-8.4324e-08
67.796,-8.4266e-08
67.854,-8.434e-08
67.917,-8.4266e-08
67.981,-8.4216e-08
68.037,-8.4366e-08
68.1,-8.4226e-08
68.164,-8.4309e-08
68.228,-8.4345e-08
68.305,-8.4294e-08
68.368,-8.4248e-08
68.432,-8.4104e-08
68.488,-8.4174e-08
68.553,-8.4133e-08
68.615,-8.409e-08
68.673,-8.4158e-08
68.736,-8.4121e-08
68.801,-8.4084e-08
68.864,-8.409e-08
68.922,-8.4075e-08
68.997,-8.4006e-08
69.06,-8.41e-08
69.117,-8.4118e-08
69.173,-8.4035e-08
69.236,-8.4108e-08
69.3,-8.4157e-08
69.356,-8.4023e-08
69.414,-8.4041e-08
69.478,-8.4001e-08
69.541,-8.4055e-08
69.604,-8.4216e-08
69.68,-8.4065e-08
69.743,-8.4018e-08
69.799,-8.4e-08
69.863,-8.4179e-08
69.919,-8.4151e-08
69.981,-8.404e-08
70.046,-8.4064e-08
70.103,-8.4118e-08
70.166,-8.3995e-08
70.23,-8.3973e-08
70.294,-8.3855e-08
70.37,-8.3844e-08
70.433,-8.3683e-08
70.49,-8.3801e-08
70.554,-8.3971e-08
70.617,-8.3952e-08
70.681,-8.3925e-08
70.745,-8.3941e-08
70.809,-8.3943e-08
70.865,-8.3934e-08
70.923,-8.3871e-08
70.979,-8.3899e-08
71.054,-8.3883e-08
71.117,-8.3962e-08
71.173,-8.3811e-08
71.236,-8.3857e-08
71.293,-8.3892e-08
71.35,-8.398e-08
71.407,-8.4002e-08
71.471,-8.3954e-08
71.534,-8.3778e-08
71.599,-8.378e-08
71.655,-8.3886e-08
71.724,-8.3805e-08
71.787,-8.3809e-08
71.851,-8.3841e-08
71.914,-8.39e-08
71.979,-8.378e-08
72.042,-8.3784e-08
72.105,-8.3863e-08
72.17,-8.3684e-08
72.227,-8.3871e-08
72.29,-8.3827e-08
72.354,-8.3889e-08
72.429,-8.3735e-08
72.492,-8.3736e-08
72.556,-8.38e-08
72.619,-8.3746e-08
72.684,-8.3728e-08
72.747,-8.3712e-08
72.803,-8.37e-08
72.86,-8.3764e-08
72.917,-8.3587e-08
72.98,-8.3698e-08
73.043,-8.3585e-08
73.118,-8.3705e-08
73.182,-8.3646e-08
73.245,-8.3646e-08
73.309,-8.3571e-08
73.365,-8.3548e-08
73.422,-8.3555e-08
73.479,-8.3619e-08
73.543,-8.3541e-08
73.606,-8.3545e-08
73.671,-8.3614e-08
73.727,-8.365e-08
73.795,-8.3534e-08
73.858,-8.3525e-08
73.922,-8.3534e-08
73.985,-8.3444e-08
74.049,-8.356e-08
74.112,-8.3487e-08
74.176,-8.3391e-08
74.239,-8.3452e-08
74.296,-8.3521e-08
74.36,-8.3426e-08
74.424,-8.3393e-08
74.499,-8.3484e-08
74.562,-8.3537e-08
74.626,-8.3499e-08
74.688,-8.3485e-08
74.753,-8.3539e-08
74.816,-8.3517e-08
74.873,-8.3485e-08
74.931,-8.349e-08
74.994,-8.3586e-08
75.057,-8.3472e-08
75.121,-8.3604e-08
75.195,-8.3511e-08
75.259,-8.3407e-08
75.315,-8.3337e-08
75.379,-8.343e-08
75.437,-8.3493e-08
75.5,-8.3428e-08
75.563,-8.3496e-08
75.627,-8.3353e-08
75.684,-8.3368e-08
75.747,-8.3132e-08
75.812,-8.3268e-08
75.889,-8.3292e-08
75.952,-8.3263e-08
76.016,-8.3262e-08
76.071,-8.3222e-08
76.129,-8.3246e-08
76.185,-8.3212e-08
76.248,-8.3239e-08
76.312,-8.3164e-08
76.375,-8.3265e-08
76.433,-8.3282e-08
76.496,-8.3145e-08
76.571,-8.3288e-08
76.635,-8.3137e-08
76.698,-8.3257e-08
76.763,-8.3259e-08
76.826,-8.3102e-08
76.89,-8.3024e-08
76.953,-8.3136e-08
77.017,-8.3103e-08
77.073,-8.3007e-08
77.137,-8.294e-08
77.201,-8.3074e-08
77.276,-8.3132e-08
77.34,-8.2995e-08
77.403,-8.3072e-08
77.466,-8.3142e-08
77.53,-8.3123e-08
77.594,-8.3006e-08
77.651,-8.2971e-08
77.707,-8.2915e-08
77.771,-8.3002e-08
77.828,-8.2923e-08
77.892,-8.2955e-08
77.966,-8.2987e-08
78.029,-8.2939e-08
78.085,-8.2948e-08
78.142,-8.3004e-08
78.206,-8.2917e-08
78.27,-8.2938e-08
78.327,-8.2958e-08
78.391,-8.2963e-08
78.454,-8.2913e-08
78.518,-8.2842e-08
78.574,-8.307e-08
78.649,-8.3001e-08
78.713,-8.2864e-08
78.776,-8.2911e-08
78.841,-8.296e-08
78.904,-8.285e-08
78.962,-8.2761e-08
79.025,-8.2921e-08
79.082,-8.2906e-08
79.146,-8.279e-08
79.21,-8.2769e-08
79.273,-8.2761e-08
79.341,-8.2706e-08
79.403,-8.2817e-08
79.46,-8.2775e-08
79.524,-8.2813e-08
79.581,-8.2731e-08
79.646,-8.2725e-08
79.709,-8.2851e-08
79.767,-8.284e-08
79.83,-8.2744e-08
79.894,-8.2624e-08
79.957,-8.2605e-08
80.033,-8.2745e-08
80.097,-8.2694e-08
80.153,-8.2759e-08
80.217,-8.2738e-08
80.274,-8.2675e-08
80.338,-8.2611e-08
80.401,-8.2593e-08
80.458,-8.2641e-08
80.516,-8.2592e-08
80.579,-8.2677e-08
80.636,-8.2803e-08
80.712,-8.2819e-08
80.774,-8.2669e-08
80.831,-8.2761e-08
80.896,-8.2643e-08
80.951,-8.2627e-08
81.008,-8.253e-08
81.065,-8.2651e-08
81.129,-8.2748e-08
81.191,-8.2534e-08
81.256,-8.2612e-08
81.312,-8.2709e-08
81.38,-8.2683e-08
81.443,-8.2539e-08
81.507,-8.2446e-08
81.57,-8.2576e-08
81.634,-8.2651e-08
81.697,-8.2694e-08
81.761,-8.2575e-08
81.824,-8.2593e-08
81.881,-8.2629e-08
81.945,-8.2666e-08
82.009,-8.2642e-08
82.077,-8.2477e-08
82.14,-8.2493e-08
82.204,-8.2343e-08
82.268,-8.2424e-08
82.332,-8.2426e-08
82.396,-8.2385e-08
82.452,-8.2355e-08
82.517,-8.2502e-08
82.58,-8.2453e-08
82.638,-8.2434e-08
82.701,-8.2441e-08
82.776,-8.2451e-08
82.839,-8.2495e-08
82.903,-8.2472e-08
82.967,-8.2505e-08
83.024,-8.2451e-08
83.088,-8.2469e-08
83.151,-8.2473e-08
83.209,-8.2559e-08
83.272,-8.2517e-08
83.336,-8.2406e-08
83.4,-8.2399e-08
83.476,-8.2338e-08
83.538,-8.2397e-08
83.595,-8.2308e-08
83.659,-8.2278e-08
83.723,-8.237e-08
83.786,-8.2362e-08
83.85,-8.2369e-08
83.913,-8.2447e-08
83.971,-8.2509e-08
84.034,-8.2364e-08
84.098,-8.2229e-08
84.167,-8.2349e-08
84.229,-8.2357e-08
84.294,-8.2346e-08
84.357,-8.2255e-08
84.421,-8.2288e-08
84.479,-8.2298e-08
84.534,-8.2297e-08
84.591,-8.2396e-08
84.648,-8.2231e-08
84.712,-8.219e-08
84.775,-8.214e-08
84.852,-8.2223e-08
84.915,-8.2264e-08
84.972,-8.2197e-08
85.035,-8.2282e-08
85.092,-8.2224e-08
85.155,-8.2253e-08
85.22,-8.2301e-08
85.283,-8.2221e-08
85.34,-8.2244e-08
85.397,-8.216e-08
85.454,-8.212e-08
85.529,-8.2134e-08
85.593,-8.2164e-08
85.656,-8.2065e-08
85.72,-8.199e-08
85.783,-8.206e-08
85.847,-8.1982e-08
85.904,-8.2098e-08
85.96,-8.2085e-08
86.024,-8.1955e-08
86.088,-8.2151e-08
86.151,-8.2098e-08
86.226,-8.2052e-08
86.289,-8.2069e-08
86.353,-8.2069e-08
86.415,-8.2053e-08
86.473,-8.2046e-08
86.536,-8.2063e-08
86.6,-8.1971e-08
86.656,-8.1873e-08
86.72,-8.1906e-08
86.784,-8.1941e-08
86.848,-8.1918e-08
86.924,-8.1883e-08
86.987,-8.185e-08
87.043,-8.1884e-08
87.106,-8.184e-08
87.17,-8.1761e-08
87.233,-8.1804e-08
87.298,-8.181e-08
87.361,-8.1757e-08
87.419,-8.1838e-08
87.482,-8.1802e-08
87.546,-8.175e-08
87.614,-8.1784e-08
87.677,-8.1789e-08
87.74,-8.1725e-08
87.804,-8.1818e-08
87.866,-8.159e-08
87.931,-8.1724e-08
87.987,-8.1704e-08
88.052,-8.1744e-08
88.115,-8.1814e-08
88.173,-8.1724e-08
88.236,-8.1741e-08
88.311,-8.1728e-08
88.374,-8.1787e-08
88.438,-8.169e-08
88.502,-8.1677e-08
88.558,-8.1643e-08
88.621,-8.1675e-08
88.685,-8.1733e-08
88.741,-8.1677e-08
88.806,-8.1702e-08
88.869,-8.1794e-08
88.934,-8.1712e-08
89.009,-8.1665e-08
89.071,-8.1599e-08
89.136,-8.1708e-08
89.199,-8.1601e-08
89.256,-8.1515e-08
89.32,-8.1448e-08
89.384,-8.1517e-08
89.441,-8.1549e-08
89.497,-8.1517e-08
89.561,-8.1542e-08
89.625,-8.1452e-08
89.7,-8.1522e-08
89.764,-8.145e-08
89.827,-8.1273e-08
89.892,-8.1414e-08
89.955,-8.1406e-08
90.019,-8.1558e-08
90.075,-8.1459e-08
90.139,-8.1535e-08
90.202,-8.1479e-08
90.26,-8.15e-08
90.323,-8.1433e-08
90.398,-8.157e-08
90.461,-8.1553e-08
90.525,-8.1461e-08
90.589,-8.1455e-08
90.646,-8.1385e-08
90.702,-8.1388e-08
90.76,-8.1553e-08
90.815,-8.1591e-08
90.879,-8.1596e-08
90.942,-8.1497e-08
90.999,-8.1618e-08
91.074,-8.1512e-08
91.138,-8.154e-08
91.193,-8.1631e-08
91.25,-8.1511e-08
91.314,-8.1439e-08
91.378,-8.1568e-08
91.435,-8.1526e-08
91.492,-8.1486e-08
91.548,-8.159e-08
91.611,-8.152e-08
91.669,-8.1543e-08
91.744,-8.1487e-08
91.808,-8.159e-08
91.871,-8.1524e-08
91.927,-8.1403e-08
91.984,-8.1517e-08
92.041,-8.1343e-08
92.104,-8.149e-08
92.167,-8.1355e-08
92.231,-8.127e-08
92.287,-8.1247e-08
92.345,-8.1106e-08
92.419,-8.1221e-08
92.481,-8.1229e-08
92.546,-8.1128e-08
92.609,-8.1129e-08
92.673,-8.1181e-08
92.736,-8.1289e-08
92.792,-8.1257e-08
92.849,-8.1214e-08
92.905,-8.1234e-08
92.961,-8.1306e-08
93.024,-8.1225e-08
93.099,-8.1216e-08
93.161,-8.1189e-08
93.225,-8.1258e-08
93.289,-8.1168e-08
93.346,-8.1177e-08
93.41,-8.1154e-08
93.474,-8.1091e-08
93.537,-8.113e-08
93.595,-8.1152e-08
93.658,-8.1116e-08
93.715,-8.1137e-08
93.783,-8.1222e-08
93.846,-8.1301e-08
93.908,-8.1264e-08
93.973,-8.1127e-08
94.029,-8.1067e-08
94.094,-8.1113e-08
94.157,-8.1184e-08
94.214,-8.1185e-08
94.271,-8.1207e-08
94.328,-8.1049e-08
94.385,-8.1014e-08
94.46,-8.1145e-08
94.523,-8.1183e-08
94.587,-8.1168e-08
94.65,-8.1089e-08
94.708,-8.1001e-08
94.764,-8.0936e-08
94.828,-8.0974e-08
94.892,-8.0958e-08
94.955,-8.1083e-08
95.019,-8.0812e-08
95.082,-8.1006e-08
95.158,-8.0993e-08
95.221,-8.0971e-08
95.278,-8.1058e-08
95.342,-8.1023e-08
95.404,-8.0932e-08
95.469,-8.0823e-08
95.532,-8.0695e-08
95.595,-8.087e-08
95.652,-8.085e-08
95.708,-8.0978e-08
95.771,-8.0985e-08
95.847,-8.089e-08
95.909,-8.0777e-08
95.974,-8.0748e-08
96.037,-8.078e-08
96.101,-8.0827e-08
96.164,-8.0981e-08
96.221,-8.0865e-08
96.285,-8.0874e-08
96.349,-8.0854e-08
96.405,-8.0907e-08
96.47,-8.093e-08
96.545,-8.0862e-08
96.607,-8.0851e-08
96.672,-8.0858e-08
96.735,-8.0874e-08
96.793,-8.0871e-08
96.856,-8.087e-08
96.919,-8.0877e-08
96.977,-8.0866e-08
97.04,-8.084e-08
97.104,-8.0979e-08
97.168,-8.0871e-08
97.244,-8.0869e-08
97.308,-8.0907e-08
97.363,-8.0835e-08
97.427,-8.0859e-08
97.49,-8.0889e-08
97.554,-8.0874e-08
97.618,-8.0983e-08
97.682,-8.0867e-08
97.739,-8.0948e-08
97.803,-8.0826e-08
97.865,-8.079e-08
97.934,-8.0828e-08
97.997,-8.0784e-08
98.054,-8.0718e-08
98.118,-8.0743e-08
98.182,-8.0879e-08
98.239,-8.0697e-08
98.303,-8.0784e-08
98.359,-8.0661e-08
98.424,-8.0698e-08
98.479,-8.0843e-08
98.536,-8.0767e-08
98.612,-8.0673e-08
98.676,-8.0593e-08
98.732,-8.0894e-08
98.797,-8.0771e-08
98.86,-8.0732e-08
98.924,-8.0614e-08
98.987,-8.0633e-08
99.05,-8.0592e-08
99.107,-8.0602e-08
99.163,-8.0557e-08
99.228,-8.0707e-08
99.302,-8.062e-08
99.364,-8.0624e-08
99.429,-8.08e-08
99.492,-8.0568e-08
99.557,-8.0401e-08
99.62,-8.0636e-08
99.678,-8.0678e-08
99.741,-8.044e-08
99.804,-8.0543e-08
99.861,-8.0608e-08
99.925,-8.0672e-08
99.999,-8.0605e-08
100.06,-8.057e-08
100.13,-8.0566e-08
100.19,-8.0627e-08
100.25,-8.0487e-08
100.31,-8.034e-08
100.38,-8.0315e-08
100.43,-8.0429e-08
100.5,-8.0467e-08
100.56,-8.0452e-08
100.62,-8.0404e-08
100.7,-8.0411e-08
100.76,-8.0285e-08
100.83,-8.0333e-08
100.89,-8.0384e-08
100.95,-8.0553e-08
101,-8.0456e-08
101.06,-8.0448e-08
101.12,-8.0354e-08
101.18,-8.0336e-08
101.24,-8.0478e-08
101.3,-8.035e-08
101.38,-8.0258e-08
101.44,-8.0195e-08
101.5,-8.0304e-08
101.55,-8.0315e-08
101.61,-8.0344e-08
101.67,-8.038e-08
101.74,-8.028e-08
101.79,-8.0237e-08
101.85,-8.0203e-08
101.92,-8.021e-08
101.98,-8.0005e-08
102.05,-8.0092e-08
102.12,-8.0128e-08
102.18,-8.0329e-08
102.24,-8.0307e-08
102.31,-8.0259e-08
102.36,-8.0395e-08
102.42,-8.0262e-08
102.49,-8.0163e-08
102.54,-8.0218e-08
102.61,-8.047e-08
102.66,-8.0302e-08
102.74,-8.0298e-08
102.8,-8.0257e-08
102.86,-8.0246e-08
102.92,-8.0221e-08
102.97,-8.0273e-08
103.04,-8.0345e-08
103.1,-8.0362e-08
103.16,-8.0281e-08
103.21,-8.0329e-08
103.28,-8.0256e-08
103.34,-8.035e-08
103.42,-8.022e-08
103.48,-8.0185e-08
103.54,-8.0147e-08
103.61,-8.0107e-08
103.67,-8.0192e-08
103.73,-8.0133e-08
103.78,-8.0092e-08
103.85,-8.0071e-08
103.9,-8.0069e-08
103.97,-8.0043e-08
104.02,-8.004e-08
104.1,-8.0082e-08
104.16,-8.0039e-08
104.23,-8.0147e-08
104.29,-8.0114e-08
104.35,-8.0065e-08
104.41,-7.9879e-08
104.47,-7.9924e-08
104.54,-7.9869e-08
104.59,-8.014e-08
104.66,-8.0165e-08
104.72,-8.0061e-08
104.8,-8.015e-08
104.86,-8.0236e-08
104.92,-8.009e-08
104.99,-7.9996e-08
105.04,-7.9961e-08
105.11,-7.9944e-08
105.16,-7.9894e-08
105.22,-8.0093e-08
105.28,-8.0154e-08
105.35,-8.0115e-08
105.4,-8.0108e-08
105.48,-7.9914e-08
105.54,-7.9975e-08
105.6,-7.981e-08
105.66,-7.9854e-08
105.73,-7.978e-08
105.79,-7.9934e-08
105.85,-7.9958e-08
105.91,-7.9946e-08
105.97,-7.9893e-08
106.03,-7.9909e-08
106.09,-7.9835e-08
106.16,-8.0039e-08
106.23,-7.9956e-08
106.28,-7.9878e-08
106.34,-7.9973e-08
106.4,-7.9875e-08
106.46,-7.9832e-08
106.52,-7.9751e-08
106.58,-7.9846e-08
106.64,-7.9817e-08
106.7,-7.982e-08
106.76,-7.989e-08
106.84,-7.9678e-08
106.9,-7.9803e-08
106.96,-7.9778e-08
107.03,-7.9721e-08
107.09,-7.9783e-08
107.15,-7.9736e-08
107.22,-7.9844e-08
107.27,-7.9598e-08
107.33,-7.9609e-08
107.39,-7.9456e-08
107.45,-7.9639e-08
107.52,-7.9598e-08
107.58,-7.9658e-08
107.64,-7.968e-08
107.71,-7.9712e-08
107.76,-7.9703e-08
107.83,-7.9692e-08
107.89,-7.9578e-08
107.95,-7.9681e-08
108.01,-7.9609e-08
108.07,-7.9641e-08
108.14,-7.9795e-08
108.21,-7.981e-08
108.28,-7.9691e-08
108.34,-7.9698e-08
108.4,-7.9699e-08
108.47,-7.9682e-08
108.53,-7.9623e-08
108.59,-7.9547e-08
108.66,-7.9606e-08
108.72,-7.9757e-08
108.78,-7.956e-08
108.84,-7.9584e-08
108.92,-7.9735e-08
108.98,-7.9588e-08
109.04,-7.9526e-08
109.11,-7.9509e-08
109.17,-7.9433e-08
109.23,-7.9365e-08
109.3,-7.9366e-08
109.36,-7.953e-08
109.41,-7.9377e-08
109.47,-7.9517e-08
109.53,-7.9517e-08
109.6,-7.9374e-08
109.66,-7.9343e-08
109.72,-7.9337e-08
109.79,-7.9434e-08
109.85,-7.9359e-08
109.91,-7.9276e-08
109.97,-7.9357e-08
110.04,-7.9482e-08
110.1,-7.9428e-08
110.16,-7.9359e-08
110.22,-7.9439e-08
110.3,-7.9539e-08
110.36,-7.9367e-08
110.42,-7.9445e-08
110.48,-7.9432e-08
110.54,-7.946e-08
110.6,-7.9329e-08
110.66,-7.9541e-08
110.72,-7.9534e-08
110.79,-7.9542e-08
110.84,-7.9498e-08
110.91,-7.9377e-08
110.98,-7.9385e-08
111.04,-7.9459e-08
111.11,-7.9361e-08
111.17,-7.9409e-08
111.24,-7.9368e-08
111.3,-7.9466e-08
111.36,-7.9435e-08
111.43,-7.95e-08
111.48,-7.9387e-08
111.55,-7.9405e-08
111.61,-7.9409e-08
111.68,-7.9436e-08
111.74,-7.9356e-08
111.81,-7.942e-08
111.87,-7.9406e-08
111.93,-7.9333e-08
111.99,-7.9451e-08
112.05,-7.9433e-08
112.1,-7.9425e-08
112.16,-7.9528e-08
112.22,-7.9348e-08
112.29,-7.9333e-08
112.36,-7.9362e-08
112.42,-7.9401e-08
112.49,-7.935e-08
112.55,-7.9432e-08
112.61,-7.9353e-08
112.67,-7.9509e-08
112.74,-7.9397e-08
112.8,-7.9406e-08
112.86,-7.9349e-08
112.92,-7.932e-08
112.98,-7.9292e-08
113.06,-7.9258e-08
113.12,-7.9265e-08
113.19,-7.9316e-08
113.25,-7.9407e-08
113.31,-7.9286e-08
113.38,-7.9333e-08
113.43,-7.9221e-08
113.49,-7.9344e-08
113.54,-7.9382e-08
113.61,-7.9209e-08
113.67,-7.9211e-08
113.75,-7.9155e-08
113.81,-7.9122e-08
113.87,-7.9249e-08
113.94,-7.9088e-08
114,-7.9131e-08
114.05,-7.9123e-08
114.11,-7.9114e-08
114.17,-7.9169e-08
114.23,-7.9115e-08
114.3,-7.9058e-08
114.36,-7.909e-08
114.43,-7.9262e-08
114.49,-7.9087e-08
114.55,-7.9172e-08
114.61,-7.9167e-08
114.67,-7.9088e-08
114.73,-7.8965e-08
114.79,-7.912e-08
114.85,-7.9029e-08
114.9,-7.9016e-08
114.97,-7.9072e-08
115.03,-7.8973e-08
115.1,-7.9063e-08
115.16,-7.903e-08
115.23,-7.9015e-08
115.29,-7.889e-08
115.35,-7.897e-08
115.4,-7.8946e-08
115.47,-7.9002e-08
115.52,-7.8875e-08
115.59,-7.9026e-08
115.64,-7.9023e-08
115.7,-7.9059e-08
115.77,-7.9131e-08
115.83,-7.898e-08
115.9,-7.8839e-08
115.96,-7.9001e-08
116.02,-7.916e-08
116.09,-7.9005e-08
116.15,-7.9073e-08
116.21,-7.9103e-08
116.26,-7.9046e-08
116.32,-7.899e-08
116.39,-7.8838e-08
116.46,-7.8907e-08
116.52,-7.8909e-08
116.58,-7.8868e-08
116.65,-7.8905e-08
116.71,-7.8887e-08
116.77,-7.8824e-08
116.83,-7.881e-08
116.9,-7.8802e-08
116.95,-7.8766e-08
117.02,-7.8865e-08
117.08,-7.8783e-08
117.16,-7.8614e-08
117.22,-7.8569e-08
117.28,-7.8661e-08
117.34,-7.8631e-08
117.4,-7.8689e-08
117.47,-7.869e-08
117.53,-7.8681e-08
117.59,-7.8645e-08
117.66,-7.8713e-08
117.71,-7.8696e-08
117.77,-7.8661e-08
117.84,-7.8596e-08
117.9,-7.8605e-08
117.96,-7.8605e-08
118.02,-7.8619e-08
118.08,-7.8532e-08
118.14,-7.8602e-08
118.21,-7.8593e-08
118.26,-7.8461e-08
118.33,-7.858e-08
118.39,-7.8497e-08
118.46,-7.8495e-08
118.53,-7.8469e-08
118.6,-7.8494e-08
118.66,-7.8451e-08
118.72,-7.8492e-08
118.77,-7.8444e-08
118.84,-7.8568e-08
118.89,-7.8459e-08
118.96,-7.8431e-08
119.02,-7.8435e-08
119.08,-7.8595e-08
119.14,-7.8366e-08
119.22,-7.8531e-08
119.28,-7.8424e-08
119.34,-7.8381e-08
119.4,-7.8478e-08
119.46,-7.8564e-08
119.53,-7.8491e-08
119.58,-7.8492e-08
119.64,-7.8604e-08
119.7,-7.8475e-08
119.76,-7.8346e-08
119.82,-7.8507e-08
119.89,-7.847e-08
119.96,-7.8404e-08
120.02,-7.8299e-08
120.08,-7.8242e-08
120.14,-7.8335e-08
120.2,-7.8405e-08
120.26,-7.8352e-08
120.32,-7.8314e-08
120.38,-7.8097e-08
120.44,-7.8243e-08
120.49,-7.816e-08
120.56,-7.8254e-08
120.62,-7.8204e-08
120.69,-7.8121e-08
120.75,-7.8185e-08
120.81,-7.8241e-08
120.87,-7.8112e-08
120.93,-7.8084e-08
120.99,-7.8225e-08
121.06,-7.8121e-08
121.12,-7.8094e-08
121.18,-7.8046e-08
121.25,-7.8109e-08
121.32,-7.8223e-08
121.38,-7.8078e-08
121.44,-7.8049e-08
121.5,-7.8171e-08
121.56,-7.81e-08
121.63,-7.8107e-08
121.69,-7.7986e-08
121.75,-7.8082e-08
121.81,-7.8125e-08
121.88,-7.8086e-08
121.95,-7.8008e-08
122.01,-7.806e-08
122.07,-7.8044e-08
122.14,-7.807e-08
122.2,-7.7914e-08
122.26,-7.8038e-08
122.33,-7.7973e-08
122.39,-7.7996e-08
122.45,-7.7879e-08
122.51,-7.7918e-08
122.57,-7.8084e-08
122.64,-7.8117e-08
122.71,-7.7988e-08
122.77,-7.8069e-08
122.83,-7.8114e-08
122.9,-7.8035e-08
122.95,-7.8057e-08
123.01,-7.8097e-08
123.07,-7.8121e-08
123.13,-7.8039e-08
123.2,-7.7979e-08
123.26,-7.7889e-08
123.33,-7.7945e-08
123.4,-7.8092e-08
123.46,-7.8131e-08
123.52,-7.8037e-08
123.58,-7.8042e-08
123.64,-7.8115e-08
123.71,-7.8081e-08
123.76,-7.7957e-08
123.83,-7.7849e-08
123.89,-7.785e-08
123.95,-7.8012e-08
124.02,-7.7994e-08
124.08,-7.7969e-08
124.14,-7.7979e-08
124.21,-7.7958e-08
124.27,-7.7902e-08
124.33,-7.7895e-08
124.4,-7.7923e-08
124.46,-7.7738e-08
124.52,-7.7771e-08
124.58,-7.7825e-08
124.65,-7.7997e-08
124.72,-7.788e-08
124.78,-7.7844e-08
124.85,-7.7929e-08
124.91,-7.7796e-08
124.97,-7.7738e-08
125.04,-7.7723e-08
125.1,-7.7772e-08
125.15,-7.783e-08
125.21,-7.7947e-08
125.27,-7.7747e-08
125.33,-7.7879e-08
125.4,-7.7803e-08
125.47,-7.7682e-08
125.53,-7.7765e-08
125.59,-7.764e-08
125.64,-7.7673e-08
125.7,-7.7586e-08
125.76,-7.7689e-08
125.83,-7.7764e-08
125.89,-7.7709e-08
125.95,-7.7667e-08
126,-7.769e-08
126.07,-7.7865e-08
126.13,-7.7743e-08
126.2,-7.7859e-08
126.26,-7.7641e-08
126.33,-7.7715e-08
126.39,-7.7745e-08
126.45,-7.7748e-08
126.51,-7.7799e-08
126.58,-7.7734e-08
126.63,-7.768e-08
126.7,-7.7726e-08
126.77,-7.7622e-08
126.83,-7.7656e-08
126.9,-7.7565e-08
126.96,-7.7621e-08
127.02,-7.7608e-08
127.08,-7.7578e-08
127.14,-7.7652e-08
127.2,-7.7635e-08
127.26,-7.7698e-08
127.33,-7.7757e-08
127.39,-7.7738e-08
127.46,-7.7687e-08
127.53,-7.7607e-08
127.59,-7.7775e-08
127.66,-7.7602e-08
127.72,-7.7579e-08
127.78,-7.7778e-08
127.84,-7.7679e-08
127.9,-7.769e-08
127.97,-7.7667e-08
128.02,-7.7631e-08
128.09,-7.7606e-08
128.16,-7.7546e-08
128.23,-7.7533e-08
128.29,-7.7625e-08
128.35,-7.7684e-08
128.42,-7.7634e-08
128.48,-7.7763e-08
128.54,-7.7717e-08
128.6,-7.7674e-08
128.66,-7.7526e-08
128.72,-7.7457e-08
128.78,-7.7591e-08
128.86,-7.7516e-08
128.92,-7.7462e-08
128.98,-7.746e-08
129.05,-7.7258e-08
129.11,-7.7221e-08
129.17,-7.7365e-08
129.23,-7.7381e-08
129.29,-7.7327e-08
129.35,-7.7408e-08
129.42,-7.7425e-08
129.48,-7.744e-08
129.56,-7.7475e-08
129.62,-7.7527e-08
129.68,-7.7403e-08
129.74,-7.7435e-08
129.8,-7.7478e-08
129.85,-7.7367e-08
129.92,-7.7521e-08
129.98,-7.7512e-08
130.04,-7.732e-08
130.1,-7.7392e-08
130.16,-7.7281e-08
130.23,-7.7264e-08
130.29,-7.7342e-08
130.35,-7.7449e-08
130.42,-7.7569e-08
130.48,-7.7463e-08
130.54,-7.7482e-08
130.6,-7.74e-08
130.66,-7.7449e-08
130.73,-7.7424e-08
130.79,-7.7485e-08
130.85,-7.7445e-08
130.92,-7.7386e-08
130.99,-7.735e-08
131.05,-7.7503e-08
131.11,-7.7484e-08
131.17,-7.735e-08
131.23,-7.7431e-08
131.3,-7.7261e-08
131.35,-7.7276e-08
131.42,-7.7288e-08
131.48,-7.7264e-08
131.54,-7.7401e-08
131.62,-7.7412e-08
131.68,-7.7306e-08
131.75,-7.7356e-08
131.8,-7.7339e-08
131.86,-7.7447e-08
131.93,-7.7369e-08
131.98,-7.7378e-08
132.05,-7.7425e-08
132.11,-7.7346e-08
132.17,-7.7435e-08
132.23,-7.7242e-08
132.31,-7.7285e-08
132.37,-7.7425e-08
132.43,-7.7312e-08
132.5,-7.7294e-08
132.56,-7.7277e-08
132.62,-7.7147e-08
132.69,-7.7259e-08
132.75,-7.7265e-08
132.81,-7.7224e-08
132.87,-7.7065e-08
132.94,-7.7087e-08
133,-7.7206e-08
133.07,-7.7262e-08
133.12,-7.72e-08
133.19,-7.7345e-08
133.25,-7.7361e-08
133.31,-7.7297e-08
133.37,-7.7272e-08
133.44,-7.7265e-08
133.5,-7.719e-08
133.56,-7.7274e-08
133.62,-7.7296e-08
133.7,-7.7206e-08
133.76,-7.725e-08
133.82,-7.7247e-08
133.88,-7.7227e-08
133.94,-7.7144e-08
134.01,-7.7277e-08
134.06,-7.7189e-08
134.13,-7.7111e-08
134.19,-7.7061e-08
134.26,-7.7139e-08
134.31,-7.7149e-08
134.38,-7.718e-08
134.44,-7.7087e-08
134.51,-7.7037e-08
134.57,-7.6935e-08
134.63,-7.6922e-08
134.7,-7.71e-08
134.76,-7.6982e-08
134.83,-7.692e-08
134.88,-7.694e-08
134.95,-7.7024e-08
135.01,-7.6935e-08
135.08,-7.6934e-08
135.15,-7.6925e-08
135.21,-7.6881e-08
135.27,-7.7075e-08
135.34,-7.6896e-08
135.4,-7.674e-08
135.47,-7.6844e-08
135.52,-7.6925e-08
135.58,-7.6837e-08
135.64,-7.6803e-08
135.7,-7.6886e-08
135.77,-7.7002e-08
135.84,-7.695e-08
135.9,-7.6904e-08
135.96,-7.691e-08
136.02,-7.689e-08
136.09,-7.6864e-08
136.15,-7.683e-08
136.21,-7.6957e-08
136.27,-7.6823e-08
136.33,-7.6829e-08
136.4,-7.6761e-08
136.47,-7.681e-08
136.54,-7.6811e-08
136.6,-7.6782e-08
136.66,-7.6852e-08
136.72,-7.6784e-08
136.78,-7.671e-08
136.84,-7.6742e-08
136.9,-7.6653e-08
136.96,-7.6809e-08
137.02,-7.6816e-08
137.08,-7.6888e-08
137.16,-7.6813e-08
137.22,-7.6826e-08
137.28,-7.6914e-08
137.34,-7.6697e-08
137.4,-7.6901e-08
137.46,-7.6924e-08
137.52,-7.6891e-08
137.58,-7.68e-08
137.65,-7.6772e-08
137.7,-7.674e-08
137.77,-7.6692e-08
137.84,-7.6773e-08
137.91,-7.6754e-08
137.97,-7.6783e-08
138.03,-7.6718e-08
138.09,-7.6717e-08
138.15,-7.6652e-08
138.2,-7.6721e-08
138.27,-7.6735e-08
138.33,-7.683e-08
138.39,-7.6778e-08
138.45,-7.6739e-08
138.52,-7.6636e-08
138.58,-7.6541e-08
138.65,-7.6605e-08
138.71,-7.6547e-08
138.77,-7.6636e-08
138.84,-7.6655e-08
138.9,-7.6566e-08
138.96,-7.6581e-08
139.02,-7.6548e-08
139.09,-7.6539e-08
139.15,-7.6564e-08
139.22,-7.6587e-08
139.29,-7.6516e-08
139.35,-7.6647e-08
139.41,-7.6742e-08
139.48,-7.6676e-08
139.54,-7.6733e-08
139.6,-7.6705e-08
139.65,-7.6643e-08
139.72,-7.6467e-08
139.77,-7.6567e-08
139.84,-7.6408e-08
139.91,-7.648e-08
139.97,-7.6622e-08
140.04,-7.6588e-08
140.1,-7.6703e-08
140.17,-7.672e-08
140.22,-7.6589e-08
140.29,-7.6461e-08
140.35,-7.6476e-08
140.41,-7.6611e-08
140.47,-7.6557e-08
140.53,-7.6675e-08
140.61,-7.6496e-08
140.67,-7.6547e-08
140.74,-7.6632e-08
140.79,-7.6574e-08
140.85,-7.6552e-08
140.91,-7.6696e-08
140.97,-7.6626e-08
141.03,-7.6535e-08
141.09,-7.6637e-08
141.15,-7.6524e-08
141.21,-7.6591e-08
141.28,-7.6521e-08
141.34,-7.6482e-08
141.41,-7.6501e-08
141.47,-7.6601e-08
141.53,-7.6466e-08
141.6,-7.6541e-08
141.66,-7.6546e-08
141.72,-7.6496e-08
141.78,-7.6519e-08
141.85,-7.6514e-08
141.91,-7.628e-08
141.98,-7.6359e-08
142.04,-7.6484e-08
142.11,-7.6449e-08
142.17,-7.6488e-08
142.23,-7.6397e-08
142.28,-7.6404e-08
142.35,-7.6541e-08
142.4,-7.644e-08
142.47,-7.6619e-08
142.53,-7.6526e-08
142.59,-7.6374e-08
142.67,-7.6424e-08
142.73,-7.6465e-08
142.79,-7.6402e-08
142.85,-7.6444e-08
142.91,-7.6333e-08
142.97,-7.6447e-08
143.04,-7.6304e-08
143.1,-7.6345e-08
143.16,-7.6455e-08
143.22,-7.6624e-08
143.28,-7.6492e-08
143.35,-7.6469e-08
143.42,-7.6463e-08
143.48,-7.6295e-08
143.54,-7.6353e-08
143.61,-7.6317e-08
143.67,-7.6342e-08
143.73,-7.6415e-08
143.79,-7.6388e-08
143.86,-7.6344e-08
143.91,-7.6333e-08
143.98,-7.6385e-08
144.05,-7.6382e-08
144.11,-7.6318e-08
144.18,-7.6291e-08
144.24,-7.6329e-08
144.3,-7.6186e-08
144.36,-7.6181e-08
144.41,-7.609e-08
144.47,-7.6103e-08
144.53,-7.6167e-08
144.59,-7.6312e-08
144.65,-7.6108e-08
144.72,-7.6169e-08
144.78,-7.6282e-08
144.85,-7.6246e-08
144.91,-7.6168e-08
144.97,-7.6221e-08
145.04,-7.6157e-08
145.1,-7.613e-08
145.17,-7.5974e-08
145.22,-7.5927e-08
145.29,-7.5961e-08
145.35,-7.6057e-08
145.42,-7.607e-08
145.48,-7.5933e-08
145.54,-7.5922e-08
145.61,-7.5971e-08
145.67,-7.6094e-08
145.74,-7.6131e-08
145.8,-7.599e-08
145.86,-7.6071e-08
145.91,-7.6039e-08
145.97,-7.6115e-08
146.03,-7.6086e-08
146.11,-7.605e-08
146.17,-7.6062e-08
146.24,-7.6139e-08
146.29,-7.6229e-08
146.35,-7.6152e-08
146.41,-7.5899e-08
146.48,-7.6014e-08
146.54,-7.6021e-08
146.6,-7.5906e-08
146.67,-7.5973e-08
146.72,-7.6134e-08
146.79,-7.6019e-08
146.86,-7.5909e-08
146.92,-7.5847e-08
146.98,-7.5978e-08
147.05,-7.5932e-08
147.11,-7.5985e-08
147.17,-7.611e-08
147.23,-7.6071e-08
147.29,-7.6038e-08
147.35,-7.6025e-08
147.41,-7.5926e-08
147.48,-7.5911e-08
147.55,-7.6e-08
147.6,-7.5969e-08
147.67,-7.58e-08
147.73,-7.5849e-08
147.79,-7.5938e-08
147.85,-7.5903e-08
147.91,-7.5866e-08
147.98,-7.586e-08
148.04,-7.5967e-08
148.1,-7.5928e-08
148.17,-7.5819e-08
148.24,-7.5928e-08
148.3,-7.5765e-08
148.36,-7.582e-08
148.41,-7.5845e-08
148.48,-7.5702e-08
148.54,-7.5712e-08
148.61,-7.5601e-08
148.67,-7.5782e-08
148.73,-7.5822e-08
148.79,-7.5769e-08
148.86,-7.5723e-08
148.92,-7.5789e-08
148.99,-7.5766e-08
149.04,-7.5848e-08
149.11,-7.5802e-08
149.17,-7.5695e-08
149.23,-7.5726e-08
149.29,-7.5702e-08
149.36,-7.5706e-08
149.42,-7.5537e-08
149.48,-7.5574e-08
149.55,-7.58e-08
149.61,-7.5831e-08
149.67,-7.5617e-08
149.73,-7.5687e-08
149.79,-7.5757e-08
149.86,-7.5733e-08
149.92,-7.5849e-08
149.98,-7.5791e-08
150.04,-7.5796e-08
150.1,-7.5722e-08
150.17,-7.5751e-08
150.24,-7.5723e-08
150.31,-7.5675e-08
150.36,-7.5701e-08
150.43,-7.5607e-08
150.49,-7.5664e-08
150.55,-7.5621e-08
150.62,-7.5614e-08
150.68,-7.5587e-08
150.74,-7.5691e-08
150.8,-7.5672e-08
150.86,-7.5678e-08
150.93,-7.5596e-08
151,-7.5607e-08
151.05,-7.5502e-08
151.12,-7.5528e-08
151.18,-7.5641e-08
151.24,-7.5727e-08
151.29,-7.5706e-08
151.36,-7.5624e-08
151.42,-7.5472e-08
151.49,-7.5608e-08
151.55,-7.5424e-08
151.62,-7.5535e-08
151.69,-7.5614e-08
151.75,-7.5603e-08
151.81,-7.5595e-08
151.87,-7.5636e-08
151.93,-7.5487e-08
151.99,-7.5505e-08
152.05,-7.5417e-08
152.11,-7.5544e-08
152.17,-7.5523e-08
152.23,-7.5444e-08
152.29,-7.5355e-08
152.36,-7.5394e-08
152.42,-7.5345e-08
152.49,-7.5504e-08
152.55,-7.5314e-08
152.61,-7.5444e-08
152.67,-7.5417e-08
152.73,-7.546e-08
152.79,-7.5369e-08
152.85,-7.5502e-08
152.91,-7.5522e-08
152.99,-7.5528e-08
153.05,-7.5419e-08
153.11,-7.5398e-08
153.17,-7.5354e-08
153.23,-7.5276e-08
153.28,-7.5383e-08
153.35,-7.5394e-08
153.41,-7.5417e-08
153.47,-7.5352e-08
153.54,-7.548e-08
153.6,-7.5434e-08
153.68,-7.5342e-08
153.74,-7.5301e-08
153.8,-7.5258e-08
153.87,-7.52e-08
153.93,-7.531e-08
154,-7.5203e-08
154.06,-7.5182e-08
154.12,-7.5278e-08
154.19,-7.5323e-08
154.24,-7.5363e-08
154.3,-7.5192e-08
154.38,-7.5251e-08
154.44,-7.5279e-08
154.5,-7.5373e-08
154.57,-7.5354e-08
154.63,-7.5207e-08
154.69,-7.5414e-08
154.76,-7.5412e-08
154.81,-7.544e-08
154.87,-7.5217e-08
154.93,-7.5315e-08
154.99,-7.5354e-08
155.06,-7.539e-08
155.12,-7.5379e-08
155.19,-7.5328e-08
155.25,-7.534e-08
155.3,-7.5312e-08
155.37,-7.5268e-08
155.43,-7.5201e-08
155.49,-7.5429e-08
155.56,-7.5375e-08
155.62,-7.538e-08
155.68,-7.5292e-08
155.74,-7.5248e-08
155.81,-7.5237e-08
155.87,-7.5221e-08
155.94,-7.5229e-08
156,-7.5246e-08
156.06,-7.5104e-08
156.12,-7.5233e-08
156.19,-7.5017e-08
156.25,-7.5094e-08
156.3,-7.5125e-08
156.37,-7.5026e-08
156.44,-7.5148e-08
156.51,-7.5157e-08
156.56,-7.504e-08
156.63,-7.5172e-08
156.69,-7.5216e-08
156.75,-7.5301e-08
156.81,-7.5303e-08
156.87,-7.5217e-08
156.93,-7.5338e-08
157,-7.525e-08
157.06,-7.5302e-08
157.13,-7.5246e-08
157.2,-7.5223e-08
157.26,-7.5206e-08
157.32,-7.5199e-08
157.38,-7.5133e-08
157.44,-7.5255e-08
157.5,-7.5255e-08
157.57,-7.5255e-08
157.63,-7.526e-08
157.69,-7.5238e-08
157.75,-7.51e-08
157.82,-7.5197e-08
157.88,-7.514e-08
157.95,-7.5142e-08
158.01,-7.521e-08
158.07,-7.5191e-08
158.13,-7.5313e-08
158.19,-7.5326e-08
158.24,-7.5274e-08
158.31,-7.5176e-08
158.36,-7.5092e-08
158.42,-7.5048e-08
158.49,-7.4995e-08
158.56,-7.4938e-08
158.62,-7.5091e-08
158.69,-7.5183e-08
158.74,-7.5088e-08
158.81,-7.4966e-08
158.87,-7.4999e-08
158.93,-7.4891e-08
158.99,-7.5056e-08
159.05,-7.5045e-08
159.12,-7.507e-08
159.19,-7.4976e-08
159.26,-7.5057e-08
159.32,-7.5055e-08
159.38,-7.5067e-08
159.45,-7.5001e-08
159.51,-7.4959e-08
159.57,-7.491e-08
159.64,-7.509e-08
159.7,-7.5056e-08
159.76,-7.4938e-08
159.82,-7.4951e-08
159.89,-7.4965e-08
159.95,-7.4869e-08
160.02,-7.4916e-08
160.08,-7.4939e-08
160.14,-7.4959e-08
160.21,-7.5062e-08
160.27,-7.5039e-08
160.33,-7.5036e-08
160.38,-7.5073e-08
160.45,-7.5033e-08
160.51,-7.4955e-08
160.59,-7.5068e-08
160.65,-7.4964e-08
160.71,-7.4935e-08
160.78,-7.4809e-08
160.84,-7.5024e-08
160.91,-7.4967e-08
160.97,-7.4868e-08
161.03,-7.4942e-08
161.09,-7.4943e-08
161.15,-7.4877e-08
161.22,-7.4838e-08
161.29,-7.4982e-08
161.35,-7.492e-08
161.42,-7.4935e-08
161.48,-7.4982e-08
161.53,-7.5009e-08
161.6,-7.4989e-08
161.66,-7.4832e-08
161.72,-7.4813e-08
161.79,-7.4994e-08
161.85,-7.4881e-08
161.91,-7.495e-08
161.97,-7.4903e-08
162.04,-7.497e-08
162.1,-7.4818e-08
162.16,-7.4798e-08
162.23,-7.4815e-08
162.29,-7.4743e-08
162.35,-7.4849e-08
162.42,-7.4813e-08
162.48,-7.4842e-08
162.53,-7.4757e-08
162.59,-7.484e-08
162.66,-7.4925e-08
162.72,-7.5003e-08
162.78,-7.5007e-08
162.85,-7.497e-08
162.91,-7.4851e-08
162.96,-7.4792e-08
163.03,-7.4776e-08
163.09,-7.468e-08
163.15,-7.4701e-08
163.22,-7.4756e-08
163.28,-7.4798e-08
163.36,-7.4726e-08
163.42,-7.4801e-08
163.48,-7.4703e-08
163.55,-7.4799e-08
163.61,-7.473e-08
163.67,-7.4711e-08
163.74,-7.4783e-08
163.8,-7.476e-08
163.87,-7.4698e-08
163.92,-7.4849e-08
163.98,-7.4804e-08
164.05,-7.4665e-08
164.12,-7.4823e-08
164.18,-7.4745e-08
164.25,-7.4662e-08
164.31,-7.4637e-08
164.37,-7.4749e-08
164.44,-7.471e-08
164.49,-7.4708e-08
164.55,-7.4655e-08
164.62,-7.4762e-08
164.67,-7.4544e-08
164.75,-7.468e-08
164.81,-7.4603e-08
164.88,-7.4673e-08
164.94,-7.4706e-08
165,-7.4666e-08
165.06,-7.4683e-08
165.12,-7.4601e-08
165.17,-7.4694e-08
165.23,-7.4624e-08
165.3,-7.4563e-08
165.36,-7.4631e-08
165.44,-7.464e-08
165.5,-7.4501e-08
165.56,-7.4511e-08
165.62,-7.4543e-08
165.68,-7.4505e-08
165.74,-7.4371e-08
165.8,-7.4382e-08
165.86,-7.4408e-08
165.92,-7.4409e-08
165.98,-7.4465e-08
166.04,-7.4461e-08
166.12,-7.458e-08
166.18,-7.4464e-08
166.24,-7.4506e-08
166.31,-7.4641e-08
166.37,-7.4598e-08
166.43,-7.46e-08
166.49,-7.4505e-08
166.55,-7.4581e-08
166.61,-7.4442e-08
166.68,-7.4426e-08
166.74,-7.4476e-08
166.81,-7.4612e-08
166.88,-7.4622e-08
166.94,-7.4606e-08
167,-7.4556e-08
167.06,-7.4505e-08
167.13,-7.4408e-08
167.19,-7.4487e-08
167.25,-7.4521e-08
167.32,-7.4363e-08
167.38,-7.4342e-08
167.44,-7.4462e-08
167.52,-7.4323e-08
167.58,-7.4247e-08
167.65,-7.4409e-08
167.7,-7.4374e-08
167.77,-7.4587e-08
167.83,-7.4409e-08
167.89,-7.4408e-08
167.95,-7.4307e-08
168.01,-7.4353e-08
168.08,-7.4462e-08
168.14,-7.4335e-08
168.21,-7.4381e-08
168.27,-7.4339e-08
168.33,-7.4459e-08
168.39,-7.4453e-08
168.45,-7.4446e-08
168.51,-7.4461e-08
168.57,-7.4438e-08
168.64,-7.4384e-08
168.7,-7.4455e-08
168.76,-7.4404e-08
168.82,-7.4469e-08
168.9,-7.4441e-08
168.96,-7.4341e-08
169.02,-7.4391e-08
169.09,-7.4342e-08
169.14,-7.4364e-08
169.21,-7.4429e-08
169.27,-7.4402e-08
169.33,-7.4312e-08
169.39,-7.4275e-08
169.45,-7.4207e-08
169.51,-7.4314e-08
169.59,-7.4251e-08
169.65,-7.414e-08
169.71,-7.4171e-08
169.77,-7.4216e-08
169.84,-7.4137e-08
169.9,-7.4015e-08
169.96,-7.4069e-08
170.02,-7.4168e-08
170.08,-7.4146e-08
170.14,-7.4006e-08
170.21,-7.4085e-08
170.28,-7.4126e-08
170.34,-7.417e-08
170.39,-7.4268e-08
170.46,-7.4162e-08
170.52,-7.4186e-08
170.58,-7.4181e-08
170.64,-7.4201e-08
170.71,-7.4195e-08
170.77,-7.4305e-08
170.83,-7.4082e-08
170.89,-7.4124e-08
170.96,-7.4094e-08
171.03,-7.4194e-08
171.09,-7.42e-08
171.15,-7.4194e-08
171.21,-7.4133e-08
171.28,-7.426e-08
171.34,-7.4249e-08
171.4,-7.4172e-08
171.46,-7.4141e-08
171.52,-7.4204e-08
171.58,-7.4341e-08
171.65,-7.4237e-08
171.71,-7.4128e-08
171.78,-7.403e-08
171.84,-7.3985e-08
171.9,-7.3948e-08
171.97,-7.3967e-08
172.03,-7.398e-08
172.09,-7.4063e-08
172.15,-7.3992e-08
172.21,-7.4108e-08
172.28,-7.4123e-08
172.35,-7.4052e-08
172.41,-7.4114e-08
172.47,-7.3986e-08
172.53,-7.4086e-08
172.59,-7.4008e-08
172.65,-7.4054e-08
172.71,-7.3973e-08
172.78,-7.4022e-08
172.83,-7.409e-08
172.9,-7.407e-08
172.96,-7.4016e-08
173.04,-7.3978e-08
173.1,-7.4052e-08
173.16,-7.4117e-08
173.22,-7.4171e-08
173.28,-7.4172e-08
173.33,-7.406e-08
173.4,-7.401e-08
173.46,-7.4095e-08
173.53,-7.4126e-08
173.58,-7.4067e-08
173.65,-7.4088e-08
173.72,-7.407e-08
173.78,-7.3999e-08
173.85,-7.4076e-08
173.91,-7.4095e-08
173.98,-7.3952e-08
174.04,-7.4032e-08
174.1,-7.3959e-08
174.17,-7.393e-08
174.22,-7.4021e-08
174.29,-7.4038e-08
174.35,-7.4029e-08
174.43,-7.4102e-08
174.49,-7.3922e-08
174.55,-7.3932e-08
174.62,-7.3853e-08
174.68,-7.3976e-08
174.75,-7.4049e-08
174.8,-7.3827e-08
174.86,-7.3814e-08
174.92,-7.3845e-08
174.98,-7.3894e-08
175.04,-7.3942e-08
175.12,-7.3914e-08
175.18,-7.389e-08
175.25,-7.3964e-08
175.31,-7.3836e-08
175.37,-7.3864e-08
175.43,-7.3846e-08
175.49,-7.3849e-08
175.55,-7.3817e-08
175.61,-7.3923e-08
175.67,-7.3787e-08
175.74,-7.3765e-08
175.81,-7.3759e-08
175.88,-7.3747e-08
175.94,-7.3722e-08
176,-7.3705e-08
176.07,-7.3773e-08
176.12,-7.3821e-08
176.19,-7.3843e-08
176.25,-7.3855e-08
176.31,-7.389e-08
176.37,-7.3783e-08
176.44,-7.3805e-08
176.5,-7.3672e-08
176.57,-7.3867e-08
176.62,-7.3774e-08
176.69,-7.3748e-08
176.75,-7.3741e-08
176.81,-7.3708e-08
176.87,-7.3836e-08
176.93,-7.3803e-08
176.99,-7.382e-08
177.06,-7.3775e-08
177.12,-7.3824e-08
177.19,-7.3612e-08
177.26,-7.3766e-08
177.32,-7.376e-08
177.38,-7.3815e-08
177.44,-7.3827e-08
177.5,-7.3759e-08
177.56,-7.3688e-08
177.63,-7.368e-08
177.69,-7.3696e-08
177.75,-7.3705e-08
177.82,-7.3865e-08
177.89,-7.3739e-08
177.96,-7.3797e-08
178.02,-7.3909e-08
178.08,-7.3897e-08
178.15,-7.3804e-08
178.2,-7.3819e-08
178.27,-7.3875e-08
178.33,-7.3822e-08
178.39,-7.3812e-08
178.45,-7.3805e-08
178.51,-7.374e-08
178.58,-7.3782e-08
178.65,-7.3722e-08
178.71,-7.3769e-08
178.77,-7.3737e-08
178.84,-7.3758e-08
178.9,-7.3724e-08
178.96,-7.3747e-08
179.02,-7.3834e-08
179.09,-7.3713e-08
179.15,-7.3867e-08
179.21,-7.3757e-08
179.28,-7.378e-08
179.34,-7.379e-08
179.41,-7.3641e-08
179.47,-7.3723e-08
179.53,-7.3733e-08
179.59,-7.3658e-08
179.65,-7.3741e-08
179.72,-7.3674e-08
179.77,-7.3573e-08
179.84,-7.3619e-08
179.9,-7.3754e-08
179.98,-7.376e-08
180.04,-7.3732e-08
180.1,-7.3662e-08
180.16,-7.3605e-08
180.22,-7.3725e-08
180.29,-7.3575e-08
180.35,-7.3548e-08
180.41,-7.3539e-08
180.47,-7.3649e-08
180.53,-7.3509e-08
180.6,-7.3691e-08
180.66,-7.3668e-08
180.73,-7.3657e-08
180.79,-7.3694e-08
180.85,-7.3655e-08
180.92,-7.3603e-08
180.97,-7.3662e-08
181.03,-7.3662e-08
181.09,-7.3655e-08
181.15,-7.3539e-08
181.21,-7.3619e-08
181.27,-7.3559e-08
181.35,-7.3657e-08
181.41,-7.3603e-08
181.47,-7.355e-08
181.53,-7.3497e-08
181.59,-7.3529e-08
181.65,-7.3489e-08
181.71,-7.3607e-08
181.77,-7.3373e-08
181.84,-7.3433e-08
181.89,-7.3405e-08
181.95,-7.3427e-08
182.03,-7.3485e-08
182.09,-7.3406e-08
182.16,-7.3468e-08
182.22,-7.3467e-08
182.28,-7.3463e-08
182.35,-7.3395e-08
182.41,-7.3486e-08
182.47,-7.334e-08
182.53,-7.3415e-08
182.58,-7.3407e-08
182.64,-7.3311e-08
182.71,-7.3359e-08
182.78,-7.3473e-08
182.84,-7.3464e-08
182.9,-7.3436e-08
182.96,-7.3511e-08
183.02,-7.358e-08
183.09,-7.3363e-08
183.15,-7.3365e-08
183.21,-7.3374e-08
183.27,-7.3467e-08
183.34,-7.3467e-08
183.41,-7.3513e-08
183.48,-7.3477e-08
183.53,-7.3496e-08
183.6,-7.35e-08
183.66,-7.3475e-08
183.72,-7.3437e-08
183.79,-7.3507e-08
183.85,-7.3535e-08
183.9,-7.349e-08
183.96,-7.346e-08
184.02,-7.3275e-08
184.09,-7.3194e-08
184.15,-7.3385e-08
184.22,-7.3244e-08
184.28,-7.3441e-08
184.34,-7.345e-08
184.39,-7.3349e-08
184.45,-7.3298e-08
184.51,-7.3264e-08
184.58,-7.3326e-08
184.64,-7.332e-08
184.7,-7.3286e-08
184.77,-7.3302e-08
184.84,-7.3344e-08
184.89,-7.3325e-08
184.95,-7.3337e-08
185.01,-7.3128e-08
185.08,-7.314e-08
185.14,-7.3234e-08
185.19,-7.333e-08
185.25,-7.3226e-08
185.31,-7.3315e-08
185.37,-7.3252e-08
185.44,-7.3303e-08
185.51,-7.3372e-08
185.57,-7.3171e-08
185.63,-7.3197e-08
185.68,-7.3218e-08
185.75,-7.3193e-08
185.8,-7.3222e-08
185.87,-7.3271e-08
185.92,-7.3328e-08
185.98,-7.3107e-08
186.04,-7.3114e-08
186.11,-7.32e-08
186.18,-7.3256e-08
186.24,-7.3199e-08
186.3,-7.3152e-08
186.37,-7.3056e-08
186.43,-7.3067e-08
186.49,-7.3111e-08
186.55,-7.3075e-08
186.61,-7.2975e-08
186.67,-7.31e-08
186.73,-7.3136e-08
186.81,-7.3074e-08
186.87,-7.3095e-08
186.94,-7.3097e-08
187,-7.3099e-08
187.06,-7.3135e-08
187.12,-7.3059e-08
187.18,-7.3022e-08
187.24,-7.3082e-08
187.3,-7.3093e-08
187.37,-7.3115e-08
187.43,-7.3138e-08
187.51,-7.3333e-08
187.57,-7.3321e-08
187.63,-7.3281e-08
187.69,-7.3204e-08
187.75,-7.3139e-08
187.81,-7.3204e-08
187.87,-7.3183e-08
187.93,-7.3009e-08
187.99,-7.3111e-08
188.06,-7.2972e-08
188.12,-7.2927e-08
188.19,-7.3025e-08
188.25,-7.2954e-08
188.32,-7.3073e-08
188.38,-7.299e-08
188.44,-7.3003e-08
188.5,-7.2976e-08
188.56,-7.3052e-08
188.63,-7.3037e-08
188.68,-7.3033e-08
188.75,-7.2977e-08
188.81,-7.302e-08
188.89,-7.3172e-08
188.95,-7.3047e-08
189.01,-7.2962e-08
189.07,-7.2958e-08
189.13,-7.2944e-08
189.2,-7.3004e-08
189.26,-7.2911e-08
189.32,-7.289e-08
189.38,-7.2836e-08
189.45,-7.2832e-08
189.5,-7.2919e-08
189.58,-7.2959e-08
189.64,-7.2966e-08
189.7,-7.3053e-08
189.75,-7.3062e-08
189.82,-7.2902e-08
189.88,-7.294e-08
189.94,-7.3083e-08
190,-7.3048e-08
190.06,-7.3074e-08
190.13,-7.297e-08
190.19,-7.2977e-08
190.26,-7.2889e-08
190.32,-7.2944e-08
190.38,-7.2827e-08
190.44,-7.3003e-08
190.5,-7.2881e-08
190.56,-7.3022e-08
190.63,-7.2992e-08
190.68,-7.2973e-08
190.75,-7.2801e-08
190.81,-7.2783e-08
190.87,-7.2973e-08
190.95,-7.2838e-08
191.01,-7.2848e-08
191.08,-7.2833e-08
191.14,-7.2899e-08
191.2,-7.2903e-08
191.26,-7.2742e-08
191.32,-7.2685e-08
191.39,-7.2816e-08
191.45,-7.2816e-08
191.51,-7.2879e-08
191.57,-7.2927e-08
191.65,-7.2883e-08
191.71,-7.2876e-08
191.77,-7.2811e-08
191.84,-7.2728e-08
191.9,-7.2749e-08
191.96,-7.2732e-08
192.03,-7.2715e-08
192.09,-7.2731e-08
192.14,-7.2816e-08
192.21,-7.2812e-08
192.27,-7.2869e-08
192.34,-7.2879e-08
192.41,-7.2905e-08
192.47,-7.3014e-08
192.53,-7.2984e-08
192.6,-7.2868e-08
192.65,-7.2876e-08
192.72,-7.2812e-08
192.78,-7.2816e-08
192.84,-7.2748e-08
192.9,-7.2744e-08
192.96,-7.2865e-08
193.04,-7.2903e-08
193.1,-7.2749e-08
193.17,-7.2842e-08
193.23,-7.2874e-08
193.29,-7.2806e-08
193.35,-7.2713e-08
193.41,-7.274e-08
193.48,-7.2751e-08
193.54,-7.2696e-08
193.61,-7.2618e-08
193.67,-7.2617e-08
193.74,-7.2644e-08
193.81,-7.2812e-08
193.86,-7.276e-08
193.93,-7.273e-08
193.99,-7.2741e-08
194.06,-7.2723e-08
194.12,-7.2676e-08
194.18,-7.2548e-08
194.24,-7.2672e-08
194.3,-7.2686e-08
194.37,-7.2701e-08
194.44,-7.269e-08
194.5,-7.2676e-08
194.57,-7.2631e-08
194.63,-7.2639e-08
194.7,-7.2695e-08
194.76,-7.2668e-08
194.82,-7.27e-08
194.87,-7.257e-08
194.93,-7.2666e-08
194.99,-7.2607e-08
195.05,-7.2654e-08
195.12,-7.2598e-08
195.19,-7.258e-08
195.25,-7.2648e-08
195.31,-7.2676e-08
195.37,-7.2735e-08
195.43,-7.2733e-08
195.5,-7.2626e-08
195.55,-7.273e-08
195.62,-7.2685e-08
195.68,-7.2749e-08
195.74,-7.2636e-08
195.82,-7.2614e-08
195.88,-7.2581e-08
195.94,-7.2573e-08
196,-7.2498e-08
196.07,-7.2564e-08
196.13,-7.2481e-08
196.19,-7.2547e-08
196.26,-7.2528e-08
196.31,-7.2491e-08
196.38,-7.2612e-08
196.44,-7.261e-08
196.51,-7.2718e-08
196.57,-7.2617e-08
196.64,-7.2605e-08
196.7,-7.2635e-08
196.76,-7.2731e-08
196.82,-7.2499e-08
196.88,-7.2581e-08
196.94,-7.2536e-08
197,-7.2714e-08
197.07,-7.2687e-08
197.12,-7.2591e-08
197.2,-7.2566e-08
197.26,-7.2606e-08
197.33,-7.2694e-08
197.38,-7.2617e-08
197.44,-7.2647e-08
197.5,-7.2458e-08
197.56,-7.2528e-08
197.62,-7.2603e-08
197.69,-7.2629e-08
197.74,-7.2658e-08
197.81,-7.2555e-08
197.88,-7.2529e-08
197.95,-7.2542e-08
198.01,-7.2345e-08
198.07,-7.2389e-08
198.14,-7.2562e-08
198.2,-7.2543e-08
198.26,-7.2632e-08
198.33,-7.2536e-08
198.38,-7.2477e-08
198.45,-7.236e-08
198.51,-7.2344e-08
198.59,-7.2414e-08
198.65,-7.248e-08
198.71,-7.2462e-08
198.77,-7.2483e-08
198.84,-7.2334e-08
198.9,-7.241e-08
198.96,-7.2372e-08
199.02,-7.232e-08
199.09,-7.2365e-08
199.14,-7.2372e-08
199.21,-7.2335e-08
199.28,-7.2258e-08
199.35,-7.2273e-08
199.41,-7.2263e-08
199.47,-7.2302e-08
199.54,-7.2361e-08
199.59,-7.2392e-08
199.66,-7.2334e-08
199.72,-7.2385e-08
199.79,-7.2333e-08
199.84,-7.2276e-08
199.91,-7.2384e-08
199.98,-7.2325e-08
200.04,-7.2384e-08
200.11,-7.2238e-08
200.17,-7.2323e-08
200.23,-7.2262e-08
200.29,-7.2257e-08
200.35,-7.2257e-08
200.41,-7.2223e-08
200.48,-7.2109e-08
200.54,-7.209e-08
200.6,-7.2183e-08
200.67,-7.2103e-08
200.74,-7.2086e-08
200.8,-7.2132e-08
200.86,-7.2154e-08
200.93,-7.2196e-08
200.98,-7.2191e-08
201.05,-7.2146e-08
201.11,-7.2137e-08
201.17,-7.2219e-08
201.23,-7.2121e-08
201.29,-7.22e-08
201.36,-7.2188e-08
201.43,-7.2133e-08
201.48,-7.2104e-08
201.54,-7.2102e-08
201.6,-7.2144e-08
201.66,-7.215e-08
201.72,-7.2154e-08
201.78,-7.2015e-08
201.85,-7.2165e-08
201.91,-7.2172e-08
201.97,-7.2144e-08
202.05,-7.2107e-08
202.11,-7.2153e-08
202.18,-7.2155e-08
202.23,-7.2272e-08
202.3,-7.2198e-08
202.35,-7.2203e-08
202.41,-7.2109e-08
202.47,-7.2216e-08
202.54,-7.2127e-08
202.59,-7.212e-08
202.65,-7.209e-08
202.73,-7.211e-08
202.79,-7.2184e-08
202.85,-7.2177e-08
202.92,-7.2169e-08
202.98,-7.2073e-08
203.04,-7.2172e-08
203.11,-7.1977e-08
203.16,-7.2016e-08
203.23,-7.2198e-08
203.29,-7.2081e-08
203.35,-7.2049e-08
203.42,-7.2114e-08
203.49,-7.209e-08
203.54,-7.2121e-08
203.61,-7.2101e-08
203.67,-7.2091e-08
203.73,-7.2088e-08
203.79,-7.2113e-08
203.85,-7.2009e-08
203.91,-7.1926e-08
203.98,-7.2009e-08
204.04,-7.1988e-08
204.12,-7.2046e-08
204.18,-7.2119e-08
204.24,-7.2084e-08
204.3,-7.2008e-08
204.36,-7.2047e-08
204.42,-7.2009e-08
204.48,-7.2068e-08
204.53,-7.1832e-08
204.6,-7.2063e-08
204.65,-7.2038e-08
204.71,-7.2006e-08
204.79,-7.2056e-08
204.85,-7.2135e-08
204.91,-7.1984e-08
204.98,-7.1937e-08
205.04,-7.196e-08
205.1,-7.2035e-08
205.16,-7.1832e-08
205.22,-7.1893e-08
205.29,-7.1846e-08
205.35,-7.1875e-08
205.41,-7.1839e-08
205.48,-7.1974e-08
205.54,-7.2026e-08
205.6,-7.2092e-08
205.66,-7.1937e-08
205.72,-7.1988e-08
205.78,-7.2078e-08
205.84,-7.1971e-08
205.91,-7.1847e-08
205.97,-7.1968e-08
206.03,-7.189e-08
206.08,-7.2007e-08
206.16,-7.2096e-08
206.22,-7.1894e-08
206.28,-7.2019e-08
206.34,-7.1973e-08
206.41,-7.1941e-08
206.47,-7.1925e-08
206.53,-7.1911e-08
206.59,-7.1857e-08
206.65,-7.1864e-08
206.71,-7.186e-08
206.77,-7.2029e-08
206.85,-7.1887e-08
206.91,-7.1911e-08
206.98,-7.1844e-08
207.04,-7.1931e-08
207.1,-7.1826e-08
207.16,-7.1809e-08
207.22,-7.1829e-08
207.28,-7.1729e-08
207.34,-7.1739e-08
207.4,-7.172e-08
207.46,-7.1843e-08
207.54,-7.1683e-08
207.6,-7.1665e-08
207.66,-7.1626e-08
207.73,-7.1704e-08
207.79,-7.1643e-08
207.84,-7.1632e-08
207.9,-7.177e-08
207.96,-7.174e-08
208.03,-7.1788e-08
208.08,-7.1825e-08
208.14,-7.1717e-08
208.22,-7.1705e-08
208.28,-7.1703e-08
208.34,-7.1769e-08
208.41,-7.1692e-08
208.47,-7.1657e-08
208.53,-7.1707e-08
208.6,-7.1719e-08
208.66,-7.1611e-08
208.72,-7.16e-08
208.77,-7.1585e-08
208.84,-7.1644e-08
208.91,-7.1642e-08
208.98,-7.1583e-08
209.04,-7.1592e-08
209.1,-7.1654e-08
209.17,-7.1698e-08
209.23,-7.1664e-08
209.29,-7.1589e-08
209.35,-7.16e-08
209.42,-7.159e-08
209.48,-7.1667e-08
209.54,-7.1814e-08
209.61,-7.1741e-08
209.67,-7.1701e-08
209.74,-7.1667e-08
209.8,-7.1711e-08
209.86,-7.1783e-08
209.92,-7.1565e-08
209.99,-7.162e-08
210.04,-7.1702e-08
210.11,-7.1606e-08
210.17,-7.1723e-08
210.23,-7.1654e-08
210.31,-7.1717e-08
210.37,-7.1873e-08
210.44,-7.1801e-08
210.5,-7.1756e-08
210.56,-7.1836e-08
210.62,-7.1753e-08
210.69,-7.1619e-08
210.75,-7.1654e-08
210.81,-7.1648e-08
210.86,-7.1673e-08
210.93,-7.1713e-08
211,-7.1691e-08
211.06,-7.1673e-08
211.13,-7.1567e-08
211.19,-7.1635e-08
211.26,-7.1584e-08
211.31,-7.1707e-08
211.37,-7.1663e-08
211.43,-7.1583e-08
211.5,-7.163e-08
211.55,-7.1539e-08
211.62,-7.1639e-08
211.69,-7.1558e-08
211.75,-7.1674e-08
211.82,-7.1456e-08
211.88,-7.1555e-08
211.93,-7.1497e-08
212,-7.1431e-08
212.06,-7.1434e-08
212.12,-7.1452e-08
212.19,-7.1477e-08
212.25,-7.1447e-08
212.31,-7.1608e-08
212.37,-7.1629e-08
212.44,-7.1516e-08
212.5,-7.1527e-08
212.56,-7.1528e-08
212.63,-7.1459e-08
212.69,-7.156e-08
212.75,-7.1453e-08
212.82,-7.1544e-08
212.87,-7.1493e-08
212.93,-7.1394e-08
213,-7.1528e-08
213.07,-7.1445e-08
213.13,-7.1384e-08
213.2,-7.1543e-08
213.26,-7.159e-08
213.33,-7.1449e-08
213.38,-7.1501e-08
213.44,-7.1499e-08
213.5,-7.1507e-08
213.56,-7.1487e-08
213.62,-7.1541e-08
213.69,-7.1587e-08
213.76,-7.1448e-08
213.82,-7.1572e-08
213.89,-7.1435e-08
213.94,-7.146e-08
214,-7.1313e-08
214.06,-7.1435e-08
214.13,-7.1468e-08
214.18,-7.1692e-08
214.25,-7.1575e-08
214.3,-7.1451e-08
214.36,-7.1567e-08
214.44,-7.1546e-08
214.5,-7.1603e-08
214.56,-7.1683e-08
214.63,-7.1511e-08
214.69,-7.1569e-08
214.75,-7.1613e-08
214.82,-7.1497e-08
214.88,-7.1542e-08
214.94,-7.1449e-08
215,-7.1383e-08
215.06,-7.1424e-08
215.13,-7.1522e-08
215.2,-7.1573e-08
215.25,-7.1422e-08
215.32,-7.1415e-08
215.37,-7.1352e-08
215.43,-7.1386e-08
215.5,-7.122e-08
215.56,-7.1385e-08
215.62,-7.1386e-08
215.69,-7.1466e-08
215.75,-7.14e-08
215.83,-7.1444e-08
215.89,-7.1429e-08
215.95,-7.1339e-08
216.02,-7.1606e-08
216.08,-7.1325e-08
216.14,-7.1289e-08
216.21,-7.1415e-08
216.27,-7.1465e-08
216.33,-7.1431e-08
216.39,-7.1306e-08
216.45,-7.1272e-08
216.52,-7.1325e-08
216.59,-7.1419e-08
216.65,-7.1331e-08
216.71,-7.1214e-08
216.78,-7.1345e-08
216.84,-7.1411e-08
216.91,-7.1355e-08
216.96,-7.127e-08
217.03,-7.1296e-08
217.09,-7.1295e-08
217.15,-7.1299e-08
217.22,-7.1156e-08
217.28,-7.1332e-08
217.35,-7.1333e-08
217.41,-7.1419e-08
217.48,-7.1446e-08
217.53,-7.1277e-08
217.59,-7.1436e-08
217.65,-7.1452e-08
217.72,-7.1357e-08
217.77,-7.1425e-08
217.84,-7.1323e-08
217.91,-7.1373e-08
217.98,-7.1432e-08
218.03,-7.1291e-08
218.1,-7.1265e-08
218.15,-7.1424e-08
218.22,-7.1275e-08
218.28,-7.1464e-08
218.34,-7.1418e-08
218.41,-7.1535e-08
218.46,-7.1493e-08
218.52,-7.1412e-08
218.6,-7.1493e-08
218.66,-7.144e-08
218.72,-7.1101e-08
218.79,-7.1296e-08
218.85,-7.131e-08
218.91,-7.1286e-08
218.97,-7.1166e-08
219.03,-7.122e-08
219.09,-7.127e-08
219.15,-7.1357e-08
219.21,-7.1204e-08
219.29,-7.1096e-08
219.35,-7.1228e-08
219.41,-7.122e-08
219.48,-7.135e-08
219.54,-7.1401e-08
219.59,-7.1336e-08
219.66,-7.1297e-08
219.72,-7.1151e-08
219.78,-7.1287e-08
219.85,-7.1281e-08
219.91,-7.12e-08
219.99,-7.1192e-08
220.05,-7.1226e-08
220.11,-7.1228e-08
220.17,-7.1268e-08
220.23,-7.1275e-08
220.3,-7.1364e-08
220.36,-7.1391e-08
220.42,-7.1284e-08
220.48,-7.13e-08
220.54,-7.1282e-08
220.61,-7.1309e-08
220.68,-7.1327e-08
220.74,-7.1281e-08
220.8,-7.1343e-08
220.87,-7.1334e-08
220.93,-7.1252e-08
220.99,-7.1192e-08
221.05,-7.1249e-08
221.11,-7.1245e-08
221.17,-7.1242e-08
221.23,-7.1228e-08
221.29,-7.1202e-08
221.37,-7.1145e-08
221.43,-7.1378e-08
221.5,-7.1211e-08
221.55,-7.1286e-08
221.61,-7.1359e-08
221.67,-7.1218e-08
221.74,-7.126e-08
221.8,-7.1349e-08
221.86,-7.1272e-08
221.93,-7.129e-08
221.98,-7.1208e-08
222.05,-7.1256e-08
222.12,-7.1127e-08
222.18,-7.1014e-08
222.24,-7.1081e-08
222.31,-7.1237e-08
222.37,-7.1153e-08
222.43,-7.1152e-08
222.49,-7.1132e-08
222.55,-7.1213e-08
222.61,-7.1172e-08
222.67,-7.113e-08
222.74,-7.1283e-08
222.8,-7.1227e-08
222.86,-7.1195e-08
222.93,-7.1188e-08
222.99,-7.1175e-08
223.04,-7.13e-08
223.1,-7.1222e-08
223.17,-7.1155e-08
223.22,-7.1294e-08
223.29,-7.128e-08
223.35,-7.1305e-08
223.43,-7.1305e-08
223.49,-7.1373e-08
223.55,-7.1271e-08
223.61,-7.1287e-08
223.67,-7.1179e-08
223.74,-7.1225e-08
223.8,-7.1131e-08
223.87,-7.1147e-08
223.92,-7.1132e-08
223.98,-7.1198e-08
224.04,-7.1034e-08
224.12,-7.1103e-08
224.18,-7.1034e-08
224.24,-7.1075e-08
224.3,-7.1081e-08
224.37,-7.1018e-08
224.42,-7.1167e-08
224.48,-7.1157e-08
224.54,-7.106e-08
224.61,-7.1023e-08
224.67,-7.1004e-08
224.74,-7.0917e-08
224.81,-7.1019e-08
224.87,-7.1042e-08
224.94,-7.0918e-08
224.99,-7.0938e-08
225.05,-7.0942e-08
225.11,-7.0964e-08
225.18,-7.1101e-08
225.24,-7.0982e-08
225.3,-7.1051e-08
225.37,-7.1083e-08
225.43,-7.0977e-08
225.51,-7.1057e-08
225.57,-7.1026e-08
225.63,-7.0994e-08
225.7,-7.0976e-08
225.75,-7.1062e-08
225.82,-7.0941e-08
225.88,-7.0855e-08
225.95,-7.09e-08
226,-7.0971e-08
226.06,-7.0913e-08
226.12,-7.1044e-08
226.2,-7.1021e-08
226.26,-7.0954e-08
226.32,-7.0832e-08
226.38,-7.0937e-08
226.45,-7.0731e-08
226.5,-7.0742e-08
226.56,-7.0898e-08
226.62,-7.098e-08
226.69,-7.0831e-08
226.75,-7.081e-08
226.81,-7.1062e-08
226.89,-7.0845e-08
226.95,-7.0886e-08
227.02,-7.0939e-08
227.08,-7.1028e-08
227.14,-7.1e-08
227.21,-7.0869e-08
227.26,-7.0933e-08
227.33,-7.0943e-08
227.39,-7.0987e-08
227.46,-7.0979e-08
227.51,-7.0986e-08
227.58,-7.0866e-08
227.64,-7.0941e-08
227.71,-7.0816e-08
227.77,-7.0898e-08
227.83,-7.093e-08
227.9,-7.0931e-08
227.96,-7.0929e-08
228.02,-7.0847e-08
228.08,-7.0915e-08
228.14,-7.0888e-08
228.2,-7.0858e-08
228.27,-7.0867e-08
228.33,-7.09e-08
228.39,-7.1009e-08
228.46,-7.0937e-08
228.52,-7.0822e-08
228.58,-7.0793e-08
228.64,-7.0821e-08
228.7,-7.1039e-08
228.76,-7.0885e-08
228.82,-7.1004e-08
228.89,-7.0989e-08
228.96,-7.0827e-08
229.03,-7.068e-08
229.09,-7.0633e-08
229.15,-7.0713e-08
229.2,-7.0908e-08
229.27,-7.0919e-08
229.33,-7.0826e-08
229.39,-7.0839e-08
229.46,-7.0631e-08
229.52,-7.0684e-08
229.58,-7.067e-08
229.65,-7.0644e-08
229.71,-7.064e-08
229.77,-7.0629e-08
229.84,-7.0781e-08
229.9,-7.075e-08
229.96,-7.0678e-08
230.03,-7.0717e-08
230.09,-7.0491e-08
230.15,-7.0625e-08
230.21,-7.0618e-08
230.27,-7.0751e-08
230.34,-7.0651e-08
230.41,-7.0698e-08
230.47,-7.0653e-08
230.54,-7.0613e-08
230.6,-7.0532e-08
230.66,-7.0601e-08
230.72,-7.0628e-08
230.78,-7.0665e-08
230.84,-7.0753e-08
230.9,-7.0776e-08
230.97,-7.0753e-08
231.04,-7.0699e-08
231.11,-7.0637e-08
231.17,-7.0755e-08
231.23,-7.0667e-08
231.29,-7.0715e-08
231.35,-7.0653e-08
231.42,-7.0678e-08
231.47,-7.0594e-08
231.53,-7.0644e-08
231.59,-7.0641e-08
231.66,-7.0511e-08
231.73,-7.0578e-08
231.8,-7.0707e-08
231.85,-7.0661e-08
231.92,-7.0683e-08
231.98,-7.0741e-08
232.04,-7.077e-08
232.11,-7.0698e-08
232.17,-7.0613e-08
232.23,-7.0543e-08
232.29,-7.0711e-08
232.35,-7.0717e-08
232.42,-7.0686e-08
232.49,-7.071e-08
232.55,-7.0667e-08
232.61,-7.0724e-08
232.68,-7.0684e-08
232.74,-7.0643e-08
232.79,-7.0623e-08
232.86,-7.0588e-08
232.91,-7.0541e-08
232.97,-7.0441e-08
233.03,-7.0495e-08
233.11,-7.0523e-08
233.17,-7.0524e-08
233.23,-7.0511e-08
233.29,-7.0469e-08
233.35,-7.063e-08
233.41,-7.0688e-08
233.48,-7.0634e-08
233.54,-7.0693e-08
233.6,-7.0639e-08
233.67,-7.0418e-08
233.72,-7.053e-08
233.79,-7.0502e-08
233.86,-7.0528e-08
233.92,-7.0521e-08
233.98,-7.0557e-08
234.04,-7.0527e-08
234.11,-7.0638e-08
234.17,-7.0631e-08
234.24,-7.0594e-08
234.29,-7.0623e-08
234.35,-7.0629e-08
234.41,-7.0582e-08
234.49,-7.0535e-08
234.55,-7.0549e-08
234.62,-7.0506e-08
234.68,-7.0542e-08
234.74,-7.0534e-08
234.8,-7.0513e-08
234.86,-7.0532e-08
234.92,-7.0523e-08
234.98,-7.0601e-08
235.05,-7.0539e-08
235.11,-7.0503e-08
235.18,-7.0608e-08
235.24,-7.0557e-08
235.31,-7.0673e-08
235.36,-7.0637e-08
235.43,-7.0563e-08
235.49,-7.0582e-08
235.55,-7.0574e-08
235.61,-7.0637e-08
235.67,-7.0541e-08
235.73,-7.0531e-08
235.78,-7.0501e-08
235.86,-7.0483e-08
235.92,-7.0492e-08
235.98,-7.0364e-08
236.05,-7.0466e-08
236.11,-7.0361e-08
236.17,-7.0379e-08
236.24,-7.0409e-08
236.3,-7.0444e-08
236.35,-7.0514e-08
236.42,-7.0426e-08
236.47,-7.072e-08
236.55,-7.047e-08
236.61,-7.0605e-08
236.67,-7.076e-08
236.73,-7.0543e-08
236.8,-7.0479e-08
236.85,-7.0373e-08
236.91,-7.0464e-08
236.97,-7.0539e-08
237.04,-7.0277e-08
237.1,-7.041e-08
237.16,-7.0484e-08
237.24,-7.0344e-08
237.3,-7.0307e-08
237.37,-7.0396e-08
237.42,-7.0464e-08
237.49,-7.0452e-08
237.54,-7.0468e-08
237.61,-7.0426e-08
237.67,-7.0548e-08
237.73,-7.053e-08
237.8,-7.0534e-08
237.85,-7.0479e-08
237.93,-7.0554e-08
237.99,-7.0462e-08
238.05,-7.0359e-08
238.11,-7.0465e-08
238.18,-7.0475e-08
238.24,-7.0488e-08
238.3,-7.0558e-08
238.36,-7.0419e-08
238.42,-7.0475e-08
238.48,-7.0525e-08
238.54,-7.0408e-08
238.61,-7.0381e-08
238.67,-7.041e-08
238.73,-7.0221e-08
238.8,-7.0213e-08
238.86,-7.0299e-08
238.92,-7.0177e-08
238.98,-7.0221e-08
239.04,-7.0261e-08
239.1,-7.0369e-08
239.17,-7.0352e-08
239.23,-7.0361e-08
239.3,-7.0468e-08
239.37,-7.0401e-08
239.43,-7.0262e-08
239.5,-7.0255e-08
239.55,-7.0304e-08
239.61,-7.0352e-08
239.67,-7.0261e-08
239.74,-7.0351e-08
239.8,-7.0316e-08
239.86,-7.0183e-08
239.92,-7.0251e-08
240,-7.0364e-08
240.06,-7.0289e-08
240.12,-7.0298e-08
240.18,-7.0259e-08
240.24,-7.0306e-08
240.31,-7.0264e-08
240.37,-7.0302e-08
240.43,-7.0223e-08
240.48,-7.0351e-08
240.55,-7.0382e-08
240.61,-7.0248e-08
240.68,-7.0314e-08
240.74,-7.0275e-08
240.8,-7.0233e-08
240.86,-7.0297e-08
240.93,-7.036e-08
240.98,-7.0342e-08
241.04,-7.0319e-08
241.11,-7.0205e-08
241.17,-7.0229e-08
241.23,-7.0195e-08
241.3,-7.0157e-08
241.37,-7.0025e-08
241.43,-7.0141e-08
241.5,-7.0116e-08
241.55,-7.0098e-08
241.61,-7.0181e-08
241.67,-7.0102e-08
241.74,-7.0191e-08
241.8,-7.0294e-08
241.87,-7.0074e-08
241.93,-7.0258e-08
241.99,-7.0221e-08
242.05,-7.0208e-08
242.12,-7.0073e-08
242.18,-7.0248e-08
242.25,-7.012e-08
242.31,-7.0155e-08
242.37,-7.0264e-08
242.44,-7.0192e-08
242.5,-7.0183e-08
242.56,-7.011e-08
242.61,-7.0134e-08
242.68,-7.0222e-08
242.75,-7.0318e-08
242.82,-7.0338e-08
242.88,-7.0252e-08
242.94,-7.0209e-08
243.01,-7.0295e-08
243.07,-7.0218e-08
243.13,-7.0141e-08
243.19,-7.0164e-08
243.25,-7.0157e-08
243.31,-7.0073e-08
243.38,-7.0076e-08
243.45,-7.0125e-08
243.51,-7.0181e-08
243.58,-7.0201e-08
243.64,-7.028e-08
243.7,-7.0214e-08
243.75,-7.0189e-08
243.82,-7.0039e-08
243.88,-7.0191e-08
243.95,-7.017e-08
244.01,-7.0214e-08
244.07,-7.0194e-08
244.15,-7.0172e-08
244.21,-7.0194e-08
244.28,-7.0207e-08
244.34,-7.02e-08
244.4,-7.0231e-08
244.46,-7.0214e-08
244.52,-7.0192e-08
244.59,-7.0187e-08
244.64,-7.0127e-08
244.7,-7.0085e-08
244.77,-7.0153e-08
244.84,-7.022e-08
244.9,-7.0273e-08
244.97,-7.0147e-08
245.03,-7.0045e-08
245.09,-6.995e-08
245.15,-7.0098e-08
245.21,-7.0169e-08
245.27,-7.014e-08
245.33,-7.0114e-08
245.39,-7.004e-08
245.45,-7.01e-08
245.52,-7.0116e-08
245.59,-7.0287e-08
245.65,-7.0289e-08
245.71,-7.0183e-08
245.77,-7.0062e-08
245.83,-7.0111e-08
245.89,-7.0048e-08
245.96,-7.0079e-08
246.02,-7.0089e-08
246.08,-7.0179e-08
246.14,-7.0016e-08
246.21,-7.0106e-08
246.27,-7.0034e-08
246.34,-7.0132e-08
246.4,-6.9998e-08
246.46,-6.9997e-08
246.53,-7.0045e-08
246.59,-7.0063e-08
246.65,-6.9955e-08
246.71,-7.0078e-08
246.78,-7.0082e-08
246.84,-7.0062e-08
246.91,-7.016e-08
246.98,-7.0061e-08
247.04,-7.0177e-08
247.1,-7.0079e-08
247.17,-7.0148e-08
247.23,-7.0088e-08
247.29,-7.0123e-08
247.35,-7.0022e-08
247.41,-7.0107e-08
247.47,-7.0051e-08
247.54,-7.0099e-08
247.6,-7.002e-08
247.67,-7.0074e-08
247.73,-7.0004e-08
247.79,-6.9999e-08
247.85,-7.0065e-08
247.92,-7.0064e-08
247.98,-6.9948e-08
248.04,-6.9991e-08
248.09,-7.0001e-08
248.16,-7.0047e-08
248.21,-6.9852e-08
248.29,-6.9922e-08
248.35,-6.9843e-08
248.41,-6.9848e-08
248.46,-6.9857e-08
248.53,-6.9921e-08
248.59,-6.9936e-08
248.65,-6.9832e-08
248.71,-6.9761e-08
248.76,-6.9809e-08
248.83,-6.9861e-08
248.89,-6.977e-08
248.97,-6.9833e-08
249.03,-6.9983e-08
249.09,-6.9898e-08
249.16,-6.9885e-08
249.21,-6.9872e-08
249.28,-7.0074e-08
249.34,-6.9918e-08
249.4,-6.9802e-08
249.46,-6.9965e-08
249.52,-6.9908e-08
249.58,-6.9945e-08
249.64,-6.9799e-08
249.71,-6.9895e-08
249.76,-6.9853e-08
249.82,-6.9912e-08
249.88,-6.9889e-08
249.95,-6.9921e-08
250.01,-6.9936e-08
250.07,-7.0017e-08
250.13,-6.9999e-08
250.2,-6.9971e-08
250.26,-6.9884e-08
250.33,-7.0012e-08
250.39,-7.0005e-08
250.45,-6.9966e-08
250.51,-6.9861e-08
250.58,-6.9812e-08
250.63,-6.9885e-08
250.7,-6.9908e-08
250.76,-6.9889e-08
250.82,-6.9872e-08
250.89,-6.9954e-08
250.95,-6.9848e-08
251.03,-6.9987e-08
251.09,-6.9942e-08
251.15,-6.9836e-08
251.21,-6.9883e-08
251.27,-6.9765e-08
251.32,-6.9785e-08
251.39,-6.9879e-08
251.45,-6.9799e-08
251.51,-6.9813e-08
251.57,-6.9852e-08
251.63,-6.967e-08
251.71,-6.9904e-08
251.77,-6.9715e-08
251.83,-6.968e-08
251.9,-6.976e-08
251.96,-6.9713e-08
252.03,-6.9689e-08
252.09,-6.9716e-08
252.15,-6.9701e-08
252.21,-6.9778e-08
252.27,-6.9585e-08
252.34,-6.9554e-08
252.4,-6.9726e-08
252.47,-6.9519e-08
252.52,-6.9586e-08
252.59,-6.9656e-08
252.65,-6.961e-08
252.71,-6.9539e-08
252.77,-6.9618e-08
252.84,-6.9663e-08
252.9,-6.9589e-08
252.96,-6.9599e-08
253.02,-6.9632e-08
253.09,-6.961e-08
253.16,-6.9551e-08
253.22,-6.9627e-08
253.28,-6.9683e-08
253.34,-6.9674e-08
253.4,-6.9525e-08
253.47,-6.946e-08
253.53,-6.9554e-08
253.6,-6.9682e-08
253.66,-6.961e-08
253.72,-6.9624e-08
253.8,-6.9626e-08
253.86,-6.9625e-08
253.93,-6.9619e-08
253.99,-6.9516e-08
254.05,-6.9549e-08
254.11,-6.9535e-08
254.17,-6.9603e-08
254.24,-6.9694e-08
254.29,-6.9594e-08
254.35,-6.9614e-08
254.41,-6.9508e-08
254.48,-6.9544e-08
254.55,-6.9547e-08
254.6,-6.9495e-08
254.67,-6.9422e-08
254.72,-6.9474e-08
254.79,-6.9507e-08
254.85,-6.9427e-08
254.91,-6.9552e-08
254.97,-6.9449e-08
255.04,-6.9453e-08
255.1,-6.9417e-08
255.18,-6.9503e-08
255.24,-6.9565e-08
255.3,-6.9563e-08
255.36,-6.965e-08
255.42,-6.9576e-08
255.49,-6.9371e-08
255.55,-6.9592e-08
255.62,-6.9492e-08
255.67,-6.9558e-08
255.74,-6.9495e-08
255.8,-6.9539e-08
255.87,-6.9565e-08
255.93,-6.9529e-08
256,-6.966e-08
256.06,-6.9701e-08
256.12,-6.9487e-08
256.19,-6.942e-08
256.24,-6.9487e-08
256.31,-6.9528e-08
256.37,-6.9515e-08
256.43,-6.9528e-08
256.49,-6.9427e-08
256.57,-6.9609e-08
256.63,-6.9454e-08
256.69,-6.9528e-08
256.76,-6.9432e-08
256.81,-6.9521e-08
256.88,-6.9433e-08
256.94,-6.9416e-08
257,-6.9683e-08
257.06,-6.9527e-08
257.13,-6.9492e-08
257.19,-6.9438e-08
257.27,-6.9488e-08
257.33,-6.9538e-08
257.39,-6.951e-08
257.46,-6.9495e-08
257.52,-6.9576e-08
257.58,-6.9658e-08
257.64,-6.9429e-08
257.7,-6.9387e-08
257.76,-6.949e-08
257.82,-6.945e-08
257.89,-6.9445e-08
257.95,-6.9419e-08
258.02,-6.9409e-08
258.07,-6.953e-08
258.14,-6.9565e-08
258.2,-6.9463e-08
258.26,-6.9447e-08
258.32,-6.9413e-08
258.38,-6.9441e-08
258.45,-6.9507e-08
258.5,-6.9483e-08
258.57,-6.9502e-08
258.64,-6.9545e-08
258.71,-6.9557e-08
258.77,-6.9549e-08
258.83,-6.9472e-08
258.88,-6.9501e-08
258.94,-6.9463e-08
259,-6.9556e-08
259.07,-6.9592e-08
259.13,-6.9487e-08
259.19,-6.9382e-08
259.25,-6.9411e-08
259.33,-6.9276e-08
259.39,-6.933e-08
259.45,-6.9379e-08
259.52,-6.9373e-08
259.58,-6.9288e-08
259.64,-6.9396e-08
259.71,-6.9417e-08
259.77,-6.9215e-08
259.83,-6.936e-08
259.89,-6.9316e-08
259.96,-6.9308e-08
260.02,-6.94e-08
260.09,-6.9442e-08
260.15,-6.9407e-08
260.21,-6.9442e-08
260.28,-6.939e-08
260.34,-6.9283e-08
260.4,-6.933e-08
260.46,-6.933e-08
260.53,-6.9265e-08
260.58,-6.9251e-08
260.65,-6.9311e-08
260.72,-6.9314e-08
260.79,-6.9322e-08
260.85,-6.9329e-08
260.91,-6.9276e-08
260.97,-6.9326e-08
261.03,-6.9194e-08
261.1,-6.9173e-08
261.16,-6.9269e-08
261.22,-6.9188e-08
261.28,-6.9234e-08
261.35,-6.9277e-08
261.42,-6.9281e-08
261.49,-6.9197e-08
261.55,-6.9255e-08
261.61,-6.9393e-08
261.66,-6.9122e-08
261.72,-6.9235e-08
261.78,-6.9251e-08
261.85,-6.9196e-08
261.91,-6.925e-08
261.97,-6.9372e-08
262.03,-6.9369e-08
262.11,-6.9325e-08
262.17,-6.933e-08
262.23,-6.9219e-08
262.3,-6.9304e-08
262.36,-6.9204e-08
262.43,-6.9232e-08
262.49,-6.9247e-08
262.55,-6.931e-08
262.61,-6.912e-08
262.67,-6.9152e-08
262.74,-6.9225e-08
262.8,-6.9237e-08
262.87,-6.9207e-08
262.93,-6.9337e-08
263,-6.9262e-08
263.06,-6.9237e-08
263.12,-6.9323e-08
263.17,-6.9174e-08
263.23,-6.9216e-08
263.29,-6.9153e-08
263.35,-6.9243e-08
263.41,-6.9235e-08
263.49,-6.93e-08
263.55,-6.9186e-08
263.61,-6.9294e-08
263.67,-6.921e-08
263.73,-6.9301e-08
263.79,-6.9176e-08
263.86,-6.9319e-08
263.92,-6.9094e-08
263.98,-6.9169e-08
264.04,-6.9193e-08
264.1,-6.9206e-08
264.18,-6.9153e-08
264.24,-6.9189e-08
264.31,-6.9139e-08
264.36,-6.9085e-08
264.43,-6.9165e-08
264.49,-6.9127e-08
264.55,-6.9175e-08
264.61,-6.9069e-08
264.68,-6.9106e-08
264.74,-6.8997e-08
264.8,-6.9072e-08
264.87,-6.9056e-08
264.93,-6.8956e-08
264.99,-6.9002e-08
265.05,-6.8993e-08
265.11,-6.9022e-08
265.17,-6.8987e-08
265.22,-6.9028e-08
265.29,-6.9e-08
265.35,-6.9018e-08
265.42,-6.9114e-08
265.48,-6.9025e-08
265.55,-6.8987e-08
265.62,-6.9013e-08
265.68,-6.8919e-08
265.74,-6.8855e-08
265.8,-6.8951e-08
265.87,-6.9045e-08
265.93,-6.8959e-08
265.99,-6.8935e-08
266.05,-6.8967e-08
266.11,-6.8973e-08
266.18,-6.9001e-08
266.24,-6.8977e-08
266.31,-6.8937e-08
266.37,-6.8976e-08
266.43,-6.903e-08
266.5,-6.8997e-08
266.55,-6.895e-08
266.61,-6.8981e-08
266.67,-6.8999e-08
266.74,-6.8813e-08
266.8,-6.8909e-08
266.87,-6.8901e-08
266.94,-6.8948e-08
267,-6.8886e-08
267.07,-6.902e-08
267.13,-6.9033e-08
267.19,-6.9046e-08
267.25,-6.9006e-08
267.31,-6.8977e-08
267.37,-6.8979e-08
267.43,-6.9085e-08
267.5,-6.8796e-08
267.56,-6.9009e-08
267.64,-6.8936e-08
267.7,-6.8988e-08
267.76,-6.8915e-08
267.81,-6.9015e-08
267.88,-6.8916e-08
267.94,-6.8988e-08
268,-6.8997e-08
268.06,-6.8998e-08
268.12,-6.903e-08
268.19,-6.8933e-08
268.24,-6.8975e-08
268.32,-6.8912e-08
268.38,-6.895e-08
268.44,-6.9085e-08
268.5,-6.9048e-08
268.56,-6.901e-08
268.62,-6.8977e-08
268.69,-6.9001e-08
268.74,-6.8984e-08
268.81,-6.9055e-08
268.87,-6.8869e-08
268.93,-6.8978e-08
269.01,-6.8845e-08
269.07,-6.9032e-08
269.14,-6.8905e-08
269.2,-6.8861e-08
269.26,-6.8845e-08
269.33,-6.887e-08
269.39,-6.8864e-08
269.46,-6.888e-08
269.52,-6.8832e-08
269.58,-6.8878e-08
269.64,-6.8918e-08
269.71,-6.8922e-08
269.78,-6.8966e-08
269.84,-6.8915e-08
269.91,-6.8756e-08
269.97,-6.8817e-08
270.03,-6.8885e-08
270.1,-6.8891e-08
270.16,-6.8815e-08
270.22,-6.8865e-08
270.28,-6.8863e-08
270.34,-6.8886e-08
270.42,-6.8807e-08
270.48,-6.8801e-08
270.54,-6.884e-08
270.6,-6.8676e-08
270.66,-6.8716e-08
270.72,-6.8714e-08
270.78,-6.8629e-08
270.84,-6.8686e-08
270.9,-6.8719e-08
270.97,-6.8767e-08
271.03,-6.8726e-08
271.11,-6.8706e-08
271.17,-6.8699e-08
271.23,-6.8739e-08
271.29,-6.8754e-08
271.35,-6.8727e-08
271.41,-6.8842e-08
271.48,-6.8754e-08
271.53,-6.8826e-08
271.6,-6.8782e-08
271.66,-6.882e-08
271.72,-6.869e-08
271.79,-6.8628e-08
271.86,-6.8796e-08
271.91,-6.8794e-08
271.98,-6.8766e-08
272.03,-6.8862e-08
272.1,-6.8751e-08
272.16,-6.8741e-08
272.22,-6.8748e-08
272.28,-6.8692e-08
272.35,-6.8751e-08
272.41,-6.8859e-08
272.49,-6.8842e-08
272.55,-6.8964e-08
272.61,-6.882e-08
272.66,-6.878e-08
272.73,-6.879e-08
272.79,-6.883e-08
272.85,-6.8696e-08
272.91,-6.8636e-08
272.97,-6.8746e-08
273.04,-6.8697e-08
273.09,-6.8715e-08
273.17,-6.8609e-08
273.23,-6.8664e-08
273.3,-6.8692e-08
273.36,-6.8643e-08
273.42,-6.8778e-08
273.48,-6.8744e-08
273.54,-6.8717e-08
273.61,-6.86e-08
273.67,-6.8675e-08
273.73,-6.8694e-08
273.79,-6.8654e-08
273.87,-6.8743e-08
273.93,-6.8632e-08
273.99,-6.8623e-08
274.06,-6.8613e-08
274.11,-6.8617e-08
274.18,-6.8595e-08
274.23,-6.8556e-08
274.3,-6.8561e-08
274.36,-6.8502e-08
274.43,-6.8608e-08
274.48,-6.862e-08
274.56,-6.8442e-08
274.62,-6.8506e-08
274.68,-6.8537e-08
274.73,-6.8502e-08
274.8,-6.845e-08
274.86,-6.848e-08
274.92,-6.8506e-08
274.98,-6.8419e-08
275.04,-6.864e-08
275.1,-6.8528e-08
275.17,-6.8478e-08
275.24,-6.8614e-08
275.3,-6.8567e-08
275.37,-6.864e-08
275.43,-6.8614e-08
275.49,-6.8626e-08
275.55,-6.8718e-08
275.61,-6.861e-08
275.67,-6.865e-08
275.73,-6.8625e-08
275.8,-6.8733e-08
275.86,-6.8739e-08
275.94,-6.8517e-08
276,-6.8455e-08
276.06,-6.8541e-08
276.13,-6.8635e-08
276.18,-6.8519e-08
276.25,-6.8474e-08
276.31,-6.85e-08
276.37,-6.8477e-08
276.43,-6.848e-08
276.49,-6.8423e-08
276.56,-6.8386e-08
276.62,-6.8454e-08
276.69,-6.8455e-08
276.75,-6.8461e-08
276.81,-6.8454e-08
276.88,-6.849e-08
276.94,-6.8473e-08
277,-6.8459e-08
277.06,-6.8389e-08
277.12,-6.835e-08
277.18,-6.8383e-08
277.24,-6.8457e-08
277.32,-6.8408e-08
277.38,-6.8507e-08
277.45,-6.8513e-08
277.51,-6.8454e-08
277.57,-6.8479e-08
277.63,-6.8472e-08
277.69,-6.8502e-08
277.75,-6.8565e-08
277.81,-6.8506e-08
277.88,-6.8628e-08
277.94,-6.8532e-08
278.02,-6.8744e-08
278.08,-6.8404e-08
278.14,-6.8586e-08
278.2,-6.8419e-08
278.27,-6.841e-08
278.33,-6.846e-08
278.39,-6.8342e-08
278.46,-6.8298e-08
278.52,-6.8363e-08
278.58,-6.8415e-08
278.65,-6.8317e-08
278.72,-6.8303e-08
278.79,-6.8343e-08
278.84,-6.8307e-08
278.9,-6.8397e-08
278.96,-6.8285e-08
279.03,-6.8412e-08
279.09,-6.8542e-08
279.15,-6.8376e-08
279.21,-6.8376e-08
279.28,-6.8394e-08
279.33,-6.8365e-08
279.41,-6.8419e-08
279.47,-6.8478e-08
279.53,-6.8414e-08
279.59,-6.8433e-08
279.65,-6.8511e-08
279.71,-6.8438e-08
279.78,-6.8618e-08
279.83,-6.8435e-08
279.9,-6.8456e-08
279.96,-6.8591e-08
280.02,-6.8588e-08
280.1,-6.8575e-08
280.16,-6.8491e-08
280.23,-6.8531e-08
280.29,-6.8573e-08
280.35,-6.8455e-08
280.41,-6.8449e-08
280.47,-6.8532e-08
280.54,-6.8503e-08
280.59,-6.8544e-08
280.66,-6.8464e-08
280.72,-6.8406e-08
280.79,-6.8504e-08
280.85,-6.8496e-08
280.91,-6.8464e-08
280.97,-6.8318e-08
281.03,-6.8392e-08
281.09,-6.8352e-08
281.15,-6.8474e-08
281.22,-6.8435e-08
281.28,-6.8328e-08
281.34,-6.8343e-08
281.4,-6.8265e-08
281.47,-6.8387e-08
281.53,-6.8499e-08
281.6,-6.8371e-08
281.66,-6.8371e-08
281.72,-6.8423e-08
281.78,-6.8397e-08
281.84,-6.8504e-08
281.91,-6.8362e-08
281.96,-6.8498e-08
282.03,-6.8402e-08
282.09,-6.8472e-08
282.16,-6.8403e-08
282.22,-6.8397e-08
282.28,-6.8437e-08
282.34,-6.8432e-08
282.41,-6.8383e-08
282.46,-6.85e-08
282.53,-6.8455e-08
282.58,-6.8408e-08
282.65,-6.8396e-08
282.7,-6.8483e-08
282.76,-6.84e-08
282.84,-6.8376e-08
282.9,-6.8378e-08
282.96,-6.8424e-08
283.03,-6.8393e-08
283.08,-6.8463e-08
283.15,-6.845e-08
283.21,-6.8475e-08
283.27,-6.8481e-08
283.33,-6.8421e-08
283.4,-6.8413e-08
283.46,-6.8483e-08
283.53,-6.8386e-08
283.6,-6.8448e-08
283.66,-6.8373e-08
283.72,-6.8367e-08
283.79,-6.8469e-08
283.85,-6.834e-08
283.92,-6.834e-08
283.97,-6.8301e-08
284.04,-6.825e-08
284.1,-6.8339e-08
284.16,-6.8304e-08
284.23,-6.8243e-08
284.29,-6.8287e-08
284.35,-6.8332e-08
284.41,-6.83e-08
284.46,-6.8319e-08
284.53,-6.8353e-08
284.58,-6.8394e-08
284.65,-6.8211e-08
284.71,-6.8285e-08
284.78,-6.8317e-08
284.84,-6.8289e-08
284.92,-6.8251e-08
284.98,-6.8178e-08
285.04,-6.8202e-08
285.11,-6.8195e-08
285.16,-6.818e-08
285.23,-6.8305e-08
285.29,-6.8361e-08
285.35,-6.8522e-08
285.41,-6.8472e-08
285.48,-6.8484e-08
285.54,-6.8527e-08
285.61,-6.8417e-08
285.67,-6.8421e-08
285.73,-6.8498e-08
285.8,-6.8272e-08
285.86,-6.8343e-08
285.92,-6.8287e-08
285.98,-6.8351e-08
286.05,-6.8303e-08
286.1,-6.844e-08
286.17,-6.847e-08
286.23,-6.8412e-08
286.31,-6.8364e-08
286.37,-6.8313e-08
286.43,-6.8416e-08
286.49,-6.8441e-08
286.56,-6.8377e-08
286.62,-6.8431e-08
286.68,-6.8278e-08
286.74,-6.8293e-08
286.8,-6.8318e-08
286.87,-6.8421e-08
286.93,-6.8325e-08
287,-6.8397e-08
287.06,-6.8441e-08
287.13,-6.8417e-08
287.19,-6.8341e-08
287.25,-6.8423e-08
287.32,-6.8442e-08
287.38,-6.8452e-08
287.44,-6.8391e-08
287.5,-6.8466e-08
287.56,-6.837e-08
287.63,-6.8368e-08
287.7,-6.8265e-08
287.76,-6.8302e-08
287.83,-6.835e-08
287.89,-6.8367e-08
287.96,-6.8329e-08
288.02,-6.8303e-08
288.08,-6.8319e-08
288.14,-6.8188e-08
288.2,-6.8206e-08
288.27,-6.833e-08
288.32,-6.832e-08
288.4,-6.8271e-08
288.46,-6.8147e-08
288.52,-6.8198e-08
288.58,-6.8137e-08
288.64,-6.8242e-08
288.7,-6.8266e-08
288.77,-6.8212e-08
288.83,-6.8103e-08
288.89,-6.8206e-08
288.95,-6.814e-08
289.01,-6.8201e-08
289.09,-6.817e-08
289.15,-6.8293e-08
289.22,-6.8188e-08
289.28,-6.8094e-08
289.34,-6.8138e-08
289.4,-6.8111e-08
289.47,-6.8193e-08
289.53,-6.8072e-08
289.59,-6.7958e-08
289.66,-6.8052e-08
289.71,-6.7984e-08
289.79,-6.8049e-08
289.85,-6.7959e-08
289.91,-6.8e-08
289.97,-6.7974e-08
290.03,-6.8027e-08
290.09,-6.81e-08
290.16,-6.8014e-08
290.21,-6.8069e-08
290.28,-6.8078e-08
290.33,-6.7948e-08
290.4,-6.7961e-08
290.47,-6.7951e-08
290.54,-6.7918e-08
290.59,-6.7999e-08
290.65,-6.8071e-08
290.71,-6.7928e-08
290.78,-6.7918e-08
290.83,-6.7983e-08
290.9,-6.7975e-08
290.96,-6.8085e-08
291.02,-6.8e-08
291.08,-6.7919e-08
291.16,-6.7951e-08
291.22,-6.7917e-08
291.28,-6.808e-08
291.34,-6.8031e-08
291.4,-6.8046e-08
291.47,-6.7841e-08
291.53,-6.7939e-08
291.59,-6.8054e-08
291.64,-6.7955e-08
291.71,-6.7985e-08
291.77,-6.8086e-08
291.85,-6.792e-08
291.91,-6.8021e-08
291.97,-6.8062e-08
292.03,-6.8116e-08
292.09,-6.8017e-08
292.15,-6.804e-08
292.21,-6.8103e-08
292.27,-6.806e-08
292.34,-6.8054e-08
292.4,-6.8091e-08
292.46,-6.8073e-08
292.54,-6.7977e-08
292.6,-6.8023e-08
292.67,-6.8081e-08
292.72,-6.8208e-08
292.78,-6.8125e-08
292.85,-6.808e-08
292.91,-6.8196e-08
292.97,-6.8114e-08
293.03,-6.8143e-08
293.1,-6.7946e-08
293.15,-6.8039e-08
293.23,-6.8174e-08
293.29,-6.8041e-08
293.34,-6.8047e-08
293.41,-6.7974e-08
293.47,-6.7954e-08
293.54,-6.8032e-08
293.6,-6.7966e-08
293.66,-6.7946e-08
293.72,-6.8042e-08
293.78,-6.8052e-08
293.84,-6.7939e-08
293.92,-6.7928e-08
293.98,-6.7866e-08
294.04,-6.7932e-08
294.1,-6.7892e-08
294.16,-6.7815e-08
294.21,-6.7921e-08
294.28,-6.7929e-08
294.34,-6.7817e-08
294.4,-6.7855e-08
294.47,-6.7935e-08
294.53,-6.7937e-08
294.61,-6.7795e-08
294.67,-6.7827e-08
294.73,-6.7847e-08
294.79,-6.7803e-08
294.86,-6.7798e-08
294.92,-6.781e-08
294.98,-6.7829e-08
295.04,-6.7828e-08
295.1,-6.7941e-08
295.17,-6.7944e-08
295.22,-6.7834e-08
295.3,-6.7751e-08
295.36,-6.7753e-08
295.42,-6.7814e-08
295.48,-6.7793e-08
295.54,-6.7792e-08
295.6,-6.7712e-08
295.66,-6.7707e-08
295.72,-6.7861e-08
295.79,-6.7867e-08
295.84,-6.7859e-08
295.9,-6.7759e-08
295.97,-6.7866e-08
296.03,-6.7903e-08
296.1,-6.785e-08
296.16,-6.7792e-08
296.22,-6.7689e-08
296.28,-6.7717e-08
296.34,-6.7815e-08
296.4,-6.7878e-08
296.46,-6.7703e-08
296.51,-6.786e-08
296.57,-6.7896e-08
296.65,-6.7811e-08
296.71,-6.7803e-08
296.77,-6.7846e-08
296.83,-6.7791e-08
296.9,-6.7719e-08
296.96,-6.7744e-08
297.01,-6.7754e-08
297.07,-6.7846e-08
297.13,-6.7865e-08
297.19,-6.785e-08
297.25,-6.7834e-08
297.33,-6.7697e-08
297.39,-6.7868e-08
297.45,-6.7798e-08
297.51,-6.7912e-08
297.57,-6.7826e-08
297.63,-6.7805e-08
297.69,-6.7866e-08
297.75,-6.7871e-08
297.82,-6.7912e-08
297.88,-6.791e-08
297.94,-6.7832e-08
298.02,-6.7852e-08
298.08,-6.7708e-08
298.14,-6.7809e-08
298.2,-6.7859e-08
298.26,-6.7758e-08
298.33,-6.7861e-08
298.39,-6.7884e-08
298.45,-6.7937e-08
298.51,-6.7782e-08
298.57,-6.7793e-08
298.63,-6.7893e-08
298.71,-6.7796e-08
298.77,-6.7793e-08
298.83,-6.7721e-08
298.88,-6.7733e-08
298.94,-6.7751e-08
299,-6.773e-08
299.07,-6.782e-08
299.13,-6.7647e-08
299.19,-6.787e-08
299.26,-6.7724e-08
299.32,-6.7683e-08
299.4,-6.7693e-08
299.46,-6.7695e-08
299.52,-6.7727e-08
299.57,-6.7721e-08
299.64,-6.7579e-08
299.7,-6.7758e-08
299.76,-6.7616e-08
299.83,-6.7696e-08
299.89,-6.7595e-08
299.95,-6.7626e-08
300.01,-6.7632e-08
300.08,-6.7571e-08
300.14,-6.7653e-08
300.21,-6.7737e-08
300.27,-6.7661e-08
300.33,-6.7467e-08
300.39,-6.7738e-08
300.45,-6.7653e-08
300.51,-6.7702e-08
300.57,-6.7679e-08
300.63,-6.77e-08
300.69,-6.7536e-08
300.77,-6.7498e-08
300.83,-6.7487e-08
300.89,-6.7608e-08
300.95,-6.7593e-08
301,-6.7607e-08
301.07,-6.7565e-08
301.13,-6.751e-08
301.2,-6.7514e-08
301.26,-6.7469e-08
301.32,-6.747e-08
301.38,-6.7558e-08
301.45,-6.7635e-08
301.51,-6.7626e-08
301.58,-6.7697e-08
301.64,-6.7701e-08
301.7,-6.7616e-08
301.77,-6.759e-08
301.83,-6.7704e-08
301.89,-6.7683e-08
301.95,-6.7605e-08
302.01,-6.7845e-08
302.07,-6.7667e-08
302.15,-6.7749e-08
302.21,-6.7694e-08
302.27,-6.7631e-08
302.34,-6.7694e-08
302.4,-6.7666e-08
302.46,-6.7708e-08
302.52,-6.7791e-08
302.58,-6.765e-08
302.64,-6.7636e-08
302.7,-6.7646e-08
302.76,-6.7618e-08
302.84,-6.7728e-08
302.9,-6.7621e-08
302.97,-6.7712e-08
303.03,-6.7705e-08
303.09,-6.7652e-08
303.14,-6.7844e-08
303.2,-6.7736e-08
303.26,-6.7647e-08
303.33,-6.7602e-08
303.39,-6.7496e-08
303.45,-6.759e-08
303.52,-6.7627e-08
303.58,-6.7527e-08
303.64,-6.7525e-08
303.71,-6.7567e-08
303.77,-6.751e-08
303.83,-6.7462e-08
303.9,-6.7648e-08
303.96,-6.7614e-08
304.01,-6.7559e-08
304.08,-6.7576e-08
304.13,-6.7488e-08
304.21,-6.7464e-08
304.27,-6.752e-08
304.33,-6.7715e-08
304.4,-6.7644e-08
304.46,-6.7691e-08
304.51,-6.7484e-08
304.58,-6.7528e-08
304.63,-6.7611e-08
304.69,-6.7577e-08
304.75,-6.7475e-08
304.82,-6.7597e-08
304.89,-6.7605e-08
304.96,-6.7546e-08
305.01,-6.7573e-08
305.08,-6.7471e-08
305.14,-6.7474e-08
305.2,-6.7484e-08
305.27,-6.7513e-08
305.33,-6.7531e-08
305.39,-6.7576e-08
305.45,-6.7518e-08
305.51,-6.7391e-08
305.58,-6.7464e-08
305.65,-6.7444e-08
305.71,-6.7453e-08
305.77,-6.7525e-08
305.84,-6.7528e-08
305.89,-6.7454e-08
305.95,-6.7452e-08
306.01,-6.7423e-08
306.07,-6.744e-08
306.13,-6.7399e-08
306.2,-6.736e-08
306.27,-6.7351e-08
306.33,-6.7461e-08
306.4,-6.7429e-08
306.46,-6.745e-08
306.51,-6.7403e-08
306.58,-6.7433e-08
306.64,-6.7397e-08
306.7,-6.7441e-08
306.77,-6.747e-08
306.82,-6.7475e-08
306.88,-6.7393e-08
306.95,-6.7409e-08
307.01,-6.7486e-08
307.08,-6.7508e-08
307.13,-6.7441e-08
307.2,-6.7451e-08
307.26,-6.7415e-08
307.32,-6.7344e-08
307.38,-6.7307e-08
307.44,-6.7439e-08
307.5,-6.7494e-08
307.56,-6.7455e-08
307.64,-6.7469e-08
307.7,-6.7431e-08
307.76,-6.7434e-08
307.83,-6.7335e-08
307.89,-6.7367e-08
307.95,-6.7359e-08
308.01,-6.7416e-08
308.07,-6.7351e-08
308.13,-6.73e-08
308.2,-6.7246e-08
308.26,-6.7271e-08
308.34,-6.7293e-08
308.4,-6.7239e-08
308.46,-6.7218e-08
308.52,-6.7201e-08
308.58,-6.724e-08
308.65,-6.7241e-08
308.71,-6.7224e-08
308.77,-6.7323e-08
308.83,-6.7357e-08
308.89,-6.7151e-08
308.95,-6.7235e-08
309.03,-6.7238e-08
309.09,-6.7305e-08
309.15,-6.7229e-08
309.22,-6.7301e-08
309.28,-6.7299e-08
309.34,-6.7251e-08
309.39,-6.7363e-08
309.45,-6.7309e-08
309.52,-6.7237e-08
309.58,-6.7273e-08
309.64,-6.7339e-08
309.72,-6.7208e-08
309.78,-6.7232e-08
309.84,-6.7361e-08
309.91,-6.7261e-08
309.97,-6.74e-08
310.03,-6.737e-08
310.1,-6.7159e-08
310.16,-6.7432e-08
310.22,-6.7363e-08
310.29,-6.7278e-08
310.35,-6.7267e-08
310.43,-6.7205e-08
310.49,-6.7287e-08
310.55,-6.7331e-08
310.61,-6.7331e-08
310.67,-6.7223e-08
310.74,-6.7227e-08
310.8,-6.7275e-08
310.86,-6.723e-08
310.92,-6.7206e-08
310.99,-6.734e-08
311.05,-6.7372e-08
311.12,-6.723e-08
311.18,-6.7151e-08
311.24,-6.7154e-08
311.31,-6.7283e-08
311.37,-6.7353e-08
311.43,-6.7441e-08
311.48,-6.7368e-08
311.54,-6.7212e-08
311.6,-6.7167e-08
311.67,-6.7216e-08
311.73,-6.731e-08
311.81,-6.7296e-08
311.87,-6.7225e-08
311.93,-6.7229e-08
311.99,-6.7139e-08
312.05,-6.7131e-08
312.1,-6.7162e-08
312.17,-6.7201e-08
312.23,-6.7284e-08
312.29,-6.7294e-08
312.35,-6.7187e-08
312.41,-6.7184e-08
312.48,-6.7105e-08
312.54,-6.7131e-08
312.6,-6.7089e-08
312.67,-6.7074e-08
312.73,-6.7207e-08
312.79,-6.7192e-08
312.86,-6.7141e-08
312.92,-6.7137e-08
312.98,-6.7192e-08
313.04,-6.726e-08
313.1,-6.7116e-08
313.18,-6.721e-08
313.24,-6.7148e-08
313.3,-6.7199e-08
313.36,-6.722e-08
313.42,-6.7119e-08
313.48,-6.7136e-08
313.54,-6.711e-08
313.6,-6.714e-08
313.67,-6.7065e-08
313.73,-6.7039e-08
313.79,-6.71e-08
313.87,-6.7216e-08
313.93,-6.7243e-08
313.99,-6.7163e-08
314.05,-6.7173e-08
314.11,-6.7027e-08
314.18,-6.7036e-08
314.24,-6.7125e-08
314.31,-6.7147e-08
314.37,-6.7208e-08
314.43,-6.7015e-08
314.49,-6.7137e-08
314.56,-6.7e-08
314.63,-6.7111e-08
314.69,-6.7159e-08
314.75,-6.7171e-08
314.81,-6.7196e-08
314.87,-6.7162e-08
314.93,-6.7159e-08
314.99,-6.7115e-08
315.05,-6.7153e-08
315.11,-6.7201e-08
315.18,-6.7206e-08
315.25,-6.7087e-08
315.32,-6.707e-08
315.37,-6.7178e-08
315.44,-6.7191e-08
315.49,-6.7163e-08
315.56,-6.7174e-08
315.62,-6.7041e-08
315.68,-6.7129e-08
315.74,-6.7049e-08
315.81,-6.7041e-08
315.87,-6.71e-08
315.94,-6.7075e-08
316.01,-6.7068e-08
316.07,-6.7228e-08
316.13,-6.7089e-08
316.2,-6.7205e-08
316.26,-6.7187e-08
316.33,-6.7203e-08
316.39,-6.7042e-08
316.45,-6.7072e-08
316.51,-6.705e-08
316.57,-6.6954e-08
316.64,-6.7138e-08
316.7,-6.7021e-08
316.76,-6.7001e-08
316.83,-6.7147e-08
316.89,-6.7127e-08
316.95,-6.7181e-08
317.01,-6.7128e-08
317.07,-6.7085e-08
317.12,-6.709e-08
317.19,-6.7252e-08
317.25,-6.7093e-08
317.33,-6.7108e-08
317.39,-6.7141e-08
317.45,-6.7077e-08
317.51,-6.7087e-08
317.57,-6.7089e-08
317.63,-6.7103e-08
317.69,-6.7091e-08
317.75,-6.7086e-08
317.82,-6.6954e-08
317.88,-6.701e-08
317.94,-6.7141e-08
318.01,-6.7212e-08
318.08,-6.7174e-08
318.13,-6.701e-08
318.19,-6.7065e-08
318.25,-6.7141e-08
318.32,-6.7215e-08
318.38,-6.7185e-08
318.43,-6.7072e-08
318.5,-6.7068e-08
318.56,-6.7073e-08
318.62,-6.7093e-08
318.7,-6.7058e-08
318.76,-6.6957e-08
318.82,-6.7088e-08
318.88,-6.7093e-08
318.94,-6.7143e-08
319,-6.7087e-08
319.07,-6.7116e-08
319.12,-6.7088e-08
319.19,-6.7087e-08
319.25,-6.7107e-08
319.31,-6.6953e-08
319.39,-6.6997e-08
319.45,-6.7104e-08
319.51,-6.7047e-08
319.57,-6.7087e-08
319.64,-6.7144e-08
319.7,-6.6986e-08
319.76,-6.7034e-08
319.83,-6.7174e-08
319.88,-6.7006e-08
319.94,-6.7164e-08
320,-6.7031e-08
320.07,-6.7146e-08
320.14,-6.7212e-08
320.19,-6.6964e-08
320.26,-6.7025e-08
320.31,-6.7062e-08
320.38,-6.7202e-08
320.44,-6.7129e-08
320.5,-6.7064e-08
320.56,-6.6936e-08
320.62,-6.6936e-08
320.69,-6.7038e-08
320.76,-6.6919e-08
320.83,-6.69e-08
320.89,-6.6973e-08
320.95,-6.708e-08
321.02,-6.6981e-08
321.08,-6.7134e-08
321.15,-6.7136e-08
321.21,-6.71e-08
321.27,-6.7059e-08
321.33,-6.6985e-08
321.39,-6.6982e-08
321.47,-6.6946e-08
321.53,-6.6944e-08
321.6,-6.7062e-08
321.65,-6.6866e-08
321.72,-6.6949e-08
321.78,-6.6862e-08
321.84,-6.6973e-08
321.9,-6.7044e-08
321.96,-6.6923e-08
322.03,-6.6829e-08
322.08,-6.6955e-08
322.16,-6.6935e-08
322.22,-6.6777e-08
322.28,-6.6814e-08
322.35,-6.6848e-08
322.41,-6.6796e-08
322.47,-6.6716e-08
322.53,-6.6759e-08
322.6,-6.6806e-08
322.65,-6.6742e-08
322.72,-6.6738e-08
322.78,-6.6711e-08
322.86,-6.685e-08
322.92,-6.6981e-08
322.98,-6.6918e-08
323.04,-6.685e-08
323.1,-6.6792e-08
323.15,-6.6802e-08
323.22,-6.6791e-08
323.28,-6.6724e-08
323.34,-6.6722e-08
323.4,-6.6778e-08
323.47,-6.6753e-08
323.54,-6.6916e-08
323.6,-6.6909e-08
323.67,-6.6896e-08
323.72,-6.6888e-08
323.79,-6.6939e-08
323.85,-6.6852e-08
323.91,-6.6942e-08
323.97,-6.6819e-08
324.02,-6.6916e-08
324.08,-6.6844e-08
324.14,-6.6831e-08
324.22,-6.681e-08
324.28,-6.6913e-08
324.34,-6.6775e-08
324.4,-6.6816e-08
324.47,-6.6781e-08
324.53,-6.697e-08
324.59,-6.6735e-08
324.65,-6.6838e-08
324.71,-6.6754e-08
324.78,-6.6823e-08
324.83,-6.6841e-08
324.9,-6.6823e-08
324.96,-6.6835e-08
325.03,-6.683e-08
325.09,-6.675e-08
325.16,-6.683e-08
325.22,-6.6838e-08
325.28,-6.6921e-08
325.35,-6.6805e-08
325.4,-6.691e-08
325.47,-6.6859e-08
325.53,-6.6903e-08
325.61,-6.6986e-08
325.67,-6.6938e-08
325.73,-6.7004e-08
325.8,-6.689e-08
325.86,-6.6892e-08
325.92,-6.6909e-08
325.99,-6.6925e-08
326.04,-6.7022e-08
326.11,-6.6755e-08
326.17,-6.6797e-08
326.23,-6.6919e-08
326.3,-6.6974e-08
326.37,-6.703e-08
326.42,-6.6878e-08
326.49,-6.6826e-08
326.54,-6.6957e-08
326.61,-6.6916e-08
326.67,-6.6817e-08
326.73,-6.673e-08
326.79,-6.6857e-08
326.85,-6.6828e-08
326.92,-6.6859e-08
326.99,-6.6855e-08
327.06,-6.6776e-08
327.12,-6.6737e-08
327.18,-6.6768e-08
327.24,-6.6769e-08
327.3,-6.6804e-08
327.37,-6.6727e-08
327.43,-6.6833e-08
327.49,-6.6832e-08
327.55,-6.6779e-08
327.61,-6.6782e-08
327.68,-6.6931e-08
327.74,-6.6882e-08
327.81,-6.6791e-08
327.87,-6.6639e-08
327.94,-6.6732e-08
328,-6.6597e-08
328.06,-6.6701e-08
328.12,-6.675e-08
328.18,-6.67e-08
328.25,-6.6831e-08
328.3,-6.6771e-08
328.38,-6.6742e-08
328.44,-6.6784e-08
328.51,-6.6738e-08
328.57,-6.6822e-08
328.63,-6.6897e-08
328.69,-6.6924e-08
328.75,-6.6685e-08
328.82,-6.6727e-08
328.88,-6.6772e-08
328.94,-6.6724e-08
329,-6.6724e-08
329.08,-6.686e-08
329.14,-6.6749e-08
329.21,-6.6746e-08
329.26,-6.6743e-08
329.33,-6.6952e-08
329.39,-6.6867e-08
329.46,-6.696e-08
329.51,-6.6955e-08
329.58,-6.6796e-08
329.63,-6.6802e-08
329.69,-6.684e-08
329.76,-6.6835e-08
329.82,-6.6754e-08
329.88,-6.6774e-08
329.95,-6.6698e-08
330.01,-6.6645e-08
330.08,-6.6632e-08
330.14,-6.6662e-08
330.2,-6.6564e-08
330.25,-6.6601e-08
330.31,-6.6713e-08
330.37,-6.6735e-08
330.45,-6.6833e-08
330.51,-6.6732e-08
330.57,-6.6853e-08
330.64,-6.6723e-08
330.69,-6.6658e-08
330.76,-6.6783e-08
330.82,-6.6693e-08
330.88,-6.6822e-08
330.94,-6.6829e-08
331,-6.6789e-08
331.07,-6.6724e-08
331.14,-6.6623e-08
331.21,-6.6662e-08
331.26,-6.6746e-08
331.33,-6.6689e-08
331.39,-6.6818e-08
331.45,-6.6902e-08
331.51,-6.6861e-08
331.58,-6.681e-08
331.64,-6.687e-08
331.7,-6.6783e-08
331.76,-6.6743e-08
331.84,-6.6829e-08
331.9,-6.6831e-08
331.97,-6.6634e-08
332.03,-6.6686e-08
332.09,-6.648e-08
332.16,-6.6676e-08
332.22,-6.6738e-08
332.28,-6.6597e-08
332.34,-6.6729e-08
332.4,-6.66e-08
332.46,-6.6596e-08
332.54,-6.6507e-08
332.6,-6.6771e-08
332.66,-6.6532e-08
332.72,-6.654e-08
332.78,-6.6655e-08
332.84,-6.6682e-08
332.9,-6.6643e-08
332.96,-6.6589e-08
333.02,-6.6724e-08
333.08,-6.6825e-08
333.15,-6.673e-08
333.23,-6.6684e-08
333.29,-6.6757e-08
333.35,-6.6749e-08
333.41,-6.6787e-08
333.47,-6.6714e-08
333.52,-6.6885e-08
333.59,-6.6781e-08
333.65,-6.6753e-08
333.71,-6.6752e-08
333.77,-6.6747e-08
333.84,-6.6772e-08
333.91,-6.6711e-08
333.97,-6.671e-08
334.04,-6.6622e-08
334.1,-6.6583e-08
334.17,-6.6743e-08
334.23,-6.6665e-08
334.29,-6.6766e-08
334.35,-6.6613e-08
334.41,-6.668e-08
334.46,-6.6732e-08
334.52,-6.6637e-08
334.6,-6.6603e-08
334.66,-6.6606e-08
334.72,-6.6544e-08
334.79,-6.6746e-08
334.84,-6.6723e-08
334.9,-6.6783e-08
334.96,-6.6687e-08
335.03,-6.6666e-08
335.09,-6.6613e-08
335.15,-6.6657e-08
335.22,-6.649e-08
335.3,-6.6625e-08
335.36,-6.6429e-08
335.42,-6.6611e-08
335.48,-6.6431e-08
335.54,-6.6464e-08
335.59,-6.6549e-08
335.66,-6.6636e-08
335.72,-6.6597e-08
335.78,-6.6574e-08
335.84,-6.6589e-08
335.89,-6.6596e-08
335.97,-6.659e-08
336.03,-6.6658e-08
336.09,-6.6594e-08
336.16,-6.6773e-08
336.22,-6.6703e-08
336.29,-6.6605e-08
336.35,-6.6625e-08
336.41,-6.6603e-08
336.47,-6.6561e-08
336.53,-6.6713e-08
336.6,-6.6654e-08
336.66,-6.6603e-08
336.73,-6.6535e-08
336.79,-6.6542e-08
336.85,-6.6463e-08
336.92,-6.6448e-08
336.97,-6.651e-08
337.04,-6.6685e-08
337.1,-6.6754e-08
337.16,-6.6598e-08
337.22,-6.657e-08
337.29,-6.6596e-08
337.36,-6.6593e-08
337.42,-6.6507e-08
337.48,-6.6408e-08
337.54,-6.641e-08
337.6,-6.6379e-08
337.65,-6.6518e-08
337.72,-6.6503e-08
337.78,-6.6529e-08
337.84,-6.6431e-08
337.9,-6.6359e-08
337.96,-6.6503e-08
338.04,-6.6357e-08
338.1,-6.6292e-08
338.17,-6.6374e-08
338.22,-6.6247e-08
338.29,-6.636e-08
338.35,-6.6344e-08
338.41,-6.6344e-08
338.46,-6.6474e-08
338.53,-6.6491e-08
338.59,-6.6456e-08
338.65,-6.6369e-08
338.72,-6.6537e-08
338.79,-6.6407e-08
338.85,-6.6449e-08
338.91,-6.6444e-08
338.97,-6.6545e-08
339.03,-6.6507e-08
339.09,-6.6496e-08
339.16,-6.6416e-08
339.22,-6.641e-08
339.28,-6.6477e-08
339.34,-6.6435e-08
339.42,-6.6355e-08
339.48,-6.631e-08
339.54,-6.6398e-08
339.6,-6.6326e-08
339.67,-6.6417e-08
339.73,-6.6535e-08
339.79,-6.6491e-08
339.85,-6.6464e-08
339.91,-6.64e-08
339.97,-6.6534e-08
340.03,-6.654e-08
340.1,-6.6332e-08
340.16,-6.6361e-08
340.22,-6.6502e-08
340.29,-6.6443e-08
340.34,-6.6471e-08
340.4,-6.6427e-08
340.46,-6.6519e-08
340.52,-6.6452e-08
340.59,-6.6447e-08
340.65,-6.6389e-08
340.71,-6.6497e-08
340.79,-6.6501e-08
340.85,-6.6462e-08
340.91,-6.6433e-08
340.97,-6.6537e-08
341.04,-6.6454e-08
341.1,-6.6393e-08
341.16,-6.6497e-08
341.23,-6.6494e-08
341.28,-6.6581e-08
341.34,-6.657e-08
341.4,-6.6438e-08
341.48,-6.6474e-08
341.54,-6.6445e-08
341.6,-6.6417e-08
341.66,-6.6465e-08
341.73,-6.6342e-08
341.78,-6.6403e-08
341.85,-6.6424e-08
341.91,-6.6331e-08
341.97,-6.6309e-08
342.03,-6.6239e-08
342.1,-6.6352e-08
342.17,-6.6228e-08
342.23,-6.6143e-08
342.3,-6.6268e-08
342.35,-6.6287e-08
342.41,-6.6345e-08
342.47,-6.6263e-08
342.54,-6.6172e-08
342.6,-6.6211e-08
342.67,-6.622e-08
342.72,-6.6075e-08
342.78,-6.5986e-08
342.86,-6.6067e-08
342.92,-6.6029e-08
342.98,-6.6078e-08
343.04,-6.6112e-08
343.11,-6.626e-08
343.17,-6.6189e-08
343.23,-6.6133e-08
343.3,-6.6139e-08
343.35,-6.6104e-08
343.41,-6.6084e-08
343.48,-6.6084e-08
343.55,-6.6271e-08
343.61,-6.6198e-08
343.67,-6.6227e-08
343.73,-6.6279e-08
343.8,-6.6248e-08
343.85,-6.6264e-08
343.92,-6.6158e-08
343.98,-6.6155e-08
344.04,-6.6125e-08
344.1,-6.6182e-08
344.17,-6.6164e-08
344.24,-6.6173e-08
344.31,-6.6259e-08
344.37,-6.6286e-08
344.42,-6.6224e-08
344.48,-6.6082e-08
344.55,-6.6212e-08
344.61,-6.6288e-08
344.67,-6.6269e-08
344.74,-6.6446e-08
344.8,-6.6341e-08
344.86,-6.6216e-08
344.92,-6.6238e-08
344.99,-6.6256e-08
345.05,-6.6286e-08
345.11,-6.6244e-08
345.18,-6.6375e-08
345.24,-6.6301e-08
345.3,-6.6189e-08
345.36,-6.6245e-08
345.42,-6.6269e-08
345.48,-6.6259e-08
345.54,-6.625e-08
345.61,-6.6256e-08
345.68,-6.6399e-08
345.73,-6.631e-08
345.8,-6.6357e-08
345.85,-6.6327e-08
345.91,-6.6307e-08
345.97,-6.6454e-08
346.04,-6.6439e-08
346.1,-6.6321e-08
346.16,-6.6532e-08
346.23,-6.6458e-08
346.31,-6.6407e-08
346.37,-6.635e-08
346.43,-6.6454e-08
346.49,-6.6491e-08
346.55,-6.6317e-08
346.6,-6.6386e-08
346.66,-6.6285e-08
346.72,-6.6215e-08
346.78,-6.6138e-08
346.84,-6.6227e-08
346.9,-6.6342e-08
346.97,-6.6286e-08
347.04,-6.6278e-08
347.1,-6.6236e-08
347.16,-6.6286e-08
347.23,-6.6356e-08
347.28,-6.6351e-08
347.34,-6.6233e-08
347.4,-6.6345e-08
347.46,-6.6159e-08
347.53,-6.6144e-08
347.59,-6.6125e-08
347.66,-6.6174e-08
347.73,-6.6123e-08
347.79,-6.6177e-08
347.85,-6.6214e-08
347.91,-6.6189e-08
347.98,-6.6148e-08
348.04,-6.6154e-08
348.1,-6.6121e-08
348.17,-6.6026e-08
348.23,-6.6189e-08
348.29,-6.5988e-08
348.37,-6.6004e-08
348.43,-6.6042e-08
348.5,-6.6059e-08
348.55,-6.6079e-08
348.61,-6.6048e-08
348.67,-6.6133e-08
348.74,-6.61e-08
348.8,-6.6098e-08
348.86,-6.6122e-08
348.93,-6.601e-08
348.98,-6.6163e-08
349.05,-6.619e-08
349.11,-6.6226e-08
349.18,-6.6152e-08
349.24,-6.6283e-08
349.31,-6.6155e-08
349.37,-6.6197e-08
349.43,-6.6198e-08
349.5,-6.6132e-08
349.55,-6.6139e-08
349.61,-6.6007e-08
349.67,-6.6109e-08
349.75,-6.6185e-08
349.81,-6.6128e-08
349.87,-6.6089e-08
349.93,-6.6097e-08
350,-6.6189e-08
350.05,-6.6118e-08
350.12,-6.6153e-08
350.18,-6.6108e-08
350.24,-6.6151e-08
350.3,-6.6117e-08
350.37,-6.6168e-08
350.44,-6.6205e-08
350.5,-6.6148e-08
350.57,-6.6291e-08
350.62,-6.6191e-08
350.68,-6.6066e-08
350.74,-6.5931e-08
350.81,-6.5927e-08
350.87,-6.6037e-08
350.93,-6.6041e-08
351,-6.6036e-08
351.05,-6.6171e-08
351.12,-6.6049e-08
351.19,-6.626e-08
351.25,-6.6077e-08
351.31,-6.6085e-08
351.38,-6.6055e-08
351.44,-6.6166e-08
351.5,-6.6136e-08
351.57,-6.6126e-08
351.62,-6.6005e-08
351.68,-6.5873e-08
351.75,-6.6056e-08
351.82,-6.61e-08
351.88,-6.6033e-08
351.95,-6.5984e-08
352.01,-6.6063e-08
352.08,-6.6026e-08
352.14,-6.6068e-08
352.2,-6.5927e-08
352.25,-6.6043e-08
352.32,-6.6027e-08
352.38,-6.5988e-08
352.44,-6.6068e-08
352.52,-6.6045e-08
352.58,-6.6032e-08
352.65,-6.5981e-08
352.71,-6.5914e-08
352.77,-6.5873e-08
352.82,-6.5845e-08
352.89,-6.5932e-08
352.95,-6.5863e-08
353.01,-6.5908e-08
353.08,-6.592e-08
353.14,-6.5836e-08
353.22,-6.5758e-08
353.28,-6.5823e-08
353.34,-6.5917e-08
353.41,-6.5845e-08
353.47,-6.5967e-08
353.54,-6.5971e-08
353.6,-6.5934e-08
353.66,-6.5864e-08
353.73,-6.5881e-08
353.78,-6.587e-08
353.84,-6.5816e-08
353.92,-6.5833e-08
353.98,-6.5835e-08
354.04,-6.5825e-08
354.11,-6.5786e-08
354.17,-6.5771e-08
354.23,-6.5918e-08
354.3,-6.5816e-08
354.35,-6.5939e-08
354.42,-6.5844e-08
354.48,-6.5849e-08
354.54,-6.5881e-08
354.61,-6.6031e-08
354.68,-6.5834e-08
354.73,-6.6024e-08
354.8,-6.5909e-08
354.85,-6.5971e-08
354.91,-6.6012e-08
354.97,-6.5979e-08
355.04,-6.5981e-08
355.1,-6.6036e-08
355.17,-6.6018e-08
355.23,-6.6018e-08
355.31,-6.5827e-08
355.37,-6.592e-08
355.43,-6.5837e-08
355.49,-6.5946e-08
355.55,-6.5891e-08
355.62,-6.6036e-08
355.68,-6.5919e-08
355.74,-6.5954e-08
355.8,-6.6013e-08
355.86,-6.5993e-08
355.92,-6.5863e-08
356,-6.5849e-08
356.06,-6.5959e-08
356.12,-6.5924e-08
356.18,-6.5932e-08
356.24,-6.6041e-08
356.3,-6.6011e-08
356.36,-6.6e-08
356.41,-6.5982e-08
356.47,-6.5946e-08
356.53,-6.5959e-08
356.6,-6.5951e-08
356.67,-6.5975e-08
356.74,-6.5917e-08
356.79,-6.5946e-08
356.86,-6.5915e-08
356.92,-6.5992e-08
356.98,-6.5869e-08
357.05,-6.6e-08
357.11,-6.5876e-08
357.17,-6.5886e-08
357.23,-6.5893e-08
357.29,-6.5817e-08
357.36,-6.5869e-08
357.43,-6.583e-08
357.49,-6.586e-08
357.55,-6.5912e-08
357.62,-6.5991e-08
357.68,-6.5983e-08
357.74,-6.6042e-08
357.8,-6.5992e-08
357.86,-6.5937e-08
357.92,-6.5892e-08
357.99,-6.5809e-08
358.06,-6.598e-08
358.13,-6.5931e-08
358.19,-6.582e-08
358.25,-6.584e-08
358.31,-6.5962e-08
358.37,-6.5947e-08
358.43,-6.5949e-08
358.5,-6.6006e-08
358.56,-6.5859e-08
358.62,-6.5984e-08
358.69,-6.5878e-08
358.76,-6.5859e-08
358.82,-6.5904e-08
358.89,-6.5915e-08
358.95,-6.6057e-08
359.01,-6.5949e-08
359.07,-6.5784e-08
359.14,-6.5846e-08
359.19,-6.6001e-08
359.25,-6.5815e-08
359.31,-6.5976e-08
359.37,-6.6001e-08
359.44,-6.602e-08
359.5,-6.5969e-08
359.57,-6.5951e-08
359.63,-6.5886e-08
359.69,-6.5881e-08
359.75,-6.597e-08
359.81,-6.5971e-08
359.86,-6.5923e-08
359.92,-6.5939e-08
359.98,-6.5911e-08
360.04,-6.5827e-08
360.11,-6.5774e-08
360.17,-6.5792e-08
360.23,-6.5701e-08
360.29,-6.5754e-08
360.34,-6.5629e-08
360.41,-6.5723e-08
360.46,-6.5726e-08
360.52,-6.5862e-08
360.58,-6.5818e-08
360.65,-6.5774e-08
360.71,-6.5805e-08
360.79,-6.5786e-08
360.85,-6.5887e-08
360.91,-6.6003e-08
360.98,-6.5961e-08
361.03,-6.58e-08
361.09,-6.5866e-08
361.16,-6.5768e-08
361.22,-6.5724e-08
361.28,-6.5737e-08
361.35,-6.565e-08
361.41,-6.5678e-08
361.48,-6.5724e-08
361.55,-6.5763e-08
361.61,-6.5738e-08
361.67,-6.5859e-08
361.74,-6.57e-08
361.8,-6.586e-08
361.87,-6.5937e-08
361.93,-6.5782e-08
361.99,-6.5919e-08
362.05,-6.5719e-08
362.11,-6.5645e-08
362.18,-6.5763e-08
362.25,-6.5615e-08
362.31,-6.5754e-08
362.37,-6.577e-08
362.44,-6.5785e-08
362.5,-6.5706e-08
362.56,-6.5866e-08
362.62,-6.5807e-08
362.68,-6.5927e-08
362.74,-6.5848e-08
362.79,-6.5718e-08
362.87,-6.58e-08
362.93,-6.5848e-08
362.99,-6.575e-08
363.05,-6.593e-08
363.11,-6.5864e-08
363.17,-6.5803e-08
363.24,-6.5823e-08
363.3,-6.5728e-08
363.36,-6.5853e-08
363.43,-6.5852e-08
363.48,-6.5788e-08
363.55,-6.5631e-08
363.62,-6.5572e-08
363.68,-6.5614e-08
363.74,-6.574e-08
363.81,-6.5628e-08
363.87,-6.5685e-08
363.93,-6.5737e-08
364,-6.5565e-08
364.05,-6.5555e-08
364.11,-6.5405e-08
364.17,-6.563e-08
364.25,-6.5597e-08
364.31,-6.5773e-08
364.38,-6.5779e-08
364.44,-6.5688e-08
364.5,-6.5608e-08
364.56,-6.5622e-08
364.62,-6.5604e-08
364.68,-6.568e-08
364.74,-6.5503e-08
364.8,-6.5629e-08
364.87,-6.5514e-08
364.94,-6.5669e-08
365,-6.5673e-08
365.07,-6.552e-08
365.13,-6.5594e-08
365.19,-6.5616e-08
365.25,-6.5656e-08
365.31,-6.5644e-08
365.37,-6.5538e-08
365.44,-6.5707e-08
365.5,-6.5726e-08
365.56,-6.5662e-08
365.64,-6.5524e-08
365.7,-6.5646e-08
365.76,-6.5755e-08
365.82,-6.5664e-08
365.88,-6.5504e-08
365.95,-6.5622e-08
366.01,-6.5572e-08
366.07,-6.5461e-08
366.14,-6.5565e-08
366.2,-6.553e-08
366.26,-6.5533e-08
366.33,-6.5522e-08
366.4,-6.5462e-08
366.46,-6.554e-08
366.52,-6.5492e-08
366.59,-6.5391e-08
366.65,-6.5386e-08
366.71,-6.5331e-08
366.78,-6.5383e-08
366.83,-6.5409e-08
366.9,-6.5564e-08
366.96,-6.5466e-08
367.03,-6.5461e-08
367.09,-6.5492e-08
367.16,-6.5511e-08
367.22,-6.5526e-08
367.29,-6.555e-08
367.35,-6.5508e-08
367.41,-6.5574e-08
367.47,-6.5554e-08
367.53,-6.5591e-08
367.59,-6.5546e-08
367.65,-6.5582e-08
367.73,-6.5639e-08
367.79,-6.5576e-08
367.86,-6.5422e-08
367.92,-6.5458e-08
367.98,-6.555e-08
368.04,-6.5511e-08
368.1,-6.5527e-08
368.16,-6.5506e-08
368.22,-6.5685e-08
368.29,-6.5512e-08
368.35,-6.5549e-08
368.43,-6.5509e-08
368.49,-6.5556e-08
368.55,-6.5546e-08
368.61,-6.552e-08
368.67,-6.5372e-08
368.73,-6.533e-08
368.79,-6.5366e-08
368.85,-6.5465e-08
368.92,-6.5527e-08
368.98,-6.5405e-08
369.04,-6.5466e-08
369.1,-6.5574e-08
369.17,-6.5431e-08
369.23,-6.5396e-08
369.29,-6.5388e-08
369.35,-6.5485e-08
369.41,-6.5398e-08
369.48,-6.5444e-08
369.53,-6.5484e-08
369.6,-6.5522e-08
369.66,-6.5474e-08
369.72,-6.5541e-08
369.79,-6.558e-08
369.86,-6.5535e-08
369.91,-6.5407e-08
369.98,-6.5417e-08
370.03,-6.5451e-08
370.09,-6.5417e-08
370.16,-6.5302e-08
370.21,-6.5419e-08
370.28,-6.5453e-08
370.34,-6.5401e-08
370.4,-6.5436e-08
370.48,-6.5429e-08
370.54,-6.5483e-08
370.6,-6.5511e-08
370.66,-6.5527e-08
370.73,-6.5384e-08
370.78,-6.534e-08
370.85,-6.5312e-08
370.91,-6.5409e-08
370.97,-6.5306e-08
371.03,-6.5439e-08
371.09,-6.5356e-08
371.16,-6.5332e-08
371.23,-6.5195e-08
371.29,-6.5333e-08
371.35,-6.5282e-08
371.42,-6.5402e-08
371.48,-6.5333e-08
371.54,-6.5282e-08
371.6,-6.5149e-08
371.66,-6.5237e-08
371.71,-6.5234e-08
371.78,-6.5284e-08
371.85,-6.5356e-08
371.92,-6.5229e-08
371.98,-6.5252e-08
372.04,-6.515e-08
372.1,-6.5234e-08
372.16,-6.5288e-08
372.22,-6.5366e-08
372.28,-6.5483e-08
372.34,-6.5279e-08
372.4,-6.5468e-08
372.47,-6.5439e-08
372.54,-6.5447e-08
372.61,-6.5363e-08
372.67,-6.5262e-08
372.73,-6.5357e-08
372.79,-6.5287e-08
372.85,-6.5333e-08
372.91,-6.5257e-08
372.98,-6.528e-08
373.03,-6.5375e-08
373.1,-6.5268e-08
373.16,-6.5281e-08
373.24,-6.5516e-08
373.3,-6.5317e-08
373.36,-6.5377e-08
373.43,-6.525e-08
373.49,-6.5143e-08
373.55,-6.5188e-08
373.62,-6.5236e-08
373.67,-6.5234e-08
373.73,-6.5199e-08
373.79,-6.5274e-08
373.85,-6.5202e-08
373.93,-6.5209e-08
373.99,-6.5261e-08
374.05,-6.5132e-08
374.12,-6.5233e-08
374.17,-6.5203e-08
374.24,-6.5321e-08
374.3,-6.5237e-08
374.36,-6.5241e-08
374.42,-6.532e-08
374.49,-6.5292e-08
374.55,-6.535e-08
374.63,-6.5364e-08
374.69,-6.5394e-08
374.76,-6.525e-08
374.81,-6.5229e-08
374.87,-6.52e-08
374.93,-6.5257e-08
375,-6.5306e-08
375.05,-6.5277e-08
375.12,-6.5334e-08
375.18,-6.5223e-08
375.24,-6.5261e-08
375.31,-6.5164e-08
375.38,-6.5242e-08
375.43,-6.5239e-08
375.49,-6.5148e-08
375.55,-6.5195e-08
375.62,-6.5194e-08
375.68,-6.5164e-08
375.74,-6.5146e-08
375.79,-6.5142e-08
375.86,-6.5251e-08
375.91,-6.5092e-08
375.99,-6.5111e-08
376.05,-6.5081e-08
376.11,-6.5124e-08
376.18,-6.5013e-08
376.24,-6.519e-08
376.3,-6.5069e-08
376.36,-6.5168e-08
376.42,-6.507e-08
376.48,-6.5132e-08
376.55,-6.5074e-08
376.61,-6.5136e-08
376.68,-6.5176e-08
376.75,-6.5242e-08
376.81,-6.5227e-08
376.87,-6.5197e-08
376.92,-6.5166e-08
376.98,-6.4994e-08
377.04,-6.5156e-08
377.11,-6.5029e-08
377.17,-6.4984e-08
377.23,-6.5001e-08
377.29,-6.4994e-08
377.36,-6.5001e-08
377.42,-6.4979e-08
377.49,-6.5089e-08
377.55,-6.506e-08
377.61,-6.5123e-08
377.67,-6.4997e-08
377.73,-6.5111e-08
377.79,-6.5058e-08
377.85,-6.5036e-08
377.91,-6.5045e-08
377.97,-6.5126e-08
378.05,-6.5081e-08
378.11,-6.511e-08
378.17,-6.5173e-08
378.24,-6.5043e-08
378.29,-6.5063e-08
378.35,-6.5085e-08
378.41,-6.5095e-08
378.47,-6.5093e-08
378.53,-6.5012e-08
378.6,-6.5036e-08
378.66,-6.4941e-08
378.74,-6.5004e-08
378.8,-6.5106e-08
378.85,-6.513e-08
378.92,-6.5076e-08
378.98,-6.5119e-08
379.04,-6.5176e-08
379.1,-6.519e-08
379.17,-6.515e-08
379.22,-6.5159e-08
379.28,-6.5072e-08
379.34,-6.5109e-08
379.41,-6.5039e-08
379.48,-6.5031e-08
379.53,-6.5001e-08
379.6,-6.5044e-08
379.65,-6.489e-08
379.71,-6.5094e-08
379.77,-6.4965e-08
379.83,-6.5054e-08
379.89,-6.5076e-08
379.96,-6.5005e-08
380.02,-6.5037e-08
380.1,-6.5144e-08
380.16,-6.5083e-08
380.22,-6.505e-08
380.29,-6.5098e-08
380.34,-6.505e-08
380.4,-6.4952e-08
380.46,-6.5058e-08
380.53,-6.4959e-08
380.59,-6.4947e-08
380.66,-6.5086e-08
380.72,-6.5075e-08
380.79,-6.4919e-08
380.86,-6.5003e-08
380.92,-6.5105e-08
380.98,-6.5104e-08
381.04,-6.5119e-08
381.1,-6.4985e-08
381.17,-6.5061e-08
381.23,-6.5158e-08
381.28,-6.5113e-08
381.34,-6.512e-08
381.4,-6.4892e-08
381.48,-6.494e-08
381.54,-6.4958e-08
381.61,-6.5029e-08
381.67,-6.5124e-08
381.73,-6.4944e-08
381.79,-6.4963e-08
381.85,-6.4959e-08
381.91,-6.491e-08
381.97,-6.4824e-08
382.04,-6.4932e-08
382.1,-6.4952e-08
382.18,-6.4843e-08
382.24,-6.4895e-08
382.3,-6.4954e-08
382.36,-6.4934e-08
382.42,-6.4889e-08
382.48,-6.4837e-08
382.54,-6.4838e-08
382.61,-6.4849e-08
382.67,-6.4685e-08
382.72,-6.4893e-08
382.78,-6.4915e-08
382.85,-6.483e-08
382.92,-6.4717e-08
382.97,-6.4831e-08
383.04,-6.4834e-08
383.1,-6.4886e-08
383.16,-6.4934e-08
383.23,-6.4914e-08
383.29,-6.4878e-08
383.35,-6.4971e-08
383.41,-6.499e-08
383.47,-6.4999e-08
383.55,-6.5022e-08
383.61,-6.5077e-08
383.68,-6.4876e-08
383.73,-6.4969e-08
383.79,-6.5027e-08
383.85,-6.5009e-08
383.91,-6.4956e-08
383.97,-6.4853e-08
384.04,-6.4871e-08
384.1,-6.4847e-08
384.16,-6.4951e-08
384.23,-6.488e-08
384.29,-6.4872e-08
384.35,-6.4987e-08
384.42,-6.4975e-08
384.48,-6.4999e-08
384.54,-6.4894e-08
384.61,-6.4919e-08
384.67,-6.509e-08
384.73,-6.5008e-08
384.79,-6.5044e-08
384.86,-6.4984e-08
384.92,-6.5032e-08
384.99,-6.4868e-08
385.05,-6.486e-08
385.11,-6.4851e-08
385.18,-6.4967e-08
385.24,-6.4922e-08
385.3,-6.5038e-08
385.35,-6.5021e-08
385.41,-6.4906e-08
385.47,-6.5055e-08
385.53,-6.5023e-08
385.61,-6.4875e-08
385.67,-6.4977e-08
385.73,-6.504e-08
385.79,-6.487e-08
385.85,-6.4948e-08
385.91,-6.4951e-08
385.97,-6.482e-08
386.03,-6.486e-08
386.1,-6.4876e-08
386.16,-6.4853e-08
386.22,-6.4909e-08
386.29,-6.4874e-08
386.35,-6.4804e-08
386.41,-6.4876e-08
386.47,-6.4796e-08
386.54,-6.489e-08
386.6,-6.4812e-08
386.67,-6.4792e-08
386.73,-6.4811e-08
386.79,-6.4724e-08
386.85,-6.4701e-08
386.91,-6.4717e-08
386.98,-6.4797e-08
387.04,-6.464e-08
387.11,-6.473e-08
387.17,-6.4817e-08
387.24,-6.4712e-08
387.3,-6.464e-08
387.36,-6.4867e-08
387.42,-6.4916e-08
387.48,-6.4956e-08
387.54,-6.5005e-08
387.6,-6.4976e-08
387.68,-6.5101e-08
387.74,-6.4948e-08
387.81,-6.5016e-08
387.87,-6.4979e-08
387.93,-6.4866e-08
387.99,-6.4824e-08
388.04,-6.4879e-08
388.1,-6.4916e-08
388.17,-6.4897e-08
388.23,-6.4805e-08
388.29,-6.4746e-08
388.38,-6.48e-08
388.44,-6.4772e-08
388.5,-6.4833e-08
388.57,-6.4834e-08
388.63,-6.4889e-08
388.69,-6.4913e-08
388.75,-6.4825e-08
388.81,-6.4645e-08
388.88,-6.4853e-08
388.93,-6.4806e-08
388.99,-6.4898e-08
389.06,-6.4827e-08
389.12,-6.4901e-08
389.19,-6.4745e-08
389.25,-6.4791e-08
389.31,-6.4778e-08
389.38,-6.4895e-08
389.43,-6.474e-08
389.5,-6.4783e-08
389.56,-6.4755e-08
389.62,-6.487e-08
389.68,-6.4861e-08
389.75,-6.4745e-08
389.81,-6.4651e-08
389.88,-6.4726e-08
389.94,-6.4806e-08
390,-6.4714e-08
390.05,-6.4713e-08
390.11,-6.4706e-08
390.17,-6.4698e-08
390.24,-6.4659e-08
390.3,-6.457e-08
390.36,-6.4579e-08
390.43,-6.4611e-08
390.5,-6.4741e-08
390.55,-6.4659e-08
390.62,-6.4801e-08
390.68,-6.4665e-08
390.74,-6.4714e-08
390.8,-6.4684e-08
390.87,-6.4667e-08
390.92,-6.4641e-08
390.98,-6.4565e-08
391.04,-6.46e-08
391.1,-6.4665e-08
391.17,-6.4694e-08
391.22,-6.4828e-08
391.29,-6.4783e-08
391.35,-6.4757e-08
391.41,-6.467e-08
391.47,-6.4705e-08
391.53,-6.4741e-08
391.59,-6.4709e-08
391.65,-6.4756e-08
391.72,-6.4727e-08
391.78,-6.4878e-08
391.85,-6.4653e-08
391.91,-6.4647e-08
391.97,-6.4719e-08
392.03,-6.4677e-08
392.09,-6.4649e-08
392.16,-6.4549e-08
392.22,-6.4634e-08
392.29,-6.4636e-08
392.34,-6.4644e-08
392.41,-6.4695e-08
392.48,-6.4588e-08
392.54,-6.4624e-08
392.61,-6.4746e-08
392.66,-6.4762e-08
392.73,-6.4724e-08
392.79,-6.4821e-08
392.85,-6.4782e-08
392.91,-6.4801e-08
392.98,-6.4843e-08
393.04,-6.4904e-08
393.1,-6.4834e-08
393.17,-6.4724e-08
393.23,-6.4771e-08
393.29,-6.4676e-08
393.36,-6.4729e-08
393.41,-6.4745e-08
393.47,-6.4733e-08
393.53,-6.4764e-08
393.59,-6.4706e-08
393.65,-6.4962e-08
393.72,-6.4929e-08
393.78,-6.4995e-08
393.86,-6.4848e-08
393.92,-6.4975e-08
393.98,-6.489e-08
394.05,-6.4919e-08
394.11,-6.4904e-08
394.17,-6.4915e-08
394.23,-6.4917e-08
394.29,-6.4798e-08
394.36,-6.4913e-08
394.42,-6.4773e-08
394.48,-6.4873e-08
394.55,-6.4837e-08
394.62,-6.4808e-08
394.67,-6.4853e-08
394.73,-6.4804e-08
394.79,-6.4798e-08
394.86,-6.4741e-08
394.91,-6.4818e-08
394.98,-6.4738e-08
395.04,-6.4783e-08
395.1,-6.4821e-08
395.16,-6.472e-08
395.23,-6.4657e-08
395.29,-6.485e-08
395.36,-6.4862e-08
395.42,-6.479e-08
395.48,-6.4731e-08
395.54,-6.4679e-08
395.61,-6.4612e-08
395.66,-6.4668e-08
395.73,-6.4614e-08
395.79,-6.4684e-08
395.85,-6.4748e-08
395.93,-6.4703e-08
396,-6.4848e-08
396.06,-6.4918e-08
396.12,-6.4731e-08
396.17,-6.4799e-08
396.23,-6.4733e-08
396.29,-6.4682e-08
396.36,-6.4747e-08
396.42,-6.4752e-08
396.49,-6.4751e-08
396.54,-6.4613e-08
396.61,-6.4782e-08
396.67,-6.4642e-08
396.74,-6.4599e-08
396.8,-6.4653e-08
396.87,-6.4659e-08
396.93,-6.4614e-08
396.99,-6.4763e-08
397.06,-6.4752e-08
397.11,-6.4873e-08
397.17,-6.4661e-08
397.23,-6.4719e-08
397.3,-6.4669e-08
397.37,-6.4786e-08
397.42,-6.4676e-08
397.49,-6.4733e-08
397.54,-6.4642e-08
397.61,-6.4585e-08
397.67,-6.4543e-08
397.73,-6.4757e-08
397.79,-6.4581e-08
397.85,-6.459e-08
397.92,-6.4501e-08
398,-6.4538e-08
398.06,-6.4701e-08
398.12,-6.4774e-08
398.18,-6.4699e-08
398.24,-6.4717e-08
398.29,-6.4676e-08
398.36,-6.4752e-08
398.42,-6.4716e-08
398.49,-6.4697e-08
398.55,-6.4642e-08
398.61,-6.472e-08
398.67,-6.4591e-08
398.74,-6.4736e-08
398.8,-6.4604e-08
398.86,-6.4586e-08
398.93,-6.4572e-08
398.98,-6.466e-08
399.05,-6.4692e-08
399.1,-6.4653e-08
399.17,-6.4616e-08
399.23,-6.4545e-08
399.29,-6.4476e-08
399.36,-6.4635e-08
399.43,-6.4577e-08
399.48,-6.4692e-08
399.55,-6.4644e-08
399.6,-6.4648e-08
399.67,-6.4797e-08
399.73,-6.4659e-08
399.79,-6.4639e-08
399.85,-6.4639e-08
399.92,-6.4643e-08
399.98,-6.4534e-08
400.06,-6.4486e-08
400.12,-6.4525e-08
400.18,-6.4686e-08
400.24,-6.4693e-08
400.3,-6.4584e-08
400.37,-6.4643e-08
400.42,-6.4676e-08
400.49,-6.4667e-08
400.55,-6.4664e-08
400.62,-6.4632e-08
400.68,-6.4622e-08
