time,current
0,0
0.0058594,-4.0064e-08
0.069336,-1.9886e-08
0.12598,-1.7548e-08
0.18945,-1.6889e-08
0.25293,-1.6736e-08
0.31641,-1.676e-08
0.38086,-1.688e-08
0.43848,-1.7088e-08
0.50195,-1.7378e-08
0.56543,-1.7713e-08
0.62891,-1.8024e-08
0.69727,-1.8392e-08
0.76074,-1.8816e-08
0.82422,-1.9189e-08
0.8877,-1.9576e-08
0.95117,-1.9931e-08
1.0078,-2.0321e-08
1.0723,-2.0709e-08
1.1367,-2.1054e-08
1.2002,-2.1495e-08
1.2578,-2.1973e-08
1.3223,-2.2309e-08
1.3965,-2.2839e-08
1.459,-2.3232e-08
1.5234,-2.3665e-08
1.5879,-2.4056e-08
1.6455,-2.4471e-08
1.709,-2.5005e-08
1.7734,-2.5384e-08
1.8311,-2.5807e-08
1.8877,-2.6201e-08
1.9512,-2.6693e-08
2.0146,-2.704e-08
2.0918,-2.7559e-08
2.1543,-2.7981e-08
2.2178,-2.8416e-08
2.2812,-2.8871e-08
2.3447,-2.9144e-08
2.4023,-2.9605e-08
2.4658,-3.0061e-08
2.5293,-3.0439e-08
2.5928,-3.0823e-08
2.6494,-3.1276e-08
2.7129,-3.1718e-08
2.7939,-3.2185e-08
2.8574,-3.2643e-08
2.9209,-3.2983e-08
2.9844,-3.3448e-08
3.041,-3.3869e-08
3.1045,-3.4172e-08
3.1621,-3.4516e-08
3.2266,-3.4957e-08
3.2852,-3.5289e-08
3.3418,-3.5594e-08
3.4053,-3.606e-08
3.4727,-3.644e-08
3.5361,-3.6751e-08
3.5996,-3.7203e-08
3.6631,-3.7593e-08
3.7266,-3.8005e-08
3.79,-3.84e-08
3.8467,-3.8665e-08
3.9043,-3.8982e-08
3.9619,-3.933e-08
4.0254,-3.9777e-08
4.0889,-4.0124e-08
4.1641,-4.0553e-08
4.2266,-4.0834e-08
4.291,-4.1194e-08
4.3545,-4.1518e-08
4.4111,-4.184e-08
4.4756,-4.2173e-08
4.54,-4.2514e-08
4.5977,-4.2877e-08
4.6621,-4.3269e-08
4.7256,-4.3634e-08
4.7891,-4.3994e-08
4.8701,-4.4301e-08
4.9336,-4.4607e-08
4.9971,-4.4969e-08
5.0537,-4.5282e-08
5.1113,-4.5549e-08
5.1689,-4.5878e-08
5.2324,-4.6138e-08
5.2959,-4.6452e-08
5.3594,-4.6789e-08
5.4238,-4.7035e-08
5.4814,-4.7422e-08
5.5557,-4.7764e-08
5.6182,-4.8049e-08
5.6816,-4.8377e-08
5.7451,-4.8672e-08
5.8027,-4.8968e-08
5.8662,-4.9239e-08
5.9297,-4.958e-08
5.9932,-4.9822e-08
6.0566,-5.0167e-08
6.1133,-5.035e-08
6.1768,-5.08e-08
6.252,-5.1132e-08
6.3145,-5.124e-08
6.3721,-5.1607e-08
6.4297,-5.1775e-08
6.4932,-5.2136e-08
6.5566,-5.2231e-08
6.6143,-5.2557e-08
6.6777,-5.2777e-08
6.7412,-5.3075e-08
6.8047,-5.3303e-08
6.8613,-5.3533e-08
6.9355,-5.3769e-08
6.999,-5.4028e-08
7.0566,-5.4324e-08
7.1211,-5.4568e-08
7.1787,-5.4863e-08
7.2422,-5.5138e-08
7.3057,-5.5345e-08
7.3623,-5.558e-08
7.4199,-5.5857e-08
7.4844,-5.6053e-08
7.5479,-5.63e-08
7.623,-5.6388e-08
7.6865,-5.6684e-08
7.75,-5.6931e-08
7.8135,-5.7169e-08
7.877,-5.7344e-08
7.9336,-5.7595e-08
7.9971,-5.7807e-08
8.0605,-5.7975e-08
8.124,-5.8222e-08
8.1807,-5.8504e-08
8.2451,-5.8781e-08
8.3193,-5.9055e-08
8.3828,-5.9244e-08
8.4395,-5.9455e-08
8.5029,-5.954e-08
8.5664,-5.9794e-08
8.624,-5.9979e-08
8.6875,-6.0179e-08
8.7441,-6.0486e-08
8.8008,-6.065e-08
8.8643,-6.0851e-08
8.9219,-6.1035e-08
8.9971,-6.1294e-08
9.0605,-6.1416e-08
9.124,-6.1699e-08
9.1875,-6.1781e-08
9.2441,-6.2009e-08
9.3076,-6.2129e-08
9.3711,-6.2417e-08
9.4346,-6.25e-08
9.4912,-6.2801e-08
9.5557,-6.3079e-08
9.6191,-6.3252e-08
9.6973,-6.3502e-08
9.7607,-6.3671e-08
9.8242,-6.3781e-08
9.8809,-6.3887e-08
9.9375,-6.4054e-08
9.9941,-6.4218e-08
10.059,-6.4429e-08
10.122,-6.4583e-08
10.186,-6.4758e-08
10.243,-6.4943e-08
10.307,-6.511e-08
10.382,-6.5235e-08
10.444,-6.542e-08
10.502,-6.5613e-08
10.565,-6.5761e-08
10.629,-6.5867e-08
10.692,-6.5995e-08
10.749,-6.6259e-08
10.807,-6.6378e-08
10.87,-6.6521e-08
10.927,-6.6604e-08
10.991,-6.6812e-08
11.065,-6.6943e-08
11.129,-6.7e-08
11.192,-6.7275e-08
11.257,-6.7395e-08
11.32,-6.7495e-08
11.378,-6.7641e-08
11.441,-6.7792e-08
11.505,-6.7946e-08
11.568,-6.8075e-08
11.625,-6.826e-08
11.688,-6.8425e-08
11.764,-6.8457e-08
11.826,-6.868e-08
11.89,-6.8725e-08
11.946,-6.8897e-08
12.002,-6.9058e-08
12.066,-6.9147e-08
12.13,-6.9295e-08
12.193,-6.9397e-08
12.258,-6.9525e-08
12.321,-6.9594e-08
12.379,-6.9696e-08
12.453,-6.9884e-08
12.517,-6.9977e-08
12.573,-7.0062e-08
12.631,-7.0337e-08
12.694,-7.0458e-08
12.758,-7.0579e-08
12.814,-7.0594e-08
12.872,-7.0801e-08
12.936,-7.0956e-08
12.992,-7.0918e-08
13.049,-7.1082e-08
13.124,-7.1162e-08
13.188,-7.1217e-08
13.251,-7.1409e-08
13.313,-7.1516e-08
13.371,-7.1681e-08
13.427,-7.1862e-08
13.483,-7.1937e-08
13.541,-7.2139e-08
13.604,-7.2161e-08
13.661,-7.2333e-08
13.719,-7.2329e-08
13.793,-7.2527e-08
13.855,-7.2665e-08
13.92,-7.2635e-08
13.983,-7.2877e-08
14.047,-7.2901e-08
14.109,-7.2979e-08
14.174,-7.3129e-08
14.229,-7.3218e-08
14.287,-7.3354e-08
14.351,-7.3362e-08
14.414,-7.3378e-08
14.488,-7.3603e-08
14.552,-7.3597e-08
14.615,-7.3721e-08
14.679,-7.3801e-08
14.743,-7.3875e-08
14.8,-7.3879e-08
14.856,-7.3873e-08
14.914,-7.4031e-08
14.971,-7.423e-08
15.034,-7.4253e-08
15.092,-7.4431e-08
15.159,-7.4582e-08
15.223,-7.4561e-08
15.279,-7.4723e-08
15.344,-7.4801e-08
15.407,-7.4835e-08
15.471,-7.4959e-08
15.533,-7.5069e-08
15.598,-7.5134e-08
15.654,-7.5065e-08
15.712,-7.5247e-08
15.775,-7.5442e-08
15.85,-7.5559e-08
15.912,-7.547e-08
15.977,-7.5694e-08
16.04,-7.5643e-08
16.104,-7.585e-08
16.161,-7.5989e-08
16.218,-7.6075e-08
16.281,-7.6131e-08
16.346,-7.6191e-08
16.402,-7.6208e-08
16.466,-7.627e-08
16.542,-7.624e-08
16.605,-7.6297e-08
16.662,-7.6393e-08
16.726,-7.6425e-08
16.783,-7.6517e-08
16.847,-7.6572e-08
16.91,-7.668e-08
16.975,-7.6718e-08
17.03,-7.6745e-08
17.094,-7.6851e-08
17.157,-7.6894e-08
17.232,-7.7066e-08
17.296,-7.7141e-08
17.359,-7.7112e-08
17.423,-7.721e-08
17.486,-7.7197e-08
17.549,-7.7388e-08
17.613,-7.7389e-08
17.67,-7.7499e-08
17.734,-7.7532e-08
17.798,-7.7615e-08
17.855,-7.7719e-08
17.931,-7.7815e-08
17.993,-7.7969e-08
18.051,-7.7942e-08
18.114,-7.8006e-08
18.172,-7.8102e-08
18.235,-7.8031e-08
18.299,-7.8141e-08
18.354,-7.8177e-08
18.418,-7.8206e-08
18.482,-7.8242e-08
18.546,-7.8295e-08
18.622,-7.8308e-08
18.686,-7.8476e-08
18.749,-7.8589e-08
18.812,-7.86e-08
18.869,-7.8607e-08
18.933,-7.8721e-08
18.997,-7.8618e-08
19.061,-7.878e-08
19.118,-7.8769e-08
19.182,-7.8836e-08
19.245,-7.8931e-08
19.312,-7.8947e-08
19.374,-7.9025e-08
19.438,-7.9138e-08
19.501,-7.9195e-08
19.563,-7.9225e-08
19.628,-7.9238e-08
19.685,-7.9367e-08
19.749,-7.9263e-08
19.812,-7.9356e-08
19.869,-7.9496e-08
19.933,-7.9458e-08
20.008,-7.9561e-08
20.071,-7.9533e-08
20.135,-7.9522e-08
20.198,-7.9694e-08
20.256,-7.9817e-08
20.312,-7.9819e-08
20.375,-7.9835e-08
20.438,-7.9972e-08
20.502,-7.9846e-08
20.565,-8.0013e-08
20.63,-8.0126e-08
20.705,-8.004e-08
20.768,-8.0145e-08
20.825,-8.0207e-08
20.889,-8.0242e-08
20.945,-8.0206e-08
21.009,-8.0187e-08
21.073,-8.0202e-08
21.137,-8.0284e-08
21.193,-8.0358e-08
21.251,-8.0396e-08
21.314,-8.0385e-08
21.39,-8.0533e-08
21.452,-8.0487e-08
21.51,-8.0424e-08
21.573,-8.0595e-08
21.637,-8.0686e-08
21.693,-8.0671e-08
21.751,-8.0785e-08
21.808,-8.0763e-08
21.871,-8.0726e-08
21.936,-8.082e-08
21.999,-8.0794e-08
22.075,-8.0748e-08
22.138,-8.0982e-08
22.195,-8.0974e-08
22.259,-8.0987e-08
22.322,-8.0957e-08
22.387,-8.1096e-08
22.45,-8.1058e-08
22.514,-8.1077e-08
22.571,-8.1126e-08
22.628,-8.1125e-08
22.691,-8.1188e-08
22.767,-8.1214e-08
22.83,-8.1323e-08
22.886,-8.1315e-08
22.948,-8.1443e-08
23.013,-8.1576e-08
23.069,-8.1486e-08
23.126,-8.1573e-08
23.19,-8.1595e-08
23.254,-8.1498e-08
23.317,-8.1527e-08
23.382,-8.1611e-08
23.457,-8.1688e-08
23.52,-8.1727e-08
23.582,-8.1614e-08
23.646,-8.1594e-08
23.71,-8.1737e-08
23.772,-8.1837e-08
23.83,-8.1889e-08
23.894,-8.1923e-08
23.957,-8.1777e-08
24.014,-8.1731e-08
24.071,-8.1819e-08
24.146,-8.1874e-08
24.209,-8.2083e-08
24.267,-8.204e-08
24.33,-8.2088e-08
24.394,-8.1998e-08
24.458,-8.2053e-08
24.521,-8.211e-08
24.578,-8.2083e-08
24.636,-8.2173e-08
24.699,-8.2208e-08
24.763,-8.2163e-08
24.838,-8.2208e-08
24.901,-8.2265e-08
24.965,-8.2287e-08
25.028,-8.2255e-08
25.093,-8.2407e-08
25.149,-8.2446e-08
25.206,-8.2321e-08
25.271,-8.2451e-08
25.334,-8.2417e-08
25.397,-8.2555e-08
25.461,-8.2492e-08
25.535,-8.2467e-08
25.599,-8.2508e-08
25.662,-8.2612e-08
25.719,-8.259e-08
25.775,-8.2592e-08
25.839,-8.2614e-08
25.903,-8.2699e-08
25.967,-8.2724e-08
26.03,-8.2726e-08
26.094,-8.274e-08
26.151,-8.2772e-08
26.227,-8.2709e-08
26.289,-8.2864e-08
26.347,-8.2838e-08
26.41,-8.2815e-08
26.474,-8.2808e-08
26.538,-8.285e-08
26.602,-8.2844e-08
26.665,-8.2894e-08
26.723,-8.2837e-08
26.786,-8.2817e-08
26.85,-8.2925e-08
26.919,-8.3104e-08
26.981,-8.2922e-08
27.045,-8.2901e-08
27.108,-8.3062e-08
27.172,-8.2986e-08
27.229,-8.2972e-08
27.286,-8.2991e-08
27.342,-8.2986e-08
27.399,-8.3125e-08
27.463,-8.3017e-08
27.526,-8.2956e-08
27.603,-8.295e-08
27.666,-8.3115e-08
27.729,-8.3088e-08
27.794,-8.3155e-08
27.851,-8.3215e-08
27.914,-8.3266e-08
27.979,-8.3181e-08
28.042,-8.3132e-08
28.099,-8.3217e-08
28.163,-8.3321e-08
28.227,-8.3255e-08
28.295,-8.3398e-08
28.357,-8.3451e-08
28.422,-8.3261e-08
28.485,-8.3321e-08
28.55,-8.3373e-08
28.613,-8.3422e-08
28.67,-8.3525e-08
28.734,-8.3414e-08
28.798,-8.3407e-08
28.855,-8.3478e-08
28.919,-8.3462e-08
28.994,-8.3556e-08
29.057,-8.353e-08
29.121,-8.3536e-08
29.185,-8.3507e-08
29.241,-8.3498e-08
29.306,-8.3589e-08
29.369,-8.3497e-08
29.432,-8.3631e-08
29.489,-8.3614e-08
29.553,-8.358e-08
29.616,-8.3727e-08
29.691,-8.3724e-08
29.755,-8.3674e-08
29.818,-8.3628e-08
29.882,-8.368e-08
29.938,-8.3606e-08
30.002,-8.3645e-08
30.065,-8.3723e-08
30.129,-8.3618e-08
30.186,-8.3722e-08
30.249,-8.3714e-08
30.313,-8.3716e-08
30.382,-8.3654e-08
30.444,-8.3771e-08
30.508,-8.386e-08
30.572,-8.3728e-08
30.636,-8.384e-08
30.699,-8.3794e-08
30.756,-8.379e-08
30.813,-8.373e-08
30.877,-8.3806e-08
30.94,-8.3694e-08
31.005,-8.3822e-08
31.079,-8.3752e-08
31.143,-8.3878e-08
31.206,-8.3901e-08
31.27,-8.3852e-08
31.327,-8.3987e-08
31.384,-8.3988e-08
31.446,-8.3927e-08
31.511,-8.4013e-08
31.566,-8.3888e-08
31.63,-8.3927e-08
31.688,-8.3914e-08
31.755,-8.3969e-08
31.817,-8.394e-08
31.881,-8.3967e-08
31.945,-8.3908e-08
32.009,-8.4025e-08
32.072,-8.3928e-08
32.137,-8.4029e-08
32.2,-8.4043e-08
32.257,-8.401e-08
32.314,-8.4058e-08
32.378,-8.3915e-08
32.453,-8.404e-08
32.517,-8.3946e-08
32.58,-8.4076e-08
32.644,-8.3998e-08
32.708,-8.4052e-08
32.765,-8.3898e-08
32.821,-8.3872e-08
32.886,-8.3974e-08
32.942,-8.3986e-08
33.006,-8.4038e-08
33.068,-8.3949e-08
33.144,-8.4004e-08
33.207,-8.4043e-08
33.271,-8.4108e-08
33.335,-8.4135e-08
33.392,-8.41e-08
33.448,-8.4123e-08
33.506,-8.4222e-08
33.569,-8.4115e-08
33.633,-8.4064e-08
33.689,-8.4106e-08
33.747,-8.4159e-08
33.822,-8.4222e-08
33.885,-8.4195e-08
33.947,-8.4139e-08
34.012,-8.4091e-08
34.075,-8.4054e-08
34.139,-8.4154e-08
34.203,-8.4233e-08
34.267,-8.4155e-08
34.323,-8.4216e-08
34.381,-8.4137e-08
34.444,-8.422e-08
34.52,-8.4207e-08
34.583,-8.4195e-08
34.646,-8.4196e-08
34.71,-8.4221e-08
34.774,-8.4158e-08
34.838,-8.4173e-08
34.895,-8.4233e-08
34.952,-8.42e-08
35.016,-8.4202e-08
35.078,-8.422e-08
35.143,-8.4178e-08
35.217,-8.4246e-08
35.28,-8.4253e-08
35.344,-8.4085e-08
35.408,-8.4008e-08
35.465,-8.419e-08
35.521,-8.4122e-08
35.586,-8.4079e-08
35.649,-8.411e-08
35.713,-8.4065e-08
35.776,-8.4152e-08
35.841,-8.4139e-08
35.916,-8.417e-08
35.979,-8.4145e-08
36.043,-8.413e-08
36.105,-8.4134e-08
36.17,-8.4195e-08
36.233,-8.4148e-08
36.297,-8.4167e-08
36.361,-8.4273e-08
36.425,-8.4292e-08
36.481,-8.428e-08
36.539,-8.4324e-08
36.614,-8.4293e-08
36.677,-8.4325e-08
36.741,-8.4324e-08
36.805,-8.4384e-08
36.868,-8.4395e-08
36.932,-8.4397e-08
36.995,-8.4339e-08
37.053,-8.4284e-08
37.116,-8.4241e-08
37.18,-8.4358e-08
37.237,-8.4385e-08
37.312,-8.4353e-08
37.376,-8.4318e-08
37.433,-8.4431e-08
37.496,-8.4432e-08
37.554,-8.4257e-08
37.617,-8.4338e-08
37.681,-8.4333e-08
37.738,-8.4296e-08
37.802,-8.4337e-08
37.865,-8.4354e-08
37.93,-8.4336e-08
38.005,-8.434e-08
38.067,-8.4301e-08
38.124,-8.4241e-08
38.188,-8.4193e-08
38.252,-8.4247e-08
38.315,-8.4324e-08
38.379,-8.4236e-08
38.442,-8.4191e-08
38.5,-8.4207e-08
38.563,-8.4211e-08
38.627,-8.4201e-08
38.701,-8.4174e-08
38.765,-8.4334e-08
38.828,-8.4287e-08
38.891,-8.4337e-08
38.955,-8.4391e-08
39.019,-8.4381e-08
39.075,-8.4352e-08
39.133,-8.4424e-08
39.188,-8.4263e-08
39.245,-8.4199e-08
39.31,-8.4173e-08
39.385,-8.4219e-08
39.448,-8.4371e-08
39.512,-8.4386e-08
39.567,-8.439e-08
39.625,-8.4386e-08
39.688,-8.4332e-08
39.752,-8.4418e-08
39.81,-8.4437e-08
39.873,-8.4442e-08
39.931,-8.4415e-08
39.987,-8.4334e-08
40.056,-8.433e-08
40.119,-8.4368e-08
40.183,-8.4468e-08
40.246,-8.4362e-08
40.31,-8.429e-08
40.373,-8.4258e-08
40.431,-8.4261e-08
40.487,-8.4216e-08
40.551,-8.4248e-08
40.614,-8.4304e-08
40.679,-8.4185e-08
40.746,-8.4234e-08
40.81,-8.4256e-08
40.873,-8.4369e-08
40.937,-8.4156e-08
40.994,-8.4148e-08
41.051,-8.4142e-08
41.114,-8.4143e-08
41.179,-8.4232e-08
41.242,-8.4152e-08
41.306,-8.4305e-08
41.369,-8.4172e-08
41.447,-8.4272e-08
41.51,-8.4206e-08
41.574,-8.4136e-08
41.631,-8.4213e-08
41.687,-8.4272e-08
41.751,-8.4151e-08
41.814,-8.4187e-08
41.878,-8.4132e-08
41.941,-8.4139e-08
42.006,-8.4247e-08
42.062,-8.423e-08
42.13,-8.4266e-08
42.193,-8.4259e-08
42.257,-8.4115e-08
42.32,-8.4164e-08
42.385,-8.4173e-08
42.448,-8.427e-08
42.512,-8.4327e-08
42.576,-8.4187e-08
42.633,-8.429e-08
42.689,-8.4337e-08
42.754,-8.4269e-08
42.829,-8.4276e-08
42.892,-8.417e-08
42.955,-8.4192e-08
43.019,-8.4178e-08
43.082,-8.4258e-08
43.139,-8.4291e-08
43.196,-8.4221e-08
43.26,-8.4061e-08
43.316,-8.4136e-08
43.381,-8.4099e-08
43.444,-8.4208e-08
43.52,-8.4202e-08
43.582,-8.4073e-08
43.646,-8.4182e-08
43.71,-8.4178e-08
43.768,-8.4177e-08
43.824,-8.4131e-08
43.88,-8.426e-08
43.943,-8.4232e-08
44.008,-8.4057e-08
44.071,-8.4061e-08
44.128,-8.3923e-08
44.196,-8.4128e-08
44.26,-8.414e-08
44.323,-8.4107e-08
44.386,-8.4102e-08
44.45,-8.3982e-08
44.514,-8.3957e-08
44.577,-8.3978e-08
44.635,-8.3985e-08
44.691,-8.4024e-08
44.755,-8.3991e-08
44.812,-8.3934e-08
44.888,-8.4034e-08
44.95,-8.4073e-08
45.007,-8.4011e-08
45.071,-8.3976e-08
45.135,-8.3917e-08
45.192,-8.4057e-08
45.249,-8.3965e-08
45.305,-8.3848e-08
45.368,-8.3866e-08
45.433,-8.3904e-08
45.496,-8.4032e-08
45.572,-8.3912e-08
45.635,-8.3932e-08
45.692,-8.3885e-08
45.756,-8.3922e-08
45.819,-8.4019e-08
45.883,-8.3812e-08
45.947,-8.3877e-08
46.011,-8.3909e-08
46.066,-8.3891e-08
46.124,-8.3924e-08
46.188,-8.3908e-08
46.263,-8.3835e-08
46.325,-8.3901e-08
46.39,-8.389e-08
46.453,-8.3802e-08
46.517,-8.3895e-08
46.581,-8.3899e-08
46.637,-8.395e-08
46.694,-8.3918e-08
46.751,-8.3809e-08
46.814,-8.3911e-08
46.879,-8.3843e-08
46.954,-8.3858e-08
47.017,-8.3836e-08
47.081,-8.3866e-08
47.145,-8.3836e-08
47.202,-8.371e-08
47.266,-8.3792e-08
47.329,-8.3741e-08
47.394,-8.3652e-08
47.449,-8.38e-08
47.512,-8.3777e-08
47.569,-8.3757e-08
47.644,-8.3859e-08
47.706,-8.3712e-08
47.763,-8.371e-08
47.82,-8.3811e-08
47.884,-8.3769e-08
47.947,-8.3718e-08
48.011,-8.3654e-08
48.067,-8.373e-08
48.132,-8.3747e-08
48.195,-8.3817e-08
48.259,-8.3671e-08
48.327,-8.3761e-08
48.391,-8.3739e-08
48.446,-8.3606e-08
48.51,-8.3556e-08
48.567,-8.3553e-08
48.631,-8.3545e-08
48.694,-8.3588e-08
48.751,-8.3535e-08
48.814,-8.3701e-08
48.879,-8.3564e-08
48.942,-8.3543e-08
49.019,-8.3539e-08
49.081,-8.3559e-08
49.139,-8.3484e-08
49.202,-8.3574e-08
49.265,-8.3564e-08
49.329,-8.3599e-08
49.393,-8.3501e-08
49.456,-8.3457e-08
49.513,-8.3569e-08
49.569,-8.338e-08
49.627,-8.3375e-08
49.702,-8.3355e-08
49.765,-8.3429e-08
49.822,-8.3236e-08
49.886,-8.3467e-08
49.942,-8.3335e-08
50.007,-8.3491e-08
50.07,-8.3345e-08
50.128,-8.3364e-08
50.185,-8.3297e-08
50.248,-8.3426e-08
50.312,-8.3371e-08
50.388,-8.3389e-08
50.45,-8.3402e-08
50.515,-8.3364e-08
50.578,-8.3229e-08
50.642,-8.3374e-08
50.705,-8.3393e-08
50.77,-8.3253e-08
50.833,-8.3118e-08
50.896,-8.3222e-08
50.953,-8.322e-08
51.011,-8.3273e-08
51.085,-8.3251e-08
51.147,-8.3182e-08
51.212,-8.3254e-08
51.268,-8.3234e-08
51.331,-8.3319e-08
51.396,-8.3345e-08
51.452,-8.3314e-08
51.509,-8.3338e-08
51.573,-8.3244e-08
51.637,-8.3271e-08
51.693,-8.3193e-08
51.769,-8.3312e-08
51.832,-8.326e-08
51.896,-8.3277e-08
51.953,-8.3214e-08
52.01,-8.3243e-08
52.073,-8.3364e-08
52.137,-8.337e-08
52.193,-8.3144e-08
52.257,-8.3232e-08
52.313,-8.3298e-08
52.371,-8.3294e-08
52.445,-8.3194e-08
52.508,-8.3235e-08
52.572,-8.316e-08
52.636,-8.3216e-08
52.699,-8.3139e-08
52.764,-8.3132e-08
52.827,-8.3072e-08
52.891,-8.3065e-08
52.948,-8.3096e-08
53.005,-8.3054e-08
53.068,-8.3017e-08
53.144,-8.3137e-08
53.207,-8.3081e-08
53.271,-8.3006e-08
53.334,-8.3187e-08
53.398,-8.31e-08
53.455,-8.3116e-08
53.512,-8.3133e-08
53.576,-8.2948e-08
53.64,-8.2954e-08
53.696,-8.303e-08
53.761,-8.2963e-08
53.837,-8.2969e-08
53.9,-8.3044e-08
53.964,-8.3031e-08
54.021,-8.2983e-08
54.078,-8.3079e-08
54.142,-8.3003e-08
54.205,-8.3067e-08
54.27,-8.2999e-08
54.333,-8.2981e-08
54.396,-8.3021e-08
54.454,-8.2917e-08
54.522,-8.29e-08
54.585,-8.2919e-08
54.648,-8.2877e-08
54.713,-8.2844e-08
54.776,-8.2774e-08
54.84,-8.2839e-08
54.903,-8.2821e-08
54.967,-8.2691e-08
55.023,-8.2824e-08
55.081,-8.2744e-08
55.145,-8.2776e-08
55.22,-8.2794e-08
55.283,-8.2861e-08
55.347,-8.2755e-08
55.41,-8.2774e-08
55.474,-8.2769e-08
55.531,-8.28e-08
55.588,-8.2772e-08
55.651,-8.2785e-08
55.716,-8.2785e-08
55.771,-8.2769e-08
55.835,-8.2838e-08
55.911,-8.2914e-08
55.975,-8.28e-08
56.031,-8.2759e-08
56.095,-8.2766e-08
56.158,-8.2714e-08
56.223,-8.2672e-08
56.286,-8.2824e-08
56.35,-8.2805e-08
56.407,-8.2756e-08
56.464,-8.2684e-08
56.527,-8.261e-08
56.603,-8.2626e-08
56.666,-8.2732e-08
56.729,-8.2741e-08
56.793,-8.2658e-08
56.856,-8.2675e-08
56.913,-8.2757e-08
56.971,-8.2654e-08
57.026,-8.2644e-08
57.083,-8.2722e-08
57.147,-8.2739e-08
57.211,-8.2693e-08
57.287,-8.2641e-08
57.351,-8.2681e-08
57.407,-8.2588e-08
57.471,-8.2567e-08
57.528,-8.2675e-08
57.592,-8.2604e-08
57.654,-8.2517e-08
57.719,-8.2601e-08
57.782,-8.2598e-08
57.84,-8.2521e-08
57.903,-8.2593e-08
57.979,-8.2516e-08
58.042,-8.2587e-08
58.105,-8.2556e-08
58.17,-8.262e-08
58.233,-8.2688e-08
58.297,-8.257e-08
58.361,-8.2506e-08
58.425,-8.2406e-08
58.482,-8.2386e-08
58.546,-8.238e-08
58.609,-8.2422e-08
58.678,-8.2516e-08
58.741,-8.2458e-08
58.805,-8.2452e-08
58.868,-8.2375e-08
58.932,-8.2395e-08
58.994,-8.2471e-08
59.052,-8.2423e-08
59.115,-8.2575e-08
59.178,-8.2549e-08
59.235,-8.2435e-08
59.299,-8.2552e-08
59.373,-8.241e-08
59.437,-8.2276e-08
59.5,-8.2283e-08
59.563,-8.2379e-08
59.619,-8.2478e-08
59.683,-8.2268e-08
59.747,-8.2334e-08
59.811,-8.2381e-08
59.868,-8.2425e-08
59.932,-8.2422e-08
59.995,-8.2326e-08
60.071,-8.2249e-08
60.135,-8.2222e-08
60.191,-8.217e-08
60.255,-8.231e-08
60.312,-8.2283e-08
60.376,-8.2171e-08
60.439,-8.2238e-08
60.496,-8.2325e-08
60.56,-8.2302e-08
60.624,-8.219e-08
60.681,-8.2268e-08
60.749,-8.2189e-08
60.812,-8.2387e-08
60.876,-8.2262e-08
60.938,-8.2311e-08
61.003,-8.2133e-08
61.06,-8.2166e-08
61.116,-8.2205e-08
61.174,-8.2204e-08
61.237,-8.2087e-08
61.301,-8.2088e-08
61.358,-8.2057e-08
61.426,-8.203e-08
61.489,-8.2042e-08
61.546,-8.2115e-08
61.61,-8.2115e-08
61.674,-8.2195e-08
61.737,-8.2182e-08
61.8,-8.2073e-08
61.864,-8.212e-08
61.92,-8.1984e-08
61.978,-8.2072e-08
62.041,-8.2022e-08
62.115,-8.217e-08
62.178,-8.2231e-08
62.235,-8.2061e-08
62.292,-8.1984e-08
62.355,-8.1967e-08
62.412,-8.1953e-08
62.468,-8.2018e-08
62.525,-8.2072e-08
62.589,-8.1939e-08
62.652,-8.198e-08
62.709,-8.2118e-08
62.777,-8.2014e-08
62.841,-8.1931e-08
62.897,-8.203e-08
62.96,-8.1989e-08
63.024,-8.1996e-08
63.088,-8.199e-08
63.151,-8.1875e-08
63.216,-8.1913e-08
63.272,-8.193e-08
63.329,-8.1927e-08
63.394,-8.1962e-08
63.469,-8.1997e-08
63.531,-8.1915e-08
63.596,-8.1893e-08
63.659,-8.1858e-08
63.723,-8.1805e-08
63.787,-8.1873e-08
63.844,-8.1868e-08
63.907,-8.185e-08
63.972,-8.1802e-08
64.028,-8.1892e-08
64.092,-8.1872e-08
64.166,-8.1852e-08
64.229,-8.1886e-08
64.293,-8.1808e-08
64.356,-8.1776e-08
64.413,-8.1754e-08
64.477,-8.172e-08
64.541,-8.1622e-08
64.598,-8.1655e-08
64.661,-8.1635e-08
64.726,-8.1692e-08
64.789,-8.1671e-08
64.865,-8.1765e-08
64.928,-8.171e-08
64.992,-8.1617e-08
65.056,-8.1721e-08
65.112,-8.178e-08
65.177,-8.1656e-08
65.24,-8.1665e-08
65.303,-8.1748e-08
65.36,-8.1755e-08
65.424,-8.1824e-08
65.486,-8.1791e-08
65.556,-8.1723e-08
65.618,-8.1687e-08
65.683,-8.1609e-08
65.746,-8.1561e-08
65.81,-8.1472e-08
65.874,-8.1546e-08
65.931,-8.158e-08
65.995,-8.1557e-08
66.059,-8.1587e-08
66.122,-8.1647e-08
66.18,-8.1629e-08
66.254,-8.1562e-08
66.316,-8.1528e-08
66.38,-8.1522e-08
66.444,-8.1535e-08
66.508,-8.158e-08
66.572,-8.1683e-08
66.636,-8.1731e-08
66.692,-8.1729e-08
66.757,-8.1681e-08
66.82,-8.1616e-08
66.885,-8.1663e-08
66.959,-8.1508e-08
67.021,-8.1553e-08
67.079,-8.1547e-08
67.136,-8.1572e-08
67.198,-8.1557e-08
67.263,-8.1464e-08
67.326,-8.1465e-08
67.384,-8.1374e-08
67.447,-8.14e-08
67.51,-8.1378e-08
67.567,-8.1486e-08
67.643,-8.1369e-08
67.706,-8.1398e-08
67.763,-8.1468e-08
67.826,-8.1366e-08
67.884,-8.1329e-08
67.947,-8.145e-08
68.012,-8.1469e-08
68.067,-8.1357e-08
68.131,-8.14e-08
68.194,-8.1459e-08
68.258,-8.1379e-08
68.333,-8.1447e-08
68.396,-8.1427e-08
68.46,-8.1487e-08
68.523,-8.1394e-08
68.579,-8.1333e-08
68.643,-8.1222e-08
68.707,-8.1307e-08
68.771,-8.1353e-08
68.828,-8.1281e-08
68.892,-8.1372e-08
68.955,-8.1289e-08
69.022,-8.1349e-08
69.086,-8.1389e-08
69.149,-8.1339e-08
69.213,-8.1307e-08
69.276,-8.1268e-08
69.34,-8.1194e-08
69.396,-8.1167e-08
69.461,-8.1207e-08
69.524,-8.1137e-08
69.588,-8.1084e-08
69.645,-8.1131e-08
69.719,-8.1111e-08
69.782,-8.1112e-08
69.846,-8.1215e-08
69.909,-8.109e-08
69.965,-8.1003e-08
70.028,-8.1107e-08
70.093,-8.118e-08
70.149,-8.108e-08
70.207,-8.115e-08
70.271,-8.0983e-08
70.327,-8.0951e-08
70.395,-8.1044e-08
70.458,-8.1098e-08
70.515,-8.1038e-08
70.578,-8.1151e-08
70.643,-8.1065e-08
70.706,-8.1018e-08
70.77,-8.1068e-08
70.834,-8.0997e-08
70.891,-8.0934e-08
70.954,-8.1054e-08
71.019,-8.1001e-08
71.085,-8.1053e-08
71.147,-8.0974e-08
71.212,-8.0988e-08
71.275,-8.1007e-08
71.34,-8.1037e-08
71.403,-8.0985e-08
71.461,-8.0868e-08
71.524,-8.0947e-08
71.588,-8.102e-08
71.646,-8.0964e-08
71.709,-8.099e-08
71.784,-8.0948e-08
71.848,-8.1057e-08
71.911,-8.0915e-08
71.975,-8.0933e-08
72.032,-8.0934e-08
72.096,-8.0797e-08
72.159,-8.0886e-08
72.217,-8.0902e-08
72.28,-8.076e-08
72.344,-8.082e-08
72.408,-8.0759e-08
72.483,-8.0784e-08
72.546,-8.0841e-08
72.603,-8.0762e-08
72.667,-8.08e-08
72.73,-8.0716e-08
72.794,-8.0806e-08
72.857,-8.0675e-08
72.921,-8.0676e-08
72.979,-8.0647e-08
73.042,-8.0649e-08
73.105,-8.0621e-08
73.174,-8.0639e-08
73.237,-8.0631e-08
73.293,-8.0671e-08
73.351,-8.0678e-08
73.414,-8.0618e-08
73.471,-8.0649e-08
73.535,-8.0627e-08
73.599,-8.0605e-08
73.662,-8.0758e-08
73.726,-8.0767e-08
73.79,-8.0658e-08
73.865,-8.0601e-08
73.928,-8.0484e-08
73.99,-8.062e-08
74.055,-8.0569e-08
74.111,-8.0586e-08
74.169,-8.052e-08
74.226,-8.0509e-08
74.289,-8.0684e-08
74.353,-8.0609e-08
74.417,-8.0503e-08
74.473,-8.0491e-08
74.541,-8.0502e-08
74.604,-8.0571e-08
74.668,-8.0649e-08
74.731,-8.0651e-08
74.796,-8.0499e-08
74.859,-8.0633e-08
74.923,-8.0506e-08
74.986,-8.0582e-08
75.043,-8.0505e-08
75.099,-8.065e-08
75.162,-8.0564e-08
75.236,-8.0473e-08
75.3,-8.0451e-08
75.356,-8.046e-08
75.421,-8.0457e-08
75.484,-8.0619e-08
75.54,-8.0407e-08
75.598,-8.0528e-08
75.661,-8.0382e-08
75.725,-8.0331e-08
75.788,-8.0424e-08
75.853,-8.053e-08
75.928,-8.0332e-08
75.99,-8.0362e-08
76.053,-8.0438e-08
76.11,-8.0547e-08
76.167,-8.0247e-08
76.229,-8.0302e-08
76.294,-8.0393e-08
76.35,-8.0216e-08
76.413,-8.0427e-08
76.471,-8.0322e-08
76.527,-8.0377e-08
76.603,-8.0445e-08
76.666,-8.0308e-08
76.729,-8.0382e-08
76.793,-8.0393e-08
76.857,-8.0331e-08
76.921,-8.0342e-08
76.984,-8.0277e-08
77.041,-8.0337e-08
77.104,-8.0263e-08
77.168,-8.0299e-08
77.225,-8.0351e-08
77.3,-8.0437e-08
77.362,-8.0427e-08
77.42,-8.0363e-08
77.483,-8.0324e-08
77.54,-8.0295e-08
77.604,-8.0324e-08
77.668,-8.0223e-08
77.731,-8.0166e-08
77.789,-8.019e-08
77.853,-8.0125e-08
77.916,-8.0235e-08
77.994,-8.0142e-08
78.057,-8.0193e-08
78.121,-8.0008e-08
78.178,-8.0021e-08
78.24,-8.0059e-08
78.305,-8.0012e-08
78.368,-8.0055e-08
78.425,-8.0074e-08
78.489,-8.0017e-08
78.553,-8.0095e-08
78.609,-8.0074e-08
78.677,-8.0208e-08
78.74,-8.0214e-08
78.804,-8.0187e-08
78.861,-8.0221e-08
78.925,-7.9995e-08
78.988,-8.0111e-08
79.046,-8.0196e-08
79.103,-8.0107e-08
79.166,-8.0136e-08
79.23,-7.9976e-08
79.294,-7.9999e-08
79.369,-8.0141e-08
79.432,-8.0107e-08
79.488,-7.9941e-08
79.553,-8.009e-08
79.615,-8.0102e-08
79.673,-8.0169e-08
79.736,-7.9959e-08
79.8,-7.9991e-08
79.855,-7.9878e-08
79.918,-7.9991e-08
79.982,-7.9901e-08
80.057,-7.9923e-08
80.119,-7.9921e-08
80.183,-7.9921e-08
80.24,-7.9908e-08
80.304,-8.0026e-08
80.367,-7.9853e-08
80.431,-7.9833e-08
80.488,-7.9753e-08
80.552,-7.9784e-08
80.614,-7.984e-08
80.672,-7.9776e-08
80.739,-7.9672e-08
80.802,-7.9774e-08
80.866,-7.9892e-08
80.929,-7.9768e-08
80.993,-7.9772e-08
81.057,-7.9929e-08
81.12,-7.9904e-08
81.184,-7.9862e-08
81.241,-7.9922e-08
81.305,-7.9894e-08
81.36,-7.9865e-08
81.436,-7.9828e-08
81.498,-7.987e-08
81.562,-7.9692e-08
81.626,-7.964e-08
81.689,-7.9703e-08
81.753,-7.9726e-08
81.811,-7.9656e-08
81.874,-7.9734e-08
81.937,-7.969e-08
81.994,-7.9805e-08
82.058,-7.9885e-08
82.133,-7.9802e-08
82.196,-7.9681e-08
82.26,-7.9717e-08
82.324,-7.9791e-08
82.38,-7.9709e-08
82.443,-7.9567e-08
82.507,-7.953e-08
82.563,-7.954e-08
82.628,-7.9529e-08
82.691,-7.9617e-08
82.756,-7.9766e-08
82.832,-7.9704e-08
82.895,-7.9584e-08
82.952,-7.9584e-08
83.008,-7.9714e-08
83.071,-7.9572e-08
83.135,-7.9614e-08
83.198,-7.9394e-08
83.256,-7.9528e-08
83.319,-7.9625e-08
83.383,-7.9531e-08
83.439,-7.955e-08
83.515,-7.9667e-08
83.578,-7.9631e-08
83.635,-7.9564e-08
83.697,-7.956e-08
83.755,-7.9538e-08
83.818,-7.9494e-08
83.883,-7.9487e-08
83.938,-7.9532e-08
84.002,-7.9496e-08
84.065,-7.9552e-08
84.129,-7.9609e-08
84.204,-7.9541e-08
84.268,-7.945e-08
84.331,-7.9488e-08
84.396,-7.9536e-08
84.459,-7.9496e-08
84.523,-7.952e-08
84.587,-7.9413e-08
84.65,-7.946e-08
84.714,-7.9351e-08
84.771,-7.9429e-08
84.835,-7.9379e-08
84.91,-7.9479e-08
84.974,-7.9419e-08
85.037,-7.948e-08
85.095,-7.9363e-08
85.158,-7.945e-08
85.222,-7.9382e-08
85.285,-7.9318e-08
85.343,-7.9359e-08
85.406,-7.9344e-08
85.469,-7.9446e-08
85.526,-7.9335e-08
85.602,-7.9249e-08
85.664,-7.9328e-08
85.722,-7.9228e-08
85.785,-7.9465e-08
85.843,-7.9324e-08
85.906,-7.9311e-08
85.97,-7.9192e-08
86.025,-7.9102e-08
86.089,-7.9146e-08
86.153,-7.9137e-08
86.217,-7.9175e-08
86.293,-7.9143e-08
86.356,-7.9115e-08
86.42,-7.928e-08
86.483,-7.9149e-08
86.539,-7.9203e-08
86.603,-7.9042e-08
86.667,-7.9083e-08
86.729,-7.9123e-08
86.787,-7.9104e-08
86.851,-7.9052e-08
86.915,-7.8955e-08
86.983,-7.9061e-08
87.047,-7.9012e-08
87.11,-7.8971e-08
87.174,-7.8834e-08
87.237,-7.8888e-08
87.302,-7.8963e-08
87.358,-7.8964e-08
87.422,-7.9069e-08
87.485,-7.8849e-08
87.543,-7.9023e-08
87.606,-7.894e-08
87.682,-7.8959e-08
87.744,-7.9029e-08
87.809,-7.9015e-08
87.872,-7.8994e-08
87.93,-7.8963e-08
87.993,-7.8931e-08
88.05,-7.8943e-08
88.114,-7.9022e-08
88.178,-7.9014e-08
88.242,-7.9035e-08
88.306,-7.8873e-08
88.381,-7.8943e-08
88.444,-7.8987e-08
88.501,-7.8956e-08
88.559,-7.9005e-08
88.622,-7.898e-08
88.686,-7.9105e-08
88.749,-7.9181e-08
88.807,-7.9116e-08
88.87,-7.912e-08
88.934,-7.9151e-08
88.989,-7.9038e-08
89.063,-7.8979e-08
89.127,-7.9013e-08
89.19,-7.89e-08
89.255,-7.895e-08
89.318,-7.8942e-08
89.376,-7.8907e-08
89.439,-7.8819e-08
89.504,-7.8794e-08
89.561,-7.8738e-08
89.625,-7.886e-08
89.688,-7.8807e-08
89.764,-7.8831e-08
89.827,-7.8962e-08
89.891,-7.8801e-08
89.947,-7.8763e-08
90.012,-7.8814e-08
90.074,-7.8806e-08
90.132,-7.8673e-08
90.195,-7.8809e-08
90.258,-7.8829e-08
90.322,-7.8674e-08
90.378,-7.8819e-08
90.446,-7.8628e-08
90.51,-7.8744e-08
90.573,-7.8671e-08
90.637,-7.8689e-08
90.7,-7.8637e-08
90.764,-7.8666e-08
90.827,-7.8661e-08
90.891,-7.8713e-08
90.948,-7.8628e-08
91.012,-7.8649e-08
91.074,-7.8686e-08
91.143,-7.8658e-08
91.206,-7.8599e-08
91.27,-7.866e-08
91.333,-7.8582e-08
91.396,-7.8637e-08
91.46,-7.866e-08
91.517,-7.8616e-08
91.58,-7.872e-08
91.644,-7.8705e-08
91.701,-7.8645e-08
91.765,-7.8532e-08
91.839,-7.8538e-08
91.902,-7.8516e-08
91.966,-7.856e-08
92.029,-7.8535e-08
92.086,-7.8426e-08
92.149,-7.8461e-08
92.214,-7.8543e-08
92.277,-7.855e-08
92.335,-7.8581e-08
92.398,-7.8546e-08
92.462,-7.8385e-08
92.536,-7.8482e-08
92.6,-7.8495e-08
92.663,-7.846e-08
92.728,-7.8469e-08
92.783,-7.8444e-08
92.847,-7.8523e-08
92.91,-7.8423e-08
92.973,-7.8364e-08
93.03,-7.8315e-08
93.094,-7.8342e-08
93.157,-7.8352e-08
93.223,-7.8528e-08
93.286,-7.852e-08
93.35,-7.8287e-08
93.413,-7.8374e-08
93.477,-7.8457e-08
93.541,-7.8366e-08
93.598,-7.8201e-08
93.662,-7.8132e-08
93.726,-7.819e-08
93.789,-7.8264e-08
93.846,-7.8248e-08
93.921,-7.8186e-08
93.984,-7.8277e-08
94.048,-7.833e-08
94.111,-7.8229e-08
94.168,-7.8295e-08
94.231,-7.8224e-08
94.289,-7.8168e-08
94.353,-7.8248e-08
94.416,-7.8296e-08
94.48,-7.8315e-08
94.544,-7.8333e-08
94.62,-7.8382e-08
94.684,-7.8329e-08
94.739,-7.8262e-08
94.796,-7.8234e-08
94.86,-7.8141e-08
94.924,-7.8055e-08
94.988,-7.8116e-08
95.044,-7.8079e-08
95.107,-7.8081e-08
95.171,-7.798e-08
95.234,-7.7994e-08
95.303,-7.8132e-08
95.366,-7.8123e-08
95.43,-7.8166e-08
95.493,-7.8148e-08
95.557,-7.7979e-08
95.613,-7.7969e-08
95.678,-7.7972e-08
95.741,-7.7951e-08
95.799,-7.8088e-08
95.862,-7.8067e-08
95.926,-7.8159e-08
96.001,-7.8019e-08
96.064,-7.8168e-08
96.128,-7.8145e-08
96.185,-7.8171e-08
96.249,-7.8166e-08
96.312,-7.8182e-08
96.376,-7.8157e-08
96.433,-7.8214e-08
96.496,-7.8151e-08
96.561,-7.809e-08
96.617,-7.8094e-08
96.693,-7.7981e-08
96.756,-7.7993e-08
96.812,-7.8039e-08
96.877,-7.8092e-08
96.94,-7.8182e-08
97.005,-7.8005e-08
97.068,-7.802e-08
97.126,-7.7999e-08
97.183,-7.7998e-08
97.246,-7.8097e-08
97.302,-7.8004e-08
97.376,-7.8042e-08
97.439,-7.8086e-08
97.495,-7.7943e-08
97.559,-7.8061e-08
97.614,-7.7891e-08
97.677,-7.769e-08
97.741,-7.7837e-08
97.805,-7.7702e-08
97.86,-7.7682e-08
97.924,-7.7781e-08
97.987,-7.7687e-08
98.063,-7.7643e-08
98.126,-7.7706e-08
98.184,-7.7685e-08
98.239,-7.7692e-08
98.303,-7.7772e-08
98.366,-7.7742e-08
98.43,-7.7662e-08
98.492,-7.7706e-08
98.55,-7.7719e-08
98.613,-7.7575e-08
98.671,-7.7619e-08
98.745,-7.7584e-08
98.808,-7.7495e-08
98.872,-7.7572e-08
98.935,-7.7454e-08
98.999,-7.7594e-08
99.063,-7.756e-08
99.119,-7.7612e-08
99.183,-7.7523e-08
99.239,-7.7629e-08
99.303,-7.7622e-08
99.367,-7.7576e-08
99.442,-7.7581e-08
99.506,-7.7558e-08
99.569,-7.7539e-08
99.634,-7.7592e-08
99.689,-7.746e-08
99.753,-7.7447e-08
99.816,-7.7452e-08
99.874,-7.7398e-08
99.938,-7.7554e-08
100,-7.7346e-08
100.06,-7.7497e-08
100.14,-7.7351e-08
100.2,-7.7237e-08
100.26,-7.7216e-08
100.32,-7.7335e-08
100.38,-7.7311e-08
100.44,-7.7301e-08
100.51,-7.7368e-08
100.57,-7.7433e-08
100.63,-7.7339e-08
100.69,-7.7356e-08
100.75,-7.7328e-08
100.82,-7.7267e-08
100.88,-7.7244e-08
100.94,-7.7272e-08
101,-7.7405e-08
101.06,-7.7343e-08
101.12,-7.7294e-08
101.18,-7.7429e-08
101.25,-7.7337e-08
101.31,-7.7352e-08
101.37,-7.7381e-08
101.44,-7.7391e-08
101.51,-7.727e-08
101.58,-7.733e-08
101.64,-7.7325e-08
101.7,-7.7323e-08
101.77,-7.7213e-08
101.83,-7.7419e-08
101.89,-7.7331e-08
101.95,-7.7442e-08
102.01,-7.7405e-08
102.06,-7.7424e-08
102.13,-7.7443e-08
102.2,-7.7286e-08
102.27,-7.729e-08
102.33,-7.7362e-08
102.39,-7.7373e-08
102.46,-7.7294e-08
102.51,-7.7355e-08
102.57,-7.7335e-08
102.63,-7.7351e-08
102.69,-7.7349e-08
102.76,-7.7327e-08
102.82,-7.7283e-08
102.89,-7.7309e-08
102.96,-7.7194e-08
103.02,-7.7326e-08
103.08,-7.7239e-08
103.14,-7.7164e-08
103.21,-7.712e-08
103.27,-7.7168e-08
103.33,-7.721e-08
103.39,-7.7116e-08
103.45,-7.7166e-08
103.52,-7.7115e-08
103.59,-7.7253e-08
103.66,-7.7059e-08
103.71,-7.7131e-08
103.78,-7.7202e-08
103.84,-7.7199e-08
103.9,-7.7079e-08
103.97,-7.7045e-08
104.03,-7.7137e-08
104.09,-7.7222e-08
104.14,-7.7158e-08
104.21,-7.7176e-08
104.28,-7.7144e-08
104.34,-7.7152e-08
104.41,-7.7363e-08
104.47,-7.7239e-08
104.54,-7.728e-08
104.6,-7.7313e-08
104.66,-7.7277e-08
104.71,-7.7152e-08
104.77,-7.7165e-08
104.84,-7.7099e-08
104.89,-7.7072e-08
104.97,-7.7034e-08
105.03,-7.7115e-08
105.1,-7.7116e-08
105.16,-7.7097e-08
105.22,-7.6982e-08
105.27,-7.7029e-08
105.33,-7.707e-08
105.4,-7.7008e-08
105.46,-7.686e-08
105.52,-7.6913e-08
105.57,-7.6823e-08
105.65,-7.6781e-08
105.71,-7.6945e-08
105.77,-7.7025e-08
105.84,-7.7001e-08
105.9,-7.6956e-08
105.96,-7.696e-08
106.03,-7.6879e-08
106.09,-7.6945e-08
106.15,-7.6848e-08
106.21,-7.693e-08
106.27,-7.6835e-08
106.35,-7.692e-08
106.41,-7.6837e-08
106.47,-7.698e-08
106.54,-7.6806e-08
106.6,-7.6869e-08
106.66,-7.698e-08
106.72,-7.6981e-08
106.79,-7.6938e-08
106.85,-7.6942e-08
106.91,-7.6913e-08
106.97,-7.6905e-08
107.04,-7.6914e-08
107.11,-7.6905e-08
107.17,-7.6869e-08
107.24,-7.6834e-08
107.29,-7.6769e-08
107.36,-7.6729e-08
107.42,-7.6749e-08
107.48,-7.6809e-08
107.54,-7.6928e-08
107.6,-7.6903e-08
107.67,-7.6734e-08
107.75,-7.6831e-08
107.81,-7.68e-08
107.87,-7.6817e-08
107.93,-7.6633e-08
107.99,-7.6579e-08
108.05,-7.6706e-08
108.11,-7.6606e-08
108.17,-7.6636e-08
108.23,-7.677e-08
108.29,-7.6827e-08
108.36,-7.6826e-08
108.43,-7.6666e-08
108.49,-7.6659e-08
108.56,-7.6742e-08
108.62,-7.6636e-08
108.68,-7.6709e-08
108.75,-7.6567e-08
108.81,-7.672e-08
108.88,-7.6808e-08
108.93,-7.6679e-08
109,-7.6655e-08
109.06,-7.6536e-08
109.13,-7.6557e-08
109.19,-7.6616e-08
109.25,-7.658e-08
109.31,-7.6624e-08
109.38,-7.6546e-08
109.43,-7.6581e-08
109.5,-7.6713e-08
109.56,-7.6637e-08
109.62,-7.6643e-08
109.68,-7.6725e-08
109.74,-7.6659e-08
109.82,-7.669e-08
109.88,-7.6703e-08
109.95,-7.6643e-08
110,-7.6778e-08
110.06,-7.6614e-08
110.12,-7.6405e-08
110.18,-7.64e-08
110.24,-7.6576e-08
110.31,-7.6568e-08
110.36,-7.655e-08
110.43,-7.6559e-08
110.5,-7.6494e-08
110.56,-7.6531e-08
110.63,-7.6402e-08
110.69,-7.6296e-08
110.75,-7.6387e-08
110.82,-7.6361e-08
110.88,-7.634e-08
110.95,-7.6289e-08
111,-7.631e-08
111.07,-7.6457e-08
111.13,-7.6514e-08
111.2,-7.6407e-08
111.26,-7.6457e-08
111.33,-7.6451e-08
111.39,-7.6512e-08
111.45,-7.6489e-08
111.52,-7.6358e-08
111.57,-7.6325e-08
111.63,-7.6406e-08
111.69,-7.6386e-08
111.74,-7.6331e-08
111.81,-7.6399e-08
111.88,-7.6294e-08
111.95,-7.6372e-08
112.01,-7.6421e-08
112.07,-7.6376e-08
112.12,-7.6333e-08
112.18,-7.6257e-08
112.25,-7.622e-08
112.31,-7.6361e-08
112.37,-7.6233e-08
112.42,-7.6348e-08
112.49,-7.6265e-08
112.55,-7.6301e-08
112.62,-7.6135e-08
112.68,-7.6275e-08
112.75,-7.635e-08
112.81,-7.6167e-08
112.87,-7.6264e-08
112.93,-7.6151e-08
112.99,-7.6098e-08
113.05,-7.6129e-08
113.12,-7.6171e-08
113.18,-7.6175e-08
113.25,-7.629e-08
113.32,-7.6216e-08
113.38,-7.6344e-08
113.44,-7.627e-08
113.5,-7.6302e-08
113.56,-7.6327e-08
113.62,-7.6243e-08
113.68,-7.6273e-08
113.75,-7.6148e-08
113.81,-7.6253e-08
113.88,-7.6086e-08
113.95,-7.6244e-08
114.01,-7.6235e-08
114.08,-7.6247e-08
114.14,-7.6406e-08
114.21,-7.6109e-08
114.27,-7.619e-08
114.33,-7.6037e-08
114.4,-7.6029e-08
114.46,-7.6009e-08
114.52,-7.6062e-08
114.57,-7.6062e-08
114.65,-7.6042e-08
114.71,-7.6029e-08
114.78,-7.6025e-08
114.84,-7.5882e-08
114.9,-7.5975e-08
114.97,-7.5959e-08
115.03,-7.5884e-08
115.09,-7.5971e-08
115.15,-7.5873e-08
115.21,-7.5874e-08
115.27,-7.5935e-08
115.35,-7.5831e-08
115.41,-7.5891e-08
115.47,-7.5743e-08
115.53,-7.5871e-08
115.59,-7.5905e-08
115.65,-7.5995e-08
115.71,-7.5804e-08
115.77,-7.591e-08
115.84,-7.5844e-08
115.9,-7.5862e-08
115.96,-7.5759e-08
116.04,-7.5807e-08
116.1,-7.5732e-08
116.16,-7.574e-08
116.22,-7.569e-08
116.29,-7.5761e-08
116.35,-7.5724e-08
116.41,-7.5872e-08
116.48,-7.588e-08
116.53,-7.5835e-08
116.59,-7.5785e-08
116.65,-7.5772e-08
116.73,-7.5693e-08
116.79,-7.5725e-08
116.85,-7.5644e-08
116.92,-7.5699e-08
116.98,-7.5629e-08
117.05,-7.5583e-08
117.1,-7.5581e-08
117.17,-7.5616e-08
117.23,-7.5524e-08
117.29,-7.5609e-08
117.35,-7.563e-08
117.43,-7.5529e-08
117.49,-7.5733e-08
117.55,-7.5704e-08
117.62,-7.5727e-08
117.67,-7.5711e-08
117.74,-7.5647e-08
117.8,-7.5736e-08
117.86,-7.5689e-08
117.92,-7.5705e-08
117.99,-7.5738e-08
118.05,-7.5613e-08
118.12,-7.5611e-08
118.19,-7.5509e-08
118.25,-7.5535e-08
118.31,-7.5542e-08
118.37,-7.5602e-08
118.43,-7.5608e-08
118.49,-7.5776e-08
118.55,-7.5552e-08
118.61,-7.5591e-08
118.67,-7.5606e-08
118.73,-7.5563e-08
118.8,-7.5623e-08
118.87,-7.5562e-08
118.93,-7.5444e-08
118.99,-7.5585e-08
119.06,-7.5513e-08
119.11,-7.5507e-08
119.17,-7.5554e-08
119.24,-7.5478e-08
119.3,-7.547e-08
119.36,-7.5574e-08
119.43,-7.5555e-08
119.5,-7.5531e-08
119.57,-7.5409e-08
119.63,-7.5542e-08
119.68,-7.5664e-08
119.74,-7.5562e-08
119.81,-7.5555e-08
119.87,-7.5609e-08
119.93,-7.5583e-08
120,-7.5574e-08
120.06,-7.567e-08
120.12,-7.5436e-08
120.19,-7.5451e-08
120.25,-7.553e-08
120.31,-7.5529e-08
120.38,-7.544e-08
120.44,-7.5484e-08
120.5,-7.5463e-08
120.57,-7.5495e-08
120.62,-7.5455e-08
120.68,-7.5563e-08
120.74,-7.5578e-08
120.8,-7.5464e-08
120.88,-7.5488e-08
120.94,-7.5469e-08
121,-7.537e-08
121.06,-7.5334e-08
121.12,-7.5388e-08
121.18,-7.5473e-08
121.24,-7.5449e-08
121.29,-7.5268e-08
121.36,-7.526e-08
121.42,-7.5289e-08
121.49,-7.5323e-08
121.56,-7.5267e-08
121.62,-7.5153e-08
121.68,-7.521e-08
121.75,-7.5181e-08
121.81,-7.5231e-08
121.87,-7.5164e-08
121.94,-7.5208e-08
122,-7.5116e-08
122.06,-7.5115e-08
122.11,-7.5137e-08
122.18,-7.507e-08
122.25,-7.5255e-08
122.32,-7.5149e-08
122.38,-7.5143e-08
122.44,-7.5135e-08
122.51,-7.5126e-08
122.57,-7.5128e-08
122.63,-7.5162e-08
122.69,-7.5042e-08
122.75,-7.5128e-08
122.81,-7.5161e-08
122.87,-7.5124e-08
122.95,-7.5198e-08
123.01,-7.5127e-08
123.07,-7.5101e-08
123.14,-7.5167e-08
123.19,-7.5145e-08
123.26,-7.5012e-08
123.32,-7.5061e-08
123.38,-7.5035e-08
123.44,-7.5208e-08
123.5,-7.5247e-08
123.56,-7.5149e-08
123.63,-7.5248e-08
123.69,-7.5284e-08
123.75,-7.5172e-08
123.81,-7.5086e-08
123.88,-7.5069e-08
123.94,-7.5187e-08
124,-7.5174e-08
124.07,-7.5148e-08
124.12,-7.5219e-08
124.18,-7.5098e-08
124.24,-7.5166e-08
124.32,-7.5137e-08
124.38,-7.5162e-08
124.44,-7.5165e-08
124.51,-7.5011e-08
124.57,-7.5064e-08
124.63,-7.4987e-08
124.68,-7.5037e-08
124.75,-7.4994e-08
124.81,-7.5127e-08
124.87,-7.5145e-08
124.93,-7.4953e-08
125.01,-7.4944e-08
125.07,-7.4911e-08
125.13,-7.5043e-08
125.19,-7.5043e-08
125.25,-7.5019e-08
125.31,-7.5035e-08
125.38,-7.5095e-08
125.44,-7.5013e-08
125.5,-7.5012e-08
125.57,-7.4941e-08
125.62,-7.5051e-08
125.69,-7.4994e-08
125.75,-7.4952e-08
125.82,-7.4813e-08
125.88,-7.491e-08
125.94,-7.503e-08
126.01,-7.4907e-08
126.07,-7.4976e-08
126.14,-7.4885e-08
126.19,-7.4904e-08
126.25,-7.4794e-08
126.31,-7.4826e-08
126.39,-7.4943e-08
126.45,-7.4997e-08
126.52,-7.4777e-08
126.58,-7.4915e-08
126.64,-7.4809e-08
126.7,-7.4849e-08
126.76,-7.4784e-08
126.82,-7.4796e-08
126.88,-7.4778e-08
126.94,-7.4953e-08
127,-7.4718e-08
127.08,-7.484e-08
127.14,-7.4762e-08
127.21,-7.4754e-08
127.27,-7.4707e-08
127.33,-7.4729e-08
127.38,-7.4734e-08
127.44,-7.4725e-08
127.51,-7.4713e-08
127.57,-7.472e-08
127.63,-7.4721e-08
127.69,-7.4612e-08
127.76,-7.4601e-08
127.82,-7.4702e-08
127.88,-7.4654e-08
127.95,-7.464e-08
128.01,-7.4704e-08
128.08,-7.472e-08
128.14,-7.4602e-08
128.2,-7.4565e-08
128.26,-7.4601e-08
128.32,-7.459e-08
128.38,-7.4517e-08
128.46,-7.4652e-08
128.52,-7.4718e-08
128.58,-7.4572e-08
128.65,-7.455e-08
128.71,-7.4584e-08
128.77,-7.4653e-08
128.83,-7.4679e-08
128.89,-7.4645e-08
128.95,-7.4576e-08
129.02,-7.4616e-08
129.08,-7.4574e-08
129.15,-7.4641e-08
129.22,-7.4501e-08
129.28,-7.4413e-08
129.34,-7.4509e-08
129.4,-7.4549e-08
129.46,-7.449e-08
129.52,-7.4574e-08
129.58,-7.4464e-08
129.65,-7.4495e-08
129.71,-7.4458e-08
129.78,-7.4496e-08
129.85,-7.4419e-08
129.91,-7.4519e-08
129.97,-7.4486e-08
130.04,-7.4475e-08
130.1,-7.4389e-08
130.16,-7.4402e-08
130.23,-7.4438e-08
130.29,-7.4375e-08
130.35,-7.4571e-08
130.4,-7.4336e-08
130.47,-7.4314e-08
130.54,-7.4427e-08
130.6,-7.4478e-08
130.66,-7.45e-08
130.72,-7.4467e-08
130.79,-7.4361e-08
130.85,-7.4342e-08
130.91,-7.4387e-08
130.97,-7.4372e-08
131.04,-7.4463e-08
131.09,-7.4425e-08
131.16,-7.4474e-08
131.23,-7.4471e-08
131.3,-7.4495e-08
131.36,-7.458e-08
131.41,-7.4461e-08
131.47,-7.4469e-08
131.54,-7.4508e-08
131.6,-7.4373e-08
131.66,-7.4485e-08
131.73,-7.4391e-08
131.79,-7.4329e-08
131.85,-7.4397e-08
131.92,-7.4499e-08
131.98,-7.45e-08
132.04,-7.4427e-08
132.11,-7.4469e-08
132.17,-7.4506e-08
132.23,-7.4395e-08
132.3,-7.4448e-08
132.36,-7.4303e-08
132.41,-7.4352e-08
132.48,-7.4313e-08
132.53,-7.4292e-08
132.61,-7.4351e-08
132.67,-7.428e-08
132.73,-7.4347e-08
132.79,-7.4325e-08
132.86,-7.4352e-08
132.91,-7.423e-08
132.98,-7.4165e-08
133.04,-7.4155e-08
133.1,-7.4174e-08
133.16,-7.4301e-08
133.22,-7.4167e-08
133.3,-7.4221e-08
133.36,-7.417e-08
133.43,-7.4072e-08
133.48,-7.4102e-08
133.54,-7.4102e-08
133.6,-7.4012e-08
133.67,-7.4067e-08
133.73,-7.411e-08
133.79,-7.4051e-08
133.86,-7.4037e-08
133.91,-7.4043e-08
133.98,-7.4107e-08
134.05,-7.4024e-08
134.11,-7.4091e-08
134.17,-7.4155e-08
134.24,-7.4118e-08
134.3,-7.4138e-08
134.36,-7.4022e-08
134.42,-7.3977e-08
134.48,-7.4023e-08
134.54,-7.4174e-08
134.6,-7.4087e-08
134.67,-7.4064e-08
134.74,-7.4065e-08
134.79,-7.4039e-08
134.86,-7.4021e-08
134.92,-7.4036e-08
134.98,-7.4116e-08
135.04,-7.3935e-08
135.11,-7.3903e-08
135.17,-7.3961e-08
135.23,-7.394e-08
135.29,-7.3987e-08
135.37,-7.4064e-08
135.43,-7.4091e-08
135.49,-7.3966e-08
135.55,-7.3978e-08
135.61,-7.4114e-08
135.67,-7.4172e-08
135.73,-7.4116e-08
135.8,-7.4044e-08
135.86,-7.4085e-08
135.93,-7.4014e-08
135.98,-7.4057e-08
136.05,-7.3888e-08
136.11,-7.3943e-08
136.18,-7.404e-08
136.24,-7.4123e-08
136.31,-7.4058e-08
136.37,-7.4084e-08
136.43,-7.3947e-08
136.5,-7.3996e-08
136.55,-7.4148e-08
136.61,-7.4021e-08
136.67,-7.4008e-08
136.75,-7.4142e-08
136.81,-7.4071e-08
136.88,-7.4054e-08
136.94,-7.4038e-08
137,-7.3961e-08
137.07,-7.3905e-08
137.12,-7.3818e-08
137.18,-7.3901e-08
137.24,-7.396e-08
137.29,-7.3946e-08
137.36,-7.3893e-08
137.44,-7.3873e-08
137.5,-7.391e-08
137.56,-7.3963e-08
137.62,-7.3924e-08
137.68,-7.3933e-08
137.73,-7.3849e-08
137.8,-7.3857e-08
137.86,-7.3819e-08
137.92,-7.3892e-08
137.97,-7.3717e-08
138.04,-7.3759e-08
138.11,-7.3701e-08
138.17,-7.3553e-08
138.23,-7.3589e-08
138.3,-7.3619e-08
138.36,-7.3536e-08
138.42,-7.3697e-08
138.48,-7.3711e-08
138.54,-7.3593e-08
138.6,-7.3623e-08
138.67,-7.3647e-08
138.73,-7.3506e-08
138.8,-7.3669e-08
138.87,-7.363e-08
138.93,-7.3625e-08
138.99,-7.3732e-08
139.06,-7.3691e-08
139.12,-7.3742e-08
139.18,-7.3567e-08
139.24,-7.3468e-08
139.3,-7.3679e-08
139.36,-7.3589e-08
139.43,-7.3568e-08
139.5,-7.3701e-08
139.57,-7.367e-08
139.62,-7.3536e-08
139.69,-7.365e-08
139.75,-7.3645e-08
139.81,-7.3647e-08
139.88,-7.3621e-08
139.94,-7.3584e-08
140,-7.3594e-08
140.05,-7.3656e-08
140.12,-7.3624e-08
140.19,-7.3531e-08
140.26,-7.3589e-08
140.31,-7.3552e-08
140.38,-7.3522e-08
140.44,-7.3601e-08
140.5,-7.3606e-08
140.55,-7.3504e-08
140.62,-7.3572e-08
140.68,-7.366e-08
140.74,-7.3598e-08
140.81,-7.3649e-08
140.88,-7.36e-08
140.95,-7.3788e-08
141.01,-7.3701e-08
141.07,-7.3664e-08
141.12,-7.3734e-08
141.19,-7.3788e-08
141.25,-7.3701e-08
141.32,-7.3779e-08
141.38,-7.3777e-08
141.44,-7.3733e-08
141.5,-7.3681e-08
141.57,-7.3663e-08
141.63,-7.3568e-08
141.69,-7.3542e-08
141.76,-7.3685e-08
141.82,-7.349e-08
141.88,-7.3541e-08
141.95,-7.3699e-08
142,-7.3754e-08
142.06,-7.3626e-08
142.13,-7.3593e-08
142.18,-7.3528e-08
142.26,-7.3532e-08
142.32,-7.3418e-08
142.38,-7.3504e-08
142.44,-7.3582e-08
142.51,-7.3391e-08
142.56,-7.3404e-08
142.62,-7.3646e-08
142.68,-7.3416e-08
142.74,-7.3398e-08
142.8,-7.3434e-08
142.87,-7.3391e-08
142.94,-7.3443e-08
143.01,-7.3374e-08
143.06,-7.3312e-08
143.13,-7.3393e-08
143.19,-7.3444e-08
143.25,-7.3396e-08
143.32,-7.3431e-08
143.38,-7.3432e-08
143.44,-7.35e-08
143.5,-7.341e-08
143.56,-7.3507e-08
143.63,-7.3524e-08
143.7,-7.3523e-08
143.76,-7.347e-08
143.82,-7.3512e-08
143.89,-7.3452e-08
143.94,-7.3459e-08
144,-7.3392e-08
144.06,-7.3402e-08
144.12,-7.3439e-08
144.18,-7.3307e-08
144.25,-7.3284e-08
144.32,-7.3362e-08
144.39,-7.3466e-08
144.45,-7.3444e-08
144.51,-7.3436e-08
144.57,-7.3336e-08
144.63,-7.3384e-08
144.68,-7.3225e-08
144.75,-7.3284e-08
144.81,-7.3328e-08
144.87,-7.3398e-08
144.93,-7.3283e-08
145,-7.3282e-08
145.06,-7.3273e-08
145.12,-7.3333e-08
145.19,-7.3226e-08
145.25,-7.3196e-08
145.32,-7.3307e-08
145.38,-7.3196e-08
145.44,-7.3152e-08
145.5,-7.3214e-08
145.56,-7.3203e-08
145.62,-7.3388e-08
145.7,-7.3279e-08
145.76,-7.3204e-08
145.82,-7.3139e-08
145.89,-7.324e-08
145.95,-7.3183e-08
146.01,-7.31e-08
146.07,-7.3042e-08
146.13,-7.3123e-08
146.19,-7.304e-08
146.26,-7.3252e-08
146.32,-7.32e-08
146.39,-7.3116e-08
146.46,-7.3182e-08
146.52,-7.3195e-08
146.58,-7.3163e-08
146.64,-7.2907e-08
146.7,-7.3054e-08
146.76,-7.3038e-08
146.83,-7.3068e-08
146.89,-7.316e-08
146.95,-7.3177e-08
147.02,-7.3042e-08
147.09,-7.2984e-08
147.16,-7.2899e-08
147.22,-7.3003e-08
147.28,-7.3093e-08
147.35,-7.3023e-08
147.41,-7.3022e-08
147.47,-7.2878e-08
147.54,-7.2976e-08
147.6,-7.3021e-08
147.66,-7.2927e-08
147.71,-7.2928e-08
147.79,-7.2989e-08
147.85,-7.2979e-08
147.92,-7.2938e-08
147.98,-7.2999e-08
148.04,-7.2957e-08
148.11,-7.3e-08
148.16,-7.301e-08
148.22,-7.2945e-08
148.29,-7.2971e-08
148.34,-7.3099e-08
148.4,-7.2979e-08
148.48,-7.2868e-08
148.54,-7.2944e-08
148.61,-7.2884e-08
148.67,-7.285e-08
148.73,-7.2984e-08
148.78,-7.2834e-08
148.85,-7.2807e-08
148.91,-7.2939e-08
148.97,-7.2848e-08
149.03,-7.2784e-08
149.1,-7.2783e-08
149.17,-7.2804e-08
149.23,-7.2799e-08
149.29,-7.2841e-08
149.36,-7.2824e-08
149.42,-7.2805e-08
149.48,-7.2759e-08
149.55,-7.2787e-08
149.61,-7.2849e-08
149.67,-7.2874e-08
149.72,-7.2822e-08
149.79,-7.2907e-08
149.86,-7.2898e-08
149.93,-7.2832e-08
149.99,-7.2785e-08
150.05,-7.2885e-08
150.12,-7.2939e-08
150.18,-7.2945e-08
150.24,-7.2943e-08
150.29,-7.2922e-08
150.36,-7.2838e-08
150.42,-7.2875e-08
150.48,-7.2821e-08
150.56,-7.2819e-08
150.62,-7.2842e-08
150.69,-7.2817e-08
150.75,-7.2832e-08
150.81,-7.2716e-08
150.86,-7.2865e-08
150.93,-7.2717e-08
150.99,-7.2906e-08
151.05,-7.2809e-08
151.11,-7.2735e-08
151.17,-7.2782e-08
151.25,-7.2881e-08
151.31,-7.2835e-08
151.37,-7.2998e-08
151.43,-7.276e-08
151.5,-7.276e-08
151.56,-7.2861e-08
151.62,-7.2924e-08
151.69,-7.2765e-08
151.75,-7.2616e-08
151.8,-7.2767e-08
151.87,-7.2897e-08
151.94,-7.273e-08
152,-7.2837e-08
152.07,-7.2769e-08
152.13,-7.2822e-08
152.2,-7.2711e-08
152.26,-7.2705e-08
152.32,-7.2658e-08
152.37,-7.2632e-08
152.43,-7.2633e-08
152.49,-7.2543e-08
152.55,-7.2608e-08
152.63,-7.2597e-08
152.69,-7.2578e-08
152.75,-7.2699e-08
152.81,-7.2641e-08
152.87,-7.2716e-08
152.92,-7.2619e-08
152.98,-7.267e-08
153.05,-7.2748e-08
153.1,-7.273e-08
153.16,-7.2645e-08
153.22,-7.2696e-08
153.3,-7.2516e-08
153.36,-7.2551e-08
153.42,-7.2548e-08
153.48,-7.257e-08
153.55,-7.2574e-08
153.6,-7.259e-08
153.66,-7.2557e-08
153.72,-7.2605e-08
153.77,-7.2666e-08
153.84,-7.2633e-08
153.9,-7.2556e-08
153.98,-7.2584e-08
154.04,-7.2506e-08
154.1,-7.2559e-08
154.16,-7.2413e-08
154.22,-7.2341e-08
154.28,-7.2402e-08
154.35,-7.2396e-08
154.4,-7.2478e-08
154.46,-7.2309e-08
154.52,-7.2489e-08
154.58,-7.2468e-08
154.66,-7.2492e-08
154.72,-7.2398e-08
154.78,-7.2374e-08
154.84,-7.245e-08
154.9,-7.2491e-08
154.95,-7.2594e-08
155.02,-7.248e-08
155.08,-7.247e-08
155.14,-7.2396e-08
155.21,-7.2576e-08
155.27,-7.2459e-08
155.35,-7.2486e-08
155.41,-7.2466e-08
155.47,-7.2445e-08
155.53,-7.2421e-08
155.59,-7.2402e-08
155.66,-7.2345e-08
155.72,-7.2322e-08
155.79,-7.2311e-08
155.84,-7.2306e-08
155.9,-7.2391e-08
155.96,-7.2401e-08
156.04,-7.2293e-08
156.1,-7.2288e-08
156.17,-7.2371e-08
156.23,-7.2292e-08
156.29,-7.2291e-08
156.35,-7.2288e-08
156.41,-7.2288e-08
156.47,-7.233e-08
156.53,-7.2359e-08
156.6,-7.2128e-08
156.66,-7.2296e-08
156.73,-7.2348e-08
156.8,-7.2354e-08
156.86,-7.2449e-08
156.92,-7.2347e-08
156.98,-7.2451e-08
157.04,-7.2365e-08
157.1,-7.2338e-08
157.17,-7.2235e-08
157.23,-7.2362e-08
157.29,-7.2295e-08
157.35,-7.2319e-08
157.42,-7.2256e-08
157.48,-7.2288e-08
157.54,-7.2352e-08
157.61,-7.226e-08
157.67,-7.2197e-08
157.74,-7.2164e-08
157.8,-7.2237e-08
157.86,-7.22e-08
157.92,-7.2267e-08
157.98,-7.2071e-08
158.03,-7.2031e-08
158.1,-7.1994e-08
158.16,-7.2053e-08
158.23,-7.2112e-08
158.29,-7.2074e-08
158.36,-7.2115e-08
158.41,-7.2182e-08
158.47,-7.2076e-08
158.53,-7.2161e-08
158.59,-7.2082e-08
158.65,-7.2074e-08
158.72,-7.2111e-08
158.79,-7.2142e-08
158.86,-7.2117e-08
158.91,-7.2296e-08
158.98,-7.2184e-08
159.04,-7.2154e-08
159.1,-7.2162e-08
159.17,-7.217e-08
159.23,-7.2254e-08
159.29,-7.2176e-08
159.35,-7.2271e-08
159.41,-7.226e-08
159.48,-7.2221e-08
159.55,-7.2079e-08
159.61,-7.2123e-08
159.67,-7.2117e-08
159.74,-7.2201e-08
159.8,-7.2159e-08
159.86,-7.2164e-08
159.91,-7.2065e-08
159.98,-7.2168e-08
160.04,-7.2159e-08
160.11,-7.2084e-08
160.18,-7.2114e-08
160.24,-7.2093e-08
160.31,-7.2004e-08
160.37,-7.1894e-08
160.43,-7.198e-08
160.48,-7.1891e-08
160.55,-7.2006e-08
160.61,-7.2008e-08
160.68,-7.2091e-08
160.74,-7.2097e-08
160.8,-7.2097e-08
160.88,-7.2181e-08
160.94,-7.2136e-08
161,-7.2156e-08
161.06,-7.2081e-08
161.13,-7.2056e-08
161.19,-7.2007e-08
161.25,-7.1973e-08
161.32,-7.1989e-08
161.37,-7.2034e-08
161.43,-7.1889e-08
161.5,-7.1902e-08
161.57,-7.1987e-08
161.63,-7.2019e-08
161.7,-7.2006e-08
161.76,-7.2041e-08
161.82,-7.2063e-08
161.88,-7.184e-08
161.94,-7.1848e-08
162,-7.1815e-08
162.06,-7.1833e-08
162.12,-7.1905e-08
162.18,-7.1818e-08
162.26,-7.1914e-08
162.32,-7.1872e-08
162.39,-7.1929e-08
162.44,-7.1879e-08
162.5,-7.2012e-08
162.56,-7.1818e-08
162.63,-7.1944e-08
162.69,-7.1851e-08
162.75,-7.1866e-08
162.82,-7.1926e-08
162.88,-7.1882e-08
162.94,-7.1787e-08
163.01,-7.1848e-08
163.07,-7.1766e-08
163.13,-7.177e-08
163.2,-7.1768e-08
163.26,-7.1815e-08
163.32,-7.1927e-08
163.39,-7.19e-08
163.44,-7.1912e-08
163.51,-7.1971e-08
163.57,-7.1988e-08
163.64,-7.2011e-08
163.7,-7.1894e-08
163.77,-7.1853e-08
163.83,-7.1953e-08
163.89,-7.1987e-08
163.96,-7.1882e-08
164.01,-7.1953e-08
164.07,-7.1987e-08
164.13,-7.1984e-08
164.2,-7.201e-08
164.26,-7.1948e-08
164.34,-7.179e-08
164.4,-7.1846e-08
164.46,-7.1767e-08
164.53,-7.1778e-08
164.58,-7.186e-08
164.64,-7.195e-08
164.7,-7.1803e-08
164.77,-7.1838e-08
164.83,-7.1717e-08
164.89,-7.1784e-08
164.95,-7.1575e-08
165.03,-7.1734e-08
165.09,-7.1797e-08
165.15,-7.1876e-08
165.22,-7.1786e-08
165.27,-7.1749e-08
165.34,-7.1698e-08
165.4,-7.1731e-08
165.47,-7.1681e-08
165.52,-7.1649e-08
165.58,-7.1656e-08
165.64,-7.1681e-08
165.72,-7.1717e-08
165.78,-7.1745e-08
165.85,-7.1689e-08
165.91,-7.169e-08
165.97,-7.179e-08
166.04,-7.1732e-08
166.09,-7.1713e-08
166.16,-7.1727e-08
166.22,-7.1739e-08
166.28,-7.1767e-08
166.34,-7.1772e-08
166.42,-7.1722e-08
166.48,-7.1651e-08
166.54,-7.1615e-08
166.61,-7.1605e-08
166.67,-7.1738e-08
166.73,-7.1738e-08
166.79,-7.1735e-08
166.85,-7.166e-08
166.91,-7.1596e-08
166.98,-7.1775e-08
167.04,-7.1788e-08
167.12,-7.1797e-08
167.18,-7.1797e-08
167.24,-7.1647e-08
167.3,-7.1749e-08
167.36,-7.1785e-08
167.43,-7.1801e-08
167.49,-7.1664e-08
167.55,-7.1722e-08
167.61,-7.1732e-08
167.67,-7.1723e-08
167.72,-7.1683e-08
167.8,-7.1473e-08
167.86,-7.1546e-08
167.92,-7.1625e-08
167.98,-7.1579e-08
168.04,-7.1708e-08
168.11,-7.1678e-08
168.17,-7.1611e-08
168.23,-7.1583e-08
168.29,-7.1585e-08
168.35,-7.1672e-08
168.42,-7.1387e-08
168.49,-7.1516e-08
168.55,-7.1457e-08
168.61,-7.1512e-08
168.67,-7.1404e-08
168.74,-7.1533e-08
168.8,-7.1498e-08
168.86,-7.1514e-08
168.93,-7.1644e-08
168.98,-7.1517e-08
169.05,-7.1455e-08
169.11,-7.1433e-08
169.19,-7.1305e-08
169.25,-7.1339e-08
169.31,-7.147e-08
169.38,-7.1479e-08
169.44,-7.1492e-08
169.5,-7.147e-08
169.56,-7.14e-08
169.62,-7.1458e-08
169.68,-7.1424e-08
169.74,-7.1589e-08
169.8,-7.1428e-08
169.88,-7.1474e-08
169.94,-7.1363e-08
170,-7.154e-08
170.07,-7.1565e-08
170.13,-7.1533e-08
170.19,-7.1579e-08
170.25,-7.164e-08
170.32,-7.1567e-08
170.38,-7.1509e-08
170.44,-7.1506e-08
170.5,-7.1488e-08
170.58,-7.1436e-08
170.64,-7.1418e-08
170.7,-7.154e-08
170.76,-7.1549e-08
170.81,-7.1504e-08
170.87,-7.1535e-08
170.94,-7.159e-08
171,-7.1419e-08
171.06,-7.1423e-08
171.12,-7.1462e-08
171.18,-7.1311e-08
171.26,-7.1475e-08
171.32,-7.1465e-08
171.39,-7.1386e-08
171.45,-7.148e-08
171.51,-7.1365e-08
171.58,-7.1364e-08
171.64,-7.1385e-08
171.7,-7.1243e-08
171.75,-7.1385e-08
171.81,-7.1265e-08
171.88,-7.1295e-08
171.95,-7.1291e-08
172.01,-7.1289e-08
172.07,-7.1349e-08
172.13,-7.1334e-08
172.19,-7.1193e-08
172.25,-7.1277e-08
172.32,-7.1276e-08
172.38,-7.1147e-08
172.44,-7.1384e-08
172.5,-7.1151e-08
172.57,-7.1231e-08
172.64,-7.1227e-08
172.71,-7.1261e-08
172.76,-7.1168e-08
172.83,-7.1086e-08
172.89,-7.1169e-08
172.95,-7.119e-08
173.02,-7.11e-08
173.08,-7.1081e-08
173.15,-7.1056e-08
173.2,-7.1157e-08
173.27,-7.1244e-08
173.34,-7.1139e-08
173.4,-7.1292e-08
173.47,-7.1145e-08
173.53,-7.1049e-08
173.59,-7.0991e-08
173.66,-7.1073e-08
173.72,-7.1117e-08
173.78,-7.1202e-08
173.84,-7.1218e-08
173.89,-7.1244e-08
173.96,-7.131e-08
174.03,-7.1138e-08
174.09,-7.1175e-08
174.16,-7.099e-08
174.22,-7.1022e-08
174.28,-7.1162e-08
174.34,-7.1094e-08
174.41,-7.1225e-08
174.46,-7.113e-08
174.53,-7.1186e-08
174.59,-7.1076e-08
174.65,-7.1133e-08
174.73,-7.1076e-08
174.79,-7.1097e-08
174.85,-7.0999e-08
174.92,-7.1115e-08
174.98,-7.1022e-08
175.05,-7.1041e-08
175.11,-7.0936e-08
175.17,-7.1052e-08
175.24,-7.0923e-08
175.29,-7.0985e-08
175.35,-7.0964e-08
175.42,-7.0996e-08
175.48,-7.0837e-08
175.54,-7.0884e-08
175.61,-7.0994e-08
175.67,-7.104e-08
175.74,-7.0966e-08
175.79,-7.0996e-08
175.86,-7.1004e-08
175.92,-7.104e-08
175.98,-7.1096e-08
176.04,-7.114e-08
176.12,-7.118e-08
176.18,-7.128e-08
176.24,-7.1281e-08
176.31,-7.1167e-08
176.36,-7.1044e-08
176.43,-7.1046e-08
176.49,-7.1109e-08
176.55,-7.1002e-08
176.61,-7.1006e-08
176.67,-7.1026e-08
176.74,-7.1075e-08
176.82,-7.1119e-08
176.88,-7.103e-08
176.93,-7.1126e-08
177,-7.1089e-08
177.06,-7.1169e-08
177.13,-7.1069e-08
177.19,-7.1117e-08
177.25,-7.1036e-08
177.31,-7.0961e-08
177.37,-7.096e-08
177.44,-7.0966e-08
177.51,-7.1079e-08
177.57,-7.1269e-08
177.63,-7.1086e-08
177.7,-7.1024e-08
177.76,-7.102e-08
177.82,-7.1161e-08
177.88,-7.1095e-08
177.95,-7.1096e-08
178.01,-7.1044e-08
178.07,-7.1105e-08
178.13,-7.1137e-08
178.21,-7.1031e-08
178.27,-7.1084e-08
178.33,-7.1066e-08
178.4,-7.1098e-08
178.45,-7.1041e-08
178.51,-7.1003e-08
178.57,-7.1024e-08
178.63,-7.0901e-08
178.69,-7.0761e-08
178.76,-7.073e-08
178.81,-7.0756e-08
178.88,-7.0902e-08
178.94,-7.0859e-08
179.01,-7.0829e-08
179.07,-7.0901e-08
179.14,-7.0749e-08
179.2,-7.0801e-08
179.26,-7.0761e-08
179.32,-7.0818e-08
179.38,-7.0782e-08
179.43,-7.0777e-08
179.49,-7.0767e-08
179.57,-7.0808e-08
179.63,-7.0916e-08
179.69,-7.0824e-08
179.76,-7.0891e-08
179.82,-7.0782e-08
179.88,-7.0863e-08
179.94,-7.0894e-08
180,-7.0908e-08
180.07,-7.0779e-08
180.12,-7.083e-08
180.19,-7.08e-08
180.26,-7.0894e-08
180.32,-7.0835e-08
180.39,-7.0815e-08
180.44,-7.075e-08
180.5,-7.0839e-08
180.56,-7.073e-08
180.62,-7.0622e-08
180.68,-7.0672e-08
180.75,-7.0631e-08
180.8,-7.0722e-08
180.87,-7.0589e-08
180.94,-7.0689e-08
181.01,-7.0619e-08
181.07,-7.0715e-08
181.13,-7.0625e-08
181.2,-7.0538e-08
181.26,-7.0674e-08
181.32,-7.0781e-08
181.38,-7.0718e-08
181.44,-7.0732e-08
181.49,-7.0798e-08
181.55,-7.0748e-08
181.62,-7.0721e-08
181.69,-7.0568e-08
181.75,-7.0708e-08
181.81,-7.0757e-08
181.87,-7.0761e-08
181.93,-7.0597e-08
182,-7.0628e-08
182.05,-7.0724e-08
182.12,-7.0709e-08
182.18,-7.0801e-08
182.25,-7.0761e-08
182.32,-7.0669e-08
182.38,-7.0738e-08
182.44,-7.0804e-08
182.5,-7.0758e-08
182.57,-7.0756e-08
182.62,-7.0805e-08
182.69,-7.0864e-08
182.75,-7.0922e-08
182.8,-7.085e-08
182.87,-7.0983e-08
182.93,-7.0932e-08
183,-7.0928e-08
183.07,-7.071e-08
183.12,-7.0687e-08
183.19,-7.071e-08
183.24,-7.0767e-08
183.31,-7.0794e-08
183.37,-7.0847e-08
183.43,-7.0747e-08
183.49,-7.0709e-08
183.55,-7.0806e-08
183.62,-7.0707e-08
183.69,-7.0691e-08
183.76,-7.0716e-08
183.81,-7.0671e-08
183.88,-7.0569e-08
183.94,-7.0718e-08
184,-7.067e-08
184.07,-7.0707e-08
184.13,-7.0718e-08
184.19,-7.0689e-08
184.25,-7.0625e-08
184.32,-7.0657e-08
184.38,-7.0616e-08
184.45,-7.0779e-08
184.51,-7.0724e-08
184.57,-7.0673e-08
184.64,-7.0765e-08
184.7,-7.075e-08
184.76,-7.0641e-08
184.82,-7.0582e-08
184.89,-7.0413e-08
184.94,-7.0497e-08
185.01,-7.0457e-08
185.08,-7.0536e-08
185.14,-7.046e-08
185.21,-7.0361e-08
185.27,-7.041e-08
185.33,-7.0482e-08
185.39,-7.0311e-08
185.45,-7.0545e-08
185.51,-7.045e-08
185.57,-7.0368e-08
185.63,-7.0356e-08
185.69,-7.0327e-08
185.76,-7.0328e-08
185.82,-7.0285e-08
185.88,-7.0365e-08
185.95,-7.0466e-08
186.01,-7.0427e-08
186.07,-7.0428e-08
186.14,-7.0401e-08
186.19,-7.0411e-08
186.25,-7.0332e-08
186.31,-7.0298e-08
186.37,-7.0383e-08
186.45,-7.0372e-08
186.51,-7.0486e-08
186.57,-7.0415e-08
186.63,-7.0363e-08
186.69,-7.0355e-08
186.75,-7.0324e-08
186.81,-7.0302e-08
186.88,-7.0352e-08
186.94,-7.0361e-08
187,-7.0318e-08
187.06,-7.0229e-08
187.14,-7.0264e-08
187.2,-7.0358e-08
187.26,-7.0161e-08
187.33,-7.0261e-08
187.39,-7.0313e-08
187.46,-7.0176e-08
187.52,-7.0231e-08
187.58,-7.0322e-08
187.64,-7.0303e-08
187.7,-7.0353e-08
187.76,-7.0148e-08
187.83,-7.0224e-08
187.89,-7.0089e-08
187.96,-7.0149e-08
188.02,-7.0099e-08
188.08,-7.0199e-08
188.15,-7.0252e-08
188.21,-7.0251e-08
188.27,-7.0218e-08
188.32,-7.0139e-08
188.39,-7.0228e-08
188.44,-7.0206e-08
188.52,-7.0254e-08
188.58,-7.0262e-08
188.64,-7.0092e-08
188.7,-7.012e-08
188.77,-7.0186e-08
188.82,-7.0162e-08
188.88,-7.0083e-08
188.94,-7.0118e-08
188.99,-7.0215e-08
189.06,-7.0191e-08
189.12,-7.0236e-08
189.2,-7.0299e-08
189.26,-7.0236e-08
189.32,-7.0232e-08
189.38,-7.0286e-08
189.45,-7.0156e-08
189.51,-7.0099e-08
189.57,-7.0124e-08
189.64,-7.0138e-08
189.69,-7.0007e-08
189.75,-7.0134e-08
189.81,-7.0117e-08
189.89,-7.0107e-08
189.95,-7.0034e-08
190.02,-7.0096e-08
190.08,-7.0121e-08
190.14,-7.0039e-08
190.2,-6.9973e-08
190.26,-7.0091e-08
190.32,-7.0125e-08
190.38,-7.0032e-08
190.45,-7.0232e-08
190.51,-7.0144e-08
190.59,-7.0166e-08
190.65,-7.0184e-08
190.71,-7.0376e-08
190.77,-7.0228e-08
190.83,-7.0312e-08
190.89,-7.0285e-08
190.95,-7.0079e-08
191.02,-7.0041e-08
191.08,-7.0046e-08
191.14,-7.0117e-08
191.2,-7.0093e-08
191.27,-7.0056e-08
191.33,-7.0153e-08
191.39,-7.0157e-08
191.45,-7.0206e-08
191.52,-7.0181e-08
191.58,-7.0095e-08
191.64,-6.9977e-08
191.7,-7.0021e-08
191.76,-7.0019e-08
191.81,-7.0177e-08
191.87,-7.0094e-08
191.95,-7.0003e-08
192.01,-7.0111e-08
192.07,-7.0106e-08
192.14,-7.0109e-08
192.19,-7.0097e-08
192.26,-6.9882e-08
192.32,-6.9927e-08
192.38,-6.9927e-08
192.44,-6.9957e-08
192.5,-6.985e-08
192.57,-6.9781e-08
192.64,-6.9969e-08
192.71,-6.9891e-08
192.76,-6.9923e-08
192.82,-6.9841e-08
192.88,-6.996e-08
192.95,-6.9812e-08
193.01,-6.9849e-08
193.07,-6.9906e-08
193.13,-6.9949e-08
193.2,-7.0113e-08
193.25,-6.9948e-08
193.33,-7e-08
193.39,-7.0014e-08
193.45,-7.006e-08
193.5,-6.9966e-08
193.56,-6.9882e-08
193.62,-6.9988e-08
193.68,-6.9935e-08
193.74,-6.9859e-08
193.81,-6.99e-08
193.87,-6.9788e-08
193.94,-6.9792e-08
194.01,-6.9739e-08
194.08,-6.9662e-08
194.13,-6.9745e-08
194.19,-6.9738e-08
194.25,-6.9788e-08
194.31,-6.9765e-08
194.38,-6.9834e-08
194.43,-6.9835e-08
194.5,-6.9714e-08
194.56,-6.9883e-08
194.62,-6.9764e-08
194.69,-6.968e-08
194.76,-6.9716e-08
194.81,-6.9722e-08
194.88,-6.9707e-08
194.93,-6.9751e-08
195,-6.9831e-08
195.06,-6.9886e-08
195.12,-6.982e-08
195.18,-6.9819e-08
195.25,-6.969e-08
195.31,-6.9657e-08
195.39,-6.9743e-08
195.45,-6.9774e-08
195.51,-6.9728e-08
195.58,-6.9816e-08
195.64,-6.9787e-08
195.7,-6.9795e-08
195.76,-6.9975e-08
195.82,-6.9756e-08
195.87,-6.977e-08
195.94,-6.9841e-08
195.99,-6.9671e-08
196.07,-6.9591e-08
196.13,-6.9699e-08
196.2,-6.9826e-08
196.26,-6.991e-08
196.32,-6.9767e-08
196.39,-6.9748e-08
196.44,-6.9882e-08
196.51,-6.9761e-08
196.56,-6.9843e-08
196.63,-6.984e-08
196.68,-6.976e-08
196.75,-6.9738e-08
196.82,-6.9871e-08
196.88,-6.9923e-08
196.94,-6.9837e-08
197,-6.9797e-08
197.07,-6.9782e-08
197.13,-6.9779e-08
197.19,-6.9674e-08
197.26,-6.9673e-08
197.32,-6.9688e-08
197.38,-6.9567e-08
197.46,-6.9577e-08
197.52,-6.9722e-08
197.58,-6.9728e-08
197.64,-6.9737e-08
197.7,-6.9678e-08
197.76,-6.9507e-08
197.83,-6.9618e-08
197.89,-6.9639e-08
197.95,-6.9809e-08
198.01,-6.9696e-08
198.08,-6.9723e-08
198.14,-6.9658e-08
198.21,-6.9673e-08
198.27,-6.9585e-08
198.34,-6.9604e-08
198.4,-6.9689e-08
198.46,-6.9681e-08
198.52,-6.9702e-08
198.58,-6.9616e-08
198.65,-6.9655e-08
198.71,-6.9755e-08
198.77,-6.9765e-08
198.84,-6.9749e-08
198.91,-6.9637e-08
198.97,-6.9597e-08
199.03,-6.9504e-08
199.09,-6.9571e-08
199.16,-6.9531e-08
199.21,-6.9585e-08
199.27,-6.9648e-08
199.34,-6.966e-08
199.4,-6.965e-08
199.46,-6.9624e-08
199.54,-6.96e-08
199.6,-6.96e-08
199.66,-6.9432e-08
199.72,-6.9581e-08
199.79,-6.9562e-08
199.84,-6.9478e-08
199.91,-6.9475e-08
199.97,-6.9456e-08
200.03,-6.943e-08
200.09,-6.9408e-08
200.16,-6.9391e-08
200.23,-6.9541e-08
200.29,-6.9529e-08
200.35,-6.945e-08
200.4,-6.9528e-08
200.47,-6.948e-08
200.52,-6.9363e-08
200.58,-6.945e-08
200.64,-6.9523e-08
200.71,-6.9539e-08
200.77,-6.947e-08
200.84,-6.943e-08
200.91,-6.9641e-08
200.97,-6.9472e-08
201.04,-6.944e-08
201.09,-6.9455e-08
201.16,-6.9458e-08
201.21,-6.9409e-08
201.27,-6.9447e-08
201.33,-6.9479e-08
201.4,-6.9501e-08
201.45,-6.9522e-08
201.51,-6.9574e-08
201.59,-6.9536e-08
201.65,-6.9426e-08
201.71,-6.9413e-08
201.78,-6.9399e-08
201.84,-6.9454e-08
201.9,-6.9313e-08
201.97,-6.9412e-08
202.02,-6.9321e-08
202.08,-6.9339e-08
202.14,-6.9387e-08
202.21,-6.9376e-08
202.28,-6.9445e-08
202.34,-6.9384e-08
202.41,-6.9399e-08
202.47,-6.9382e-08
202.54,-6.9275e-08
202.59,-6.9407e-08
202.65,-6.9341e-08
202.71,-6.9324e-08
202.76,-6.9273e-08
202.83,-6.9267e-08
202.88,-6.9207e-08
202.95,-6.9292e-08
203.01,-6.937e-08
203.07,-6.9314e-08
203.13,-6.9252e-08
203.2,-6.9183e-08
203.26,-6.9242e-08
203.33,-6.9344e-08
203.39,-6.9205e-08
203.45,-6.9274e-08
203.5,-6.919e-08
203.57,-6.9274e-08
203.64,-6.9421e-08
203.71,-6.9252e-08
203.77,-6.9279e-08
203.83,-6.9241e-08
203.9,-6.9203e-08
203.96,-6.9231e-08
204.02,-6.916e-08
204.08,-6.9049e-08
204.14,-6.9149e-08
204.2,-6.9233e-08
204.27,-6.9307e-08
204.34,-6.9256e-08
204.4,-6.9275e-08
204.47,-6.9304e-08
204.53,-6.9257e-08
204.59,-6.9153e-08
204.64,-6.9132e-08
204.71,-6.9168e-08
204.77,-6.9241e-08
204.84,-6.934e-08
204.9,-6.936e-08
204.96,-6.9226e-08
205.04,-6.937e-08
205.1,-6.9311e-08
205.17,-6.944e-08
205.23,-6.9368e-08
205.29,-6.9228e-08
205.36,-6.9333e-08
205.42,-6.9287e-08
205.48,-6.9222e-08
205.55,-6.9172e-08
205.6,-6.9084e-08
205.66,-6.9205e-08
205.74,-6.9238e-08
205.8,-6.9263e-08
205.86,-6.9191e-08
205.93,-6.9203e-08
205.99,-6.9175e-08
206.05,-6.9186e-08
206.12,-6.9244e-08
206.17,-6.9196e-08
206.23,-6.9305e-08
206.3,-6.9269e-08
206.36,-6.9268e-08
206.43,-6.9124e-08
206.5,-6.9056e-08
206.55,-6.9005e-08
206.62,-6.9081e-08
206.67,-6.9131e-08
206.74,-6.9023e-08
206.8,-6.9094e-08
206.86,-6.9169e-08
206.92,-6.9136e-08
206.99,-6.9126e-08
207.05,-6.9104e-08
207.12,-6.9133e-08
207.19,-6.9254e-08
207.24,-6.9216e-08
207.31,-6.9135e-08
207.37,-6.916e-08
207.43,-6.909e-08
207.49,-6.9192e-08
207.55,-6.9256e-08
207.61,-6.9168e-08
207.68,-6.9231e-08
207.73,-6.9335e-08
207.81,-6.927e-08
207.87,-6.9318e-08
207.93,-6.928e-08
207.99,-6.9249e-08
208.05,-6.9206e-08
208.11,-6.9166e-08
208.18,-6.9144e-08
208.24,-6.9073e-08
208.3,-6.8974e-08
208.36,-6.9022e-08
208.42,-6.8977e-08
208.5,-6.8941e-08
208.56,-6.905e-08
208.63,-6.9056e-08
208.69,-6.9078e-08
208.75,-6.9063e-08
208.81,-6.9069e-08
208.88,-6.8954e-08
208.94,-6.904e-08
209,-6.8986e-08
209.06,-6.8969e-08
209.12,-6.9e-08
209.2,-6.897e-08
209.26,-6.897e-08
209.32,-6.8961e-08
209.39,-6.8943e-08
209.45,-6.8919e-08
209.52,-6.8958e-08
209.58,-6.8987e-08
209.64,-6.8878e-08
209.7,-6.8947e-08
209.76,-6.8926e-08
209.82,-6.8936e-08
209.9,-6.9087e-08
209.96,-6.9037e-08
210.01,-6.8992e-08
210.08,-6.9079e-08
210.13,-6.9049e-08
210.2,-6.9069e-08
210.26,-6.9074e-08
210.32,-6.9063e-08
210.38,-6.8974e-08
210.45,-6.9051e-08
210.51,-6.9031e-08
210.59,-6.8812e-08
210.65,-6.8935e-08
210.71,-6.8865e-08
210.77,-6.892e-08
210.83,-6.8991e-08
210.89,-6.9019e-08
210.95,-6.9075e-08
211.01,-6.8947e-08
211.07,-6.9034e-08
211.13,-6.9015e-08
211.19,-6.8969e-08
211.26,-6.89e-08
211.32,-6.8814e-08
211.38,-6.8813e-08
211.45,-6.8873e-08
211.51,-6.8813e-08
211.57,-6.8598e-08
211.63,-6.868e-08
211.69,-6.874e-08
211.76,-6.8856e-08
211.82,-6.8881e-08
211.88,-6.8832e-08
211.95,-6.8814e-08
212.02,-6.8771e-08
212.08,-6.8828e-08
212.14,-6.8773e-08
212.2,-6.8959e-08
212.26,-6.8818e-08
212.33,-6.8853e-08
212.38,-6.8729e-08
212.45,-6.8675e-08
212.51,-6.8557e-08
212.57,-6.8634e-08
212.65,-6.8692e-08
212.71,-6.8762e-08
212.77,-6.8681e-08
212.83,-6.8698e-08
212.9,-6.8758e-08
212.96,-6.8713e-08
213.02,-6.8641e-08
213.09,-6.875e-08
213.14,-6.864e-08
213.2,-6.8691e-08
213.26,-6.8752e-08
213.33,-6.8711e-08
213.4,-6.8625e-08
213.45,-6.8701e-08
213.52,-6.8514e-08
213.57,-6.8577e-08
213.63,-6.8682e-08
213.69,-6.8642e-08
213.75,-6.8765e-08
213.81,-6.8747e-08
213.88,-6.874e-08
213.94,-6.8708e-08
214.01,-6.8725e-08
214.08,-6.8568e-08
214.14,-6.8581e-08
214.21,-6.8657e-08
214.26,-6.8646e-08
214.33,-6.871e-08
214.39,-6.8662e-08
214.45,-6.8727e-08
214.51,-6.8678e-08
214.57,-6.8684e-08
214.63,-6.8587e-08
214.71,-6.864e-08
214.77,-6.8681e-08
214.84,-6.8611e-08
214.9,-6.8623e-08
214.96,-6.8605e-08
215.03,-6.8457e-08
215.08,-6.8439e-08
215.15,-6.8486e-08
215.21,-6.8501e-08
215.27,-6.8518e-08
215.33,-6.8514e-08
215.41,-6.8561e-08
215.47,-6.8481e-08
215.53,-6.8489e-08
215.6,-6.8589e-08
215.65,-6.8635e-08
215.71,-6.8576e-08
215.78,-6.8595e-08
215.84,-6.8472e-08
215.9,-6.8804e-08
215.96,-6.8623e-08
216.03,-6.8594e-08
216.1,-6.8576e-08
216.16,-6.8579e-08
216.22,-6.8545e-08
216.28,-6.8593e-08
216.35,-6.857e-08
216.41,-6.8506e-08
216.47,-6.86e-08
216.54,-6.8587e-08
216.59,-6.84e-08
216.66,-6.8515e-08
216.72,-6.8423e-08
216.8,-6.8475e-08
216.86,-6.8454e-08
216.92,-6.8372e-08
216.99,-6.8409e-08
217.05,-6.8419e-08
217.11,-6.838e-08
217.18,-6.8377e-08
217.23,-6.8305e-08
217.3,-6.8287e-08
217.36,-6.8515e-08
217.42,-6.8417e-08
217.49,-6.846e-08
217.56,-6.8458e-08
217.61,-6.8444e-08
217.68,-6.8522e-08
217.73,-6.8394e-08
217.8,-6.8476e-08
217.86,-6.8404e-08
217.92,-6.8407e-08
217.98,-6.8417e-08
218.05,-6.8502e-08
218.11,-6.8496e-08
218.19,-6.8462e-08
218.25,-6.8479e-08
218.31,-6.8431e-08
218.37,-6.8535e-08
218.43,-6.8461e-08
218.49,-6.8461e-08
218.55,-6.852e-08
218.61,-6.8419e-08
218.67,-6.8602e-08
218.72,-6.8407e-08
218.78,-6.845e-08
218.85,-6.8501e-08
218.91,-6.8497e-08
218.97,-6.8492e-08
219.03,-6.8402e-08
219.1,-6.8373e-08
219.15,-6.8456e-08
219.21,-6.8388e-08
219.27,-6.8424e-08
219.33,-6.8459e-08
219.39,-6.8451e-08
219.46,-6.8415e-08
219.53,-6.8401e-08
219.6,-6.8399e-08
219.65,-6.8347e-08
219.72,-6.8531e-08
219.78,-6.8526e-08
219.84,-6.8484e-08
219.91,-6.8606e-08
219.97,-6.8402e-08
220.03,-6.8504e-08
220.09,-6.8538e-08
220.16,-6.853e-08
220.23,-6.8505e-08
220.29,-6.8586e-08
220.36,-6.8539e-08
220.42,-6.8384e-08
220.48,-6.842e-08
220.55,-6.8459e-08
220.61,-6.85e-08
220.67,-6.8435e-08
220.73,-6.8462e-08
220.79,-6.8412e-08
220.85,-6.845e-08
220.93,-6.8561e-08
220.99,-6.8356e-08
221.05,-6.8383e-08
221.11,-6.8399e-08
221.17,-6.8257e-08
221.23,-6.8365e-08
221.3,-6.8374e-08
221.36,-6.8266e-08
221.42,-6.8207e-08
221.48,-6.8224e-08
221.54,-6.824e-08
221.62,-6.8227e-08
221.69,-6.8303e-08
221.75,-6.8409e-08
221.81,-6.8293e-08
221.86,-6.8268e-08
221.93,-6.8333e-08
221.98,-6.8338e-08
222.05,-6.8326e-08
222.11,-6.8306e-08
222.17,-6.8443e-08
222.23,-6.8398e-08
222.31,-6.8466e-08
222.37,-6.8417e-08
222.44,-6.8366e-08
222.5,-6.836e-08
222.56,-6.8246e-08
222.63,-6.8371e-08
222.69,-6.836e-08
222.75,-6.8291e-08
222.8,-6.8397e-08
222.86,-6.8322e-08
222.92,-6.8254e-08
223,-6.8144e-08
223.06,-6.8398e-08
223.12,-6.838e-08
223.18,-6.8322e-08
223.24,-6.8401e-08
223.3,-6.8417e-08
223.37,-6.8363e-08
223.42,-6.8483e-08
223.49,-6.8256e-08
223.55,-6.824e-08
223.62,-6.819e-08
223.69,-6.8273e-08
223.75,-6.8194e-08
223.82,-6.8247e-08
223.88,-6.825e-08
223.94,-6.8258e-08
224.01,-6.8181e-08
224.07,-6.8143e-08
224.14,-6.8224e-08
224.2,-6.8048e-08
224.26,-6.8326e-08
224.32,-6.8253e-08
224.4,-6.8233e-08
224.46,-6.8306e-08
224.51,-6.825e-08
224.57,-6.8199e-08
224.64,-6.8079e-08
224.7,-6.8195e-08
224.76,-6.8241e-08
224.81,-6.8286e-08
224.87,-6.8096e-08
224.93,-6.8137e-08
224.99,-6.8058e-08
225.07,-6.8207e-08
225.13,-6.8261e-08
225.19,-6.8146e-08
225.26,-6.8151e-08
225.31,-6.8219e-08
225.38,-6.8112e-08
225.44,-6.8124e-08
225.5,-6.8138e-08
225.56,-6.8101e-08
225.62,-6.8168e-08
225.68,-6.8279e-08
225.75,-6.8239e-08
225.81,-6.816e-08
225.88,-6.8217e-08
225.94,-6.8183e-08
226,-6.8129e-08
226.06,-6.8114e-08
226.12,-6.8098e-08
226.18,-6.823e-08
226.24,-6.8226e-08
226.29,-6.8276e-08
226.36,-6.7974e-08
226.43,-6.8124e-08
226.5,-6.8293e-08
226.55,-6.8409e-08
226.62,-6.8227e-08
226.67,-6.8159e-08
226.73,-6.808e-08
226.79,-6.8108e-08
226.86,-6.8092e-08
226.92,-6.8178e-08
226.99,-6.8107e-08
227.05,-6.8168e-08
227.12,-6.8215e-08
227.19,-6.8091e-08
227.25,-6.8059e-08
227.31,-6.8068e-08
227.37,-6.8055e-08
227.44,-6.8016e-08
227.5,-6.8037e-08
227.56,-6.8047e-08
227.62,-6.7983e-08
227.68,-6.814e-08
227.75,-6.8019e-08
227.81,-6.8047e-08
227.88,-6.8077e-08
227.94,-6.8133e-08
228,-6.7963e-08
228.07,-6.7958e-08
228.12,-6.8139e-08
228.18,-6.8051e-08
228.24,-6.8049e-08
228.3,-6.802e-08
228.36,-6.8051e-08
228.42,-6.7966e-08
228.5,-6.8028e-08
228.56,-6.7961e-08
228.62,-6.7925e-08
228.68,-6.8025e-08
228.74,-6.803e-08
228.8,-6.8037e-08
228.87,-6.806e-08
228.93,-6.7944e-08
228.99,-6.7896e-08
229.04,-6.7908e-08
229.1,-6.7919e-08
229.17,-6.7861e-08
229.24,-6.7946e-08
229.29,-6.7913e-08
229.36,-6.7869e-08
229.41,-6.7899e-08
229.48,-6.7882e-08
229.54,-6.7921e-08
229.6,-6.795e-08
229.66,-6.789e-08
229.73,-6.793e-08
229.79,-6.7904e-08
229.87,-6.7848e-08
229.93,-6.781e-08
229.99,-6.7786e-08
230.05,-6.7788e-08
230.12,-6.7929e-08
230.18,-6.7983e-08
230.24,-6.7926e-08
230.31,-6.7914e-08
230.36,-6.7853e-08
230.43,-6.7865e-08
230.49,-6.7853e-08
230.56,-6.787e-08
230.63,-6.7815e-08
230.69,-6.7869e-08
230.75,-6.7922e-08
230.82,-6.7829e-08
230.88,-6.793e-08
230.94,-6.78e-08
231,-6.7916e-08
231.05,-6.7775e-08
231.11,-6.7835e-08
231.18,-6.7867e-08
231.25,-6.7727e-08
231.32,-6.7841e-08
231.38,-6.7877e-08
231.44,-6.7794e-08
231.51,-6.7679e-08
231.57,-6.7851e-08
231.63,-6.7745e-08
231.7,-6.7835e-08
231.75,-6.7775e-08
231.82,-6.7813e-08
231.88,-6.7715e-08
231.96,-6.7757e-08
232.02,-6.7687e-08
232.09,-6.7728e-08
232.14,-6.7717e-08
232.2,-6.7649e-08
232.26,-6.7708e-08
232.32,-6.7728e-08
232.39,-6.7717e-08
232.45,-6.7645e-08
232.51,-6.7712e-08
232.56,-6.7935e-08
232.63,-6.8006e-08
232.69,-6.7931e-08
232.76,-6.7834e-08
232.82,-6.7721e-08
232.88,-6.778e-08
232.95,-6.7779e-08
233,-6.7838e-08
233.06,-6.7754e-08
233.12,-6.7712e-08
233.18,-6.7892e-08
233.25,-6.769e-08
233.32,-6.7768e-08
233.38,-6.7646e-08
233.45,-6.7638e-08
233.51,-6.7741e-08
233.57,-6.7749e-08
233.63,-6.7829e-08
233.69,-6.7823e-08
233.76,-6.7873e-08
233.81,-6.7767e-08
233.88,-6.7721e-08
233.94,-6.7806e-08
234,-6.7879e-08
234.07,-6.7834e-08
234.12,-6.7843e-08
234.18,-6.7867e-08
234.24,-6.7799e-08
234.31,-6.7691e-08
234.37,-6.7725e-08
234.43,-6.7803e-08
234.49,-6.7673e-08
234.55,-6.7937e-08
234.62,-6.7724e-08
234.69,-6.7602e-08
234.75,-6.7658e-08
234.81,-6.7622e-08
234.87,-6.7527e-08
234.93,-6.7742e-08
234.99,-6.7731e-08
235.05,-6.7671e-08
235.11,-6.7736e-08
235.17,-6.7744e-08
235.24,-6.7562e-08
235.3,-6.7626e-08
235.38,-6.7651e-08
235.44,-6.7595e-08
235.5,-6.7675e-08
235.56,-6.7884e-08
235.63,-6.7675e-08
235.68,-6.7732e-08
235.74,-6.768e-08
235.81,-6.7702e-08
235.87,-6.7705e-08
235.93,-6.7611e-08
235.99,-6.7701e-08
236.07,-6.7623e-08
236.13,-6.7616e-08
236.2,-6.7567e-08
236.26,-6.7527e-08
236.32,-6.7573e-08
236.39,-6.757e-08
236.44,-6.7589e-08
236.5,-6.7507e-08
236.56,-6.7448e-08
236.61,-6.7601e-08
236.68,-6.7672e-08
236.75,-6.7674e-08
236.82,-6.7487e-08
236.88,-6.7528e-08
236.94,-6.7535e-08
237,-6.7599e-08
237.06,-6.7509e-08
237.12,-6.7508e-08
237.18,-6.7588e-08
237.24,-6.7604e-08
237.3,-6.7636e-08
237.36,-6.7594e-08
237.43,-6.7512e-08
237.5,-6.7588e-08
237.55,-6.7579e-08
237.61,-6.752e-08
237.67,-6.755e-08
237.74,-6.7552e-08
237.8,-6.765e-08
237.86,-6.7529e-08
237.92,-6.758e-08
237.98,-6.7572e-08
238.04,-6.7646e-08
238.12,-6.7629e-08
238.18,-6.7614e-08
238.24,-6.7554e-08
238.3,-6.7748e-08
238.36,-6.765e-08
238.42,-6.7745e-08
238.48,-6.7585e-08
238.54,-6.7584e-08
238.6,-6.7498e-08
238.67,-6.7533e-08
238.73,-6.7495e-08
238.81,-6.7535e-08
238.87,-6.7608e-08
238.93,-6.7635e-08
238.99,-6.7559e-08
239.05,-6.7594e-08
239.1,-6.7525e-08
239.17,-6.7609e-08
239.23,-6.7616e-08
239.29,-6.7511e-08
239.34,-6.7601e-08
239.4,-6.7521e-08
239.47,-6.7536e-08
239.53,-6.7444e-08
239.6,-6.7498e-08
239.66,-6.7548e-08
239.72,-6.743e-08
239.78,-6.7603e-08
239.84,-6.7545e-08
239.91,-6.7519e-08
239.97,-6.7579e-08
240.03,-6.7454e-08
240.09,-6.7592e-08
240.17,-6.7522e-08
240.23,-6.751e-08
240.29,-6.7398e-08
240.35,-6.7437e-08
240.41,-6.7322e-08
240.47,-6.7468e-08
240.53,-6.7451e-08
240.59,-6.7387e-08
240.66,-6.7446e-08
240.71,-6.7472e-08
240.77,-6.7429e-08
240.84,-6.7432e-08
240.91,-6.7422e-08
240.97,-6.7353e-08
241.03,-6.7454e-08
241.1,-6.7505e-08
241.16,-6.7526e-08
241.23,-6.7452e-08
241.28,-6.748e-08
241.35,-6.7441e-08
241.41,-6.7318e-08
241.47,-6.7286e-08
241.54,-6.7376e-08
241.61,-6.7407e-08
241.66,-6.7346e-08
241.72,-6.7342e-08
241.78,-6.7326e-08
241.84,-6.7241e-08
241.91,-6.7381e-08
241.96,-6.7336e-08
242.03,-6.7376e-08
242.09,-6.7471e-08
242.16,-6.7443e-08
242.23,-6.735e-08
242.29,-6.7243e-08
242.35,-6.7284e-08
242.41,-6.7182e-08
242.48,-6.7432e-08
242.54,-6.7343e-08
242.61,-6.7421e-08
242.67,-6.7324e-08
242.73,-6.7386e-08
242.78,-6.7402e-08
242.84,-6.7399e-08
242.91,-6.7469e-08
242.98,-6.7329e-08
243.04,-6.7481e-08
243.1,-6.7442e-08
243.16,-6.7413e-08
243.21,-6.7485e-08
243.27,-6.7389e-08
243.33,-6.753e-08
243.4,-6.7295e-08
243.46,-6.7439e-08
243.52,-6.7357e-08
243.59,-6.7461e-08
243.66,-6.738e-08
243.72,-6.7379e-08
243.78,-6.7353e-08
243.84,-6.723e-08
243.9,-6.7167e-08
243.96,-6.7314e-08
244.02,-6.7214e-08
244.07,-6.7206e-08
244.14,-6.7322e-08
244.19,-6.7255e-08
244.27,-6.7377e-08
244.33,-6.7315e-08
244.4,-6.7158e-08
244.46,-6.7384e-08
244.52,-6.7298e-08
244.58,-6.7155e-08
244.64,-6.7201e-08
244.7,-6.7328e-08
244.76,-6.7176e-08
244.83,-6.7335e-08
244.89,-6.7338e-08
244.97,-6.7322e-08
245.03,-6.724e-08
245.09,-6.7226e-08
245.15,-6.7391e-08
245.21,-6.7264e-08
245.28,-6.7386e-08
245.34,-6.7245e-08
245.4,-6.74e-08
245.46,-6.7248e-08
245.52,-6.7232e-08
245.57,-6.7229e-08
245.65,-6.7314e-08
245.71,-6.7181e-08
245.77,-6.7255e-08
245.83,-6.7177e-08
245.89,-6.7214e-08
245.95,-6.7144e-08
246.02,-6.7114e-08
246.07,-6.7244e-08
246.14,-6.7184e-08
246.2,-6.714e-08
246.26,-6.7136e-08
246.34,-6.716e-08
246.4,-6.7186e-08
246.47,-6.7028e-08
246.52,-6.7104e-08
246.58,-6.7131e-08
246.64,-6.7143e-08
246.7,-6.7108e-08
246.76,-6.7108e-08
246.83,-6.7148e-08
246.88,-6.7094e-08
246.94,-6.7142e-08
247.01,-6.7176e-08
247.07,-6.71e-08
247.14,-6.7176e-08
247.2,-6.7145e-08
247.26,-6.7189e-08
247.33,-6.725e-08
247.38,-6.7189e-08
247.45,-6.7097e-08
247.51,-6.7091e-08
247.57,-6.7074e-08
247.63,-6.7061e-08
247.71,-6.7027e-08
247.77,-6.6974e-08
247.84,-6.6948e-08
247.9,-6.6955e-08
247.96,-6.701e-08
248.02,-6.6999e-08
248.08,-6.711e-08
248.14,-6.7108e-08
248.21,-6.7108e-08
248.27,-6.7152e-08
248.33,-6.7119e-08
248.41,-6.7107e-08
248.47,-6.7043e-08
248.53,-6.708e-08
248.59,-6.6964e-08
248.66,-6.6967e-08
248.72,-6.7033e-08
248.78,-6.7057e-08
248.85,-6.7189e-08
248.9,-6.6884e-08
248.97,-6.7047e-08
249.03,-6.7141e-08
249.1,-6.7043e-08
249.16,-6.7016e-08
249.23,-6.7108e-08
249.29,-6.716e-08
249.35,-6.6985e-08
249.42,-6.7088e-08
249.48,-6.7016e-08
249.54,-6.7021e-08
249.6,-6.7013e-08
249.66,-6.6997e-08
249.72,-6.7054e-08
249.8,-6.7189e-08
249.86,-6.7142e-08
249.92,-6.7144e-08
249.99,-6.705e-08
250.05,-6.7056e-08
250.11,-6.722e-08
250.17,-6.7035e-08
250.23,-6.7081e-08
250.29,-6.7052e-08
250.36,-6.7143e-08
250.42,-6.7018e-08
250.5,-6.702e-08
250.56,-6.6981e-08
250.62,-6.7005e-08
250.68,-6.7037e-08
250.74,-6.7e-08
250.81,-6.7141e-08
250.87,-6.7126e-08
250.93,-6.7188e-08
250.99,-6.7113e-08
251.05,-6.7055e-08
251.11,-6.7047e-08
251.18,-6.7216e-08
251.24,-6.7047e-08
251.3,-6.7046e-08
251.36,-6.701e-08
251.42,-6.7017e-08
251.49,-6.6987e-08
251.55,-6.7048e-08
251.61,-6.7003e-08
251.67,-6.6921e-08
251.73,-6.7127e-08
251.8,-6.7081e-08
251.87,-6.7013e-08
251.94,-6.6918e-08
251.99,-6.7007e-08
252.06,-6.7051e-08
252.12,-6.7087e-08
252.18,-6.7039e-08
252.25,-6.679e-08
252.31,-6.7094e-08
252.37,-6.699e-08
252.43,-6.697e-08
252.5,-6.6957e-08
252.57,-6.6968e-08
252.63,-6.7037e-08
252.69,-6.7019e-08
252.76,-6.689e-08
252.82,-6.6918e-08
252.88,-6.6932e-08
252.94,-6.6975e-08
253,-6.7022e-08
253.07,-6.7022e-08
253.12,-6.7008e-08
253.19,-6.7101e-08
253.26,-6.6963e-08
253.33,-6.6899e-08
253.39,-6.6945e-08
253.45,-6.7121e-08
253.51,-6.6889e-08
253.57,-6.6882e-08
253.64,-6.6904e-08
253.69,-6.6836e-08
253.76,-6.6804e-08
253.82,-6.6792e-08
253.88,-6.683e-08
253.96,-6.675e-08
254.02,-6.6717e-08
254.08,-6.6763e-08
254.14,-6.6808e-08
254.2,-6.676e-08
254.27,-6.6815e-08
254.33,-6.6592e-08
254.4,-6.6641e-08
254.45,-6.6675e-08
254.52,-6.6532e-08
254.58,-6.6845e-08
254.65,-6.6741e-08
254.71,-6.6802e-08
254.78,-6.6827e-08
254.84,-6.6831e-08
254.9,-6.6801e-08
254.97,-6.6873e-08
255.02,-6.679e-08
255.08,-6.6825e-08
255.14,-6.692e-08
255.2,-6.6711e-08
255.26,-6.6905e-08
255.34,-6.6838e-08
255.4,-6.6803e-08
255.46,-6.6728e-08
255.52,-6.6757e-08
255.59,-6.6874e-08
255.65,-6.6704e-08
255.71,-6.6752e-08
255.77,-6.6687e-08
255.83,-6.6747e-08
255.9,-6.68e-08
255.95,-6.6866e-08
256.02,-6.6789e-08
256.09,-6.654e-08
256.15,-6.6561e-08
256.21,-6.6698e-08
256.28,-6.6648e-08
256.34,-6.6608e-08
256.4,-6.6706e-08
256.47,-6.6665e-08
256.52,-6.6814e-08
256.59,-6.6863e-08
256.65,-6.69e-08
256.72,-6.6733e-08
256.78,-6.6784e-08
256.85,-6.6883e-08
256.91,-6.6789e-08
256.98,-6.6828e-08
257.04,-6.6807e-08
257.1,-6.6828e-08
257.16,-6.6729e-08
257.22,-6.6672e-08
257.28,-6.6646e-08
257.34,-6.6756e-08
257.42,-6.6796e-08
257.48,-6.6725e-08
257.55,-6.6671e-08
257.61,-6.6693e-08
257.67,-6.6636e-08
257.73,-6.6706e-08
257.79,-6.6757e-08
257.85,-6.6813e-08
257.92,-6.6661e-08
257.98,-6.6696e-08
258.04,-6.6764e-08
258.12,-6.66e-08
258.18,-6.6695e-08
258.25,-6.6798e-08
258.31,-6.6779e-08
258.37,-6.6647e-08
258.44,-6.6726e-08
258.5,-6.6869e-08
258.56,-6.681e-08
258.63,-6.6912e-08
258.68,-6.6881e-08
258.74,-6.6752e-08
258.81,-6.6758e-08
258.87,-6.6661e-08
258.93,-6.6563e-08
259,-6.6581e-08
259.06,-6.6535e-08
259.12,-6.6612e-08
259.18,-6.6531e-08
259.24,-6.641e-08
259.3,-6.6394e-08
259.35,-6.6463e-08
259.42,-6.6564e-08
259.49,-6.6628e-08
259.55,-6.6661e-08
259.62,-6.6668e-08
259.68,-6.6697e-08
259.73,-6.6669e-08
259.8,-6.6582e-08
259.85,-6.6706e-08
259.92,-6.6384e-08
259.98,-6.6605e-08
260.04,-6.6571e-08
260.09,-6.651e-08
260.17,-6.6537e-08
260.23,-6.6529e-08
260.3,-6.6713e-08
260.35,-6.6715e-08
260.42,-6.6581e-08
260.48,-6.6634e-08
260.54,-6.6496e-08
260.6,-6.6491e-08
260.66,-6.6449e-08
260.73,-6.6464e-08
260.79,-6.6542e-08
260.86,-6.6507e-08
260.92,-6.6528e-08
260.99,-6.6538e-08
261.05,-6.6543e-08
261.11,-6.657e-08
261.16,-6.6639e-08
261.23,-6.6632e-08
261.29,-6.6583e-08
261.35,-6.6601e-08
261.42,-6.6562e-08
261.48,-6.6468e-08
261.56,-6.6596e-08
261.62,-6.6532e-08
261.68,-6.6491e-08
261.75,-6.6348e-08
261.81,-6.6487e-08
261.88,-6.6438e-08
261.94,-6.6501e-08
262,-6.6367e-08
262.06,-6.6432e-08
262.12,-6.649e-08
262.18,-6.6387e-08
262.25,-6.6465e-08
262.32,-6.6521e-08
262.38,-6.6565e-08
262.44,-6.6446e-08
262.51,-6.6518e-08
262.57,-6.6416e-08
262.63,-6.644e-08
262.69,-6.6399e-08
262.75,-6.6347e-08
262.81,-6.6325e-08
262.88,-6.6438e-08
262.94,-6.6453e-08
263,-6.6419e-08
263.07,-6.644e-08
263.13,-6.6337e-08
263.19,-6.641e-08
263.25,-6.639e-08
263.31,-6.6392e-08
263.37,-6.64e-08
263.44,-6.6472e-08
263.5,-6.6461e-08
263.57,-6.6568e-08
263.64,-6.6432e-08
263.7,-6.642e-08
263.76,-6.6381e-08
263.82,-6.6389e-08
263.89,-6.6365e-08
263.95,-6.629e-08
264.01,-6.6338e-08
264.08,-6.6246e-08
264.13,-6.6336e-08
264.19,-6.6218e-08
264.25,-6.6265e-08
264.33,-6.6253e-08
264.39,-6.6291e-08
264.46,-6.618e-08
264.52,-6.6205e-08
264.58,-6.6159e-08
264.65,-6.6186e-08
264.7,-6.611e-08
264.76,-6.6184e-08
264.82,-6.6134e-08
264.87,-6.6149e-08
264.94,-6.6267e-08
265.01,-6.6239e-08
265.07,-6.6301e-08
265.14,-6.6316e-08
265.19,-6.6259e-08
265.25,-6.6182e-08
265.32,-6.6369e-08
265.38,-6.6353e-08
265.44,-6.6243e-08
265.51,-6.6429e-08
265.57,-6.6274e-08
265.63,-6.6386e-08
265.69,-6.6393e-08
265.76,-6.6502e-08
265.82,-6.6382e-08
265.89,-6.651e-08
265.95,-6.6424e-08
266.01,-6.6444e-08
266.08,-6.6448e-08
266.14,-6.6507e-08
266.2,-6.6453e-08
266.26,-6.6529e-08
266.32,-6.6455e-08
266.39,-6.6504e-08
266.46,-6.6228e-08
266.52,-6.632e-08
266.58,-6.6216e-08
266.65,-6.6278e-08
266.7,-6.6547e-08
266.76,-6.6466e-08
266.82,-6.6253e-08
266.87,-6.6294e-08
266.94,-6.6367e-08
267,-6.6408e-08
267.07,-6.6399e-08
267.14,-6.6443e-08
267.2,-6.645e-08
267.26,-6.646e-08
267.31,-6.6337e-08
267.37,-6.6283e-08
267.43,-6.6416e-08
267.5,-6.6416e-08
267.56,-6.6218e-08
267.61,-6.6283e-08
267.67,-6.6393e-08
267.74,-6.6316e-08
267.81,-6.638e-08
267.87,-6.6438e-08
267.93,-6.6264e-08
268,-6.6348e-08
268.06,-6.6394e-08
268.12,-6.6169e-08
268.18,-6.6221e-08
268.25,-6.6269e-08
268.3,-6.6322e-08
268.37,-6.6263e-08
268.44,-6.6286e-08
268.5,-6.62e-08
268.57,-6.619e-08
268.63,-6.626e-08
268.69,-6.6354e-08
268.75,-6.6402e-08
268.82,-6.6271e-08
268.87,-6.621e-08
268.94,-6.6212e-08
269,-6.621e-08
269.06,-6.6275e-08
269.14,-6.6356e-08
269.2,-6.6148e-08
269.26,-6.598e-08
269.32,-6.6037e-08
269.39,-6.6089e-08
269.44,-6.6008e-08
269.51,-6.6081e-08
269.57,-6.5994e-08
269.63,-6.599e-08
269.69,-6.5981e-08
269.75,-6.6193e-08
269.82,-6.6062e-08
269.89,-6.6166e-08
269.95,-6.6029e-08
270.01,-6.6109e-08
270.08,-6.6111e-08
270.14,-6.6173e-08
270.2,-6.6103e-08
270.26,-6.6029e-08
270.33,-6.6032e-08
270.38,-6.6289e-08
270.45,-6.6244e-08
270.52,-6.6185e-08
270.58,-6.6012e-08
270.65,-6.6024e-08
270.71,-6.5938e-08
270.77,-6.5981e-08
270.83,-6.6019e-08
270.9,-6.6027e-08
270.95,-6.6076e-08
271.02,-6.6043e-08
271.08,-6.6127e-08
271.15,-6.6118e-08
271.22,-6.6163e-08
271.29,-6.6158e-08
271.35,-6.6204e-08
271.41,-6.6128e-08
271.47,-6.6083e-08
271.53,-6.6147e-08
271.6,-6.6146e-08
271.66,-6.6274e-08
271.72,-6.6193e-08
271.78,-6.6158e-08
271.83,-6.6144e-08
271.9,-6.6053e-08
271.96,-6.6061e-08
272.03,-6.6087e-08
272.09,-6.6192e-08
272.16,-6.6081e-08
272.22,-6.5938e-08
272.28,-6.5909e-08
272.34,-6.5963e-08
272.4,-6.611e-08
272.45,-6.6077e-08
272.52,-6.6061e-08
272.59,-6.5976e-08
272.65,-6.621e-08
272.72,-6.6093e-08
272.78,-6.5995e-08
272.84,-6.6118e-08
272.9,-6.6115e-08
272.96,-6.6072e-08
273.03,-6.6027e-08
273.08,-6.6187e-08
273.15,-6.5984e-08
273.21,-6.619e-08
273.29,-6.603e-08
273.35,-6.594e-08
273.41,-6.5826e-08
273.47,-6.5927e-08
273.53,-6.5903e-08
273.6,-6.6015e-08
273.66,-6.6112e-08
273.72,-6.5874e-08
273.78,-6.6033e-08
273.84,-6.6014e-08
273.91,-6.5921e-08
273.97,-6.5966e-08
274.04,-6.5939e-08
274.1,-6.5921e-08
274.16,-6.58e-08
274.23,-6.5837e-08
274.29,-6.5982e-08
274.35,-6.5979e-08
274.41,-6.593e-08
274.48,-6.59e-08
274.53,-6.5984e-08
274.6,-6.5991e-08
274.67,-6.6012e-08
274.73,-6.5776e-08
274.8,-6.5829e-08
274.86,-6.578e-08
274.92,-6.5959e-08
274.98,-6.6004e-08
275.05,-6.6005e-08
275.1,-6.5945e-08
275.17,-6.5956e-08
275.23,-6.5958e-08
275.29,-6.586e-08
275.37,-6.59e-08
275.43,-6.6e-08
275.49,-6.6204e-08
275.55,-6.6019e-08
275.62,-6.6096e-08
275.68,-6.6031e-08
275.74,-6.5917e-08
275.81,-6.5794e-08
275.87,-6.5856e-08
275.93,-6.5904e-08
275.99,-6.5912e-08
276.07,-6.5836e-08
276.13,-6.5897e-08
276.2,-6.5923e-08
276.26,-6.5888e-08
276.32,-6.5905e-08
276.39,-6.5908e-08
276.45,-6.5918e-08
276.51,-6.5903e-08
276.57,-6.5944e-08
276.63,-6.5957e-08
276.69,-6.5939e-08
276.77,-6.5959e-08
276.83,-6.5941e-08
276.89,-6.5916e-08
276.96,-6.5969e-08
277.02,-6.595e-08
277.08,-6.5844e-08
277.14,-6.5863e-08
277.21,-6.593e-08
277.26,-6.5855e-08
277.33,-6.5818e-08
277.39,-6.5807e-08
277.46,-6.5763e-08
277.53,-6.5866e-08
277.59,-6.5835e-08
277.65,-6.589e-08
277.71,-6.5884e-08
277.76,-6.6034e-08
277.82,-6.5982e-08
277.89,-6.5885e-08
277.95,-6.5956e-08
278.01,-6.5719e-08
278.07,-6.5867e-08
278.15,-6.5911e-08
278.21,-6.5844e-08
278.27,-6.5799e-08
278.34,-6.5776e-08
278.4,-6.5835e-08
278.46,-6.5839e-08
278.53,-6.578e-08
278.59,-6.5692e-08
278.65,-6.5767e-08
278.71,-6.577e-08
278.78,-6.5751e-08
278.85,-6.5875e-08
278.91,-6.5983e-08
278.98,-6.5923e-08
279.04,-6.585e-08
279.1,-6.5863e-08
279.17,-6.5973e-08
279.22,-6.5788e-08
279.28,-6.5856e-08
279.34,-6.5772e-08
279.39,-6.6006e-08
279.46,-6.5902e-08
279.53,-6.5894e-08
279.6,-6.5798e-08
279.66,-6.5776e-08
279.72,-6.5952e-08
279.78,-6.5865e-08
279.84,-6.5819e-08
279.9,-6.6062e-08
279.96,-6.5837e-08
280.03,-6.5857e-08
280.09,-6.5773e-08
280.15,-6.5872e-08
280.22,-6.5891e-08
280.28,-6.5866e-08
280.34,-6.5712e-08
280.41,-6.598e-08
280.47,-6.5728e-08
280.53,-6.5636e-08
280.6,-6.5788e-08
280.65,-6.5756e-08
280.71,-6.5853e-08
280.77,-6.5991e-08
280.83,-6.5804e-08
280.9,-6.5828e-08
280.96,-6.5725e-08
281.03,-6.5729e-08
281.09,-6.5673e-08
281.15,-6.58e-08
281.21,-6.5824e-08
281.27,-6.5847e-08
281.33,-6.5722e-08
281.39,-6.5622e-08
281.46,-6.5847e-08
281.52,-6.5838e-08
281.6,-6.5755e-08
281.66,-6.5842e-08
281.73,-6.581e-08
281.78,-6.576e-08
281.84,-6.5881e-08
281.9,-6.5733e-08
281.96,-6.5761e-08
282.02,-6.5799e-08
282.08,-6.5816e-08
282.14,-6.5817e-08
282.19,-6.564e-08
282.26,-6.5443e-08
282.32,-6.5648e-08
282.38,-6.5553e-08
282.44,-6.5558e-08
282.5,-6.561e-08
282.57,-6.5823e-08
282.63,-6.5673e-08
282.69,-6.5745e-08
282.75,-6.576e-08
282.81,-6.5748e-08
282.88,-6.5735e-08
282.95,-6.583e-08
283.02,-6.5742e-08
283.07,-6.5737e-08
283.14,-6.586e-08
283.2,-6.5713e-08
283.26,-6.567e-08
283.33,-6.5698e-08
283.39,-6.5625e-08
283.45,-6.5628e-08
283.51,-6.5569e-08
283.58,-6.5598e-08
283.64,-6.5664e-08
283.71,-6.5668e-08
283.77,-6.5569e-08
283.83,-6.5606e-08
283.9,-6.563e-08
283.96,-6.5604e-08
284.02,-6.5546e-08
284.08,-6.5637e-08
284.15,-6.5654e-08
284.2,-6.5836e-08
284.27,-6.565e-08
284.34,-6.5653e-08
284.4,-6.559e-08
284.47,-6.5621e-08
284.53,-6.5612e-08
284.59,-6.5559e-08
284.64,-6.5559e-08
284.7,-6.5589e-08
284.76,-6.565e-08
284.83,-6.5543e-08
284.89,-6.5475e-08
284.95,-6.5543e-08
285.02,-6.5574e-08
285.09,-6.541e-08
285.14,-6.5375e-08
285.2,-6.5403e-08
285.26,-6.5531e-08
285.33,-6.5587e-08
285.39,-6.5517e-08
285.46,-6.5426e-08
285.51,-6.5649e-08
285.58,-6.5579e-08
285.64,-6.5603e-08
285.71,-6.5408e-08
285.78,-6.5484e-08
285.84,-6.5454e-08
285.9,-6.5382e-08
285.96,-6.5497e-08
286.03,-6.5417e-08
286.08,-6.5333e-08
286.14,-6.5478e-08
286.2,-6.5523e-08
286.27,-6.5512e-08
286.33,-6.5443e-08
286.4,-6.5479e-08
286.46,-6.5502e-08
286.52,-6.5486e-08
286.59,-6.5411e-08
286.65,-6.5503e-08
286.7,-6.557e-08
286.76,-6.5505e-08
286.82,-6.5566e-08
286.89,-6.5404e-08
286.95,-6.5493e-08
287.01,-6.5679e-08
287.08,-6.5651e-08
287.15,-6.5609e-08
287.2,-6.5692e-08
287.26,-6.5502e-08
287.32,-6.5532e-08
287.39,-6.5522e-08
287.45,-6.5463e-08
287.51,-6.5536e-08
287.57,-6.5584e-08
287.63,-6.5418e-08
287.68,-6.548e-08
287.76,-6.5606e-08
287.82,-6.5445e-08
287.88,-6.5484e-08
287.94,-6.5471e-08
288,-6.5521e-08
288.05,-6.5477e-08
288.12,-6.5417e-08
288.18,-6.546e-08
288.24,-6.5435e-08
288.3,-6.5364e-08
288.37,-6.5427e-08
288.44,-6.5394e-08
288.51,-6.546e-08
288.57,-6.5427e-08
288.63,-6.5406e-08
288.69,-6.5392e-08
288.75,-6.5409e-08
288.81,-6.5409e-08
288.87,-6.5234e-08
288.94,-6.5296e-08
288.99,-6.5333e-08
289.05,-6.5358e-08
289.12,-6.5464e-08
289.19,-6.5376e-08
289.25,-6.5554e-08
289.31,-6.5555e-08
289.38,-6.5529e-08
289.44,-6.5506e-08
289.5,-6.5473e-08
289.55,-6.5493e-08
289.62,-6.5454e-08
289.67,-6.5573e-08
289.74,-6.5404e-08
289.81,-6.5334e-08
289.88,-6.5372e-08
289.94,-6.5354e-08
290,-6.5335e-08
290.06,-6.5312e-08
290.12,-6.5388e-08
290.17,-6.5477e-08
290.24,-6.5318e-08
290.3,-6.5403e-08
290.36,-6.5256e-08
290.43,-6.5332e-08
290.5,-6.5352e-08
290.56,-6.5324e-08
290.62,-6.531e-08
290.68,-6.5438e-08
290.74,-6.5341e-08
290.81,-6.5397e-08
290.87,-6.5458e-08
290.93,-6.5395e-08
291,-6.5313e-08
291.05,-6.5409e-08
291.11,-6.5381e-08
291.19,-6.5326e-08
291.25,-6.5287e-08
291.31,-6.5371e-08
291.37,-6.5268e-08
291.43,-6.5354e-08
291.5,-6.5319e-08
291.55,-6.5441e-08
291.61,-6.5378e-08
291.67,-6.5468e-08
291.72,-6.5389e-08
291.79,-6.5382e-08
291.86,-6.5539e-08
291.92,-6.5368e-08
291.99,-6.5375e-08
292.04,-6.5463e-08
292.11,-6.5424e-08
292.17,-6.5419e-08
292.23,-6.5453e-08
292.29,-6.5487e-08
292.36,-6.5363e-08
292.42,-6.537e-08
292.48,-6.5225e-08
292.55,-6.5316e-08
292.61,-6.5315e-08
292.68,-6.5303e-08
292.74,-6.5246e-08
292.8,-6.5274e-08
292.85,-6.5309e-08
292.92,-6.5313e-08
292.98,-6.5216e-08
293.04,-6.5286e-08
293.1,-6.5197e-08
293.15,-6.5186e-08
293.23,-6.5111e-08
293.29,-6.5164e-08
293.35,-6.5189e-08
293.42,-6.5097e-08
293.48,-6.5121e-08
293.54,-6.5111e-08
293.61,-6.5086e-08
293.67,-6.5074e-08
293.74,-6.5134e-08
293.79,-6.5154e-08
293.85,-6.5035e-08
293.93,-6.5172e-08
293.99,-6.5103e-08
294.06,-6.5145e-08
294.12,-6.5241e-08
294.18,-6.5149e-08
294.23,-6.5143e-08
294.3,-6.5163e-08
294.36,-6.5274e-08
294.42,-6.5127e-08
294.49,-6.5155e-08
294.55,-6.5087e-08
294.63,-6.5054e-08
294.69,-6.5121e-08
294.75,-6.5056e-08
294.82,-6.5199e-08
294.87,-6.5174e-08
294.93,-6.5204e-08
294.99,-6.5168e-08
295.06,-6.5123e-08
295.11,-6.5106e-08
295.17,-6.5114e-08
295.23,-6.5125e-08
295.3,-6.5015e-08
295.37,-6.5064e-08
295.42,-6.5147e-08
295.49,-6.5143e-08
295.55,-6.5287e-08
295.61,-6.5115e-08
295.66,-6.5242e-08
295.73,-6.5091e-08
295.79,-6.5149e-08
295.85,-6.4997e-08
295.92,-6.4943e-08
295.99,-6.5064e-08
296.06,-6.5017e-08
296.12,-6.5182e-08
296.18,-6.5087e-08
296.24,-6.5068e-08
296.3,-6.5042e-08
296.36,-6.5002e-08
296.42,-6.5027e-08
296.48,-6.5046e-08
296.54,-6.4923e-08
296.6,-6.4899e-08
296.68,-6.5002e-08
296.74,-6.492e-08
296.79,-6.4964e-08
296.86,-6.49e-08
296.92,-6.5027e-08
296.98,-6.4976e-08
297.04,-6.4887e-08
297.1,-6.5017e-08
297.16,-6.4931e-08
297.21,-6.5112e-08
297.28,-6.5038e-08
297.35,-6.4902e-08
297.42,-6.4864e-08
297.48,-6.4916e-08
297.54,-6.4944e-08
297.6,-6.4787e-08
297.66,-6.4787e-08
297.71,-6.4846e-08
297.77,-6.4868e-08
297.83,-6.4896e-08
297.9,-6.4888e-08
297.95,-6.489e-08
298.02,-6.4909e-08
298.09,-6.4929e-08
298.14,-6.4844e-08
298.2,-6.4991e-08
298.26,-6.496e-08
298.33,-6.4907e-08
298.39,-6.4934e-08
298.45,-6.495e-08
298.5,-6.4928e-08
298.56,-6.4969e-08
298.62,-6.5122e-08
298.7,-6.5042e-08
298.76,-6.4951e-08
298.83,-6.4981e-08
298.89,-6.5027e-08
298.95,-6.4985e-08
299.01,-6.4914e-08
299.07,-6.4836e-08
299.13,-6.4871e-08
299.19,-6.4877e-08
299.25,-6.4796e-08
299.31,-6.4859e-08
299.39,-6.4811e-08
299.45,-6.4848e-08
299.51,-6.4835e-08
299.58,-6.4863e-08
299.64,-6.4869e-08
299.71,-6.4781e-08
299.76,-6.4841e-08
299.83,-6.484e-08
299.89,-6.4958e-08
299.95,-6.4834e-08
300,-6.4911e-08
300.07,-6.4921e-08
300.13,-6.4905e-08
300.2,-6.4764e-08
300.26,-6.4879e-08
300.32,-6.4826e-08
300.39,-6.484e-08
300.45,-6.5081e-08
300.51,-6.484e-08
300.57,-6.4889e-08
300.64,-6.4985e-08
300.69,-6.4961e-08
300.76,-6.4811e-08
300.82,-6.4915e-08
300.89,-6.4906e-08
300.95,-6.4943e-08
301.01,-6.4861e-08
301.07,-6.4804e-08
301.14,-6.4798e-08
301.19,-6.4803e-08
301.26,-6.4908e-08
301.32,-6.4911e-08
301.38,-6.4816e-08
301.46,-6.4606e-08
301.53,-6.4773e-08
301.59,-6.4793e-08
301.65,-6.4813e-08
301.71,-6.4688e-08
301.77,-6.4636e-08
301.83,-6.4681e-08
301.89,-6.4742e-08
301.95,-6.4774e-08
302.01,-6.4864e-08
302.07,-6.4807e-08
302.15,-6.47e-08
302.21,-6.4766e-08
302.27,-6.4709e-08
302.33,-6.477e-08
302.39,-6.4693e-08
302.46,-6.4746e-08
302.52,-6.4761e-08
302.58,-6.4709e-08
302.64,-6.4589e-08
302.71,-6.4748e-08
302.77,-6.4693e-08
302.84,-6.4738e-08
302.9,-6.4731e-08
302.96,-6.4702e-08
303.03,-6.4757e-08
303.09,-6.4878e-08
303.16,-6.4694e-08
303.22,-6.4683e-08
303.28,-6.4764e-08
303.34,-6.4845e-08
303.4,-6.478e-08
303.46,-6.4733e-08
303.53,-6.4712e-08
303.59,-6.4845e-08
303.65,-6.489e-08
303.72,-6.4841e-08
303.77,-6.4665e-08
303.84,-6.4663e-08
303.9,-6.4688e-08
303.96,-6.4666e-08
304.02,-6.4617e-08
304.07,-6.4564e-08
304.13,-6.4709e-08
304.21,-6.467e-08
304.27,-6.4639e-08
304.33,-6.4614e-08
304.39,-6.4633e-08
304.45,-6.4703e-08
304.51,-6.4795e-08
304.57,-6.4752e-08
304.64,-6.4855e-08
304.69,-6.478e-08
304.75,-6.4756e-08
304.82,-6.481e-08
304.89,-6.4761e-08
304.95,-6.4873e-08
305.01,-6.4759e-08
305.08,-6.4772e-08
305.14,-6.4751e-08
305.21,-6.4677e-08
305.26,-6.4694e-08
305.33,-6.4924e-08
305.39,-6.4757e-08
305.45,-6.475e-08
305.5,-6.4767e-08
305.58,-6.476e-08
305.64,-6.4772e-08
305.71,-6.4765e-08
305.76,-6.4777e-08
305.83,-6.478e-08
305.89,-6.4681e-08
305.95,-6.4745e-08
306.01,-6.4756e-08
306.07,-6.4849e-08
306.14,-6.4789e-08
306.2,-6.4749e-08
306.28,-6.4815e-08
306.35,-6.4759e-08
306.41,-6.4764e-08
306.47,-6.475e-08
306.53,-6.4744e-08
306.6,-6.4659e-08
306.65,-6.4605e-08
306.72,-6.4731e-08
306.78,-6.4818e-08
306.84,-6.4814e-08
306.91,-6.4758e-08
306.98,-6.4685e-08
307.05,-6.4631e-08
307.11,-6.4597e-08
307.17,-6.4625e-08
307.23,-6.4633e-08
307.29,-6.4703e-08
307.35,-6.4798e-08
307.42,-6.4811e-08
307.48,-6.4837e-08
307.54,-6.489e-08
307.61,-6.472e-08
307.68,-6.4636e-08
307.74,-6.4654e-08
307.81,-6.4725e-08
307.86,-6.4687e-08
307.93,-6.4599e-08
307.99,-6.4701e-08
308.05,-6.4596e-08
308.11,-6.4748e-08
308.17,-6.4575e-08
308.23,-6.4825e-08
308.29,-6.4769e-08
308.36,-6.4696e-08
308.43,-6.4692e-08
308.49,-6.4748e-08
308.56,-6.4788e-08
308.61,-6.4729e-08
308.68,-6.477e-08
308.74,-6.4841e-08
308.8,-6.4889e-08
308.86,-6.4734e-08
308.92,-6.4659e-08
308.99,-6.4628e-08
309.07,-6.4795e-08
309.13,-6.4643e-08
309.19,-6.4564e-08
309.25,-6.4605e-08
309.31,-6.4626e-08
309.37,-6.4626e-08
309.44,-6.4716e-08
309.5,-6.4642e-08
309.56,-6.4599e-08
309.62,-6.4676e-08
309.68,-6.4628e-08
309.75,-6.468e-08
309.82,-6.4701e-08
309.88,-6.4489e-08
309.94,-6.448e-08
310.01,-6.4508e-08
310.07,-6.4482e-08
310.14,-6.4589e-08
310.19,-6.4502e-08
310.25,-6.4397e-08
310.31,-6.4509e-08
310.38,-6.4357e-08
310.45,-6.4367e-08
310.52,-6.4429e-08
310.57,-6.4489e-08
310.64,-6.4404e-08
310.69,-6.4376e-08
310.75,-6.448e-08
310.81,-6.4388e-08
310.88,-6.4414e-08
310.93,-6.4436e-08
311,-6.4469e-08
311.06,-6.4436e-08
311.14,-6.4339e-08
311.2,-6.4446e-08
311.26,-6.4395e-08
311.33,-6.4332e-08
311.38,-6.4344e-08
311.44,-6.4438e-08
311.5,-6.4465e-08
311.57,-6.4533e-08
311.63,-6.4627e-08
311.69,-6.4594e-08
311.75,-6.442e-08
311.82,-6.4515e-08
311.88,-6.4511e-08
311.95,-6.46e-08
312.01,-6.4527e-08
312.07,-6.4492e-08
312.14,-6.4427e-08
312.2,-6.4471e-08
312.26,-6.4461e-08
312.32,-6.4418e-08
312.38,-6.4319e-08
312.44,-6.4382e-08
312.51,-6.4321e-08
312.57,-6.4387e-08
312.64,-6.4508e-08
312.7,-6.4527e-08
312.76,-6.4431e-08
312.82,-6.4517e-08
312.89,-6.447e-08
312.94,-6.4443e-08
313,-6.4442e-08
313.06,-6.4502e-08
313.13,-6.4408e-08
313.2,-6.4424e-08
313.26,-6.4489e-08
313.33,-6.4482e-08
313.39,-6.4463e-08
313.45,-6.4437e-08
313.51,-6.4525e-08
313.57,-6.4556e-08
313.63,-6.4504e-08
313.69,-6.4614e-08
313.75,-6.4578e-08
313.81,-6.4531e-08
313.88,-6.4389e-08
313.94,-6.4392e-08
314.01,-6.4576e-08
314.07,-6.4588e-08
314.13,-6.4462e-08
314.2,-6.4542e-08
314.25,-6.4489e-08
314.32,-6.4484e-08
314.38,-6.4473e-08
314.44,-6.4517e-08
314.5,-6.4444e-08
314.58,-6.4525e-08
314.64,-6.4469e-08
314.7,-6.4442e-08
314.77,-6.4405e-08
314.82,-6.4322e-08
314.88,-6.4311e-08
314.95,-6.4279e-08
315,-6.434e-08
315.07,-6.4385e-08
315.13,-6.438e-08
315.19,-6.4439e-08
315.27,-6.4454e-08
315.33,-6.4488e-08
315.39,-6.4469e-08
315.46,-6.4472e-08
315.52,-6.4485e-08
315.58,-6.4477e-08
315.64,-6.4445e-08
315.71,-6.4317e-08
315.77,-6.4426e-08
315.83,-6.4395e-08
315.88,-6.4334e-08
315.96,-6.4423e-08
316.02,-6.4355e-08
316.08,-6.4348e-08
316.15,-6.4261e-08
316.21,-6.4308e-08
316.27,-6.4388e-08
316.34,-6.4559e-08
316.4,-6.4475e-08
316.46,-6.4447e-08
316.52,-6.4485e-08
316.58,-6.4403e-08
316.65,-6.4394e-08
316.72,-6.4317e-08
316.77,-6.4404e-08
316.84,-6.4413e-08
316.9,-6.4386e-08
316.96,-6.4429e-08
317.02,-6.4383e-08
317.08,-6.439e-08
317.14,-6.4367e-08
317.2,-6.4298e-08
317.26,-6.426e-08
317.34,-6.4323e-08
317.41,-6.4286e-08
317.47,-6.4256e-08
317.53,-6.4112e-08
317.59,-6.4182e-08
317.65,-6.4132e-08
317.71,-6.4198e-08
317.77,-6.4141e-08
317.83,-6.422e-08
317.89,-6.4297e-08
317.94,-6.423e-08
318.02,-6.4195e-08
318.08,-6.417e-08
318.14,-6.4235e-08
318.21,-6.4254e-08
318.27,-6.4359e-08
318.34,-6.4263e-08
318.4,-6.4169e-08
318.46,-6.4327e-08
318.52,-6.4215e-08
318.58,-6.4147e-08
318.65,-6.4193e-08
318.71,-6.4159e-08
318.78,-6.4142e-08
318.84,-6.43e-08
318.91,-6.418e-08
318.97,-6.4048e-08
319.03,-6.4212e-08
319.09,-6.4327e-08
319.15,-6.4277e-08
319.21,-6.4237e-08
319.27,-6.4308e-08
319.33,-6.4171e-08
319.41,-6.4272e-08
319.47,-6.4186e-08
319.53,-6.4265e-08
319.59,-6.4333e-08
319.65,-6.4215e-08
319.72,-6.4159e-08
319.77,-6.4185e-08
319.83,-6.4243e-08
319.89,-6.4263e-08
319.96,-6.4263e-08
320.02,-6.4261e-08
320.08,-6.4159e-08
320.15,-6.4188e-08
320.21,-6.4226e-08
320.27,-6.4166e-08
320.34,-6.4207e-08
320.39,-6.4246e-08
320.46,-6.4369e-08
320.52,-6.4276e-08
320.58,-6.4299e-08
320.63,-6.4136e-08
320.7,-6.4251e-08
320.77,-6.4375e-08
320.83,-6.4241e-08
320.89,-6.4214e-08
320.95,-6.4286e-08
321.01,-6.4263e-08
321.07,-6.4371e-08
321.13,-6.4425e-08
321.19,-6.4369e-08
321.25,-6.4333e-08
321.31,-6.4344e-08
321.38,-6.4396e-08
321.45,-6.4362e-08
321.51,-6.4252e-08
321.58,-6.4276e-08
321.64,-6.4294e-08
321.71,-6.4257e-08
321.77,-6.411e-08
321.83,-6.4071e-08
321.89,-6.4226e-08
321.95,-6.4202e-08
322.01,-6.4157e-08
322.07,-6.4229e-08
322.14,-6.4152e-08
322.21,-6.4108e-08
322.27,-6.4182e-08
322.33,-6.4105e-08
322.4,-6.4084e-08
322.46,-6.4112e-08
322.52,-6.4061e-08
322.59,-6.4041e-08
322.64,-6.4253e-08
322.7,-6.4231e-08
322.76,-6.4319e-08
322.84,-6.4288e-08
322.9,-6.4238e-08
322.97,-6.4302e-08
323.03,-6.4245e-08
323.09,-6.429e-08
323.16,-6.4248e-08
323.21,-6.4292e-08
323.27,-6.4237e-08
323.33,-6.4259e-08
323.4,-6.4157e-08
323.46,-6.4115e-08
323.53,-6.4078e-08
323.59,-6.4091e-08
323.66,-6.4099e-08
323.72,-6.4218e-08
323.78,-6.4048e-08
323.84,-6.407e-08
323.91,-6.4173e-08
323.97,-6.4078e-08
324.03,-6.4061e-08
324.09,-6.4075e-08
324.15,-6.4173e-08
324.23,-6.4162e-08
324.29,-6.4173e-08
324.35,-6.412e-08
324.41,-6.4245e-08
324.48,-6.4224e-08
324.54,-6.4233e-08
324.6,-6.4157e-08
324.67,-6.4192e-08
324.73,-6.3988e-08
324.79,-6.407e-08
324.84,-6.4034e-08
324.92,-6.4068e-08
324.98,-6.4155e-08
325.04,-6.4003e-08
325.1,-6.4008e-08
325.17,-6.4217e-08
325.23,-6.4243e-08
325.29,-6.4168e-08
325.35,-6.4222e-08
325.41,-6.4101e-08
325.47,-6.3952e-08
325.54,-6.4119e-08
325.6,-6.4164e-08
325.67,-6.419e-08
325.73,-6.431e-08
325.79,-6.4086e-08
325.85,-6.402e-08
325.91,-6.4049e-08
325.97,-6.4176e-08
326.03,-6.4083e-08
326.09,-6.4048e-08
326.15,-6.4016e-08
326.22,-6.4041e-08
326.29,-6.4087e-08
326.36,-6.4025e-08
326.42,-6.3908e-08
326.48,-6.4001e-08
326.55,-6.387e-08
326.6,-6.3862e-08
326.67,-6.3948e-08
326.73,-6.3885e-08
326.8,-6.3935e-08
326.85,-6.3857e-08
326.91,-6.3931e-08
326.98,-6.3983e-08
327.05,-6.4006e-08
327.11,-6.3917e-08
327.17,-6.3911e-08
327.24,-6.3924e-08
327.3,-6.3996e-08
327.37,-6.394e-08
327.42,-6.3998e-08
327.48,-6.3924e-08
327.54,-6.3915e-08
327.61,-6.389e-08
327.67,-6.4078e-08
327.74,-6.3922e-08
327.8,-6.4063e-08
327.87,-6.3908e-08
327.93,-6.3937e-08
327.99,-6.3912e-08
328.06,-6.3976e-08
328.12,-6.4021e-08
328.18,-6.3956e-08
328.24,-6.4023e-08
328.3,-6.3999e-08
328.38,-6.3997e-08
328.45,-6.3887e-08
328.51,-6.3855e-08
328.57,-6.3948e-08
328.63,-6.3886e-08
328.69,-6.3943e-08
328.75,-6.3829e-08
328.81,-6.3871e-08
328.87,-6.4067e-08
328.93,-6.397e-08
328.99,-6.3934e-08
329.07,-6.3954e-08
329.13,-6.3996e-08
329.19,-6.3867e-08
329.25,-6.4018e-08
329.31,-6.3997e-08
329.38,-6.3989e-08
329.44,-6.4077e-08
329.5,-6.3962e-08
329.56,-6.3938e-08
329.62,-6.3977e-08
329.68,-6.3998e-08
329.76,-6.39e-08
329.82,-6.394e-08
329.88,-6.3991e-08
329.95,-6.3941e-08
330.01,-6.3906e-08
330.08,-6.3879e-08
330.14,-6.3967e-08
330.2,-6.3865e-08
330.25,-6.3943e-08
330.32,-6.3904e-08
330.38,-6.3985e-08
330.45,-6.3889e-08
330.51,-6.3958e-08
330.58,-6.4048e-08
330.64,-6.3854e-08
330.7,-6.3975e-08
330.75,-6.4076e-08
330.82,-6.3964e-08
330.87,-6.3844e-08
330.94,-6.4007e-08
331,-6.389e-08
331.06,-6.3893e-08
331.14,-6.3834e-08
331.2,-6.3857e-08
331.27,-6.3864e-08
331.33,-6.3824e-08
331.39,-6.3826e-08
331.44,-6.3874e-08
331.51,-6.3886e-08
331.57,-6.3931e-08
331.63,-6.3897e-08
331.7,-6.386e-08
331.76,-6.3838e-08
331.84,-6.3761e-08
331.9,-6.3806e-08
331.96,-6.3941e-08
332.02,-6.3886e-08
332.08,-6.3949e-08
332.15,-6.3839e-08
332.21,-6.3929e-08
332.27,-6.39e-08
332.33,-6.3889e-08
332.39,-6.39e-08
332.45,-6.3901e-08
332.53,-6.4011e-08
332.59,-6.4016e-08
332.65,-6.3997e-08
332.72,-6.3987e-08
332.78,-6.3992e-08
332.84,-6.4044e-08
332.9,-6.4094e-08
332.96,-6.4009e-08
333.02,-6.3966e-08
333.08,-6.3939e-08
333.15,-6.4161e-08
333.22,-6.404e-08
333.29,-6.4154e-08
333.35,-6.4071e-08
333.41,-6.4121e-08
333.47,-6.4011e-08
333.53,-6.4124e-08
333.59,-6.3983e-08
333.65,-6.4132e-08
333.71,-6.4142e-08
333.78,-6.4056e-08
333.83,-6.3971e-08
333.91,-6.3963e-08
333.97,-6.3955e-08
334.03,-6.3886e-08
334.1,-6.4011e-08
334.15,-6.3994e-08
334.21,-6.3949e-08
334.27,-6.3946e-08
334.34,-6.3887e-08
334.39,-6.3902e-08
334.45,-6.3829e-08
334.52,-6.3892e-08
334.59,-6.3878e-08
334.65,-6.3825e-08
334.72,-6.3965e-08
334.78,-6.3878e-08
334.84,-6.3944e-08
334.9,-6.382e-08
334.96,-6.3738e-08
335.02,-6.3874e-08
335.08,-6.4061e-08
335.14,-6.396e-08
335.21,-6.3817e-08
335.28,-6.3768e-08
335.35,-6.3804e-08
335.41,-6.3844e-08
335.47,-6.3874e-08
335.53,-6.3693e-08
335.59,-6.3794e-08
335.65,-6.383e-08
335.71,-6.3797e-08
335.77,-6.3735e-08
335.84,-6.364e-08
335.89,-6.3642e-08
335.96,-6.357e-08
336.03,-6.3732e-08
336.09,-6.3801e-08
336.15,-6.3672e-08
336.22,-6.3634e-08
336.28,-6.3702e-08
336.34,-6.3715e-08
336.41,-6.3605e-08
336.46,-6.3699e-08
336.53,-6.3666e-08
336.59,-6.3715e-08
336.66,-6.366e-08
336.72,-6.3717e-08
336.79,-6.3779e-08
336.85,-6.3695e-08
336.92,-6.3617e-08
336.98,-6.3634e-08
337.04,-6.3663e-08
337.1,-6.3422e-08
337.16,-6.3419e-08
337.22,-6.3603e-08
337.28,-6.3629e-08
337.35,-6.3682e-08
337.42,-6.3686e-08
337.48,-6.3744e-08
337.54,-6.3657e-08
337.6,-6.3723e-08
337.66,-6.3787e-08
337.72,-6.3748e-08
337.78,-6.3704e-08
337.84,-6.3641e-08
337.9,-6.3657e-08
337.97,-6.3848e-08
338.04,-6.3631e-08
338.11,-6.3617e-08
338.17,-6.3691e-08
338.23,-6.3483e-08
338.3,-6.3521e-08
338.35,-6.3534e-08
338.42,-6.3606e-08
338.48,-6.356e-08
338.55,-6.3555e-08
338.6,-6.3469e-08
338.66,-6.3436e-08
338.74,-6.366e-08
338.8,-6.3605e-08
338.86,-6.358e-08
338.92,-6.3617e-08
338.98,-6.3597e-08
339.05,-6.3592e-08
339.11,-6.362e-08
339.17,-6.3515e-08
339.22,-6.3586e-08
339.29,-6.3638e-08
339.35,-6.3678e-08
339.42,-6.3665e-08
339.48,-6.3539e-08
339.55,-6.36e-08
339.61,-6.3439e-08
339.67,-6.3468e-08
339.72,-6.3547e-08
339.79,-6.3529e-08
339.85,-6.3617e-08
339.91,-6.3572e-08
339.97,-6.3647e-08
340.04,-6.3558e-08
340.1,-6.3616e-08
340.17,-6.3546e-08
340.23,-6.3527e-08
340.29,-6.3445e-08
340.36,-6.3527e-08
340.42,-6.3591e-08
340.48,-6.3525e-08
340.54,-6.3623e-08
340.61,-6.3666e-08
340.66,-6.3619e-08
340.73,-6.3692e-08
340.8,-6.3654e-08
340.87,-6.3644e-08
340.93,-6.359e-08
340.99,-6.3585e-08
341.05,-6.3473e-08
341.11,-6.3474e-08
341.18,-6.3557e-08
341.23,-6.3507e-08
341.3,-6.3534e-08
341.35,-6.3564e-08
341.42,-6.3551e-08
341.49,-6.3562e-08
341.56,-6.3528e-08
341.61,-6.3498e-08
341.68,-6.3697e-08
341.73,-6.3642e-08
341.8,-6.3517e-08
341.86,-6.3543e-08
341.92,-6.35e-08
341.97,-6.3496e-08
342.04,-6.3569e-08
342.1,-6.3599e-08
342.17,-6.3618e-08
342.24,-6.3414e-08
342.3,-6.3474e-08
342.36,-6.3469e-08
342.43,-6.3441e-08
342.49,-6.3401e-08
342.55,-6.3446e-08
342.61,-6.3382e-08
342.68,-6.3615e-08
342.73,-6.3474e-08
342.8,-6.3416e-08
342.87,-6.3366e-08
342.94,-6.3258e-08
343,-6.3421e-08
343.06,-6.3279e-08
343.13,-6.3489e-08
343.18,-6.343e-08
343.25,-6.3501e-08
343.3,-6.3434e-08
343.36,-6.3383e-08
343.42,-6.3377e-08
343.48,-6.3413e-08
343.56,-6.3399e-08
343.62,-6.3412e-08
343.68,-6.3516e-08
343.75,-6.3391e-08
343.81,-6.3531e-08
343.87,-6.3369e-08
343.92,-6.3305e-08
343.99,-6.3383e-08
344.05,-6.335e-08
344.11,-6.3231e-08
344.18,-6.3317e-08
344.25,-6.3414e-08
344.32,-6.3454e-08
344.38,-6.3511e-08
344.44,-6.327e-08
344.5,-6.3367e-08
344.57,-6.3346e-08
344.62,-6.3316e-08
344.69,-6.3293e-08
344.75,-6.3239e-08
344.81,-6.323e-08
344.88,-6.3394e-08
344.95,-6.3154e-08
345.01,-6.3165e-08
345.06,-6.3431e-08
345.12,-6.3366e-08
345.18,-6.3238e-08
345.24,-6.3327e-08
345.3,-6.3261e-08
345.36,-6.3318e-08
345.43,-6.3299e-08
345.48,-6.3373e-08
345.54,-6.3291e-08
345.61,-6.3514e-08
345.67,-6.3378e-08
345.74,-6.3336e-08
345.79,-6.3352e-08
345.86,-6.3487e-08
345.92,-6.354e-08
345.98,-6.3577e-08
346.03,-6.3491e-08
346.09,-6.3483e-08
346.16,-6.3466e-08
346.21,-6.3485e-08
346.29,-6.3554e-08
346.35,-6.3445e-08
346.41,-6.3494e-08
346.47,-6.3321e-08
346.54,-6.3351e-08
346.6,-6.3378e-08
346.66,-6.3264e-08
346.73,-6.3333e-08
346.79,-6.3297e-08
346.84,-6.3519e-08
346.91,-6.3399e-08
346.97,-6.3405e-08
347.04,-6.3434e-08
347.09,-6.3612e-08
347.16,-6.3486e-08
347.22,-6.3484e-08
347.28,-6.3583e-08
347.34,-6.3501e-08
347.4,-6.3512e-08
347.46,-6.3422e-08
347.52,-6.3368e-08
347.58,-6.3378e-08
347.67,-6.3323e-08
347.73,-6.3377e-08
347.79,-6.3297e-08
347.86,-6.3198e-08
347.92,-6.3273e-08
347.98,-6.3232e-08
348.04,-6.3315e-08
348.1,-6.3289e-08
348.17,-6.339e-08
348.22,-6.3213e-08
348.28,-6.3338e-08
348.36,-6.3319e-08
348.42,-6.3441e-08
348.48,-6.3687e-08
348.54,-6.3559e-08
348.6,-6.3544e-08
348.67,-6.3328e-08
348.73,-6.332e-08
348.79,-6.3347e-08
348.85,-6.3369e-08
348.91,-6.3426e-08
348.97,-6.3435e-08
349.05,-6.3409e-08
349.11,-6.3299e-08
349.17,-6.3252e-08
349.23,-6.3443e-08
349.29,-6.345e-08
349.35,-6.3476e-08
349.41,-6.3457e-08
349.47,-6.3408e-08
349.53,-6.3368e-08
349.59,-6.3341e-08
349.65,-6.3417e-08
349.73,-6.3238e-08
349.79,-6.3305e-08
349.86,-6.3412e-08
349.92,-6.3357e-08
349.98,-6.3372e-08
350.03,-6.3371e-08
350.1,-6.3152e-08
350.16,-6.3342e-08
350.22,-6.3413e-08
350.29,-6.3515e-08
350.35,-6.3539e-08
350.43,-6.3346e-08
350.49,-6.33e-08
350.55,-6.3389e-08
350.62,-6.3353e-08
350.68,-6.3335e-08
350.75,-6.3299e-08
350.81,-6.3206e-08
350.87,-6.3234e-08
350.93,-6.3355e-08
350.99,-6.3276e-08
351.05,-6.3237e-08
351.13,-6.3315e-08
351.19,-6.3212e-08
351.25,-6.3146e-08
351.3,-6.3196e-08
351.36,-6.3164e-08
351.42,-6.3351e-08
351.49,-6.3205e-08
351.55,-6.3122e-08
351.61,-6.3172e-08
351.67,-6.3276e-08
351.74,-6.322e-08
351.81,-6.3335e-08
351.88,-6.3203e-08
351.94,-6.3124e-08
352,-6.3084e-08
352.06,-6.3041e-08
352.12,-6.3236e-08
352.18,-6.3108e-08
352.24,-6.3177e-08
352.3,-6.3254e-08
352.37,-6.3137e-08
352.42,-6.3177e-08
352.49,-6.3208e-08
352.55,-6.3173e-08
352.62,-6.3228e-08
352.68,-6.3407e-08
352.75,-6.3379e-08
352.81,-6.3313e-08
352.87,-6.3273e-08
352.94,-6.3145e-08
352.99,-6.3218e-08
353.05,-6.3173e-08
353.12,-6.3169e-08
353.19,-6.3211e-08
353.25,-6.3187e-08
353.32,-6.3128e-08
353.38,-6.3157e-08
353.44,-6.3211e-08
353.51,-6.3255e-08
353.57,-6.3196e-08
353.63,-6.3103e-08
353.7,-6.3164e-08
353.76,-6.3361e-08
353.82,-6.332e-08
353.89,-6.3376e-08
353.96,-6.3331e-08
354.02,-6.3295e-08
354.08,-6.3399e-08
354.15,-6.3272e-08
354.21,-6.314e-08
354.26,-6.3185e-08
354.33,-6.327e-08
354.39,-6.3293e-08
354.45,-6.3171e-08
354.52,-6.3137e-08
354.59,-6.3125e-08
354.66,-6.3149e-08
354.72,-6.3145e-08
354.78,-6.3136e-08
354.83,-6.3101e-08
354.9,-6.3258e-08
354.96,-6.3252e-08
355.02,-6.3037e-08
355.08,-6.3124e-08
355.14,-6.3095e-08
355.2,-6.3081e-08
355.27,-6.3131e-08
355.33,-6.3188e-08
355.4,-6.3109e-08
355.46,-6.3174e-08
355.52,-6.3095e-08
355.59,-6.318e-08
355.65,-6.3148e-08
355.72,-6.3153e-08
355.77,-6.3328e-08
355.83,-6.32e-08
355.9,-6.3312e-08
355.97,-6.3223e-08
356.03,-6.324e-08
356.09,-6.3323e-08
356.16,-6.3157e-08
356.22,-6.2983e-08
356.29,-6.3112e-08
356.35,-6.3065e-08
356.41,-6.3048e-08
356.48,-6.3106e-08
356.54,-6.2899e-08
356.6,-6.2918e-08
356.67,-6.3003e-08
356.74,-6.3069e-08
356.8,-6.3048e-08
356.86,-6.3089e-08
356.93,-6.293e-08
356.98,-6.2973e-08
357.05,-6.2987e-08
357.11,-6.3063e-08
357.17,-6.3122e-08
357.23,-6.3058e-08
357.29,-6.2957e-08
357.37,-6.3047e-08
357.43,-6.2925e-08
357.5,-6.2952e-08
357.55,-6.3026e-08
357.62,-6.2929e-08
357.68,-6.2955e-08
357.74,-6.2973e-08
357.79,-6.2889e-08
357.86,-6.2951e-08
357.92,-6.2942e-08
357.98,-6.2896e-08
358.05,-6.2977e-08
358.11,-6.3004e-08
358.17,-6.2973e-08
358.23,-6.2945e-08
358.29,-6.3054e-08
358.36,-6.3059e-08
358.42,-6.3079e-08
358.48,-6.3138e-08
358.54,-6.2985e-08
358.6,-6.3103e-08
358.66,-6.3002e-08
358.73,-6.3048e-08
358.79,-6.3138e-08
358.86,-6.3144e-08
358.92,-6.3088e-08
358.98,-6.3159e-08
359.03,-6.3061e-08
359.1,-6.3125e-08
359.16,-6.3143e-08
359.22,-6.319e-08
359.28,-6.3305e-08
359.35,-6.2977e-08
359.42,-6.3087e-08
359.48,-6.2993e-08
359.55,-6.2942e-08
359.61,-6.3084e-08
359.67,-6.3066e-08
359.72,-6.3089e-08
359.78,-6.3005e-08
359.84,-6.2858e-08
359.91,-6.2887e-08
359.97,-6.2986e-08
360.04,-6.2949e-08
360.11,-6.2964e-08
360.17,-6.2902e-08
360.24,-6.292e-08
360.3,-6.3155e-08
360.37,-6.3043e-08
360.43,-6.2874e-08
360.49,-6.2938e-08
360.55,-6.3155e-08
360.61,-6.2955e-08
360.67,-6.3109e-08
360.73,-6.2896e-08
360.81,-6.306e-08
360.87,-6.324e-08
360.93,-6.3126e-08
360.99,-6.3248e-08
361.05,-6.3174e-08
361.11,-6.3175e-08
361.17,-6.3056e-08
361.23,-6.3043e-08
361.29,-6.3045e-08
361.35,-6.2977e-08
361.42,-6.299e-08
361.49,-6.2931e-08
361.56,-6.3017e-08
361.62,-6.3021e-08
361.68,-6.3104e-08
361.75,-6.3207e-08
361.8,-6.3032e-08
361.87,-6.3124e-08
361.93,-6.3004e-08
362,-6.3123e-08
362.05,-6.3087e-08
362.11,-6.3153e-08
362.18,-6.3176e-08
362.25,-6.3138e-08
362.31,-6.3107e-08
362.37,-6.3034e-08
362.43,-6.3186e-08
362.5,-6.3029e-08
362.56,-6.2913e-08
362.62,-6.2954e-08
362.67,-6.2964e-08
362.74,-6.3041e-08
362.8,-6.3047e-08
362.87,-6.2974e-08
362.94,-6.2824e-08
362.99,-6.2954e-08
363.06,-6.2987e-08
363.11,-6.2948e-08
363.18,-6.2859e-08
363.24,-6.3094e-08
363.3,-6.3036e-08
363.35,-6.2944e-08
363.42,-6.2885e-08
363.48,-6.2969e-08
363.56,-6.2984e-08
363.62,-6.299e-08
363.68,-6.2979e-08
363.75,-6.3066e-08
363.81,-6.3045e-08
363.87,-6.2975e-08
363.93,-6.2929e-08
363.99,-6.2947e-08
364.06,-6.2884e-08
364.11,-6.3017e-08
364.17,-6.2986e-08
364.25,-6.3111e-08
364.31,-6.3102e-08
364.37,-6.3048e-08
364.44,-6.3186e-08
364.5,-6.3155e-08
364.56,-6.2915e-08
364.63,-6.2983e-08
364.68,-6.3083e-08
364.74,-6.3019e-08
364.81,-6.2979e-08
364.86,-6.2877e-08
364.94,-6.3121e-08
365,-6.2959e-08
365.06,-6.2925e-08
365.13,-6.2882e-08
365.19,-6.2968e-08
365.25,-6.2965e-08
365.31,-6.3002e-08
365.37,-6.3105e-08
365.43,-6.3144e-08
365.49,-6.3131e-08
365.55,-6.3008e-08
365.64,-6.307e-08
365.7,-6.3113e-08
365.76,-6.2999e-08
365.82,-6.2983e-08
365.88,-6.2856e-08
365.94,-6.3009e-08
366.01,-6.2984e-08
366.07,-6.2905e-08
366.13,-6.2864e-08
366.18,-6.289e-08
366.25,-6.2806e-08
366.31,-6.2911e-08
366.38,-6.2925e-08
366.43,-6.2862e-08
366.5,-6.2954e-08
366.56,-6.2937e-08
366.62,-6.293e-08
366.69,-6.2918e-08
366.75,-6.2942e-08
366.81,-6.2874e-08
366.87,-6.2916e-08
366.94,-6.2814e-08
367.01,-6.2995e-08
367.08,-6.2932e-08
367.14,-6.2854e-08
367.2,-6.2925e-08
367.25,-6.2994e-08
367.32,-6.2976e-08
367.37,-6.2939e-08
367.43,-6.288e-08
367.5,-6.2959e-08
367.56,-6.3065e-08
367.62,-6.2935e-08
367.69,-6.283e-08
367.76,-6.2805e-08
367.82,-6.2837e-08
367.88,-6.3005e-08
367.94,-6.2851e-08
368,-6.28e-08
368.07,-6.2942e-08
368.13,-6.2936e-08
368.19,-6.2762e-08
368.25,-6.2766e-08
368.3,-6.28e-08
368.37,-6.2913e-08
368.43,-6.288e-08
368.49,-6.2792e-08
368.55,-6.2699e-08
368.61,-6.2699e-08
368.67,-6.266e-08
368.73,-6.2786e-08
368.79,-6.2844e-08
368.85,-6.2881e-08
368.92,-6.2894e-08
368.98,-6.2785e-08
369.06,-6.2734e-08
369.12,-6.2888e-08
369.18,-6.2932e-08
369.25,-6.2804e-08
369.3,-6.2859e-08
369.37,-6.2894e-08
369.43,-6.2856e-08
369.5,-6.2651e-08
369.56,-6.2777e-08
369.62,-6.2786e-08
369.68,-6.2687e-08
369.75,-6.2792e-08
369.82,-6.2814e-08
369.88,-6.2835e-08
369.95,-6.2752e-08
370.01,-6.2712e-08
370.07,-6.2577e-08
370.14,-6.2869e-08
370.2,-6.2742e-08
370.26,-6.2739e-08
370.32,-6.2744e-08
370.37,-6.2611e-08
370.45,-6.2931e-08
370.51,-6.2823e-08
370.57,-6.2781e-08
370.63,-6.273e-08
370.69,-6.2583e-08
370.75,-6.2648e-08
370.81,-6.2804e-08
370.87,-6.2655e-08
370.93,-6.2678e-08
371,-6.2736e-08
371.06,-6.2682e-08
371.14,-6.2635e-08
371.2,-6.2592e-08
371.27,-6.2665e-08
371.32,-6.2812e-08
371.39,-6.2804e-08
371.45,-6.275e-08
371.51,-6.2636e-08
371.57,-6.2765e-08
371.63,-6.2842e-08
371.7,-6.2915e-08
371.76,-6.298e-08
371.83,-6.3007e-08
371.89,-6.2828e-08
371.96,-6.2806e-08
372.02,-6.2656e-08
372.08,-6.2653e-08
372.14,-6.2767e-08
372.21,-6.2692e-08
372.27,-6.2887e-08
372.33,-6.2795e-08
372.39,-6.2701e-08
372.45,-6.2729e-08
372.52,-6.275e-08
372.58,-6.2778e-08
372.65,-6.2742e-08
372.71,-6.2821e-08
372.77,-6.2892e-08
372.83,-6.2677e-08
372.89,-6.2862e-08
372.94,-6.271e-08
373.01,-6.2811e-08
373.06,-6.2748e-08
373.13,-6.2756e-08
373.2,-6.2842e-08
373.27,-6.2993e-08
373.33,-6.2973e-08
373.39,-6.2933e-08
373.45,-6.2903e-08
373.51,-6.2837e-08
373.56,-6.2821e-08
373.63,-6.2827e-08
373.69,-6.2736e-08
373.76,-6.2773e-08
373.82,-6.2927e-08
373.89,-6.2812e-08
373.96,-6.2929e-08
374.01,-6.2838e-08
374.08,-6.2814e-08
374.13,-6.2768e-08
374.2,-6.2761e-08
374.26,-6.2868e-08
374.32,-6.2858e-08
374.38,-6.2885e-08
374.44,-6.2883e-08
374.49,-6.2732e-08
374.57,-6.2962e-08
374.63,-6.2781e-08
374.69,-6.2799e-08
374.75,-6.2679e-08
374.81,-6.2726e-08
374.87,-6.2611e-08
374.93,-6.2662e-08
374.99,-6.2738e-08
375.05,-6.2801e-08
375.12,-6.273e-08
375.18,-6.2776e-08
375.25,-6.2807e-08
375.31,-6.2744e-08
375.38,-6.268e-08
375.44,-6.2561e-08
375.5,-6.2682e-08
375.56,-6.2678e-08
375.63,-6.2716e-08
375.69,-6.2746e-08
375.75,-6.2577e-08
375.81,-6.2633e-08
375.87,-6.2816e-08
375.93,-6.2717e-08
376,-6.2608e-08
376.06,-6.2701e-08
376.12,-6.2657e-08
376.19,-6.277e-08
376.25,-6.2825e-08
376.32,-6.2809e-08
376.37,-6.2702e-08
376.43,-6.2642e-08
376.49,-6.2611e-08
376.55,-6.2632e-08
376.63,-6.2785e-08
376.69,-6.2636e-08
376.75,-6.272e-08
376.82,-6.2734e-08
376.87,-6.2815e-08
376.94,-6.281e-08
377,-6.2792e-08
377.06,-6.2877e-08
377.12,-6.2799e-08
377.19,-6.2831e-08
377.25,-6.2861e-08
377.33,-6.2703e-08
377.39,-6.2668e-08
377.46,-6.2687e-08
377.51,-6.2729e-08
377.57,-6.278e-08
377.63,-6.2904e-08
377.69,-6.283e-08
377.75,-6.2629e-08
377.82,-6.2654e-08
377.88,-6.2707e-08
377.94,-6.2623e-08
378,-6.2616e-08
378.07,-6.2696e-08
378.13,-6.2789e-08
378.2,-6.2832e-08
378.26,-6.2668e-08
378.32,-6.2626e-08
378.39,-6.2675e-08
378.45,-6.2782e-08
378.51,-6.2659e-08
378.56,-6.2856e-08
378.62,-6.282e-08
378.69,-6.2706e-08
378.75,-6.255e-08
378.81,-6.2667e-08
378.88,-6.2597e-08
378.93,-6.254e-08
379,-6.2676e-08
379.06,-6.2515e-08
379.12,-6.2678e-08
379.18,-6.2701e-08
379.24,-6.2664e-08
379.3,-6.2647e-08
379.38,-6.2594e-08
379.45,-6.2476e-08
379.51,-6.2561e-08
379.57,-6.2639e-08
379.64,-6.2634e-08
379.7,-6.2677e-08
379.76,-6.2641e-08
379.82,-6.2644e-08
379.89,-6.261e-08
379.94,-6.2662e-08
380,-6.2515e-08
380.07,-6.2516e-08
380.13,-6.2708e-08
380.2,-6.2447e-08
380.26,-6.2506e-08
380.32,-6.2536e-08
380.39,-6.2614e-08
380.45,-6.2542e-08
380.51,-6.2581e-08
380.56,-6.2539e-08
380.62,-6.2485e-08
380.68,-6.2473e-08
380.76,-6.2575e-08
380.82,-6.251e-08
380.89,-6.2506e-08
380.95,-6.2747e-08
381.01,-6.2559e-08
381.06,-6.2559e-08
381.12,-6.2663e-08
381.18,-6.2678e-08
381.25,-6.2584e-08
381.31,-6.2641e-08
381.37,-6.2574e-08
381.44,-6.2667e-08
381.51,-6.2524e-08
381.57,-6.2622e-08
381.63,-6.2647e-08
381.69,-6.2646e-08
381.75,-6.2548e-08
381.81,-6.2522e-08
381.87,-6.2537e-08
381.93,-6.2603e-08
381.99,-6.2807e-08
382.04,-6.2705e-08
382.12,-6.2783e-08
382.18,-6.2669e-08
382.25,-6.2602e-08
382.31,-6.2536e-08
382.37,-6.2601e-08
382.43,-6.2547e-08
382.49,-6.2476e-08
382.54,-6.2585e-08
382.6,-6.2586e-08
382.67,-6.2524e-08
382.73,-6.26e-08
382.81,-6.2542e-08
382.88,-6.2699e-08
382.94,-6.2655e-08
383,-6.2652e-08
383.06,-6.2625e-08
383.12,-6.267e-08
383.18,-6.2643e-08
383.24,-6.2703e-08
383.31,-6.2576e-08
383.37,-6.2538e-08
383.43,-6.2588e-08
383.5,-6.2582e-08
383.56,-6.2634e-08
383.62,-6.2501e-08
383.67,-6.2563e-08
383.74,-6.2549e-08
383.8,-6.2534e-08
383.86,-6.2617e-08
383.92,-6.2662e-08
383.98,-6.2609e-08
384.03,-6.2565e-08
384.1,-6.2577e-08
384.17,-6.2485e-08
384.24,-6.2508e-08
384.3,-6.253e-08
384.36,-6.2416e-08
384.42,-6.2704e-08
384.48,-6.265e-08
384.55,-6.2451e-08
384.6,-6.2547e-08
384.67,-6.2533e-08
384.72,-6.253e-08
384.79,-6.269e-08
384.86,-6.2631e-08
384.92,-6.2514e-08
384.99,-6.2481e-08
385.05,-6.2545e-08
385.12,-6.2528e-08
385.17,-6.2527e-08
385.24,-6.2471e-08
385.3,-6.251e-08
385.36,-6.2417e-08
385.42,-6.2501e-08
385.48,-6.2511e-08
385.55,-6.246e-08
385.61,-6.2269e-08
385.68,-6.2365e-08
385.74,-6.2468e-08
385.81,-6.252e-08
385.86,-6.2556e-08
385.93,-6.2515e-08
385.98,-6.2485e-08
386.04,-6.2455e-08
386.1,-6.2541e-08
386.15,-6.2535e-08
386.23,-6.2389e-08
386.29,-6.2421e-08
386.36,-6.2454e-08
386.41,-6.2384e-08
386.47,-6.246e-08
386.53,-6.2285e-08
386.59,-6.2371e-08
386.65,-6.2376e-08
386.72,-6.245e-08
386.78,-6.2626e-08
386.84,-6.2517e-08
386.9,-6.2454e-08
386.97,-6.2439e-08
387.02,-6.2431e-08
387.08,-6.2462e-08
387.14,-6.246e-08
387.21,-6.2475e-08
387.27,-6.2525e-08
387.33,-6.2528e-08
387.4,-6.253e-08
387.46,-6.2453e-08
387.52,-6.2486e-08
387.59,-6.2329e-08
387.66,-6.2298e-08
387.71,-6.2371e-08
387.78,-6.2301e-08
387.83,-6.2515e-08
387.89,-6.2393e-08
387.96,-6.2404e-08
388.02,-6.2483e-08
388.08,-6.242e-08
388.14,-6.2521e-08
388.2,-6.2568e-08
388.27,-6.2684e-08
388.33,-6.2602e-08
388.4,-6.2505e-08
388.46,-6.2523e-08
388.52,-6.2519e-08
388.58,-6.2421e-08
388.64,-6.2593e-08
388.71,-6.26e-08
388.77,-6.2468e-08
388.83,-6.2583e-08
388.89,-6.2497e-08
388.97,-6.2629e-08
389.03,-6.2575e-08
389.09,-6.2556e-08
389.15,-6.2514e-08
389.21,-6.2354e-08
389.28,-6.2489e-08
389.34,-6.2333e-08
389.4,-6.2469e-08
389.46,-6.2426e-08
389.52,-6.252e-08
389.58,-6.2432e-08
389.65,-6.2481e-08
389.71,-6.2509e-08
389.77,-6.2403e-08
389.83,-6.2477e-08
389.9,-6.2502e-08
389.96,-6.2368e-08
390.03,-6.2339e-08
390.09,-6.2316e-08
390.15,-6.231e-08
390.21,-6.2501e-08
390.27,-6.2601e-08
390.35,-6.2481e-08
390.41,-6.2486e-08
390.47,-6.2584e-08
390.54,-6.2603e-08
390.6,-6.2503e-08
390.66,-6.2461e-08
390.72,-6.2511e-08
390.78,-6.2489e-08
390.85,-6.2466e-08
390.9,-6.2299e-08
390.96,-6.2207e-08
391.04,-6.2331e-08
391.1,-6.2271e-08
391.16,-6.2415e-08
391.23,-6.2456e-08
391.29,-6.2397e-08
391.35,-6.2414e-08
391.42,-6.2533e-08
391.47,-6.2346e-08
391.54,-6.2336e-08
391.6,-6.2431e-08
391.67,-6.2421e-08
391.73,-6.2454e-08
391.8,-6.2377e-08
391.86,-6.2478e-08
391.92,-6.2362e-08
391.99,-6.2435e-08
392.05,-6.2466e-08
392.11,-6.239e-08
392.16,-6.2497e-08
392.23,-6.2489e-08
392.29,-6.2381e-08
392.35,-6.2445e-08
392.42,-6.2567e-08
392.49,-6.2484e-08
392.55,-6.2385e-08
392.61,-6.2309e-08
392.67,-6.2471e-08
392.73,-6.2486e-08
392.79,-6.2388e-08
392.85,-6.2305e-08
392.91,-6.2411e-08
392.98,-6.2455e-08
393.03,-6.236e-08
393.1,-6.2428e-08
393.16,-6.2335e-08
393.22,-6.2444e-08
393.28,-6.2278e-08
393.34,-6.2282e-08
393.41,-6.237e-08
393.46,-6.2273e-08
393.52,-6.2306e-08
393.58,-6.2294e-08
393.64,-6.2208e-08
393.7,-6.2304e-08
393.78,-6.2357e-08
393.84,-6.221e-08
393.9,-6.2305e-08
393.97,-6.2337e-08
394.03,-6.2232e-08
394.09,-6.2156e-08
394.15,-6.2104e-08
394.21,-6.238e-08
394.27,-6.222e-08
394.34,-6.2343e-08
394.4,-6.238e-08
394.48,-6.2274e-08
394.54,-6.2188e-08
394.6,-6.2168e-08
394.66,-6.2216e-08
394.72,-6.2222e-08
394.78,-6.2208e-08
394.84,-6.23e-08
394.91,-6.2321e-08
394.97,-6.2321e-08
395.02,-6.2405e-08
395.09,-6.2315e-08
395.16,-6.2116e-08
395.22,-6.2123e-08
395.28,-6.2161e-08
395.35,-6.2195e-08
395.41,-6.2165e-08
395.47,-6.2313e-08
395.53,-6.2122e-08
395.59,-6.2263e-08
395.65,-6.2178e-08
395.71,-6.2158e-08
395.77,-6.212e-08
395.85,-6.2229e-08
395.91,-6.2187e-08
395.97,-6.2153e-08
396.03,-6.2189e-08
396.09,-6.2271e-08
396.16,-6.2247e-08
396.22,-6.2241e-08
396.28,-6.2258e-08
396.34,-6.2216e-08
396.4,-6.2264e-08
396.47,-6.2299e-08
396.54,-6.2282e-08
396.61,-6.2193e-08
396.67,-6.2179e-08
396.73,-6.2152e-08
396.8,-6.2276e-08
396.85,-6.2165e-08
396.92,-6.2221e-08
396.98,-6.2067e-08
397.04,-6.2164e-08
397.1,-6.2159e-08
397.16,-6.2078e-08
397.23,-6.2167e-08
397.29,-6.2179e-08
397.36,-6.2082e-08
397.42,-6.211e-08
397.48,-6.2122e-08
397.54,-6.2032e-08
397.61,-6.2064e-08
397.66,-6.2258e-08
397.72,-6.2119e-08
397.78,-6.2148e-08
397.84,-6.2276e-08
397.91,-6.2061e-08
397.98,-6.2254e-08
398.04,-6.2162e-08
398.11,-6.2228e-08
398.16,-6.2239e-08
398.22,-6.2191e-08
398.29,-6.2109e-08
398.34,-6.2195e-08
398.4,-6.2051e-08
398.47,-6.2165e-08
398.53,-6.2132e-08
398.6,-6.2192e-08
398.67,-6.2103e-08
398.73,-6.2077e-08
398.79,-6.2102e-08
398.86,-6.2149e-08
398.92,-6.2164e-08
398.98,-6.2044e-08
399.04,-6.2007e-08
399.11,-6.1947e-08
399.16,-6.2081e-08
399.23,-6.1962e-08
399.3,-6.2006e-08
399.37,-6.197e-08
399.42,-6.1963e-08
399.49,-6.2021e-08
399.55,-6.2135e-08
399.61,-6.2127e-08
399.67,-6.2084e-08
399.73,-6.209e-08
399.78,-6.2008e-08
399.85,-6.2006e-08
399.9,-6.2021e-08
399.98,-6.2094e-08
400.04,-6.2085e-08
400.11,-6.2025e-08
400.17,-6.2086e-08
400.23,-6.1969e-08
400.29,-6.1942e-08
400.36,-6.1954e-08
400.41,-6.2051e-08
400.48,-6.2123e-08
400.54,-6.1998e-08
400.6,-6.1878e-08
