path,asset_id,blob_id,size_bytes,sha256,dandi_etag,content_url,created,modified
sub-DB-longITI-C1-F1/sub-DB-longITI-C1-F1_ses-Day1-30.nwb,fd0b942a-1b77-485b-9443-dbe29eb33730,3d770639-6791-4db6-87c2-2950a9b30bd8,289920,ae8dcecf9c0f4878a764689a360143bf926e7144fe36f35c83576e371adce1eb,c39fdf1a373097d5d600e26800a77491-1,https://dandiarchive.s3.amazonaws.com/blobs/3d7/706/3d770639-6791-4db6-87c2-2950a9b30bd8,2022-11-06T22:08:34.414439Z,2022-11-08T17:49:01.231264Z
sub-DB-longITI-C1-F1/sub-DB-longITI-C1-F1_ses-Day2-30.nwb,dab8b4f8-a54f-4eb3-98ec-fe143788e6b2,7cdb26e6-4f3b-46e7-b4d1-9e28fe88d0b3,266240,fcd1af9babfbe71df7fa16b8f0cc251cfa2f02192a25a8c64d7bf912deac50ed,7508e6d1292065523270c1598cf31248-1,https://dandiarchive.s3.amazonaws.com/blobs/7cd/b26/7cdb26e6-4f3b-46e7-b4d1-9e28fe88d0b3,2022-11-06T22:08:34.368055Z,2022-11-08T17:49:01.173009Z
sub-DB-longITI-C1-F1/sub-DB-longITI-C1-F1_ses-Day3-12.nwb,a6c244c8-8fa3-4280-b5df-d0e23d13c1c6,01fd37f4-6af9-46cd-9457-1eeaa3addd6e,227328,26a62734c3c4ef317059f88e73ce7d4737d8eb4f70ed5923a91a8e47d681602e,31742aeb9237df2f07bec8bc4c84b9a7-1,https://dandiarchive.s3.amazonaws.com/blobs/01f/d37/01fd37f4-6af9-46cd-9457-1eeaa3addd6e,2022-11-06T22:08:34.541391Z,2022-11-08T17:49:01.433847Z
sub-DB-longITI-C1-F1/sub-DB-longITI-C1-F1_ses-Day4-12.nwb,2403a6e3-42e7-469f-aa6f-8795c0fe829b,b9316f72-801d-4c5c-b3b0-98b31bab1f29,261440,f835e2577fb76fbf2432d56e3144edabc0d6eb7aedac302dfbc30b68d4dea42b,2f7f5659ef2cb12ee011f68cd2de52e8-1,https://dandiarchive.s3.amazonaws.com/blobs/b93/16f/b9316f72-801d-4c5c-b3b0-98b31bab1f29,2022-11-06T22:08:34.658901Z,2022-11-08T17:49:01.498606Z
sub-DB-longITI-C1-F1/sub-DB-longITI-C1-F1_ses-Day5-6.nwb,6d75cf60-a2b2-445e-932c-eab0e669c0ea,b92aa562-5fe9-480d-a83e-e2723555be65,253600,0c6f1073b73763fd9c7d305e769a5d9996813ef915b4acd28730303689214c88,fc4c02f6f6db5b74776b459bb8b0ab7b-1,https://dandiarchive.s3.amazonaws.com/blobs/b92/aa5/b92aa562-5fe9-480d-a83e-e2723555be65,2022-11-06T22:08:34.762556Z,2022-11-08T17:49:01.420643Z
sub-DB-longITI-C1-F1/sub-DB-longITI-C1-F1_ses-Day6-6.nwb,48f2147a-90dc-41dd-97e4-63e22a18b98c,b61308eb-601e-4182-aef8-d17a1c374baf,240320,738f9bb502fada1f1447c19d1c24353e917de9ee0a510982ecbc238fd3391e29,eff62f8c005e5f97c2cd118ac62b4f58-1,https://dandiarchive.s3.amazonaws.com/blobs/b61/308/b61308eb-601e-4182-aef8-d17a1c374baf,2022-11-06T22:09:22.721002Z,2022-11-08T17:49:01.416039Z
sub-DB-longITI-C1-F2/sub-DB-longITI-C1-F2_ses-Day1-6.nwb,40d41d9b-814d-4809-84a8-bda0eb3e998c,1d53a1d9-cc90-46a7-bfd7-0c92362ffe2c,256320,1ad9f384c004e81234d86f897a27378c3234b704d62a18a22e0322910d5541cc,6a48713212760c4e78ebb7a4a54c470a-1,https://dandiarchive.s3.amazonaws.com/blobs/1d5/3a1/1d53a1d9-cc90-46a7-bfd7-0c92362ffe2c,2022-11-06T22:09:45.677502Z,2022-11-08T17:49:01.742677Z
sub-DB-longITI-C1-F2/sub-DB-longITI-C1-F2_ses-Day2-6.nwb,b9849e0f-7d3e-4b75-8658-21419a4894bd,7f8363bc-6915-414d-ab7f-d2217991d851,239328,5ff6d190ab1e3099e989640023db15c45ac9a545a4d764b278b276f89ec8af45,0a7c9192b8cfa775e67257feaf3e4726-1,https://dandiarchive.s3.amazonaws.com/blobs/7f8/363/7f8363bc-6915-414d-ab7f-d2217991d851,2022-11-06T22:09:42.941625Z,2022-11-08T17:49:01.592208Z
sub-DB-longITI-C1-F2/sub-DB-longITI-C1-F2_ses-Day3-12.nwb,f4bb24a7-55c2-4d71-95b6-f3e0af34e4c2,f6298abf-1fca-461a-b38d-c7dfee0ac7ea,250176,1db7cabc853ff6ab1d35e24bc28b0cec4671d3ca65a37a2ae1f8888acedede82,410a085b85b23415c128205e78bfda6f-1,https://dandiarchive.s3.amazonaws.com/blobs/f62/98a/f6298abf-1fca-461a-b38d-c7dfee0ac7ea,2022-11-06T22:09:47.079836Z,2022-11-08T17:49:02.436174Z
sub-DB-longITI-C1-F2/sub-DB-longITI-C1-F2_ses-Day4-12.nwb,20d446f0-f5d8-428a-9774-40535d41e95e,5cf093d8-42ad-42d4-a918-7c27e2b2e109,280288,7aefa65e1b852a411e9fe904f0cf72e08b680789e3712960e2bcfa80f0f22f13,0baa6dc770e0321d937340cf2dbbbbf8-1,https://dandiarchive.s3.amazonaws.com/blobs/5cf/093/5cf093d8-42ad-42d4-a918-7c27e2b2e109,2022-11-06T22:09:43.004988Z,2022-11-08T17:49:01.604520Z
sub-DB-longITI-C1-F2/sub-DB-longITI-C1-F2_ses-Day5-30.nwb,3018da75-6742-46b0-8465-6d76e52cddef,9e90424e-9aca-4f25-b829-250e236b27b4,308128,047cda830de5efacb8ea21ec87984083f0ee7e612ec79edee91b4eeba490bc4d,9e7eb92810eb61338be45552c07775a2-1,https://dandiarchive.s3.amazonaws.com/blobs/9e9/042/9e90424e-9aca-4f25-b829-250e236b27b4,2022-11-06T22:10:01.441475Z,2022-11-08T17:49:02.423844Z
sub-DB-longITI-C1-F2/sub-DB-longITI-C1-F2_ses-Day6-30.nwb,1d7a820b-fbaf-4c6a-8650-d80c16124375,53351ce9-7ae9-4aaf-8c89-6068470243a6,334432,f1846a7ebe7d8b12b2a96c90890e7bffffab9060d8b4dbe9c4834b430aa6de37,52b8d6e96ffc836cb4fce0a7d16df7f8-1,https://dandiarchive.s3.amazonaws.com/blobs/533/51c/53351ce9-7ae9-4aaf-8c89-6068470243a6,2022-11-06T22:10:46.952168Z,2022-11-08T17:49:02.397236Z
sub-DB-longITI-C1-M1/sub-DB-longITI-C1-M1_ses-Day1-12.nwb,f33b07f7-bd5f-46ad-b1ba-60d3ab4acfc9,8ae16d3b-5039-410d-b52c-d36b4e795dcd,275072,58d0ceb4ec848824166700752323bacc089dd2d29ca787f6519ad34271e35180,196c35be63b2727229e0c2455c0b6c96-1,https://dandiarchive.s3.amazonaws.com/blobs/8ae/16d/8ae16d3b-5039-410d-b52c-d36b4e795dcd,2022-11-06T22:11:08.375703Z,2022-11-08T17:49:02.486281Z
sub-DB-longITI-C1-M1/sub-DB-longITI-C1-M1_ses-Day2-12.nwb,acb98159-b536-4526-9d95-9559e3be5cbc,6eed695f-3227-45af-a285-31466d831140,226272,de1c0526f944d8df9229f2a2387e98d0e0ec19e035347857ce87520977402189,4a529d6d5a3892c73c8a0cf48aa71518-1,https://dandiarchive.s3.amazonaws.com/blobs/6ee/d69/6eed695f-3227-45af-a285-31466d831140,2022-11-06T22:10:47.356968Z,2022-11-08T17:49:02.597361Z
sub-DB-longITI-C1-M1/sub-DB-longITI-C1-M1_ses-Day3-6.nwb,0c1f5a34-3d4b-4db1-9092-33008fcd3501,21ca1aaa-f08b-4c4b-9619-ca5d5f9a8e81,221056,b0ebbb01f99c3b90a0eaae19787408e8a9710d542f99530cc830713f2ad1da82,0d34ca859c0299d1ceb7d146b3fd5970-1,https://dandiarchive.s3.amazonaws.com/blobs/21c/a1a/21ca1aaa-f08b-4c4b-9619-ca5d5f9a8e81,2022-11-06T22:10:51.651654Z,2022-11-08T17:49:02.602814Z
sub-DB-longITI-C1-M1/sub-DB-longITI-C1-M1_ses-Day4-6.nwb,1cbaaedf-d013-4366-b099-878566b003c9,3af9c91f-b978-470b-8df4-5bf662bd2621,217472,10864c248b6a1439905128b5a85958d935679492877963a0b68a2bed2fdf29bc,3b5839c2a2cb094c2d77b82a082ace43-1,https://dandiarchive.s3.amazonaws.com/blobs/3af/9c9/3af9c91f-b978-470b-8df4-5bf662bd2621,2022-11-06T22:10:56.977901Z,2022-11-08T17:49:02.705316Z
sub-DB-longITI-C1-M1/sub-DB-longITI-C1-M1_ses-Day5-30.nwb,44997f69-6fba-4cf1-ab76-b4d5c06de36e,8429ba91-d641-410e-9c54-d22ded7503b5,255488,d26d6c841e1956f4f1c3b410664ff634bbb398249b48c7aeeaa060949462c297,c8637a75a499d384e42800178a5bdfd4-1,https://dandiarchive.s3.amazonaws.com/blobs/842/9ba/8429ba91-d641-410e-9c54-d22ded7503b5,2022-11-06T22:11:43.860344Z,2022-11-08T17:49:02.746378Z
sub-DB-longITI-C1-M1/sub-DB-longITI-C1-M1_ses-Day6-30.nwb,63f1fba9-776e-489f-8ffa-b5ac3dcc8425,b4763c58-caee-46f6-acc3-58ebae7bc8a7,310768,e9aa01f702b81a8f79d13ee17873e2fff81f4148df357b8a9af52815a1f0b1d4,9f4ce675e9c5608dc1cfd22f5721077c-1,https://dandiarchive.s3.amazonaws.com/blobs/b47/63c/b4763c58-caee-46f6-acc3-58ebae7bc8a7,2022-11-06T22:11:43.901956Z,2022-11-08T17:49:02.843959Z
sub-DB-longITI-C1-M2/sub-DB-longITI-C1-M2_ses-Day1-30.nwb,a8cb0b1d-8104-4ebf-b017-8f7b29f25801,2f776771-36bb-4934-a5f8-0a48c62599c1,313088,bd5746442dc6edcee61f6bdb4ca6e79314c29691d7e39d6635dd011d5268aef0,b4ae187aa402ba11abc16b93cfd4156a-1,https://dandiarchive.s3.amazonaws.com/blobs/2f7/767/2f776771-36bb-4934-a5f8-0a48c62599c1,2022-11-06T22:11:54.276268Z,2022-11-08T17:49:02.860893Z
sub-DB-longITI-C1-M2/sub-DB-longITI-C1-M2_ses-Day2-30.nwb,f85ecc55-155d-42cd-a465-7f65f92742d3,719770fd-1ca8-4eff-84db-4ce2e10ec5db,270720,12a835bdc542750cc8171af2fceb1b5e8cd38c053c4644af4a179cb525e07ed4,c89eadf569432794e529dffb1a3e5a63-1,https://dandiarchive.s3.amazonaws.com/blobs/719/770/719770fd-1ca8-4eff-84db-4ce2e10ec5db,2022-11-06T22:11:58.026624Z,2022-11-08T17:49:02.974869Z
sub-DB-longITI-C1-M2/sub-DB-longITI-C1-M2_ses-Day3-6.nwb,08d39b51-fef8-4b6a-b921-1a1c46ce5346,41a4f7f9-3deb-4c52-a436-8ad0be49d311,253440,416a34136590de838e8fdabbc8665a46ad8b77ad87afc58372caddbf3a82ce1e,6dca9c59f88c9083312053997b7b1277-1,https://dandiarchive.s3.amazonaws.com/blobs/41a/4f7/41a4f7f9-3deb-4c52-a436-8ad0be49d311,2022-11-06T22:12:12.054002Z,2022-11-08T17:49:03.020210Z
sub-DB-longITI-C1-M2/sub-DB-longITI-C1-M2_ses-Day4-6.nwb,fbd6d414-ece1-4f50-b653-a55ec99f24b8,dff8a482-b33d-4b06-8037-f440d5a1bca1,224608,e9de7b6d3a54c1849214548ecfb2e198de99d5a6821cc8504dc1a229c9be3520,d57b1d5d04e5afbfd1df9b4ecce505dc-1,https://dandiarchive.s3.amazonaws.com/blobs/dff/8a4/dff8a482-b33d-4b06-8037-f440d5a1bca1,2022-11-06T22:12:31.751964Z,2022-11-08T17:49:03.106008Z
sub-DB-longITI-C1-M2/sub-DB-longITI-C1-M2_ses-Day5-12.nwb,c1ef16e9-db5c-4f89-b2d8-a8b3eee643f4,022d6610-a1e9-4816-9fb1-85eb6a0534d5,287648,a2f23fcd313491c1c24f219cf4873d99a2efd4af9321f56b1afa9052f28c5da8,3bb484fe1c8db0b38d6b0359a53eb995-1,https://dandiarchive.s3.amazonaws.com/blobs/022/d66/022d6610-a1e9-4816-9fb1-85eb6a0534d5,2022-11-06T22:12:46.428986Z,2022-11-08T17:49:03.187114Z
sub-DB-longITI-C1-M2/sub-DB-longITI-C1-M2_ses-Day6-12.nwb,0f2a3df9-be9b-45f5-8ace-1836ea89cedc,31d0036d-cb94-405a-afb6-fee6d338b786,263072,e4792acc269a732a637a55a418c7784942689ab3f9514af8fff6fd2d35f8c4fe,f6a3c485f463e96dca25e88c9762693b-1,https://dandiarchive.s3.amazonaws.com/blobs/31d/003/31d0036d-cb94-405a-afb6-fee6d338b786,2022-11-06T22:13:09.342265Z,2022-11-08T17:49:03.319433Z
sub-DB-longITI-C1-M3/sub-DB-longITI-C1-M3_ses-Day1-12.nwb,9428281d-ea44-40da-abff-09049511ff03,0a56cee9-3567-40e0-89db-3c21841a27a9,255584,bd7474fa2fa72da1ccc9e23f1fe9ccc7ae853b411cc6576ec5ce6843c26e1259,2d2ec63cd266974725b136cce84fb59c-1,https://dandiarchive.s3.amazonaws.com/blobs/0a5/6ce/0a56cee9-3567-40e0-89db-3c21841a27a9,2022-11-06T22:13:09.228411Z,2022-11-08T17:49:03.226396Z
sub-DB-longITI-C1-M3/sub-DB-longITI-C1-M3_ses-Day2-12.nwb,7a818089-9800-426d-ac53-cd34bf22806b,5a8d9ed8-52ce-4a50-af75-4f156c31dde5,233632,e1a7576cf26d18d83f7079e0099fe5802072628ab68ca536c22947cc13159f9b,77d15b1a99caf92c3cbf4f500f5b0138-1,https://dandiarchive.s3.amazonaws.com/blobs/5a8/d9e/5a8d9ed8-52ce-4a50-af75-4f156c31dde5,2022-11-06T22:13:09.735185Z,2022-11-08T17:49:03.362697Z
sub-DB-longITI-C1-M3/sub-DB-longITI-C1-M3_ses-Day3-30.nwb,be48ddb6-22bd-4497-acf4-9641c4790b48,cfc04130-dec5-4b80-ae84-f7cd716216e3,247808,3a52b089cf0f50a2dc493169ee7ddca337b8667871ceec1a7fcefe477f918b37,aef03b2a5414c3d5d75200998d9d9e24-1,https://dandiarchive.s3.amazonaws.com/blobs/cfc/041/cfc04130-dec5-4b80-ae84-f7cd716216e3,2022-11-06T22:13:21.915493Z,2022-11-08T17:49:03.424067Z
sub-DB-longITI-C1-M3/sub-DB-longITI-C1-M3_ses-Day4-30.nwb,8c2eb701-ad94-4553-86c9-ccd06aa706bb,2768c2b5-7307-42d4-a140-a4a456e63133,234624,6f052f8358c72ee6a9d5a48dbd3fd85ddb777580185a477524d3a9fc9d18aa33,69f03a5ed18e8508c1712c6d6ef85688-1,https://dandiarchive.s3.amazonaws.com/blobs/276/8c2/2768c2b5-7307-42d4-a140-a4a456e63133,2022-11-06T22:13:35.508696Z,2022-11-08T17:49:03.486668Z
sub-DB-longITI-C1-M3/sub-DB-longITI-C1-M3_ses-Day5-6.nwb,f0f6f1cf-87b5-4ec9-85c2-497d52f2167a,66adfb6b-081b-4c2a-aab5-03e5985353da,190744,2e973d0bb2daacc88ee33af56cbf44e57ffa6aa2fd13e382737135654f318e4a,351d6c91385876663e8b834de4943286-1,https://dandiarchive.s3.amazonaws.com/blobs/66a/dfb/66adfb6b-081b-4c2a-aab5-03e5985353da,2022-11-06T22:14:10.137528Z,2022-11-08T17:49:03.620685Z
sub-DB-longITI-C1-M3/sub-DB-longITI-C1-M3_ses-Day6-6.nwb,c3a849b0-b3c9-48af-a5ba-2c6557ef9c78,dafe0ae2-365e-4223-860c-9aa27763f21e,252928,8f6ea27c5e9e1986e07362a41e063d16f2769d6b2721ec72e1effd28892d77ec,e586f8d5d45669839d89ef0f668ad403-1,https://dandiarchive.s3.amazonaws.com/blobs/daf/e0a/dafe0ae2-365e-4223-860c-9aa27763f21e,2022-11-06T22:14:09.669358Z,2022-11-08T17:49:03.557166Z
sub-DB-longITI-C1-M4/sub-DB-longITI-C1-M4_ses-Day1-6.nwb,5a4f4cfc-ed3c-42f3-b2f4-a895db1fd381,e1c0a311-8abb-471e-ba1a-2b565a09c11e,243664,0e9eccf2bc05e1782ca857f11a298e865da81fd630e91d70356ec388cbd63854,d14aba88c946b28dd48db916445b934d-1,https://dandiarchive.s3.amazonaws.com/blobs/e1c/0a3/e1c0a311-8abb-471e-ba1a-2b565a09c11e,2022-11-06T22:14:25.052039Z,2022-11-08T17:49:03.694660Z
sub-DB-longITI-C1-M4/sub-DB-longITI-C1-M4_ses-Day2-6.nwb,de533520-1e1a-456c-9ef5-d8172f4d9958,9a14a839-4af3-448e-ba22-718c2bb37cf7,231104,c0953b4bcdf7fd6705535be294872a440626f99884295a3980b8df9f9994edfd,00799271b9800ff3c1b21156ecd3960b-1,https://dandiarchive.s3.amazonaws.com/blobs/9a1/4a8/9a14a839-4af3-448e-ba22-718c2bb37cf7,2022-11-06T22:14:29.496346Z,2022-11-08T17:49:03.743818Z
sub-DB-longITI-C1-M4/sub-DB-longITI-C1-M4_ses-Day3-30.nwb,4ce1cb18-6bec-41aa-a54b-851666f26cb9,70135a14-ae46-4dea-91b7-2a0aec699ba0,250304,3c0ed5bcff6db866258fd37485ea626842dd6fb1e35b53251e0ace4b5e55907a,28800fdc7c667d75e1af3a4d6c50ab0c-1,https://dandiarchive.s3.amazonaws.com/blobs/701/35a/70135a14-ae46-4dea-91b7-2a0aec699ba0,2022-11-06T22:14:30.316481Z,2022-11-08T17:49:03.789678Z
sub-DB-longITI-C1-M4/sub-DB-longITI-C1-M4_ses-Day4-30.nwb,e1dc2ed3-fc93-4351-bc0c-dfddc3f43eb9,eae8993d-fb37-436a-8672-349f3679a97d,260384,3e8218ed9f2fe0a3e3910865ca1b8853a289da3c193d0d2159584118e54ff0ed,7c84fd256a602a7502fb8df5f359c540-1,https://dandiarchive.s3.amazonaws.com/blobs/eae/899/eae8993d-fb37-436a-8672-349f3679a97d,2022-11-06T22:14:57.007533Z,2022-11-08T17:49:03.894854Z
sub-DB-longITI-C1-M4/sub-DB-longITI-C1-M4_ses-Day5-12.nwb,e8598ae5-c02c-4068-9be5-edd2abcb282a,a34b4560-3d6d-4412-9490-13ed8e2ec84c,241088,73dcd88c998366b1a7fc964e069a2b5107c53664d2f6d1f5825fdbe06d32b5da,94af0964439a056a5d3f71a4690f7a8a-1,https://dandiarchive.s3.amazonaws.com/blobs/a34/b45/a34b4560-3d6d-4412-9490-13ed8e2ec84c,2022-11-06T22:14:57.702959Z,2022-11-08T17:49:03.887541Z
sub-DB-longITI-C1-M4/sub-DB-longITI-C1-M4_ses-Day6-12.nwb,83b75bfe-6891-491e-8914-6ad524e17865,59c5d747-0070-4998-ad91-b2712a7d699b,284992,ea7dca3add1e1c120549eb1a360bf997b920a3b2bd4f30dd13b5c50ebed85dbe,637d2aa763622928d9b419d0c0cc765d-1,https://dandiarchive.s3.amazonaws.com/blobs/59c/5d7/59c5d747-0070-4998-ad91-b2712a7d699b,2022-11-06T22:15:24.598455Z,2022-11-08T17:49:04.039366Z
sub-HJ-FP-F1/sub-HJ-FP-F1_ses-Day1.nwb,d3bb1867-0747-4493-8205-43c8a53397a6,1d72dc19-28ae-4cf8-9589-35b5898707d2,3443432,f43ecb49e6b3976c4fa2bb5606f26f81187e54edc3c15a0a11cd9b1d9114a7bb,f911bdfde8812650aed8933c5a6e3c8e-1,https://dandiarchive.s3.amazonaws.com/blobs/1d7/2dc/1d72dc19-28ae-4cf8-9589-35b5898707d2,2022-11-06T22:30:15.272077Z,2022-11-08T17:55:31.950237Z
sub-HJ-FP-F1/sub-HJ-FP-F1_ses-Day10.nwb,3e382499-9c48-423f-bc82-c1d7bb0802a7,585ce82b-98ad-4b11-932d-fa562e1651d9,18817960,53499d0fe03f557b20948a1ae12fb235777455c65f40dca4ddade416a6538345,2f0b904e7fd1c9fbf6a67b5833cfb202-1,https://dandiarchive.s3.amazonaws.com/blobs/585/ce8/585ce82b-98ad-4b11-932d-fa562e1651d9,2022-11-06T22:30:18.426770Z,2022-11-08T17:55:35.434929Z
sub-HJ-FP-F1/sub-HJ-FP-F1_ses-Day11.nwb,d228b6af-3e2d-465c-89bf-20e3f5724905,ea5c74be-eeeb-437b-bd7f-659c55ed0ad8,19848504,f859c934251fe0fa01bcdc79d29cd6eab5d632c21ef9e54aa31f17f089ae9a5d,98dd2c68afd179b380633f83a23aff00-1,https://dandiarchive.s3.amazonaws.com/blobs/ea5/c74/ea5c74be-eeeb-437b-bd7f-659c55ed0ad8,2022-11-06T22:31:01.818851Z,2022-11-08T17:56:12.349528Z
sub-HJ-FP-F1/sub-HJ-FP-F1_ses-Day12-learned.nwb,e9de28b5-e3a4-4e02-bb2d-7acaa8d7a9f7,a18ca84c-f974-4513-bdcc-432bfe0b63f6,20494696,5b751cf5f441e714b94a239cca1f7f94b4b1c2236bfd17f4941859547d69c2ca,a93db22702b742d4e9d46f0cd7be0ea9-1,https://dandiarchive.s3.amazonaws.com/blobs/a18/ca8/a18ca84c-f974-4513-bdcc-432bfe0b63f6,2022-11-06T22:31:24.822727Z,2022-11-08T17:56:14.596979Z
sub-HJ-FP-F1/sub-HJ-FP-F1_ses-Day13.nwb,2d1e8bb3-4cf3-4826-95b9-acf48bebc764,0094914e-97b7-450f-b15b-2266b081255e,19317240,537a07f98197acacf432d88e69bcc5e9eda98c4e3bad0c5efc27d4f8a1226c64,9ab77b2e5968d36f8d6d7cf54476400c-1,https://dandiarchive.s3.amazonaws.com/blobs/009/491/0094914e-97b7-450f-b15b-2266b081255e,2022-11-06T22:31:27.955635Z,2022-11-08T17:56:17.243787Z
sub-HJ-FP-F1/sub-HJ-FP-F1_ses-Day14.nwb,2b0a29f4-c9b2-4d15-b626-1c97f65238d2,cdfb78a7-970f-4e54-b4cc-312c9ef0481a,18677112,385d69f7c3e4ca769b6b1c1b7fc4959efd54a03537e4da65161298b7ac0189c4,2a2ddb2cfc84755e83333dc569140774-1,https://dandiarchive.s3.amazonaws.com/blobs/cdf/b78/cdfb78a7-970f-4e54-b4cc-312c9ef0481a,2022-11-06T22:31:28.692280Z,2022-11-08T17:56:16.873730Z
sub-HJ-FP-F1/sub-HJ-FP-F1_ses-Day15.nwb,50e135c1-afa4-42b9-8f57-251ffdb83c56,ab7484f9-f513-45d3-9453-f48452802437,21473656,a3f6fb7724ec31a319e86eb08ec45369f12937446045f0c7f231458bab58a362,cc2319b5c56332eb4a7bbc5fdb842365-1,https://dandiarchive.s3.amazonaws.com/blobs/ab7/484/ab7484f9-f513-45d3-9453-f48452802437,2022-11-06T22:31:30.017724Z,2022-11-08T17:56:17.725131Z
sub-HJ-FP-F1/sub-HJ-FP-F1_ses-Day16.nwb,729db14a-ffb0-4127-ba81-0cdc21edb566,441ff9e8-858f-4a24-95cb-ca37614434ad,21109304,b9464dfa440a93643602f99f807ab1a168b7bb0ccfcc9123ba51c79af2498f0e,83af2d1850aba379c87a683bb19b09d6-1,https://dandiarchive.s3.amazonaws.com/blobs/441/ff9/441ff9e8-858f-4a24-95cb-ca37614434ad,2022-11-06T22:31:36.172273Z,2022-11-08T17:56:18.811187Z
sub-HJ-FP-F1/sub-HJ-FP-F1_ses-Day17.nwb,2749e096-1a9c-4aeb-87d1-60ae5dfed64c,4d6b1755-bcec-4b2a-ba48-55c250cb4c3e,19336984,088698053b8d700ff5c3ec37c8813aa64ea6112bbcc15a6a5e998d3c123576da,ec5b1cef0405fd12b87871a3b5404348-1,https://dandiarchive.s3.amazonaws.com/blobs/4d6/b17/4d6b1755-bcec-4b2a-ba48-55c250cb4c3e,2022-11-06T22:32:22.973019Z,2022-11-08T17:56:19.164623Z
sub-HJ-FP-F1/sub-HJ-FP-F1_ses-Day18.nwb,cff59d09-b3fc-4c21-b346-08e3c1ccd64c,988c1676-c49f-45a7-b348-921d81d0e38b,18943816,a735dca4bb59fc6af3627fbf356ac5f65a1a25afc4eb9485b0e408eaee045c36,8d5c74dc843f27e74dc013741dff2378-1,https://dandiarchive.s3.amazonaws.com/blobs/988/c16/988c1676-c49f-45a7-b348-921d81d0e38b,2022-11-06T22:32:27.813543Z,2022-11-08T17:56:20.166416Z
sub-HJ-FP-F1/sub-HJ-FP-F1_ses-Day19-8s.nwb,8b5bd1b5-59e7-4877-993a-50d3a463b82c,6e9874a0-7d87-410a-9a8f-bfecfee4cf08,22082968,5a18c910456ad389a05d7ea812877def0174ad71da4ec6e00506dc65672b0e12,b49140e9eb41db8869fe55c520d090ca-1,https://dandiarchive.s3.amazonaws.com/blobs/6e9/874/6e9874a0-7d87-410a-9a8f-bfecfee4cf08,2022-11-06T22:32:39.132261Z,2022-11-08T17:56:20.575475Z
sub-HJ-FP-F1/sub-HJ-FP-F1_ses-Day2.nwb,30ac72ac-4ba0-4a8a-a54f-1e52e5cdc137,afd74ad5-9c37-438c-8363-586b67db33b7,8192424,09b428507a4ca66a222ffefb47e89c9def97dd138840d8c92ade8ff3e50fce9e,ddc4549e220a51363e771510fe78c85a-1,https://dandiarchive.s3.amazonaws.com/blobs/afd/74a/afd74ad5-9c37-438c-8363-586b67db33b7,2022-11-06T22:32:44.544803Z,2022-11-08T17:56:21.485243Z
sub-HJ-FP-F1/sub-HJ-FP-F1_ses-Day20.nwb,f0307b89-722e-4381-8f19-8a5c0531af16,ff733113-5969-46d1-80d7-c34735ec671a,24007480,9bdd3ecf96a3a22f75411aebb8309d8ed4360bc1576f43be8292db110b8e86f1,eadf0482133bdc3e0e017f8a58a40a34-1,https://dandiarchive.s3.amazonaws.com/blobs/ff7/331/ff733113-5969-46d1-80d7-c34735ec671a,2022-11-06T22:32:39.820175Z,2022-11-08T17:56:21.557407Z
sub-HJ-FP-F1/sub-HJ-FP-F1_ses-Day21.nwb,5c907d34-ab12-4522-8742-fa14afede9d2,f2e3e36a-4507-40e2-b36e-03fabc152f27,21452392,e45a411d72a3d80598c8b5fd3c373b16342fd98abc5564a4139c55cbc27b4628,6be64ee9ee518be5ee9d9e721738f7b4-1,https://dandiarchive.s3.amazonaws.com/blobs/f2e/3e3/f2e3e36a-4507-40e2-b36e-03fabc152f27,2022-11-06T22:33:08.081738Z,2022-11-08T17:56:21.305148Z
sub-HJ-FP-F1/sub-HJ-FP-F1_ses-Day22.nwb,b55c9dbf-9ffc-4d8f-9564-8595098354e0,202d9041-b74b-46ce-9ec6-6fdbc54f8520,21862248,9bd96f87595273a2eb6c7a80522888504c0e1bd421d039fa1c9866a9d3b5cb52,64e256e5f71912ef17bdee01cec3e96b-1,https://dandiarchive.s3.amazonaws.com/blobs/202/d90/202d9041-b74b-46ce-9ec6-6fdbc54f8520,2022-11-06T22:33:34.150911Z,2022-11-08T17:56:21.875428Z
sub-HJ-FP-F1/sub-HJ-FP-F1_ses-Day23-8s-bgd6s.nwb,18affb2e-d1ff-4ec4-bf28-12bd39046ba6,7b4043ff-58f8-43c4-8f2e-1fa2bbb815b1,11787176,3481a1b05c5fa4a5943b7d69d384b5866ab8e1b6c756c67fef32d91ae103bf01,078899d851a27ff1ce470eb6d8d1457f-1,https://dandiarchive.s3.amazonaws.com/blobs/7b4/043/7b4043ff-58f8-43c4-8f2e-1fa2bbb815b1,2022-11-06T22:33:45.656097Z,2022-11-08T17:56:22.431695Z
sub-HJ-FP-F1/sub-HJ-FP-F1_ses-Day24.nwb,fb368293-0d9d-4d52-9313-0f4b3dee654f,de26533a-5846-4285-9d1c-cf2c8381f600,11452488,8fa8f411962975e51741e02f684a0b743f6902680fc370a97f1cbf967ea63505,ec1af7594b1adb88548a58963b7f593d-1,https://dandiarchive.s3.amazonaws.com/blobs/de2/653/de26533a-5846-4285-9d1c-cf2c8381f600,2022-11-06T22:33:47.891622Z,2022-11-08T17:56:23.834868Z
sub-HJ-FP-F1/sub-HJ-FP-F1_ses-Day25.nwb,8b0685cf-a062-4c0d-9b85-fee041327a4a,04ce85e8-335d-4e23-9e17-7988d05dccac,11327160,6485bd6e367d809fa4dfc70be8892e493696b5e9eefebf93ddf980413ea1c9ef,946b4783a5df002af26eb7fa34d5e3cc-1,https://dandiarchive.s3.amazonaws.com/blobs/04c/e85/04ce85e8-335d-4e23-9e17-7988d05dccac,2022-11-06T22:33:49.078612Z,2022-11-08T17:56:22.558359Z
sub-HJ-FP-F1/sub-HJ-FP-F1_ses-Day26.nwb,e0d1607e-026b-49af-99dd-9249379e5628,f096a0f0-a19f-4ef8-9bf5-15256ce3a76d,8662216,b14985642eaea60a0bc28a26b122560c78a49d14d73bd6b44172f1c3519dcf4a,f64f2f31af598d801c4092e1510b08a6-1,https://dandiarchive.s3.amazonaws.com/blobs/f09/6a0/f096a0f0-a19f-4ef8-9bf5-15256ce3a76d,2022-11-06T22:33:53.888902Z,2022-11-08T17:56:22.307796Z
sub-HJ-FP-F1/sub-HJ-FP-F1_ses-Day27.nwb,5cd3169d-61b7-43eb-a881-532fa42c1b35,add8d965-a58c-48a4-ad5f-665f7b3019a6,10454904,d8515c6669338fdc3e9133f2d395d166512012bd975f3bd3d963f4e0e6b73b47,124dc7c24910839cd42fc5d2d2cd80b8-1,https://dandiarchive.s3.amazonaws.com/blobs/add/8d9/add8d965-a58c-48a4-ad5f-665f7b3019a6,2022-11-06T22:34:24.302673Z,2022-11-08T17:56:22.728143Z
sub-HJ-FP-F1/sub-HJ-FP-F1_ses-Day3.nwb,ad1c24db-216a-40da-b9a1-736a35c8603d,7b1b0119-2afe-471c-b12a-7f0256007398,8015592,6066083194faa41d308751fcb6ddd4c718eebfc1203888432d308400c7d9e50d,5942b9a08130fde647c935ffd6c1a2ec-1,https://dandiarchive.s3.amazonaws.com/blobs/7b1/b01/7b1b0119-2afe-471c-b12a-7f0256007398,2022-11-06T22:34:39.199154Z,2022-11-08T17:56:23.420732Z
sub-HJ-FP-F1/sub-HJ-FP-F1_ses-Day39-8s.nwb,f82300f4-c790-4e25-a1c1-47a88ecc701f,a16a6165-b765-4f4c-9d0e-580001a12fe2,19059272,b4d1206f0524afe5309d94ef25208f64023a2bfb5887e59d48273755f8c5ec63,7ce340d0a098d8622e57fcc986fb491c-1,https://dandiarchive.s3.amazonaws.com/blobs/a16/a61/a16a6165-b765-4f4c-9d0e-580001a12fe2,2022-11-06T22:35:05.595706Z,2022-11-08T17:56:23.404455Z
sub-HJ-FP-F1/sub-HJ-FP-F1_ses-Day4.nwb,a2266dd1-6539-43c3-8afa-1846807366ab,bf8941b4-5873-46c1-8988-96cf699d4009,6751832,7e13ed694be2846be0e1e2a9d2b359430ca29213675f6be53a6722699e25d3a3,9efffe117b3e508e7c22cfc99b3235f2-1,https://dandiarchive.s3.amazonaws.com/blobs/bf8/941/bf8941b4-5873-46c1-8988-96cf699d4009,2022-11-06T22:35:04.250269Z,2022-11-08T17:56:22.865370Z
sub-HJ-FP-F1/sub-HJ-FP-F1_ses-Day40.nwb,9fecac6f-2ee5-438e-ad28-bdddeaf0c4df,13f7062e-bda9-423c-8e9f-032f10cfb8bd,19850152,e370df0093f77458a77a794fa6102c364a544deb5c275ceb1c65874af6f37e2d,7c9bb5474477707d77bf2708b3884cce-1,https://dandiarchive.s3.amazonaws.com/blobs/13f/706/13f7062e-bda9-423c-8e9f-032f10cfb8bd,2022-11-06T22:35:08.502804Z,2022-11-08T17:56:23.504965Z
sub-HJ-FP-F1/sub-HJ-FP-F1_ses-Day41.nwb,8a19edb3-45e2-4516-97d3-bdf74c786ef2,e68d3c6c-14c7-41ec-a3c2-a2700d5137eb,18194088,bd860f05d1f50ad6d75e4cdb6d1989d22f6c1a8a21ba3932ad6d8cf72770d380,fa33095b662b9531367c011275521c5a-1,https://dandiarchive.s3.amazonaws.com/blobs/e68/d3c/e68d3c6c-14c7-41ec-a3c2-a2700d5137eb,2022-11-06T22:35:12.647891Z,2022-11-08T17:56:24.119305Z
sub-HJ-FP-F1/sub-HJ-FP-F1_ses-Day42-extinction.nwb,a5770f08-9d0b-4a42-9557-717fc00567b4,79e68de6-a400-45bf-b741-8432042e26db,17387544,f69675f570bf713b422d844672a15aaecd6bb84742200d33701195d6b2d8d86a,465e928af2037f0b80c5e394270c365a-1,https://dandiarchive.s3.amazonaws.com/blobs/79e/68d/79e68de6-a400-45bf-b741-8432042e26db,2022-11-06T22:35:20.418321Z,2022-11-08T17:56:24.597170Z
sub-HJ-FP-F1/sub-HJ-FP-F1_ses-Day43.nwb,5c232cf0-e89f-4d8e-8b7e-2cf69f0afddf,432fe75d-ceb3-4133-ac29-bc7c15ee2914,17386344,b7041aea0b4016ec033ade949a54c18dddb3a0fc300a7e30eb5973e98e088348,3ca43f83c46e3ca6a940b741da02d1e9-1,https://dandiarchive.s3.amazonaws.com/blobs/432/fe7/432fe75d-ceb3-4133-ac29-bc7c15ee2914,2022-11-06T22:36:03.008026Z,2022-11-08T17:56:24.164968Z
sub-HJ-FP-F1/sub-HJ-FP-F1_ses-Day46-Poisson-cue.nwb,09ed7e0e-6d7b-42d7-b6c9-baf9c0b2dba9,3f209a48-9cd8-4424-baa9-5f37c598f003,13808760,813e262e18adcc12aaa3d2365606a02ec07932c30c1d12520fa38e7f1ee79ae6,9725752b96e0ce3d26749576de5744fa-1,https://dandiarchive.s3.amazonaws.com/blobs/3f2/09a/3f209a48-9cd8-4424-baa9-5f37c598f003,2022-11-06T22:36:04.082406Z,2022-11-08T17:56:25.965825Z
sub-HJ-FP-F1/sub-HJ-FP-F1_ses-Day47.nwb,56ff1ec6-4c4a-4e90-913e-e8e9e9e0c20d,b3aa765a-6e34-462f-ac8d-b99694a66d1d,13626632,cc8ed19a22bd23ef0f94e2ff2cea62dd444318cd27a0a66bb0d258b003b365be,a812c55400ac40151e98facfbb8f9fa0-1,https://dandiarchive.s3.amazonaws.com/blobs/b3a/a76/b3aa765a-6e34-462f-ac8d-b99694a66d1d,2022-11-06T22:36:25.787543Z,2022-11-08T17:56:24.712439Z
sub-HJ-FP-F1/sub-HJ-FP-F1_ses-Day48.nwb,2688d29d-1b12-4d9e-9473-8a61176c88f9,73422c59-2e18-4b34-bcc6-75c9b0ea74ca,14028808,02022109efa43d2330d577c1b592201670308fc6408c0095b6d7da5105d2a957,5b16853d9cd532d8820e351d32eaba72-1,https://dandiarchive.s3.amazonaws.com/blobs/734/22c/73422c59-2e18-4b34-bcc6-75c9b0ea74ca,2022-11-06T22:36:21.892893Z,2022-11-08T17:56:24.690027Z
sub-HJ-FP-F1/sub-HJ-FP-F1_ses-Day49.nwb,4f2a3fa0-c360-46a1-a94e-4279425b8862,930db96c-772e-4609-9599-5271ea373efd,14322376,29c3cbcc9e575aab7c101b66f3073249b0b949f2a5538dc07096829c84cf6f36,8d950fd59fc1ac663d528c0f9c43d988-1,https://dandiarchive.s3.amazonaws.com/blobs/930/db9/930db96c-772e-4609-9599-5271ea373efd,2022-11-06T22:36:27.421084Z,2022-11-08T17:56:25.536400Z
sub-HJ-FP-F1/sub-HJ-FP-F1_ses-Day5.nwb,0a8be628-5395-4d5a-92b2-1cffe0bcdf65,d3459357-f3e9-4689-8f94-94a626815019,6116856,7a281bb41638820a063b7b3f7ff90c8b842fb246ed2f6a6c5b8f0e8d152630e6,10363953be88d9c944a1f12f583d0e81-1,https://dandiarchive.s3.amazonaws.com/blobs/d34/593/d3459357-f3e9-4689-8f94-94a626815019,2022-11-06T22:37:03.151054Z,2022-11-08T17:56:25.153966Z
sub-HJ-FP-F1/sub-HJ-FP-F1_ses-Day7.nwb,f262ac05-819d-4145-94a6-e508d4e0bc10,c512c4d8-6ef9-48a9-a368-8994ea07b0dd,19345624,da54d1f8c82310aa89d15fc8f9b84634812a169613677c7706b294cc9d266142,514b35af215491a1588944eb71dc550e-1,https://dandiarchive.s3.amazonaws.com/blobs/c51/2c4/c512c4d8-6ef9-48a9-a368-8994ea07b0dd,2022-11-06T22:37:02.777102Z,2022-11-08T17:56:25.235159Z
sub-HJ-FP-F1/sub-HJ-FP-F1_ses-Day8.nwb,dbfae317-5811-4862-8367-3b9def3e3c40,40599874-3511-47e9-8a39-b9e97c45db70,20669304,1d9897a5664d4c61642fb028ab8ea44b32e89ef44c00c6a41371e0ddf643e7d7,cb2e6e5a05c5bca3ec384ccc758b35ab-1,https://dandiarchive.s3.amazonaws.com/blobs/405/998/40599874-3511-47e9-8a39-b9e97c45db70,2022-11-06T22:37:15.027575Z,2022-11-08T17:56:25.840326Z
sub-HJ-FP-F1/sub-HJ-FP-F1_ses-Day9.nwb,e25dd992-9712-4bfa-978e-7721cf726b9b,daaec1a1-40d1-4cf0-bf64-ddea9967cf3a,18925384,73bfac0d14b262d107ab3ce8fc2668fb3ac8e3f8777a35c289982c042c76c4a5,713dc76e85e07bf41dbecc3a23cd45dd-1,https://dandiarchive.s3.amazonaws.com/blobs/daa/ec1/daaec1a1-40d1-4cf0-bf64-ddea9967cf3a,2022-11-06T22:37:27.066697Z,2022-11-08T17:56:25.876218Z
sub-HJ-FP-F2/sub-HJ-FP-F2_ses-Day1.nwb,bb682fd8-fc00-4523-bce4-1e76a3f03df5,77e28866-257d-4785-9c52-07d99cc7bde8,3447240,6bbf80b9854dd98b8ad5ec927731cadbc0bf008d44b6de235a29308a9196678e,f87060a6d79588c1e5a29face52a11eb-1,https://dandiarchive.s3.amazonaws.com/blobs/77e/288/77e28866-257d-4785-9c52-07d99cc7bde8,2022-11-06T22:37:27.549534Z,2022-11-08T17:56:25.869890Z
sub-HJ-FP-F2/sub-HJ-FP-F2_ses-Day13.nwb,259006f1-e443-4724-82ea-f4d4f1e088a9,0d51fe43-679f-49f4-916a-983f1f6db714,11547288,8c90a7b75f6f38e5b2d261f5275c42cf6a8f474782b64263bfb15cb07faa6671,90d00d3f02eee9375f475ae4fbe88b94-1,https://dandiarchive.s3.amazonaws.com/blobs/0d5/1fe/0d51fe43-679f-49f4-916a-983f1f6db714,2022-11-06T22:38:12.696420Z,2022-11-08T17:56:26.407728Z
sub-HJ-FP-F2/sub-HJ-FP-F2_ses-Day14.nwb,0fbb1e8c-45a5-4249-bccc-be2a36b14e7e,925d455f-7329-4190-83fb-93d227a7b16f,20610152,f2e9b9d51c51091f270521043ffadd56c0d5f495deb42e249952f9146a000903,e0384e4fdd309777054e63edd6a50fe4-1,https://dandiarchive.s3.amazonaws.com/blobs/925/d45/925d455f-7329-4190-83fb-93d227a7b16f,2022-11-06T22:38:12.953746Z,2022-11-08T17:56:26.394534Z
sub-HJ-FP-F2/sub-HJ-FP-F2_ses-Day15.nwb,3fd6b084-bc6a-4bb7-9116-d84addbcd570,6c342996-a8e3-46f7-8937-aba2705ddec4,18647240,dbc64ea74b306d71fb09b7545e4ca67c45fe37148fdbe3f4cafe811c355391ee,9504378f88e2ea66b2f0f704a62bed2e-1,https://dandiarchive.s3.amazonaws.com/blobs/6c3/429/6c342996-a8e3-46f7-8937-aba2705ddec4,2022-11-06T22:38:12.943604Z,2022-11-08T17:56:26.455318Z
sub-HJ-FP-F2/sub-HJ-FP-F2_ses-Day17-learned.nwb,ae053070-c12f-4433-9e07-c154527d8f86,8e826b73-8bfb-4d60-8d10-3152401fac86,17069048,277772da05f19d37336df2a93bea32874c7b663ddd1097ba5f3990270a4cc662,257cc43993edda1fcf4130ad681d079d-1,https://dandiarchive.s3.amazonaws.com/blobs/8e8/26b/8e826b73-8bfb-4d60-8d10-3152401fac86,2022-11-06T22:38:21.073916Z,2022-11-08T17:56:27.313780Z
sub-HJ-FP-F2/sub-HJ-FP-F2_ses-Day18.nwb,ffb548f7-b90e-45e6-8cfa-2eb483afe90c,1de6a973-830b-4b3c-9d78-820c5d7d14bb,21512408,e0f6164beda33c6afc6d8cf5a3b424cad017e229df0619f11b3e4d9208a143e7,a11bef20ec793a56bf01332fadbd2b8a-1,https://dandiarchive.s3.amazonaws.com/blobs/1de/6a9/1de6a973-830b-4b3c-9d78-820c5d7d14bb,2022-11-06T22:38:23.340682Z,2022-11-08T17:56:27.572359Z
sub-HJ-FP-F2/sub-HJ-FP-F2_ses-Day19.nwb,db6aa560-e2e3-44f7-8008-0585ae8babfc,4f607e55-0513-4079-b2b2-26fef6ccc7b7,18968296,61d6a385abffbe192fc6d316c51b400ad1415492a74a3905864ee05fd56df7a9,22ed5836f14218250300fdb0fc53207b-1,https://dandiarchive.s3.amazonaws.com/blobs/4f6/07e/4f607e55-0513-4079-b2b2-26fef6ccc7b7,2022-11-06T22:39:14.604989Z,2022-11-08T17:56:27.074258Z
sub-HJ-FP-F2/sub-HJ-FP-F2_ses-Day2.nwb,9396d138-d1e8-4667-8894-d3671f6002ac,20393534-cb5c-4c68-8bce-6bfcae1c9a91,6780568,975102f4096226235cddbae0bd3d3302e7469209840567d8362c1d9a1da9e1fb,25adc8c31be97160e7f8da1909ded4e6-1,https://dandiarchive.s3.amazonaws.com/blobs/203/935/20393534-cb5c-4c68-8bce-6bfcae1c9a91,2022-11-06T22:39:18.147262Z,2022-11-08T17:56:26.876136Z
sub-HJ-FP-F2/sub-HJ-FP-F2_ses-Day20.nwb,6df6267b-ef33-4029-bbed-aae51d83a4e4,b2e26666-44f9-42db-ad7a-c624e74b5f5a,22424920,1d1a7e89642062c5aa728af3da5bd9fb0fb344ffa5d88267ff9b0a0cbd32496a,69a907643df7c22766339159e27164c0-1,https://dandiarchive.s3.amazonaws.com/blobs/b2e/266/b2e26666-44f9-42db-ad7a-c624e74b5f5a,2022-11-06T22:39:25.795707Z,2022-11-08T17:56:27.619448Z
sub-HJ-FP-F2/sub-HJ-FP-F2_ses-Day21.nwb,1ad1706f-0608-47fa-b676-8191b9eae161,225099ab-c120-4fcf-a247-79215a22c048,18845464,6debdbfc8da8c5d37072550d7a3967115fc4188560f4d41cc7d4469481b1b937,c4a65dafafaab57ce78981088344f2ac-1,https://dandiarchive.s3.amazonaws.com/blobs/225/099/225099ab-c120-4fcf-a247-79215a22c048,2022-11-06T22:39:21.473338Z,2022-11-08T17:56:26.955418Z
sub-HJ-FP-F2/sub-HJ-FP-F2_ses-Day22.nwb,6771c6a9-5a21-4674-89b8-12204e4e6d37,b2f509e2-f3cf-48eb-9d1f-a0ad7717656e,20076584,e6d47800c627811537a0d7fff972dff23682f1f8c9b6a9f89a2a50314412bc03,8bee40755109580839744eceeb59a053-1,https://dandiarchive.s3.amazonaws.com/blobs/b2f/509/b2f509e2-f3cf-48eb-9d1f-a0ad7717656e,2022-11-06T22:39:27.042320Z,2022-11-08T17:56:27.665313Z
sub-HJ-FP-F2/sub-HJ-FP-F2_ses-Day23.nwb,5f495203-4fcf-4b15-8478-fb7737326a18,b8c2e2b0-97f4-43f1-9423-57c27c2eb040,20061512,acd4df3ca239f7dd4c4a4c1b1d7491f13e2b42bad075f604d28a48c7599d34de,f6b70300cf1099c0ddaecb848b8427b0-1,https://dandiarchive.s3.amazonaws.com/blobs/b8c/2e2/b8c2e2b0-97f4-43f1-9423-57c27c2eb040,2022-11-06T22:40:07.977609Z,2022-11-08T17:56:27.648499Z
sub-HJ-FP-F2/sub-HJ-FP-F2_ses-Day24-8s.nwb,932d5f34-283f-4afc-81f7-5bc377507ab5,7e46be7a-b0cf-4fb2-9fb9-24a3d4a5db7d,21466392,80e9be69e11bbcdb020459134a1c6a99d27cb6c2c5f38fdcf7863ed3a970e6b3,9b9f4aeb1fc05d8c1baa23f4dbf9d3bc-1,https://dandiarchive.s3.amazonaws.com/blobs/7e4/6be/7e46be7a-b0cf-4fb2-9fb9-24a3d4a5db7d,2022-11-06T22:40:08.289561Z,2022-11-08T17:56:28.435797Z
sub-HJ-FP-F2/sub-HJ-FP-F2_ses-Day25.nwb,b5acf567-5dec-4bfc-8f85-feabf829d919,76d0aa06-f5e3-4e17-b115-f1b3e8c5d5fe,13652008,ef5c827c9a2a048902fbd747822b50736730e59d345c7ed2803db412244466a6,0fb0cbced5d650d482e5795722e1ae84-1,https://dandiarchive.s3.amazonaws.com/blobs/76d/0aa/76d0aa06-f5e3-4e17-b115-f1b3e8c5d5fe,2022-11-06T22:40:24.513898Z,2022-11-08T17:56:28.631633Z
sub-HJ-FP-F2/sub-HJ-FP-F2_ses-Day26.nwb,a24539e7-5bd9-4a26-a095-2062f7330820,bbaaf976-0cd3-4ddd-b26c-4bd13b623aeb,23591928,ffce850f039bb942954c5f2c603f1a59c91c04c97f057c6007231db5cdfeecc3,c822508e408175e22ba70eeafbf0ef45-1,https://dandiarchive.s3.amazonaws.com/blobs/bba/af9/bbaaf976-0cd3-4ddd-b26c-4bd13b623aeb,2022-11-06T22:40:45.208036Z,2022-11-08T17:56:28.403893Z
sub-HJ-FP-F2/sub-HJ-FP-F2_ses-Day27.nwb,a59d8b35-092a-492d-a760-037096068c6b,f84ec35c-e7f2-42a9-8c61-45c8aaac2bd5,23571208,a929297cbaa28a7796b7e359ba8b2422e14953f087b3d5837ca52d1eada4ea35,f2e46d95e55291b8ca36bddeb5163db9-1,https://dandiarchive.s3.amazonaws.com/blobs/f84/ec3/f84ec35c-e7f2-42a9-8c61-45c8aaac2bd5,2022-11-06T22:40:44.852513Z,2022-11-08T17:56:28.251869Z
sub-HJ-FP-F2/sub-HJ-FP-F2_ses-Day28-8s-bgd6s.nwb,43a5e55c-cb29-4c74-98b1-524f8a6e91da,e1f09912-1eb9-4412-bf18-08172b6d73e4,10323800,9389621774130237b1f243fe7894da100fb2080cae8a7f91855c4e0657c3d5c3,5b064dc2314c8ad32db0615e0d0cfe37-1,https://dandiarchive.s3.amazonaws.com/blobs/e1f/099/e1f09912-1eb9-4412-bf18-08172b6d73e4,2022-11-06T22:40:54.913019Z,2022-11-08T17:56:28.272819Z
sub-HJ-FP-F2/sub-HJ-FP-F2_ses-Day29.nwb,09c913a3-6b59-4792-9099-fe6f1ad809cc,ded2ad84-b101-4bc4-a18a-af87b0ba0ec3,10945336,d77721d8f20d07a2e5b847481ff937f9a06a5477103115b087cb724837b570c1,6cb2f300db34328ae188637b400c8c59-1,https://dandiarchive.s3.amazonaws.com/blobs/ded/2ad/ded2ad84-b101-4bc4-a18a-af87b0ba0ec3,2022-11-06T22:41:18.093497Z,2022-11-08T17:56:28.682108Z
sub-HJ-FP-F2/sub-HJ-FP-F2_ses-Day3.nwb,ab08c1ba-59de-4093-9b96-c5729d54e40b,464b62bc-4a68-4e24-af21-62d654c507a9,7736872,b0f6401f003cfb59c5140bf9596b6f710d5e9e2d23d1c28855b480b6dda71566,c4d66c4faaeb62418f9686ebb0c8b729-1,https://dandiarchive.s3.amazonaws.com/blobs/464/b62/464b62bc-4a68-4e24-af21-62d654c507a9,2022-11-06T22:41:22.008549Z,2022-11-08T17:56:28.715081Z
sub-HJ-FP-F2/sub-HJ-FP-F2_ses-Day30.nwb,e0ca82e8-3584-410f-912f-241be90d8eb1,33e2e36a-117f-4a6c-b80d-7cf0393748c8,9451832,d53b2cc15400dc2fb9755c86fd126039e88775352378c941f1a563907f67dbc4,993782d838e5ca2522b87aa84c20d518-1,https://dandiarchive.s3.amazonaws.com/blobs/33e/2e3/33e2e36a-117f-4a6c-b80d-7cf0393748c8,2022-11-06T22:41:44.425968Z,2022-11-08T17:56:28.788173Z
sub-HJ-FP-F2/sub-HJ-FP-F2_ses-Day31.nwb,250944bc-ce56-4238-8823-9858d39e33d9,bf73801f-698a-437b-9f76-384bf28b1aa2,11364552,cb7bf50adf3676aef6545388ab4badcc969bdf82d99d5e856856fb7d1df0305e,17e2dfd27d941735b898d48f9d0e15ea-1,https://dandiarchive.s3.amazonaws.com/blobs/bf7/380/bf73801f-698a-437b-9f76-384bf28b1aa2,2022-11-06T22:41:55.731461Z,2022-11-08T17:56:29.495185Z
sub-HJ-FP-F2/sub-HJ-FP-F2_ses-Day32.nwb,98fbdbf9-9150-4356-8187-dd5d12f4de9f,afb76fc1-eb61-4511-99d1-e09b5bb18ec6,10709000,7a64960671cde84ec8db04fbc3401c5e53a54fa773b4990f42348fc2fc6aa69c,8706ceeb3a44c6680412abbf7187813f-1,https://dandiarchive.s3.amazonaws.com/blobs/afb/76f/afb76fc1-eb61-4511-99d1-e09b5bb18ec6,2022-11-06T22:41:52.449401Z,2022-11-08T17:56:29.256588Z
sub-HJ-FP-F2/sub-HJ-FP-F2_ses-Day33.nwb,0ad42e37-56bc-4ab2-bb3d-e90bc20ff4f4,14bcf3fd-57d9-477c-bbe3-b5a495cd94e2,7701192,880be68fc96f1dfafcebcbffe7fdcb344b5d21a19dc78c173fb14fe165019232,efd0a7fb3a7555705c8358edb59303ae-1,https://dandiarchive.s3.amazonaws.com/blobs/14b/cf3/14bcf3fd-57d9-477c-bbe3-b5a495cd94e2,2022-11-06T22:42:03.340332Z,2022-11-08T17:56:29.022702Z
sub-HJ-FP-F2/sub-HJ-FP-F2_ses-Day4.nwb,60a45f2e-a563-4655-9b4a-1226715e1463,a9ff6506-17af-4fbf-98f8-203d365ef7bd,7696456,90f0db2b2955a7fc332606112e8411f18fdee5cdbb8031d2f6a1954642b85798,7c11b4ee0b5f8a25286ded9acbffc83a-1,https://dandiarchive.s3.amazonaws.com/blobs/a9f/f65/a9ff6506-17af-4fbf-98f8-203d365ef7bd,2022-11-06T22:42:19.257793Z,2022-11-08T17:56:29.086109Z
sub-HJ-FP-F2/sub-HJ-FP-F2_ses-Day43-8s.nwb,295b210c-3c28-43d8-a801-28f446c4e29d,dc92b358-1682-4ce2-bf2f-459ebeca26bc,19013928,d47c0c6c0bc09eb3527b247cf9a4a6c06c09a452f319dcff0959d61ac840bbf7,2ac483da7c2bd53198dae4a52e9a8eb4-1,https://dandiarchive.s3.amazonaws.com/blobs/dc9/2b3/dc92b358-1682-4ce2-bf2f-459ebeca26bc,2022-11-06T22:42:48.659595Z,2022-11-08T17:56:29.391281Z
sub-HJ-FP-F2/sub-HJ-FP-F2_ses-Day44.nwb,1d7778a3-ce2c-4a5b-9a2a-e6641b511583,f2440c67-73fd-41bb-9b03-678f1b718b6c,17728168,28d48768cba4740dbe13e33980a0743fb3b2c0e1b92ded9460448047c9f6efe7,bffee57c63df1c72d79b879e543e8d02-1,https://dandiarchive.s3.amazonaws.com/blobs/f24/40c/f2440c67-73fd-41bb-9b03-678f1b718b6c,2022-11-06T22:43:01.276792Z,2022-11-08T17:56:29.640932Z
sub-HJ-FP-F2/sub-HJ-FP-F2_ses-Day45.nwb,5bebd64a-8138-4bd5-a0b0-79ab0877b0d5,64d44c6f-b53c-4288-88d7-bd9ca08e906a,18177464,672702afce686a1fe60ea8758e407d85bbfe53e7953a6fd7ebf6d03e626fcdb9,a85b71124fa4515995c0e02b61b42cd0-1,https://dandiarchive.s3.amazonaws.com/blobs/64d/44c/64d44c6f-b53c-4288-88d7-bd9ca08e906a,2022-11-06T22:43:01.474119Z,2022-11-08T17:56:29.745113Z
sub-HJ-FP-F2/sub-HJ-FP-F2_ses-Day46-extinction.nwb,57fbbc67-5db9-492e-b7c5-755dc0f30f15,8b7d85f1-721a-4096-922f-b9c35193a2ea,19047384,91103206980bc56bfc37a86caa16ba05bb998d4a5deaece6a68a36147746aa0b,53cf07c20ae0e24bcb30e8ec76dbe25d-1,https://dandiarchive.s3.amazonaws.com/blobs/8b7/d85/8b7d85f1-721a-4096-922f-b9c35193a2ea,2022-11-06T22:43:09.721676Z,2022-11-08T17:56:30.176427Z
sub-HJ-FP-F2/sub-HJ-FP-F2_ses-Day47.nwb,f7474434-8d24-4cb3-9b79-8070ec008b37,939ce6c1-f25c-490f-a8ba-bc7709d0a721,17870664,63aba8830ebdb6ca7a0cbf91d5604c97bf59659827cec18e4b7faadf92346d9f,9b1a06836642a0e2734fcb1d1d7aebdd-1,https://dandiarchive.s3.amazonaws.com/blobs/939/ce6/939ce6c1-f25c-490f-a8ba-bc7709d0a721,2022-11-06T22:43:11.143653Z,2022-11-08T17:56:30.055690Z
sub-HJ-FP-F2/sub-HJ-FP-F2_ses-Day5.nwb,42c30788-141a-410e-805f-56e8b6521883,9197494e-c9b2-41b2-9032-bad66b7a11fd,6568040,89795e53f8ce73dd9f9007dc72038f1f55f9e661edee93f9380b5721fc51734f,c241e366e7694d419baf0a9426228585-1,https://dandiarchive.s3.amazonaws.com/blobs/919/749/9197494e-c9b2-41b2-9032-bad66b7a11fd,2022-11-06T22:43:59.570095Z,2022-11-08T17:56:30.131767Z
sub-HJ-FP-F2/sub-HJ-FP-F2_ses-Day50-Poisson-cue.nwb,2b0a99c5-3482-49ad-866f-b341cc0b9278,890e2263-eb00-4138-bbd2-d212d61ef9b0,12899416,0160022fd94a506102b6819662b0a5f6a96b09abbec9c0774a94320609ebf848,170f196ece30ad0e457eb41361471d6b-1,https://dandiarchive.s3.amazonaws.com/blobs/890/e22/890e2263-eb00-4138-bbd2-d212d61ef9b0,2022-11-06T22:43:59.702819Z,2022-11-08T17:56:30.131751Z
sub-HJ-FP-F2/sub-HJ-FP-F2_ses-Day51.nwb,a8c0e9e0-91d4-4049-b0e0-af13c202725a,f6c2df2e-4afb-4ff8-873a-0803b5a2c9a2,12897192,db573955ffa3772598983f3ecc50349d45a006983999d00e917034cc16877b54,7057ab63bd7574a137f662480df3a411-1,https://dandiarchive.s3.amazonaws.com/blobs/f6c/2df/f6c2df2e-4afb-4ff8-873a-0803b5a2c9a2,2022-11-06T22:43:59.753064Z,2022-11-08T17:56:30.167440Z
sub-HJ-FP-F2/sub-HJ-FP-F2_ses-Day52.nwb,047b6a1f-e90d-438c-a143-7f9942ed031f,6d489eaf-b49c-4930-be64-48977b65a5e6,13368184,bf011d8383ad066740118e3f76898111c774264c6e953d782fdcaa94437a21c1,b0ecb9f6cca6f706c6d11d9fe29a3d72-1,https://dandiarchive.s3.amazonaws.com/blobs/6d4/89e/6d489eaf-b49c-4930-be64-48977b65a5e6,2022-11-06T22:44:14.468158Z,2022-11-08T17:56:30.560099Z
sub-HJ-FP-F2/sub-HJ-FP-F2_ses-Day53.nwb,a11a999c-e761-4e77-a3ad-382b586db245,f1b550b4-c16d-4291-bbeb-68a5e903be06,13214696,406f21bd69ebb6d3db1c9fb631218ef27f436d8a045251ba5fd06fe26520a321,4bbd3716c544844bcc976f1d7f553340-1,https://dandiarchive.s3.amazonaws.com/blobs/f1b/550/f1b550b4-c16d-4291-bbeb-68a5e903be06,2022-11-06T22:44:16.518373Z,2022-11-08T17:56:30.854860Z
sub-HJ-FP-F2/sub-HJ-FP-F2_ses-Day54.nwb,9e6cc674-72c8-4d44-acb0-f8d918611e39,4be5028f-1f38-4d28-8703-07a6876b247e,13363976,0d3b00354d5ea77f02e3561f953a61132f432bbd579cecf1475311e97cfd3e89,5908845cf0eb46b0691d5935daa82b5f-1,https://dandiarchive.s3.amazonaws.com/blobs/4be/502/4be5028f-1f38-4d28-8703-07a6876b247e,2022-11-06T22:44:55.164238Z,2022-11-08T17:56:30.643047Z
sub-HJ-FP-F2/sub-HJ-FP-F2_ses-Day6.nwb,f484ade9-043d-4ccc-8370-d57036b178e6,1c868d6e-cd69-4e78-8abb-4f2d62fb679f,7701912,dce9782db78b7aba97c5551827f10feff5c7ff038503e5d2951c3553283a9c11,a6866d459b719c041483e48b816b0f26-1,https://dandiarchive.s3.amazonaws.com/blobs/1c8/68d/1c868d6e-cd69-4e78-8abb-4f2d62fb679f,2022-11-06T22:45:04.480245Z,2022-11-08T17:56:30.939468Z
sub-HJ-FP-F2/sub-HJ-FP-F2_ses-Day7.nwb,548ce2dd-942c-4dda-8f41-a4f715f5e7cc,8f3973db-7e36-4613-aa7a-8dcb5b60635d,7695816,440c402515bc1f5fd3bf4eace92f315bb2237026c84f139ed2b9e66c0fcbef59,f2cefa4e2f0d91a3f3b47ecf287966e0-1,https://dandiarchive.s3.amazonaws.com/blobs/8f3/973/8f3973db-7e36-4613-aa7a-8dcb5b60635d,2022-11-06T22:45:03.955779Z,2022-11-08T17:56:30.563194Z
sub-HJ-FP-F2/sub-HJ-FP-F2_ses-Day8.nwb,6276bba6-93e3-495a-a843-1b7986775f3b,46da2a11-814c-428d-95b8-c419ce6316f4,7697704,e9c2e83abe372673f17b962837383a25ae15aeb7bfc3801b186d8cd212f55e7b,eaea0811380cb53933f533f3262c69b5-1,https://dandiarchive.s3.amazonaws.com/blobs/46d/a2a/46da2a11-814c-428d-95b8-c419ce6316f4,2022-11-06T22:45:04.329744Z,2022-11-08T17:56:30.865881Z
sub-HJ-FP-M2/sub-HJ-FP-M2_ses-Day1.nwb,26a69246-6de9-4448-9ce9-10213843bf9b,b5719c2e-35ac-4ea6-afaa-c364feae473a,6111464,225ae5888ae9b658139888e0954b1a5047125b7c16264ef49b1e01b54fec685b,78cfbcf40075ff003057bb96130e50d7-1,https://dandiarchive.s3.amazonaws.com/blobs/b57/19c/b5719c2e-35ac-4ea6-afaa-c364feae473a,2022-11-06T22:44:54.982435Z,2022-11-06T22:44:55.017017Z
sub-HJ-FP-M2/sub-HJ-FP-M2_ses-Day10.nwb,b9e79a26-8645-45f2-8867-44287a25143f,4555a45f-2771-45c3-9ea6-da6059a9e9e9,6801944,0dc5d1f4a9bf31d1e47ce7a27eb4e6885b23bf3e1cc67db4408bb6948b2051ac,89d3ceaae86f511931f6a0418e38ab65-1,https://dandiarchive.s3.amazonaws.com/blobs/455/5a4/4555a45f-2771-45c3-9ea6-da6059a9e9e9,2022-11-06T22:45:08.162508Z,2022-11-06T22:45:08.194541Z
sub-HJ-FP-M2/sub-HJ-FP-M2_ses-Day11.nwb,583c0736-a649-4123-bf3e-7b9acd28ea91,ac0a4ca9-efad-440d-b610-e3626b556af8,7673656,bd3fca574044206a29148fec82a1e689d8bfb4d6b0a70a29205324e74bfae775,3e3e7b010b1144a1cb5aeaf9632ed54f-1,https://dandiarchive.s3.amazonaws.com/blobs/ac0/a4c/ac0a4ca9-efad-440d-b610-e3626b556af8,2022-11-06T22:45:13.449377Z,2022-11-06T22:45:13.485083Z
sub-HJ-FP-M2/sub-HJ-FP-M2_ses-Day16.nwb,e7cd7e34-703c-4fbe-88a8-891dfde6c62c,d4b818a9-f071-41f1-b316-019d955b367a,20702296,c17bee0425174a0f809d57bf61750a300b5009cc27e449c6fe104257e64e3fc8,9d59cc4cff2fbaa7251fdf1ee2bcbf14-1,https://dandiarchive.s3.amazonaws.com/blobs/d4b/818/d4b818a9-f071-41f1-b316-019d955b367a,2022-11-06T22:45:27.044534Z,2022-11-06T22:45:27.086714Z
sub-HJ-FP-M2/sub-HJ-FP-M2_ses-Day17.nwb,7073a51e-30be-46f1-b6ef-3d9d48b9dca9,a10f3ed6-faf4-49c2-9e25-f1871ba1d07c,20348120,73552f4c58af958bd72a5989de2038649632db99c2a110e12d8f1604e6c916bf,e25db85c54aa7d77c78eb494e9b1075c-1,https://dandiarchive.s3.amazonaws.com/blobs/a10/f3e/a10f3ed6-faf4-49c2-9e25-f1871ba1d07c,2022-11-06T22:45:27.472388Z,2022-11-06T22:45:27.516047Z
sub-HJ-FP-M2/sub-HJ-FP-M2_ses-Day18.nwb,6fad7ed8-c13e-4bfa-ab5e-a33904cabfcb,41a63c7e-19bc-42aa-abb2-b5b166fff6b4,20344088,c9532ff69dff340fdd7944329d4ede1ec1064638f88080c8bc5ad61971a84a80,54758fb045d321075edbb457d00d1868-1,https://dandiarchive.s3.amazonaws.com/blobs/41a/63c/41a63c7e-19bc-42aa-abb2-b5b166fff6b4,2022-11-06T22:45:27.320362Z,2022-11-06T22:45:27.360459Z
sub-HJ-FP-M2/sub-HJ-FP-M2_ses-Day19.nwb,3f66cfd4-9a3b-4bce-9e4d-56b676f04820,fab21de1-df69-4ae7-98a8-b5a3aea83451,19853144,48a5699533629271bb364339c7afea90cdc13a46dec6b6b1df08176d1a40e72e,d8bccdda0502ec8c83f77f4968b95725-1,https://dandiarchive.s3.amazonaws.com/blobs/fab/21d/fab21de1-df69-4ae7-98a8-b5a3aea83451,2022-11-06T22:45:38.186692Z,2022-11-06T22:45:38.230144Z
sub-HJ-FP-M2/sub-HJ-FP-M2_ses-Day2.nwb,8a1f76af-caa6-4037-bee0-8def2552e741,198cd25b-f7d4-4922-b97a-74494059327c,6997400,b59dc3e3408af5e1dd9dff375f5ceb18a3fe3eb57c4e7ce9e95d9165bdad3a5e,e9ff33ef2287db492af5f0cdc63ff569-1,https://dandiarchive.s3.amazonaws.com/blobs/198/cd2/198cd25b-f7d4-4922-b97a-74494059327c,2022-11-06T22:45:39.105917Z,2022-11-06T22:45:39.147700Z
sub-HJ-FP-M2/sub-HJ-FP-M2_ses-Day20.nwb,d3336451-b7a4-414f-baae-186c8f5219f3,13110cb6-def4-49eb-984a-d5a3b3904f3f,18917768,aab49ccad472c3c62abf00f5976d1df2be0fb1b88f3addfa7b7c13712743d686,921835a047592797d4013a9e815847b0-1,https://dandiarchive.s3.amazonaws.com/blobs/131/10c/13110cb6-def4-49eb-984a-d5a3b3904f3f,2022-11-06T22:45:53.769030Z,2022-11-06T22:45:53.804363Z
sub-HJ-FP-M2/sub-HJ-FP-M2_ses-Day21.nwb,d1037720-7a19-495f-9727-735c37856dfc,43e9a7fc-ce9f-437d-a59a-2c8981b55977,18922104,f812bd3cb8e05f99705c77d98fa41c1babfd996267eacf77ec833c626064375c,63fa02fb5dbbd05026c0ae1d60aea1b3-1,https://dandiarchive.s3.amazonaws.com/blobs/43e/9a7/43e9a7fc-ce9f-437d-a59a-2c8981b55977,2022-11-06T22:45:54.113103Z,2022-11-06T22:45:54.160253Z
sub-HJ-FP-M2/sub-HJ-FP-M2_ses-Day22-learned.nwb,7c803702-4781-41f8-b42e-341b3f950908,b2ba095f-c39d-4cef-8a58-9462fcc49c79,20575816,20b8dbc46eabc4c364e2c3f59147e30644f19c96b64f1ee567f73bc0e0c0054c,3da0b6da441fd0e68cc9972241ec991e-1,https://dandiarchive.s3.amazonaws.com/blobs/b2b/a09/b2ba095f-c39d-4cef-8a58-9462fcc49c79,2022-11-06T22:46:02.503346Z,2022-11-08T17:56:31.311410Z
sub-HJ-FP-M2/sub-HJ-FP-M2_ses-Day24.nwb,8e8038bc-2d5c-4f70-bebf-15d150097cd2,6f62ca3d-a901-433b-bb93-5d07ec521d15,20978520,94f863a2ace5aa68d70dfeeb60acaeb83649e5f2bf909ea87f95b2cae843a105,094b0944231fdd9e017f0092ef8ad4d0-1,https://dandiarchive.s3.amazonaws.com/blobs/6f6/2ca/6f62ca3d-a901-433b-bb93-5d07ec521d15,2022-11-06T22:46:29.905759Z,2022-11-08T17:56:31.348134Z
sub-HJ-FP-M2/sub-HJ-FP-M2_ses-Day25.nwb,4088d6af-5628-4377-8471-ff929d8fc03a,bd26f531-a8fd-48da-ba02-654d9b4430c5,18921000,1b89ce0fb8da3be8f6381d8b87dddf93a29b985796ec4811405413f201f589b4,9b8e0e30c7bb338b88a8ec833ebe752a-1,https://dandiarchive.s3.amazonaws.com/blobs/bd2/6f5/bd26f531-a8fd-48da-ba02-654d9b4430c5,2022-11-06T22:46:31.877864Z,2022-11-08T17:56:32.163950Z
sub-HJ-FP-M2/sub-HJ-FP-M2_ses-Day26.nwb,396e49cc-b6df-4ca5-a98d-a4db01ffc7fb,14c03c65-05de-4965-9e9a-93cefe088d44,20519096,cf04b90e65d3680cb8838c18c84c8d978dad1596242b138457b04261fb04977c,9fa07dc5e2c67a4926b8f6733a4a9079-1,https://dandiarchive.s3.amazonaws.com/blobs/14c/03c/14c03c65-05de-4965-9e9a-93cefe088d44,2022-11-06T22:46:47.062636Z,2022-11-08T17:56:31.815078Z
sub-HJ-FP-M2/sub-HJ-FP-M2_ses-Day27.nwb,6c9817d6-71e5-47f3-89e3-1b1b96176c2d,1d9790f4-3ead-403e-a871-47412101d81d,18931688,77e15b28d7617c4603d688af11fd7f2ff89e46e7572d185ee31f37e236cfaa62,3ae641f2cb42d767c6c0f521366777c1-1,https://dandiarchive.s3.amazonaws.com/blobs/1d9/790/1d9790f4-3ead-403e-a871-47412101d81d,2022-11-06T22:47:18.665774Z,2022-11-08T17:56:31.703235Z
sub-HJ-FP-M2/sub-HJ-FP-M2_ses-Day28.nwb,c6b3cb3a-976d-4c13-bf58-a1af57d09126,8208f874-097c-4633-a3b8-3d92f7b6e0c9,21116296,e9fd8a19d12ce9ce7fc9031ec03ed57b7daac0861db5a2588b6014a5d844d6bb,2e4e062570a801fb2a7f7e10c9c7696e-1,https://dandiarchive.s3.amazonaws.com/blobs/820/8f8/8208f874-097c-4633-a3b8-3d92f7b6e0c9,2022-11-06T22:47:19.074344Z,2022-11-08T17:56:32.524644Z
sub-HJ-FP-M2/sub-HJ-FP-M2_ses-Day29-8s.nwb,c922638b-36e5-49e3-8c6d-0c73d6aa0ff6,7900b033-028c-4a5b-b6a5-49a214bb1d76,22396472,7485cfcee1381cab627f4a48a7a48569d1b5b9c4c95d832bf2685edf5b416421,6eed898773b8300e39b75f6e3351717f-1,https://dandiarchive.s3.amazonaws.com/blobs/790/0b0/7900b033-028c-4a5b-b6a5-49a214bb1d76,2022-11-06T22:47:19.016502Z,2022-11-08T17:56:32.002953Z
sub-HJ-FP-M2/sub-HJ-FP-M2_ses-Day3.nwb,87b491be-1251-45af-8164-817255215ec3,aa301cf1-f84d-4d39-bcb5-e6f5cd32dc44,6908696,53e5bea0810e6e2e06ccfa1b686e3ffe0be7a23e751ddb348929fda042df9652,a3fa1230d57e7cfca8230b54dde822e3-1,https://dandiarchive.s3.amazonaws.com/blobs/aa3/01c/aa301cf1-f84d-4d39-bcb5-e6f5cd32dc44,2022-11-06T22:47:36.094260Z,2022-11-08T17:56:32.114795Z
sub-HJ-FP-M2/sub-HJ-FP-M2_ses-Day30.nwb,dc5cfa84-db12-4405-a216-8e705e0f2799,4c907eda-b105-483d-9b10-dd07210ec1fa,24452520,ddc8b7ad588ea78ef56969319fdd971cc0f990743d837c04bcc78f98052b0dda,113b9273aee937b8b160ae9eb35a906c-1,https://dandiarchive.s3.amazonaws.com/blobs/4c9/07e/4c907eda-b105-483d-9b10-dd07210ec1fa,2022-11-06T22:47:36.168715Z,2022-11-08T17:56:32.576781Z
sub-HJ-FP-M2/sub-HJ-FP-M2_ses-Day31.nwb,9ff9f9ae-ee0f-458a-ac56-6e2a6a4031f3,1f4c0a01-1cf2-49ff-baf0-0d719f926435,28047752,6ef3e7e75c0266bbbb1c4bd205f047736fccaa9113cd1943b2a36de2f8835936,b33e37e221c0f5c9575f158087517edd-1,https://dandiarchive.s3.amazonaws.com/blobs/1f4/c0a/1f4c0a01-1cf2-49ff-baf0-0d719f926435,2022-11-06T22:48:12.820894Z,2022-11-08T17:56:32.647778Z
sub-HJ-FP-M2/sub-HJ-FP-M2_ses-Day32.nwb,faa3db58-68cb-4838-aaea-c08054e53926,1d548ac4-37c4-419d-9c9b-f5a0a63de05f,27197800,9292f8d83a884a4dfa0092def2fd657aac7e40b6595849c808fa51f1c741926d,2e67894600f4e14808de20406b78e2b4-1,https://dandiarchive.s3.amazonaws.com/blobs/1d5/48a/1d548ac4-37c4-419d-9c9b-f5a0a63de05f,2022-11-06T22:48:30.643576Z,2022-11-08T17:56:34.158736Z
sub-HJ-FP-M2/sub-HJ-FP-M2_ses-Day33-8s-bgd6s.nwb,d1a609e4-d5a7-4275-91ec-3eb75c88d2fb,2c3e8e41-e69a-40a1-8693-c600c41877a4,11179288,f6f101eb4a94cc71ec2e8cf67ba6b161f1c169d1345c13614c13d0c0db0c6b99,90cfeb5e42b529cb91e795c02f7c7dbd-1,https://dandiarchive.s3.amazonaws.com/blobs/2c3/e8e/2c3e8e41-e69a-40a1-8693-c600c41877a4,2022-11-06T22:48:31.420009Z,2022-11-08T17:56:33.145910Z
sub-HJ-FP-M2/sub-HJ-FP-M2_ses-Day34.nwb,b67019e6-3b5b-4852-bb8c-d8f0d57ee672,27bc2763-1b50-4401-b88c-c9003938e019,12032568,d56255ebbd5a8175ad3860ea9d890aead2a8bdea5c3530a3cb1043c71b1e6fa0,d87265ca5ccca48ac8f32adfbe3de4a8-1,https://dandiarchive.s3.amazonaws.com/blobs/27b/c27/27bc2763-1b50-4401-b88c-c9003938e019,2022-11-06T22:48:48.745857Z,2022-11-08T17:56:33.132630Z
sub-HJ-FP-M2/sub-HJ-FP-M2_ses-Day35.nwb,daac893e-4c1b-4217-877d-ca6d2a412205,4f92688b-18e4-44a0-b844-0131c8491345,11427240,d2643b7872e1d550367e433c8c26a828d21af6da5d7377498df9e494282feb85,a48522242471c7f894a4d009aada622d-1,https://dandiarchive.s3.amazonaws.com/blobs/4f9/268/4f92688b-18e4-44a0-b844-0131c8491345,2022-11-06T22:48:45.594444Z,2022-11-08T17:56:32.994310Z
sub-HJ-FP-M2/sub-HJ-FP-M2_ses-Day36.nwb,3fa9dfaf-ab79-48a6-91b1-8058a480d796,7c7bd880-daad-43ac-a26b-b928bc30bfe6,11553976,0488f7d24dd43ef31b2b2fe046d7585acdc7dfc916297093bb6632c26aa2f7de,6fd425e5b52b6b14bad17ab9b0b1c321-1,https://dandiarchive.s3.amazonaws.com/blobs/7c7/bd8/7c7bd880-daad-43ac-a26b-b928bc30bfe6,2022-11-06T22:49:04.213213Z,2022-11-08T17:56:33.086929Z
sub-HJ-FP-M2/sub-HJ-FP-M2_ses-Day37.nwb,952d5bd3-94bb-4fc8-a443-02730c800c35,a61d8333-9f75-40cf-bc1a-94eaa076a25e,11542024,10e3899f9fc27cfab31b6d4e5a2caaa1a3ce996c2f929b6f89d397ca90720369,98ebe36933f06111183f21ff4f7a4dea-1,https://dandiarchive.s3.amazonaws.com/blobs/a61/d83/a61d8333-9f75-40cf-bc1a-94eaa076a25e,2022-11-06T22:49:28.140174Z,2022-11-08T17:56:33.284342Z
sub-HJ-FP-M2/sub-HJ-FP-M2_ses-Day38.nwb,b5563630-2a25-4cd6-bd70-07a81991e430,60ab7610-2d11-4185-922c-61b1863763ff,11321592,7a4ea9ccc4def0da50521fd607065d9d3d8bfe13165520502685ba0c0748a664,75a35256ce1e6c6008d60cc9e139891c-1,https://dandiarchive.s3.amazonaws.com/blobs/60a/b76/60ab7610-2d11-4185-922c-61b1863763ff,2022-11-06T22:49:39.949085Z,2022-11-08T17:56:33.461178Z
sub-HJ-FP-M2/sub-HJ-FP-M2_ses-Day39.nwb,c556e1f6-df09-444a-ba92-9416596b9b8c,6463eaa4-e31d-46ae-8f68-fe269d4794cc,11412008,fe0a5b3d5308df0ddfcd3cd4db7a084b1c71c052653134521b728bd2e0c50871,55d42cc412098bf56812dd78b12ab930-1,https://dandiarchive.s3.amazonaws.com/blobs/646/3ea/6463eaa4-e31d-46ae-8f68-fe269d4794cc,2022-11-06T22:49:45.524509Z,2022-11-08T17:56:33.666785Z
sub-HJ-FP-M2/sub-HJ-FP-M2_ses-Day4.nwb,c9322039-99e8-4bcd-be59-f043582027e3,1c9f75f0-734d-4c10-a99a-1c4a54a25077,6264856,75fe1e63ff6df231df7f0288dc0448c8d9838357763e49014928793648af29e5,ef86103b2974519592db88c2f238bc4d-1,https://dandiarchive.s3.amazonaws.com/blobs/1c9/f75/1c9f75f0-734d-4c10-a99a-1c4a54a25077,2022-11-06T22:49:52.994600Z,2022-11-08T17:56:33.745349Z
sub-HJ-FP-M2/sub-HJ-FP-M2_ses-Day40.nwb,0b65d2bb-65ff-4441-9468-591fbaed94be,22fa6567-ccce-4b89-a650-245b064b0848,10892104,a54e55a876bb87b0e0e246e7754749b23fda7fa0407fdafb51869c3f006dffe3,d228f03832792889f6f6b04337488a2c-1,https://dandiarchive.s3.amazonaws.com/blobs/22f/a65/22fa6567-ccce-4b89-a650-245b064b0848,2022-11-06T22:50:07.452514Z,2022-11-08T17:56:33.644938Z
sub-HJ-FP-M2/sub-HJ-FP-M2_ses-Day41.nwb,953e0622-777f-428e-9c1e-c74c3478d123,86e7bc55-5d5b-4fa2-a506-3e3d9284669f,11429048,c288d0e021a3a54a7d959a9c1fc322cd647aa8676ffe0f1c0ac27284d1654a93,f943a0b9c0156a528605b04f6ea26b65-1,https://dandiarchive.s3.amazonaws.com/blobs/86e/7bc/86e7bc55-5d5b-4fa2-a506-3e3d9284669f,2022-11-06T22:50:34.852347Z,2022-11-08T17:56:34.081597Z
sub-HJ-FP-M2/sub-HJ-FP-M2_ses-Day42.nwb,df57f1cf-1ab2-42ae-82c2-6e083dca23a2,710aa5a6-dab8-4aae-ac7d-1c54ea989596,11567016,6c96d1f6b8ed307263826a2b098d6105468bb8e620b73703ffccffdde5f08241,1c9fae7b11312ab2585637003524029c-1,https://dandiarchive.s3.amazonaws.com/blobs/710/aa5/710aa5a6-dab8-4aae-ac7d-1c54ea989596,2022-11-06T22:50:37.437562Z,2022-11-08T17:56:34.072224Z
sub-HJ-FP-M2/sub-HJ-FP-M2_ses-Day43.nwb,fd36e667-afc4-4f6b-83a9-50270d694cd1,22409c14-7dc7-46cb-8261-6ae3c859cb4d,11432136,648ae25d1338337bd7315fcdbf87e2568042439c45249d52eb9fea8c13914e86,432899e9b776b8a96753802ed0d10b38-1,https://dandiarchive.s3.amazonaws.com/blobs/224/09c/22409c14-7dc7-46cb-8261-6ae3c859cb4d,2022-11-06T22:50:50.851627Z,2022-11-08T17:56:34.147361Z
sub-HJ-FP-M2/sub-HJ-FP-M2_ses-Day5.nwb,b06d3b62-54e0-4b80-ba1f-25b30b32734f,1bdc1626-6dc9-4ba2-87ae-fb44a94d174e,6608408,6ab6a3c99594ce6ff8584ad7ae02e77d9b95f35f46a22cd450eb5bcc18a9b02e,0c6ceb0fce3ea39acfd70f64af8f6f95-1,https://dandiarchive.s3.amazonaws.com/blobs/1bd/c16/1bdc1626-6dc9-4ba2-87ae-fb44a94d174e,2022-11-06T22:50:53.163349Z,2022-11-08T17:56:34.398532Z
sub-HJ-FP-M2/sub-HJ-FP-M2_ses-Day6.nwb,0d599b01-b142-4c9a-9887-28fede7593d4,b6f9e10e-30cf-44ca-be7f-8ecbdee8f92d,6751336,a48675ebd7bd987d7cae68234f879b3c634b0e621e8f47efb331784c33535c52,8cfb30209b8b2484e67695869fdd3504-1,https://dandiarchive.s3.amazonaws.com/blobs/b6f/9e1/b6f9e10e-30cf-44ca-be7f-8ecbdee8f92d,2022-11-06T22:51:07.587106Z,2022-11-08T17:56:34.459432Z
sub-HJ-FP-M2/sub-HJ-FP-M2_ses-Day67-8s.nwb,15b8dfc5-a232-40c5-916f-7ec1f13e6b7d,dccf91a2-0706-4a77-bffd-2f2343df21e1,22452824,48b1b61e1204c3175ee227fe32c7657880ba77de88689c627c6ac99b3b7780e0,1170c04e75b5c7f5fca066a86ba6b287-1,https://dandiarchive.s3.amazonaws.com/blobs/dcc/f91/dccf91a2-0706-4a77-bffd-2f2343df21e1,2022-11-06T22:51:31.537220Z,2022-11-08T17:56:34.629456Z
sub-HJ-FP-M2/sub-HJ-FP-M2_ses-Day68.nwb,4714238f-78b6-4767-af69-77961dca0aad,5b010701-e746-4f12-bd51-e0923dfbe230,25696792,3cd9868054ad93ac0da78e9c9f542c89e06ac559c12c0c9ab39f0a2def4842c0,5c6254c267d94190e57c591602e23a10-1,https://dandiarchive.s3.amazonaws.com/blobs/5b0/107/5b010701-e746-4f12-bd51-e0923dfbe230,2022-11-06T22:51:39.990979Z,2022-11-08T17:56:34.952376Z
sub-HJ-FP-M2/sub-HJ-FP-M2_ses-Day69.nwb,8b00eb10-5c2e-4047-a8bb-94eb4fe26cc2,f18efa4e-4853-4a46-8ddf-a2309d59ef8b,23568936,b7bfcc8f58db6834b43bb044cabf4362ff80fd0dbd6cffe0afcb6ba54a3c6c91,1aaf86cc1b80296aef4e9ebf528730ea-1,https://dandiarchive.s3.amazonaws.com/blobs/f18/efa/f18efa4e-4853-4a46-8ddf-a2309d59ef8b,2022-11-06T22:51:56.506521Z,2022-11-08T17:56:36.359392Z
sub-HJ-FP-M2/sub-HJ-FP-M2_ses-Day7.nwb,167238d3-12e8-4dca-a039-e50cf1f8d483,d2a9368c-2ca6-4097-b7e6-744cf0839df8,6100344,bb846b460fc72e8a4bcc6f65a042aaa8b6415ebcc4580da1f512a21781dfc3b5,54e499545c606948c77927a12a67cb77-1,https://dandiarchive.s3.amazonaws.com/blobs/d2a/936/d2a9368c-2ca6-4097-b7e6-744cf0839df8,2022-11-06T22:52:04.893242Z,2022-11-08T17:56:35.078047Z
sub-HJ-FP-M2/sub-HJ-FP-M2_ses-Day70-extinction.nwb,7769734a-a7a5-4a34-b6ec-e60512f5ae74,fff10758-9ca5-4672-b24c-02796def28f0,23984904,e9124972e230c6ea3274cd84d3fcacfd3a7bad9ff706dd9fa4a4b98952c9f11e,be363e052f3f46d8bf2047463e691711-1,https://dandiarchive.s3.amazonaws.com/blobs/fff/107/fff10758-9ca5-4672-b24c-02796def28f0,2022-11-06T22:52:06.507549Z,2022-11-08T17:56:35.145429Z
sub-HJ-FP-M2/sub-HJ-FP-M2_ses-Day71.nwb,8de3f724-ca9f-4b50-90cd-67579b118d11,06a0ca48-b819-4d49-8e4d-8ac0e0219a59,23537272,8c3149e074e10606210ca68a03e5eaf1369e690bd565f0f761760c6eafb3e147,0c13f66e71535781217bff402059cdde-1,https://dandiarchive.s3.amazonaws.com/blobs/06a/0ca/06a0ca48-b819-4d49-8e4d-8ac0e0219a59,2022-11-06T22:52:29.940057Z,2022-11-08T17:56:35.562131Z
sub-HJ-FP-M2/sub-HJ-FP-M2_ses-Day72.nwb,1ec35692-adea-4433-b129-0f22463578bb,9f5783d4-3e38-4134-94d3-4397096cdf9b,21486008,325311121842102370c01f824e5f43a898a79b4a501326c4eb5e3dd123312959,065a3c467b27c0e093566613c34c1d99-1,https://dandiarchive.s3.amazonaws.com/blobs/9f5/783/9f5783d4-3e38-4134-94d3-4397096cdf9b,2022-11-06T22:52:49.337091Z,2022-11-08T17:56:35.575196Z
sub-HJ-FP-M2/sub-HJ-FP-M2_ses-Day75-Poisson-cue.nwb,dee120bb-74f3-430e-ac07-831fd7e16090,3e4289f8-9228-4c22-9af0-d231964dfe73,16298568,39ae4f5dc5eca47e8e6a7a9e99d7928fbc3326db008eb419bdc049ecd7ae9fba,1093a962e4f04c3a2997b30a57043e8a-1,https://dandiarchive.s3.amazonaws.com/blobs/3e4/289/3e4289f8-9228-4c22-9af0-d231964dfe73,2022-11-06T22:52:57.628728Z,2022-11-08T17:56:35.843239Z
sub-HJ-FP-M2/sub-HJ-FP-M2_ses-Day76.nwb,a09e05b1-5f9d-4906-81f3-6acc223ecd20,aab0fe7b-a0c7-45d7-881e-aeea7511ef6c,16256456,19e00b00d0dc2097c04f558d1af78272dbd03bb84c27e179bb5019c2bbf961cf,46655f0c2937c6ba9fc1321eaf2cae59-1,https://dandiarchive.s3.amazonaws.com/blobs/aab/0fe/aab0fe7b-a0c7-45d7-881e-aeea7511ef6c,2022-11-06T22:53:05.951071Z,2022-11-08T17:56:35.583234Z
sub-HJ-FP-M2/sub-HJ-FP-M2_ses-Day77.nwb,9c2c626f-273f-4687-9e84-65da149ac6e9,e0384ab7-200b-46e3-8792-efc4f7abaeb4,15737208,495e3abfa7f9d99f6e620fdc1f5b7a253c358a9d27de635dd41c1425c1859afb,24536949ceebedff2f9cef6e869557a5-1,https://dandiarchive.s3.amazonaws.com/blobs/e03/84a/e0384ab7-200b-46e3-8792-efc4f7abaeb4,2022-11-06T22:53:07.775076Z,2022-11-08T17:56:36.128775Z
sub-HJ-FP-M2/sub-HJ-FP-M2_ses-Day78.nwb,4a0e0cdb-0dea-4789-b2fd-cf93e2157616,935383cb-eb61-4bde-a90d-eb6b7ad44e66,14418344,b85b5c781f8087a341d4b9a906266d815055ea559a2da26021dfe8965ff70fa5,3660748759caa6a084c23373fc25e62c-1,https://dandiarchive.s3.amazonaws.com/blobs/935/383/935383cb-eb61-4bde-a90d-eb6b7ad44e66,2022-11-06T22:53:10.106727Z,2022-11-08T17:56:36.179298Z
sub-HJ-FP-M2/sub-HJ-FP-M2_ses-Day8.nwb,e620f246-6378-49ad-b7a0-2cb3017f1fbe,a888d68b-eaeb-44f2-a2d0-60ffa054d2b2,6571992,45e1c6d1d2028d88982821a8f14d641c2534b99d1f95ccdc1b642887e6b5b65f,37afd6b54fc13a46f4ae41ff23954bbe-1,https://dandiarchive.s3.amazonaws.com/blobs/a88/8d6/a888d68b-eaeb-44f2-a2d0-60ffa054d2b2,2022-11-06T22:53:54.164899Z,2022-11-08T17:56:35.856890Z
sub-HJ-FP-M2/sub-HJ-FP-M2_ses-Day9.nwb,da33bca7-ec01-47f9-9b94-84ad3b4a88bb,c8418668-333d-4299-bc14-66c1559c5e3e,6373336,0049f4b050b7d0fd0c2f8e090c3e5170cbe049218995bc415ffec5d4f1275cde,43cce7449b464e96c65be04e2fff7e97-1,https://dandiarchive.s3.amazonaws.com/blobs/c84/186/c8418668-333d-4299-bc14-66c1559c5e3e,2022-11-06T22:54:01.598454Z,2022-11-08T17:56:36.406530Z
sub-HJ-FP-M3/sub-HJ-FP-M3_ses-Day1.nwb,069f6dfe-7adb-471c-8e6f-36001fb9fded,78bf1ef6-e750-49ee-91d9-1fe669d253e4,6743688,f74cba84f17e512abd09cad2ff5886fd53cc392123b825223861b9928e9c74e2,1dc037efdf61cb7a6fcb54325457a821-1,https://dandiarchive.s3.amazonaws.com/blobs/78b/f1e/78bf1ef6-e750-49ee-91d9-1fe669d253e4,2022-11-06T22:54:04.889407Z,2022-11-08T17:56:36.131428Z
sub-HJ-FP-M3/sub-HJ-FP-M3_ses-Day12.nwb,07747a43-b04d-4dad-81a2-8e65d6fbfdc5,175c8695-cfb8-4267-991d-3a20b0f9b0c9,20963432,58ece266fca0839440cf20cefd8518a305b06f61da4233a6d4bdbd1774d900a3,073c256d2db1a58b071ab33b7f09f285-1,https://dandiarchive.s3.amazonaws.com/blobs/175/c86/175c8695-cfb8-4267-991d-3a20b0f9b0c9,2022-11-06T22:54:07.084296Z,2022-11-08T17:56:36.857760Z
sub-HJ-FP-M3/sub-HJ-FP-M3_ses-Day13.nwb,d6cb3e1a-61d2-4a19-94b6-15189b5a16b9,68cd9795-d89a-48b5-a44e-a75e49605b6f,20889096,2ceb0c7da11847cc6f49859bacdf951a48c00f31c1d81f242e8f5b9a9b74b81e,2de12d40570749deed40ee4f89400a7e-1,https://dandiarchive.s3.amazonaws.com/blobs/68c/d97/68cd9795-d89a-48b5-a44e-a75e49605b6f,2022-11-06T22:54:10.921924Z,2022-11-08T17:56:36.977035Z
sub-HJ-FP-M3/sub-HJ-FP-M3_ses-Day14.nwb,fcdf040f-1ea8-454a-8bdf-eec5d5afda79,24ef981d-bfe9-492d-85a5-6fd4d383c400,20584520,89378176243343196666cf1f605f96925d288337f129d2c12c9af189d02d67dd,8199d17a4b995ff5bd62f5c9a0497e45-1,https://dandiarchive.s3.amazonaws.com/blobs/24e/f98/24ef981d-bfe9-492d-85a5-6fd4d383c400,2022-11-06T22:54:37.866129Z,2022-11-08T17:56:36.957625Z
sub-HJ-FP-M3/sub-HJ-FP-M3_ses-Day15.nwb,b99b99af-4248-4159-acd6-c287c8e6f6be,b1bd629a-ec5e-4059-9749-514c5d7b6b30,20957048,125af8acbdf139ca7e7ab947007794c117448b315ab69be810cfc6f1825ab28e,804c4c5558b8afc359f68d1bea7803aa-1,https://dandiarchive.s3.amazonaws.com/blobs/b1b/d62/b1bd629a-ec5e-4059-9749-514c5d7b6b30,2022-11-06T22:55:08.201491Z,2022-11-08T17:56:38.196005Z
sub-HJ-FP-M3/sub-HJ-FP-M3_ses-Day17-learned.nwb,2bb26777-1f5c-4b5b-9157-64f93e6c6acc,73b90070-387a-4960-803f-967db1e76074,19884712,99d545b83c1edca1837255200b96f5060caaefcd251f14f1130c4b51933db9f8,db644f1ebe9189fa6f0dd7870f2a059b-1,https://dandiarchive.s3.amazonaws.com/blobs/73b/900/73b90070-387a-4960-803f-967db1e76074,2022-11-06T22:55:33.286084Z,2022-11-08T17:56:38.791910Z
sub-HJ-FP-M3/sub-HJ-FP-M3_ses-Day18.nwb,c566d76b-c80a-45b5-b4cf-ab07de008581,48709e4f-2025-4f2a-9ba4-3bf63d18ee51,20611720,529c16f863ee355e183fc15fea1b0050ae9b8fb6c644e25d3f805937f8e58270,495a5e84e6efd9cd1f1494cd552b61f5-1,https://dandiarchive.s3.amazonaws.com/blobs/487/09e/48709e4f-2025-4f2a-9ba4-3bf63d18ee51,2022-11-06T22:55:16.155845Z,2022-11-08T17:56:37.253552Z
sub-HJ-FP-M3/sub-HJ-FP-M3_ses-Day19.nwb,5d0d1f38-e9f7-40d5-a826-a60a92a9d593,111e2ffd-9c88-4c2d-955d-55fcd198c1c4,19870552,8ee11336bce077d2300dbceaadad83dc751a355ebf79b5337a7327b539fae1a9,1afb581d2bb1c6e4e6b4e20846fecbbf-1,https://dandiarchive.s3.amazonaws.com/blobs/111/e2f/111e2ffd-9c88-4c2d-955d-55fcd198c1c4,2022-11-06T22:55:20.374068Z,2022-11-08T17:56:37.470656Z
sub-HJ-FP-M3/sub-HJ-FP-M3_ses-Day2.nwb,05dc9152-4a76-463c-bd66-a7c64941b96b,09e1e86f-de52-4eaf-8c2c-8845a0719e35,6750248,1c2d7c96f27159d562342649887aeb9ea6027c2703f8ea3449b29e9bbcc8aabb,baa446ae760978ae9fd41b3351eb78af-1,https://dandiarchive.s3.amazonaws.com/blobs/09e/1e8/09e1e86f-de52-4eaf-8c2c-8845a0719e35,2022-11-06T22:55:21.279942Z,2022-11-08T17:56:37.382384Z
sub-HJ-FP-M3/sub-HJ-FP-M3_ses-Day20.nwb,ccfdf34a-6038-475a-b3df-d5f8c9bab41a,e9db0464-d07c-41e7-afbe-f7de0f87dfc4,20509112,206436a5d88bc0c1d991c544f66c4401dc779db79fc431886875f1c6021d1cc2,8d76c79d8e00fc5d601b2673d41577d3-1,https://dandiarchive.s3.amazonaws.com/blobs/e9d/b04/e9db0464-d07c-41e7-afbe-f7de0f87dfc4,2022-11-06T22:56:14.598314Z,2022-11-08T17:56:37.961059Z
sub-HJ-FP-M3/sub-HJ-FP-M3_ses-Day21.nwb,7f0cca1b-2670-4633-a823-bd4c2e19d468,a130aca9-b653-4363-b11a-51d1e6b553e6,18936696,54a362f7093924a1636ef5138a14968b8965fff2fabea9c5a3cda71dc0c58a9f,3bd1b39aa348fff410056e3289c3ca1a-1,https://dandiarchive.s3.amazonaws.com/blobs/a13/0ac/a130aca9-b653-4363-b11a-51d1e6b553e6,2022-11-06T22:56:14.804717Z,2022-11-08T17:56:38.095327Z
sub-HJ-FP-M3/sub-HJ-FP-M3_ses-Day22.nwb,405a79cf-316e-4a62-9360-7647d1a90b52,1a644498-c013-4a05-b67f-4c82d3a033d6,20578120,a927fd317ae1b4b93a9c14bc9c1672dfdf87acf6bee29084005b99f87d577ba2,812b4820bcf6be5957035a908511992c-1,https://dandiarchive.s3.amazonaws.com/blobs/1a6/444/1a644498-c013-4a05-b67f-4c82d3a033d6,2022-11-06T22:56:15.209669Z,2022-11-08T17:56:37.948428Z
sub-HJ-FP-M3/sub-HJ-FP-M3_ses-Day23.nwb,5d539d0d-d792-4f76-9368-fd84bcec3bb6,a52441dc-8e5a-4fc6-9005-9eb3c01bbb92,19869512,d11991c46a7e3bc82c4313a9915fa06431e5303d060bdb15fabad3fb7d1fc467,fdc05b8a54c594ec1364146cb17fe278-1,https://dandiarchive.s3.amazonaws.com/blobs/a52/441/a52441dc-8e5a-4fc6-9005-9eb3c01bbb92,2022-11-06T22:56:23.138966Z,2022-11-08T17:56:38.417190Z
sub-HJ-FP-M3/sub-HJ-FP-M3_ses-Day24-8s.nwb,c2d75881-b23e-4623-9226-10d009800412,3bd4ddaa-d703-4477-99c2-20a6c1d32331,25704680,c514f60d4b8ef01fc4963ed31e72d3c74e2a46dfe2c2abf22b59299fffa78e54,0f10d76f38f9507eca5808fd1ecb14b2-1,https://dandiarchive.s3.amazonaws.com/blobs/3bd/4dd/3bd4ddaa-d703-4477-99c2-20a6c1d32331,2022-11-06T22:56:24.834853Z,2022-11-08T17:56:39.102173Z
sub-HJ-FP-M3/sub-HJ-FP-M3_ses-Day25.nwb,9af0afcb-f20d-455d-8364-2e591afe06fc,9a37eabc-dd0e-4188-a48f-58af4e9afecf,23985352,67cbc0d5a45a68c0e9d39761f9bda2b20d07b865f840fba8bc01ca5509fcbbd1,d418397f8483141af3b1e697409438cd-1,https://dandiarchive.s3.amazonaws.com/blobs/9a3/7ea/9a37eabc-dd0e-4188-a48f-58af4e9afecf,2022-11-06T22:57:12.538245Z,2022-11-08T17:56:39.064827Z
sub-HJ-FP-M3/sub-HJ-FP-M3_ses-Day26.nwb,cb2c753e-0e1b-41a6-816d-9e4555c17e38,6f3f5b60-3537-4172-a6e9-abdc04f54021,24443064,5ad94a4da3763b7f5e9a38c1911edd5b27ba03d202285ee6eade23d9aabbce59,cbc109f982eae60bcba832cbcc5f2eae-1,https://dandiarchive.s3.amazonaws.com/blobs/6f3/f5b/6f3f5b60-3537-4172-a6e9-abdc04f54021,2022-11-06T22:57:13.288956Z,2022-11-08T17:56:39.672042Z
sub-HJ-FP-M3/sub-HJ-FP-M3_ses-Day27.nwb,a4a078f0-ece3-40bf-adbe-007bb2fb00ce,6ac1f9fd-8eda-4e3b-bf59-c7243748248e,23082504,be472ca4d76b3bcbac7d3835b5cf83ab86c4ded5840500d62b74eb525fd3fac4,b8f6e50e108ac30c8e70a288a1267e26-1,https://dandiarchive.s3.amazonaws.com/blobs/6ac/1f9/6ac1f9fd-8eda-4e3b-bf59-c7243748248e,2022-11-06T22:57:47.816084Z,2022-11-08T17:56:38.906786Z
sub-HJ-FP-M3/sub-HJ-FP-M3_ses-Day28-8s-bgd6s.nwb,6f402437-3b63-40b8-b29b-6a455f9a9b15,6fd58b53-22d7-4579-a637-d8f1e1ebc67f,10854968,c44620fcf8cedddb487c431d95fc4ee767aa682c74008658c28a9c339bd3b96d,0e01c7e144a2ba4bcb936084f04fa7c3-1,https://dandiarchive.s3.amazonaws.com/blobs/6fd/58b/6fd58b53-22d7-4579-a637-d8f1e1ebc67f,2022-11-06T22:57:48.287934Z,2022-11-08T17:56:39.217430Z
sub-HJ-FP-M3/sub-HJ-FP-M3_ses-Day29.nwb,27f91c18-88a1-402f-b0d5-6b902f75ffb5,0d66e9ee-a283-45c8-b9a2-a561936b9af1,11233320,2536a981cf9cac0fa945c32a018590ba4698993ade9a2b7b738e2b514d525f23,3f8af1f6fe43fb93d78d1f3198af6dde-1,https://dandiarchive.s3.amazonaws.com/blobs/0d6/6e9/0d66e9ee-a283-45c8-b9a2-a561936b9af1,2022-11-06T22:57:48.250285Z,2022-11-08T17:56:39.755196Z
sub-HJ-FP-M3/sub-HJ-FP-M3_ses-Day3.nwb,eabde3c7-bfed-4231-8b71-7c7bcb3ce480,27eac218-e130-49d6-9114-ead200714e8f,6804184,34037ee608b8195d00b3fd2e3e2e7f8e25789b4959b527d5ef20bdfd7c39fe0c,68e69ad32ee64e30c43138910c43579f-1,https://dandiarchive.s3.amazonaws.com/blobs/27e/ac2/27eac218-e130-49d6-9114-ead200714e8f,2022-11-06T22:58:17.386484Z,2022-11-08T17:56:39.475863Z
sub-HJ-FP-M3/sub-HJ-FP-M3_ses-Day30.nwb,555a4007-1ff6-494c-9440-180c9ab9e892,5f284fbf-e7d8-4198-856a-a0e62a662651,11007560,4efbe1fb5ebdf7655c9bcee3c73a1bc32ba80b17342c25006f94f285e41667eb,ffb5d1863a4c70bfb73f6a66286e0eaf-1,https://dandiarchive.s3.amazonaws.com/blobs/5f2/84f/5f284fbf-e7d8-4198-856a-a0e62a662651,2022-11-06T22:58:21.652913Z,2022-11-08T17:56:39.818324Z
sub-HJ-FP-M3/sub-HJ-FP-M3_ses-Day32.nwb,1bc6ec35-b55c-4154-9361-8459e03f6a42,74aed51b-1bb0-437a-8790-606aef22af53,11428264,4045a6ac7473cbc7e0e35446b1c5aa77870bd9cc32fc686864bc238ba3a25bf6,e0e4102ddca5de477fd9f18d8ef60a5b-1,https://dandiarchive.s3.amazonaws.com/blobs/74a/ed5/74aed51b-1bb0-437a-8790-606aef22af53,2022-11-06T22:58:55.656657Z,2022-11-08T17:56:39.603152Z
sub-HJ-FP-M3/sub-HJ-FP-M3_ses-Day33.nwb,dce116c8-9e51-47d2-900f-25c70d3ce9f4,bb645849-23d2-476c-85c3-f5331823342d,11343304,d5e2fe46e58beee6d5c7f40b6d6d21a72ad39f20b6dfb67762b506d3a6542045,a953be0cddfe95fd6a0f4e4cc7a92315-1,https://dandiarchive.s3.amazonaws.com/blobs/bb6/458/bb645849-23d2-476c-85c3-f5331823342d,2022-11-06T22:59:04.479325Z,2022-11-08T17:56:39.993197Z
sub-HJ-FP-M3/sub-HJ-FP-M3_ses-Day34.nwb,561bab49-0dea-4afa-bad4-07053e91bcc5,42b18eab-0476-41dd-ac63-ea4c9c022f26,11628184,b9ebf89e7026abab0231f706c5d841e49a830cb836a0c658d0ed0feb186e3c22,56f7f52419ff7139a21fb61945d9b649-1,https://dandiarchive.s3.amazonaws.com/blobs/42b/18e/42b18eab-0476-41dd-ac63-ea4c9c022f26,2022-11-06T22:58:59.148315Z,2022-11-08T17:56:39.918536Z
sub-HJ-FP-M3/sub-HJ-FP-M3_ses-Day35.nwb,249f9482-dab9-4d84-9b85-72fbf554565d,116624c3-9961-45d2-b8ea-69c40d7a860d,11552072,cca2b79621c47f5e3fb427d4f5811cc0e7bff245843f2fde518dbcbfd31fcfdb,3394b0ed5a037975019b7251de13fafa-1,https://dandiarchive.s3.amazonaws.com/blobs/116/624/116624c3-9961-45d2-b8ea-69c40d7a860d,2022-11-06T22:59:04.523136Z,2022-11-08T17:56:40.477665Z
sub-HJ-FP-M3/sub-HJ-FP-M3_ses-Day36.nwb,5c8d3656-0687-4d76-b185-8b97a41212c3,8f249b41-b14a-4dac-aeff-bc1717ad199b,10841000,259430cb504dbdb983fecc9aedbc0e94af6b614ea714a3eb445dff37a7da9f8e,1ef534e8635e77862a8ab1755de7b273-1,https://dandiarchive.s3.amazonaws.com/blobs/8f2/49b/8f249b41-b14a-4dac-aeff-bc1717ad199b,2022-11-06T22:59:12.784428Z,2022-11-08T17:56:40.471210Z
sub-HJ-FP-M3/sub-HJ-FP-M3_ses-Day37.nwb,f8234046-0f12-499c-9f81-14ed9d90e398,4f374e66-dfaa-4e16-913f-6f395fdf9d71,11282872,6b62cb25c6539d0314f9be00f3e0e24d9d662bcbe12145eeee4bbcb31618ee5f,b0605f87f86b32d45949e77a288e87c0-1,https://dandiarchive.s3.amazonaws.com/blobs/4f3/74e/4f374e66-dfaa-4e16-913f-6f395fdf9d71,2022-11-06T23:00:00.559139Z,2022-11-08T17:56:40.464018Z
sub-HJ-FP-M3/sub-HJ-FP-M3_ses-Day38.nwb,8adf3456-d678-40ea-abad-864513f9cb0a,4d71f2cf-bd0a-4592-8d48-10f914fb8cf3,11300696,4740c1edf4a72ee28b4347c32b17115533f7af0f1954242934f43b48511176b5,0ad207e4a5e7d2b6df757016a99eb61c-1,https://dandiarchive.s3.amazonaws.com/blobs/4d7/1f2/4d71f2cf-bd0a-4592-8d48-10f914fb8cf3,2022-11-06T23:00:02.635047Z,2022-11-08T17:56:40.381111Z
sub-HJ-FP-M3/sub-HJ-FP-M3_ses-Day4.nwb,7313f2e8-8128-4e35-9cbb-2d2e14f14b70,0987b974-011e-4e2e-9c59-8664a6b9981e,8533000,5663cd6caf9946d891f126647483d7c03fa2ef51899122aeaf29a3737624de79,a8ee0f353fd1ed8d15a6789c49155c21-1,https://dandiarchive.s3.amazonaws.com/blobs/098/7b9/0987b974-011e-4e2e-9c59-8664a6b9981e,2022-11-06T23:00:12.448526Z,2022-11-08T17:56:40.355099Z
sub-HJ-FP-M3/sub-HJ-FP-M3_ses-Day5.nwb,95385d7d-3799-46df-9785-b9a0745041f7,cc4cdf2a-1598-4e04-9117-64c9f1a7c299,7067720,684144a8c2fbd6f7c3d1b151d65ec21b50b6512a511a8f69971ee9ba33ffb40e,460ab8838f39e7e87abb0a7e9dcfc724-1,https://dandiarchive.s3.amazonaws.com/blobs/cc4/cdf/cc4cdf2a-1598-4e04-9117-64c9f1a7c299,2022-11-06T23:00:13.714018Z,2022-11-08T17:56:40.814411Z
sub-HJ-FP-M3/sub-HJ-FP-M3_ses-Day59-8s.nwb,9b322bc7-c659-4413-8c51-dcd8c0d0955f,099fa901-6783-4d27-8ecd-569bf41fba1d,24439272,050b414c993043637ddd41cc1b9adedeb3962474d8b345e6ae046df4445e2027,bf229e90351e61b7aebe527d6556dbf0-1,https://dandiarchive.s3.amazonaws.com/blobs/099/fa9/099fa901-6783-4d27-8ecd-569bf41fba1d,2022-11-06T23:00:14.631938Z,2022-11-08T17:56:41.254925Z
sub-HJ-FP-M3/sub-HJ-FP-M3_ses-Day6.nwb,a8b27108-a1f4-42f5-a81a-f327e1889274,dc923855-95d7-4ce2-9724-5efb45c41952,6517896,8e76de0559b8994a3bf0459317e3c52e7482784a88c56305746fadfe66701da5,607ab8760824ed37b0c23acb5dd542d9-1,https://dandiarchive.s3.amazonaws.com/blobs/dc9/238/dc923855-95d7-4ce2-9724-5efb45c41952,2022-11-06T23:00:53.918195Z,2022-11-08T17:56:41.259783Z
sub-HJ-FP-M3/sub-HJ-FP-M3_ses-Day60.nwb,2746f962-b49e-433e-89b8-34756e49ff57,019abf0d-3097-4a41-ae90-1ce0f1a07df2,22057768,9675b85959c906aec4f05e7d2569cbfef0401909a051368b5ceade58a28ccfdd,41b59efa1c76252bdcdf2b1b398712a9-1,https://dandiarchive.s3.amazonaws.com/blobs/019/abf/019abf0d-3097-4a41-ae90-1ce0f1a07df2,2022-11-06T23:01:05.925654Z,2022-11-08T17:56:41.461974Z
sub-HJ-FP-M3/sub-HJ-FP-M3_ses-Day61-extinction.nwb,c57bab9a-c63f-44a4-8a58-ca1900ec2fdf,52482617-235a-4121-9e0a-e77930fd8d2e,22267864,22a83ce2dcc7ff9288f476aca8b8ee7d7306a091aa54421842f8515deb35ea69,945d68918a0ce9f038443e6e0687a8a1-1,https://dandiarchive.s3.amazonaws.com/blobs/524/826/52482617-235a-4121-9e0a-e77930fd8d2e,2022-11-06T23:01:24.176232Z,2022-11-08T17:56:41.384576Z
sub-HJ-FP-M3/sub-HJ-FP-M3_ses-Day62.nwb,971877b9-91fb-4d41-a562-86b96a9d786e,0b6c6a33-f400-4f68-bca2-e8297f647599,22361096,4195840e632ef5bdaded32762535a8cb8bba401ed7402f7d4e2a895951f41cb0,c7b6f13d15b4046b87619664ad3a620d-1,https://dandiarchive.s3.amazonaws.com/blobs/0b6/c6a/0b6c6a33-f400-4f68-bca2-e8297f647599,2022-11-06T23:01:24.278630Z,2022-11-08T17:56:42.018266Z
sub-HJ-FP-M3/sub-HJ-FP-M3_ses-Day63.nwb,fa4c8199-1cbd-4cbf-98d5-d9b3a15eb0f0,035963d3-35e8-4a3e-ab35-e777ea8f180b,24248376,ee858eb462ae26b65b39d4211fcc589e1524f210a0c9410bcce80433a76fc400,ff869ae3d9646022e02decff74d5e3f0-1,https://dandiarchive.s3.amazonaws.com/blobs/035/963/035963d3-35e8-4a3e-ab35-e777ea8f180b,2022-11-06T23:01:17.160458Z,2022-11-08T17:56:41.872451Z
sub-HJ-FP-M3/sub-HJ-FP-M3_ses-Day67-Poisson-cue.nwb,4bb99f54-673a-40ba-b9df-a2a1f2005674,8d4df835-8fc9-40f5-8b02-d98638aad9d4,16276968,9d66d09536998fe93970229f351986e3d46b51a7f786f99d48637c62eea17f54,ea57fc723f0b621ead64f629a9d0619c-1,https://dandiarchive.s3.amazonaws.com/blobs/8d4/df8/8d4df835-8fc9-40f5-8b02-d98638aad9d4,2022-11-06T23:01:54.069639Z,2022-11-08T17:56:42.023135Z
sub-HJ-FP-M3/sub-HJ-FP-M3_ses-Day68.nwb,01000faa-daea-4698-8533-818c2e1f2a0d,d86ec5c8-ad4d-437d-b692-9f731eaf8501,14977960,6d561629fbbe77c6fdae3c9741922f9b83a8213564b0e32b45faac445f4b1887,7a941def0e2ed057f99475fb78e2b0c9-1,https://dandiarchive.s3.amazonaws.com/blobs/d86/ec5/d86ec5c8-ad4d-437d-b692-9f731eaf8501,2022-11-06T23:01:57.279635Z,2022-11-08T17:56:41.832770Z
sub-HJ-FP-M3/sub-HJ-FP-M3_ses-Day7.nwb,5a9c70e8-6f90-4880-b43f-2e0a06fb43be,d5db23d7-bf95-4851-9143-0a727d848f5a,6910760,3b13693790f836bf74e8cdc9c0c0028c994bb89ec0eba51cd55fb692e251b1c8,0f5ca63a3bc6ba62f657602618f69f70-1,https://dandiarchive.s3.amazonaws.com/blobs/d5d/b23/d5db23d7-bf95-4851-9143-0a727d848f5a,2022-11-06T23:02:20.675114Z,2022-11-08T17:56:42.100654Z
sub-HJ-FP-M4/sub-HJ-FP-M4_ses-Day1.nwb,049e0e99-8dae-427e-9ed1-b9ee3a06f80c,6ab04c7d-8816-4125-87a3-8fd1525fef68,7655576,c7da7cb2d8115007baeb16ade807ffbf8a3390dc3ab665e0df714836e1954349,7582cc60b6a44eff0fe254644998da6a-1,https://dandiarchive.s3.amazonaws.com/blobs/6ab/04c/6ab04c7d-8816-4125-87a3-8fd1525fef68,2022-11-06T23:02:45.617057Z,2022-11-08T17:56:42.107880Z
sub-HJ-FP-M4/sub-HJ-FP-M4_ses-Day13.nwb,f9962500-e2fa-46ea-a67f-26cc2b0702d8,c7a96dca-135a-47df-92cb-468f2b1c51fa,19074360,d839049ea5df4ae7b11ff3566a85e0e5ce33b4620584a35666a6d2f5ceb7a769,e0331e520db9636b1fa9a52ff9297219-1,https://dandiarchive.s3.amazonaws.com/blobs/c7a/96d/c7a96dca-135a-47df-92cb-468f2b1c51fa,2022-11-06T23:02:47.586517Z,2022-11-08T17:56:43.013895Z
sub-HJ-FP-M4/sub-HJ-FP-M4_ses-Day14.nwb,7e38993a-94f2-407a-8423-6edb241a7edd,3c9a5ce7-5779-483c-a0e5-8b7654f279e6,20331416,6e0b8eb097a5fc4ee9498bc4e9035b6c6da835405dc858a35c92090df543e011,9537e08db909ac575160617f1ddec0a1-1,https://dandiarchive.s3.amazonaws.com/blobs/3c9/a5c/3c9a5ce7-5779-483c-a0e5-8b7654f279e6,2022-11-06T23:02:50.143486Z,2022-11-08T17:56:42.846038Z
sub-HJ-FP-M4/sub-HJ-FP-M4_ses-Day15.nwb,c86f10e8-8682-47e4-97a4-04c2d230e2b1,c7f551b4-ad6c-4bc2-9cdb-f2f2e6e0cdee,18184728,f203ccc22e5a058601a80572896ea3d0b1534d75b5f0bbb19ab13e2ab52da1c1,bf3a356736d98466d8f6b46c0abb11a0-1,https://dandiarchive.s3.amazonaws.com/blobs/c7f/551/c7f551b4-ad6c-4bc2-9cdb-f2f2e6e0cdee,2022-11-06T23:02:54.508090Z,2022-11-08T17:56:42.949333Z
sub-HJ-FP-M4/sub-HJ-FP-M4_ses-Day16.nwb,3d3f0900-f2bb-429f-88ac-3144a3c5b3c7,4fbdf575-8110-4d2f-a12c-3dbf151fff5d,20611304,8ac7a6a9d5cd8eb420419f52a7197c3dcb0bf197b554d211f05b0718ca2dfff4,604eff6f7f4999807a0d1f2f5f62a898-1,https://dandiarchive.s3.amazonaws.com/blobs/4fb/df5/4fbdf575-8110-4d2f-a12c-3dbf151fff5d,2022-11-06T23:03:03.964095Z,2022-11-08T17:56:43.095275Z
sub-HJ-FP-M4/sub-HJ-FP-M4_ses-Day17.nwb,0f538675-12f2-42db-b2f1-f6b106157f3b,8fe8abb8-5b73-4106-b312-6b37b1e2cbc5,20491160,3e8cdb60e387803f4714680002843c9c1c02b03e082614fe13568b8cd694aba8,b55bfc43d83a9cd2f8f7b7116cbf3db4-1,https://dandiarchive.s3.amazonaws.com/blobs/8fe/8ab/8fe8abb8-5b73-4106-b312-6b37b1e2cbc5,2022-11-06T23:03:53.840930Z,2022-11-08T17:56:42.777413Z
sub-HJ-FP-M4/sub-HJ-FP-M4_ses-Day18.nwb,6435ec59-3629-4c41-927d-9bdad5cd94c7,c722e131-c346-479f-b0e1-894eed9c4524,20694424,3d0a0d158720d4a8aef49abf0d834fc813cb0590040661696b968d0a777d5497,dd40735b177f3a547491969bf90b7504-1,https://dandiarchive.s3.amazonaws.com/blobs/c72/2e1/c722e131-c346-479f-b0e1-894eed9c4524,2022-11-06T23:03:54.510194Z,2022-11-08T17:56:43.228847Z
sub-HJ-FP-M4/sub-HJ-FP-M4_ses-Day19.nwb,e9e58bd6-a89a-407e-b3e5-95aea534c950,1376f73e-f672-49b6-a3f3-932612bab56a,20567528,913e95f7e7736a44e181e3ea9d76f4906500e665acde98715405bfbb08569b75,cb28ddced72b35a5650f184e19ff47dc-1,https://dandiarchive.s3.amazonaws.com/blobs/137/6f7/1376f73e-f672-49b6-a3f3-932612bab56a,2022-11-06T23:03:57.504035Z,2022-11-08T17:56:43.529858Z
sub-HJ-FP-M4/sub-HJ-FP-M4_ses-Day2.nwb,cd426f55-79b1-4266-9c98-cb45137ede08,a51773b4-eaf3-4165-a94b-cab3cd1f8963,6082584,3778d8615091a25bba0c860b4e76855acdfc3d46b56ef4cfe2f9077d4545ed0c,ad62506e00c070658e172977e23a2c39-1,https://dandiarchive.s3.amazonaws.com/blobs/a51/773/a51773b4-eaf3-4165-a94b-cab3cd1f8963,2022-11-06T23:04:01.061378Z,2022-11-08T17:56:43.666223Z
sub-HJ-FP-M4/sub-HJ-FP-M4_ses-Day20.nwb,74bd8158-695e-4352-ba28-2aaba1824570,c5f12298-7c2f-4441-a4f6-4252a27e8a91,20945992,04a5a56d9367080a09f507bdc52ae682f0175d9881035159971bdb5c74015382,fea8b10b47cb4345f0cc93026cbf68ea-1,https://dandiarchive.s3.amazonaws.com/blobs/c5f/122/c5f12298-7c2f-4441-a4f6-4252a27e8a91,2022-11-06T23:04:03.106553Z,2022-11-08T17:56:44.279306Z
sub-HJ-FP-M4/sub-HJ-FP-M4_ses-Day21.nwb,1e734f4b-65da-4195-b48e-b22420ad300e,2a0fd606-2401-4e0c-98e4-06107dfc3520,20529016,6dac1c89f682767512d47b7f5fac9ab8648bf1af3b5a2267d6400629b0af692a,1e8f8e56ba59e2599052a0d69633a97e-1,https://dandiarchive.s3.amazonaws.com/blobs/2a0/fd6/2a0fd606-2401-4e0c-98e4-06107dfc3520,2022-11-06T23:04:54.934928Z,2022-11-08T17:56:43.864833Z
sub-HJ-FP-M4/sub-HJ-FP-M4_ses-Day22.nwb,744bf22a-ec2d-4287-9089-9240dfaa2144,6541bd9d-3d19-44ea-a40a-719a70a38467,20348440,24ecdf71d9a47c3993af9a5c86334110772895f1ee31c7fd2b2ec0c2e0267e56,8b98d5ca6df0bade53b3a33c7c6282e5-1,https://dandiarchive.s3.amazonaws.com/blobs/654/1bd/6541bd9d-3d19-44ea-a40a-719a70a38467,2022-11-06T23:04:53.882332Z,2022-11-08T17:56:44.139351Z
sub-HJ-FP-M4/sub-HJ-FP-M4_ses-Day23.nwb,2ef99556-97cc-4b15-8b62-75acbed50ccf,27abc424-6600-469a-8093-c22ab4d3013c,20705032,6d517efe182c8a2049ed963acd9d787d29094eec3e765a0781b02117129530df,914b879104d61fbe8ca1ce23e1db10aa-1,https://dandiarchive.s3.amazonaws.com/blobs/27a/bc4/27abc424-6600-469a-8093-c22ab4d3013c,2022-11-06T23:05:04.014215Z,2022-11-08T17:56:44.806135Z
sub-HJ-FP-M4/sub-HJ-FP-M4_ses-Day24.nwb,026d215a-3d19-4917-918e-eb612c7d1ad4,771d390b-0878-4629-8a1b-f6b0517e0483,20571704,e6430de9f420777f2aa8b3dc68a8e6c471c94b6e025c3e9ea09a6440d7a847f7,162a5277ae51a169cceb1835c40f5a30-1,https://dandiarchive.s3.amazonaws.com/blobs/771/d39/771d390b-0878-4629-8a1b-f6b0517e0483,2022-11-06T23:05:04.859495Z,2022-11-08T17:56:44.344603Z
sub-HJ-FP-M4/sub-HJ-FP-M4_ses-Day25-learned.nwb,389969a0-c006-44e3-988e-a008c401b7a1,8995ec81-4e79-4d47-8963-818201095648,22240696,d6d538b4c4a5c0affb4acdb00a7c3f0de3a5831ec68601dab1aafddce963134d,90025cd073c5f0b48c501809fdda053f-1,https://dandiarchive.s3.amazonaws.com/blobs/899/5ec/8995ec81-4e79-4d47-8963-818201095648,2022-11-06T23:05:03.212730Z,2022-11-08T17:56:44.234132Z
sub-HJ-FP-M4/sub-HJ-FP-M4_ses-Day26.nwb,749d4134-2cf0-4eb1-9239-bd8c7f27d432,0fa90612-a94f-4b7c-b577-92896cae81f9,18933912,80c0421370137cee4455b82624de3c57b9bb634dc007f37cf1911cfec48c334b,a6d89992de06c6576399fe78ee4dabc0-1,https://dandiarchive.s3.amazonaws.com/blobs/0fa/906/0fa90612-a94f-4b7c-b577-92896cae81f9,2022-11-06T23:05:47.514066Z,2022-11-08T17:56:44.993575Z
sub-HJ-FP-M4/sub-HJ-FP-M4_ses-Day27.nwb,1d253088-04f4-4d8a-99c1-41c06bf888eb,9d60273b-2be0-4eaf-8a89-bdb2ba60180f,23141928,0c5e7add82cafb6b3ad7922fa760dd010592de50460211aac62ed18e9ceda8be,93d89aea043c7103d6cb84da70ed35f4-1,https://dandiarchive.s3.amazonaws.com/blobs/9d6/027/9d60273b-2be0-4eaf-8a89-bdb2ba60180f,2022-11-06T23:05:47.593342Z,2022-11-08T17:56:44.946137Z
sub-HJ-FP-M4/sub-HJ-FP-M4_ses-Day28.nwb,1158a7ef-b637-432b-a29a-16618366b62f,d256bed6-5c34-4a6a-8783-a9a7c681d748,22502200,44e23f73b400afff683be44207f50fd5d422a84e2e60637224fe65952c0a37e8,b912f038fa161e59faddd932c56b306e-1,https://dandiarchive.s3.amazonaws.com/blobs/d25/6be/d256bed6-5c34-4a6a-8783-a9a7c681d748,2022-11-06T23:05:58.096099Z,2022-11-08T17:56:45.940788Z
sub-HJ-FP-M4/sub-HJ-FP-M4_ses-Day29.nwb,03afe06b-ed3a-4607-b13a-47dad07065b9,be95560f-6034-4f9e-9de3-4269ad500776,20902520,1811d8078e846818a40fafd704af99ee74edaf764feaf2c8df238bdb25f2cebc,587ab466c9a56dc6d4f8e4cb6637aea7-1,https://dandiarchive.s3.amazonaws.com/blobs/be9/556/be95560f-6034-4f9e-9de3-4269ad500776,2022-11-06T23:06:53.847205Z,2022-11-08T17:56:45.159427Z
sub-HJ-FP-M4/sub-HJ-FP-M4_ses-Day3.nwb,e5731a9f-7679-4d35-886d-c2d2f92e0e4f,7963d006-283a-4dfd-b19b-704a33b0c42c,6553736,a1d731933d1de4e304121cac108d9b75945a672740063189a49593634281f902,5bd4e433d77386695efdcc2e8eb069ee-1,https://dandiarchive.s3.amazonaws.com/blobs/796/3d0/7963d006-283a-4dfd-b19b-704a33b0c42c,2022-11-06T23:06:18.456162Z,2022-11-08T17:56:44.688895Z
sub-HJ-FP-M4/sub-HJ-FP-M4_ses-Day31.nwb,bc01a639-8371-4e37-8d0a-67475c87b30b,27120a4f-478d-4d70-8339-732d21ad3384,19489816,1d34eca775fb1f6371424e3092f771702c253bb4868308755c4b4c92ab245522,8e18dde9d1960bc5b54898708dd481f2-1,https://dandiarchive.s3.amazonaws.com/blobs/271/20a/27120a4f-478d-4d70-8339-732d21ad3384,2022-11-06T23:07:23.522892Z,2022-11-08T17:56:45.770497Z
sub-HJ-FP-M4/sub-HJ-FP-M4_ses-Day32-8s.nwb,0c198c33-ddd4-4aae-8848-32d2e1d58589,ce1a6db7-7939-4005-b906-49015992c012,28052376,f4842bd16eff292f885a91b95d326326ef4cd9bcf427267dce7d28f36ac5634b,a38ec574c1e55d65208927608b1faf94-1,https://dandiarchive.s3.amazonaws.com/blobs/ce1/a6d/ce1a6db7-7939-4005-b906-49015992c012,2022-11-06T23:07:31.989403Z,2022-11-08T17:56:46.317026Z
sub-HJ-FP-M4/sub-HJ-FP-M4_ses-Day33.nwb,c966e4dd-3e04-4f16-bfc0-46f71ea2cca4,c4752d33-6b9c-4ccd-8925-6498065b7f42,25702360,1e171045f92ba3b0913b99e51d5d864d7dd33c0f74f0e8a77aa5bf3f4d39a262,abb72d77810d946fd775edf10ae007f6-1,https://dandiarchive.s3.amazonaws.com/blobs/c47/52d/c4752d33-6b9c-4ccd-8925-6498065b7f42,2022-11-06T23:07:24.606303Z,2022-11-08T17:56:45.723306Z
sub-HJ-FP-M4/sub-HJ-FP-M4_ses-Day34.nwb,191c874b-d82d-4e07-b07c-8916a933ff29,d17bbbd3-5bce-419b-8a34-195bd4701299,24955912,00b3801588a2cd41d03a38760b5505af60876113e127cf365625f6d107a9d1ec,9d679cfdbcc86d91ee32d9db78bc6963-1,https://dandiarchive.s3.amazonaws.com/blobs/d17/bbb/d17bbbd3-5bce-419b-8a34-195bd4701299,2022-11-06T23:07:52.331103Z,2022-11-08T17:56:46.669769Z
sub-HJ-FP-M4/sub-HJ-FP-M4_ses-Day35.nwb,56480ced-f740-4a70-af42-3d84541e9400,72b6b497-8248-4f35-a48f-2f8515984dc1,28047752,05f10ba5353317dc8d5178526a4e40390088ca088533bd6c85215cb9bfeec449,407bc0e7973263cfaa59bd9aa268adb4-1,https://dandiarchive.s3.amazonaws.com/blobs/72b/6b4/72b6b497-8248-4f35-a48f-2f8515984dc1,2022-11-06T23:07:49.530833Z,2022-11-08T17:56:46.009303Z
sub-HJ-FP-M4/sub-HJ-FP-M4_ses-Day36.nwb,b34a73c8-b5dd-41b7-86fd-51d709757c49,9dddbb8d-8ae1-421a-8e04-01eaa96770be,24950664,0977b753dd9a9d634d59575038b2629a1af15abb60740589e41e8e111f5328e7,e74c20462225de50878550f8efbcad96-1,https://dandiarchive.s3.amazonaws.com/blobs/9dd/dbb/9dddbb8d-8ae1-421a-8e04-01eaa96770be,2022-11-06T23:08:34.156130Z,2022-11-08T17:56:47.576543Z
sub-HJ-FP-M4/sub-HJ-FP-M4_ses-Day37.nwb,d5d5efb7-50e2-4799-8bbb-cc93e9b5f6dc,87c7d79c-9de0-4086-bd91-0c2853bfbd55,25200328,b19045e0cb9e00d9d52db30c96d8128340bf899772dabfbd4d0b779dd52c70e6,dea4a5ce9115d029797f0d1b9431d5cf-1,https://dandiarchive.s3.amazonaws.com/blobs/87c/7d7/87c7d79c-9de0-4086-bd91-0c2853bfbd55,2022-11-06T23:08:33.162168Z,2022-11-08T17:56:47.178467Z
sub-HJ-FP-M4/sub-HJ-FP-M4_ses-Day39.nwb,baa3c14d-5a4d-433b-a3cb-be9e06d5e1a0,a1b4a27a-0adb-408b-b518-695ddc9be653,10998008,5e32cc586ff5c9183fdfb75c29dce5bfea28085a33c51253ad48793933bf9eff,2859ad3f5d209c948b08e7e82bb470e6-1,https://dandiarchive.s3.amazonaws.com/blobs/a1b/4a2/a1b4a27a-0adb-408b-b518-695ddc9be653,2022-11-06T23:08:34.203603Z,2022-11-08T17:56:46.603639Z
sub-HJ-FP-M4/sub-HJ-FP-M4_ses-Day4.nwb,3730b7e8-dcda-4572-919f-4d1eab17b1ae,7bef02a3-7576-4ae1-b38a-9ea147f8719a,6903912,6e29f00849b963ec1350ce39aea0983bc519c93ad7ff555f15cb9df80e489c7b,20826ea5142e12a38f8ecc1b7ec1b6ce-1,https://dandiarchive.s3.amazonaws.com/blobs/7be/f02/7bef02a3-7576-4ae1-b38a-9ea147f8719a,2022-11-06T23:08:46.600757Z,2022-11-08T17:56:46.893615Z
sub-HJ-FP-M4/sub-HJ-FP-M4_ses-Day40.nwb,c3445df3-8080-4f43-9c35-4e8323fcc62a,55f27724-18b3-4fec-8a4d-fff4fbff793d,11412904,c5f397492e52c757075af16faa4d5248be96cb78907ba8f24a286a768f06d761,d0d282fca6432d9f6a2a359e132ea287-1,https://dandiarchive.s3.amazonaws.com/blobs/55f/277/55f27724-18b3-4fec-8a4d-fff4fbff793d,2022-11-07T18:58:28.631960Z,2022-11-08T18:06:02.806532Z
sub-HJ-FP-M4/sub-HJ-FP-M4_ses-Day41.nwb,0f22d9f6-62ee-42c9-8db1-c3b4ee2dcfbf,604f5e4c-baec-4376-9dd4-190feff3fb8f,9776920,cb3d2988a2c8733a5d312bd801a982bcb09b7eb0750631a68fcfc95002d983b5,0eb921b27356b2e64937fd629e7d3874-1,https://dandiarchive.s3.amazonaws.com/blobs/604/f5e/604f5e4c-baec-4376-9dd4-190feff3fb8f,2022-11-06T23:09:37.164675Z,2022-11-08T17:56:47.151643Z
sub-HJ-FP-M4/sub-HJ-FP-M4_ses-Day42.nwb,f2c175db-677c-43ac-b284-1df5ce9efb88,7d6e31f0-50f3-4f84-95fe-42f19bd3eb69,11259256,8f980bd679e186d0d0f2752547a42928866e79e74b55363a3326df2e1e04b859,ce2a091bc4f32b7b2b468a3ecbfd5a82-1,https://dandiarchive.s3.amazonaws.com/blobs/7d6/e31/7d6e31f0-50f3-4f84-95fe-42f19bd3eb69,2022-11-06T23:09:48.228839Z,2022-11-08T17:56:47.146105Z
sub-HJ-FP-M4/sub-HJ-FP-M4_ses-Day43.nwb,dc3e7fda-be79-4f51-b87b-075b9d41d1fc,82c95928-e3f7-4cc7-a80a-5f9a8cdf32b9,10800616,c89b9befa3e5a85918a5066c67e38d184c7a4087de076f53cdb583eebf393b2d,829c689990a19cac15b204762bd608f1-1,https://dandiarchive.s3.amazonaws.com/blobs/82c/959/82c95928-e3f7-4cc7-a80a-5f9a8cdf32b9,2022-11-06T23:09:49.136907Z,2022-11-08T17:56:47.652440Z
sub-HJ-FP-M4/sub-HJ-FP-M4_ses-Day44.nwb,79759396-c508-478b-9d1a-be7deeba7b37,65fcc429-3e8d-4c74-8834-8fbc2a79b8a1,11374824,a30e8e875f5944c7c3e786ac375830f5288166672d420362497427ab3b1bb54b,844994267f3e2ebaed374e51283cf8fe-1,https://dandiarchive.s3.amazonaws.com/blobs/65f/cc4/65fcc429-3e8d-4c74-8834-8fbc2a79b8a1,2022-11-06T23:09:49.544466Z,2022-11-08T17:56:47.516085Z
sub-HJ-FP-M4/sub-HJ-FP-M4_ses-Day45.nwb,9d803695-259f-49b9-9bc0-bd603818931d,57fa28b5-c104-426b-bd9c-0663f95b150c,11527656,ae1120fb3aa10ac69c412d94cf41bf30359ce64ff6b63cec49666ef6a819c8d0,f85be72184f5cab2be63ea17310b8aa3-1,https://dandiarchive.s3.amazonaws.com/blobs/57f/a28/57fa28b5-c104-426b-bd9c-0663f95b150c,2022-11-06T23:09:49.594483Z,2022-11-08T17:56:47.679544Z
sub-HJ-FP-M4/sub-HJ-FP-M4_ses-Day46.nwb,315e7e38-068d-43b3-b36c-2f8a1c8ba7dc,12997001-0b2b-48c0-9385-3b1363974296,11412456,eceb378ba8e80b609fd0f81f847ecb146780a200c3f158bce8a35acba116c90c,1341536e24aca1ac5931872c2981b33b-1,https://dandiarchive.s3.amazonaws.com/blobs/129/970/12997001-0b2b-48c0-9385-3b1363974296,2022-11-06T23:10:34.232700Z,2022-11-08T17:56:47.989213Z
sub-HJ-FP-M4/sub-HJ-FP-M4_ses-Day47.nwb,17840025-135f-491a-baaa-678d1514625a,3d59fe1d-097c-48f8-93c0-27be92a9be0a,11601544,08d23fd255f9897ad5f5e4529c64e1332aedbd5ff08eac8a6ae83ce970715938,61a44a45f72ee0101c22de0227df5bc7-1,https://dandiarchive.s3.amazonaws.com/blobs/3d5/9fe/3d59fe1d-097c-48f8-93c0-27be92a9be0a,2022-11-06T23:10:53.257646Z,2022-11-08T17:56:48.165838Z
sub-HJ-FP-M4/sub-HJ-FP-M4_ses-Day5.nwb,b868da48-c419-4642-813f-768f45226f70,9d59ef75-0fdd-4d4c-8aef-892bb2e5dcef,7057288,76d3f93beb003e15be91ef3fb3d687c9920c24791f1e670d046273104b6a806e,872d4456f2df0cdb1533b0c2bc1c3310-1,https://dandiarchive.s3.amazonaws.com/blobs/9d5/9ef/9d59ef75-0fdd-4d4c-8aef-892bb2e5dcef,2022-11-06T23:10:55.420119Z,2022-11-08T17:56:48.592787Z
sub-HJ-FP-M4/sub-HJ-FP-M4_ses-Day6.nwb,2f0e6028-8d19-4406-8859-a60f0487f8e1,cc63f789-c37f-4c3f-8230-64ff7d5bda54,6083704,583dbc0351c8de313cbdd5e3fc008cf18f7225c9c3653c2c87fc414fc04398b3,e80ce16c82321cc7c396382a33db0aca-1,https://dandiarchive.s3.amazonaws.com/blobs/cc6/3f7/cc63f789-c37f-4c3f-8230-64ff7d5bda54,2022-11-06T23:11:00.832367Z,2022-11-08T17:56:48.012724Z
sub-HJ-FP-M4/sub-HJ-FP-M4_ses-Day64-8s.nwb,32499d49-9a55-49d4-ad07-16ff45cbe3bd,05a960bd-657d-46fe-a422-b829a8a624c1,23587688,0c39d906a76c038338654c8d668f77ca3e701cc4369d867dda620be000cb2115,4297eb4197d1847727815e2951f6b12f-1,https://dandiarchive.s3.amazonaws.com/blobs/05a/960/05a960bd-657d-46fe-a422-b829a8a624c1,2022-11-06T23:11:03.162676Z,2022-11-08T17:56:48.350621Z
sub-HJ-FP-M4/sub-HJ-FP-M4_ses-Day65.nwb,c81a69f0-bdb1-47b4-a6a2-edc2c96d4c85,6256bf00-affa-4fdc-a349-494ca12cce00,22409976,5f426a6ee80753dce8b49a7d06a78ac9716d8bd4250358ab9389f7621983460c,477ee7b1c54ba40fc5197150c48c0721-1,https://dandiarchive.s3.amazonaws.com/blobs/625/6bf/6256bf00-affa-4fdc-a349-494ca12cce00,2022-11-06T23:11:44.005156Z,2022-11-08T17:56:48.983654Z
sub-HJ-FP-M4/sub-HJ-FP-M4_ses-Day66-extinction.nwb,74529deb-8289-49d6-8457-8b9a023536f9,0100b938-3437-4663-b464-fe6004d3730a,21762776,048a3c56851e5cd6507505d10174f4903589beeeafe21911fc65f90e7afbf37f,744e91f7b182f52f65f2c4a02bd7348f-1,https://dandiarchive.s3.amazonaws.com/blobs/010/0b9/0100b938-3437-4663-b464-fe6004d3730a,2022-11-06T23:11:57.557803Z,2022-11-08T17:56:48.767632Z
sub-HJ-FP-M4/sub-HJ-FP-M4_ses-Day67.nwb,7a5369e8-a7b1-47b4-b665-9bfc77e1a7cd,51e16205-0c1c-4e09-b548-7470a1c7fd9f,25462520,49f81625332767efbd7b7490b00b1334ad97333b1c3fbe1b7a5a7b4b072c613a,f55848517d516923d99ac6a3c392f0ff-1,https://dandiarchive.s3.amazonaws.com/blobs/51e/162/51e16205-0c1c-4e09-b548-7470a1c7fd9f,2022-11-06T23:12:01.363452Z,2022-11-08T17:56:48.819246Z
sub-HJ-FP-M4/sub-HJ-FP-M4_ses-Day7.nwb,9ace8150-8ffd-4efa-808f-457b09e0a50b,7f0e8c5a-6c93-4d79-b7a5-d2c35ec9fbfa,6499528,bcca26496c62141ecbae474ddf0210fd335262024c97d968b594facf6561ab34,df6499bd5424d801bbb82be1dea9a4fb-1,https://dandiarchive.s3.amazonaws.com/blobs/7f0/e8c/7f0e8c5a-6c93-4d79-b7a5-d2c35ec9fbfa,2022-11-06T23:12:06.488670Z,2022-11-08T17:56:48.782462Z
sub-HJ-FP-M4/sub-HJ-FP-M4_ses-Day70-Poisson-cue.nwb,85d4580c-6dbc-4ac8-9121-a56657abffe5,a7f75192-dc8a-4aca-8508-fde46a580f23,14563624,be0f8727789c9a2cd93588dde2d368a9eb63275f0bcae056d50675411f73001b,873f75d534dd194e74390d5386f57fe2-1,https://dandiarchive.s3.amazonaws.com/blobs/a7f/751/a7f75192-dc8a-4aca-8508-fde46a580f23,2022-11-06T23:12:06.785851Z,2022-11-08T17:56:49.426593Z
sub-HJ-FP-M4/sub-HJ-FP-M4_ses-Day71.nwb,8e869441-5688-42ac-9360-f154fc365849,35053cab-5422-4f3d-86ff-2d1db2280943,13964056,d9431186cd8d13c6b478eed9f513454bee90d5ede179128c5150db3c5efb7312,61431790d9105914155114cb1c41b957-1,https://dandiarchive.s3.amazonaws.com/blobs/350/53c/35053cab-5422-4f3d-86ff-2d1db2280943,2022-11-06T23:12:44.023810Z,2022-11-08T17:56:49.207115Z
sub-HJ-FP-M4/sub-HJ-FP-M4_ses-Day72.nwb,2f81a54f-11f6-486a-b62c-f3a2581b8280,302c807f-a42e-4b84-b232-985a045e6d72,17579192,f399bbd552f8514e2be7fbd54006566c4aede0022f3eedf853fb32711c5ef2ed,7c68aff5d78b1e40404159ca373e1e46-1,https://dandiarchive.s3.amazonaws.com/blobs/302/c80/302c807f-a42e-4b84-b232-985a045e6d72,2022-11-06T23:13:00.612125Z,2022-11-08T17:56:49.295874Z
sub-HJ-FP-M4/sub-HJ-FP-M4_ses-Day8.nwb,3fff28d2-3624-4bd2-8d89-48ba599c2b49,92085eb0-df7a-4f4a-b9cf-e142e37b7ce5,8514552,573194facd6045cf554429ffa74954da5fdcfd1cee5f1882533918cc79ac291c,745a544d0bf13fa47bc1a49515f716c4-1,https://dandiarchive.s3.amazonaws.com/blobs/920/85e/92085eb0-df7a-4f4a-b9cf-e142e37b7ce5,2022-11-06T23:13:02.617777Z,2022-11-08T17:56:49.432834Z
sub-HJ-FP-M6/sub-HJ-FP-M6_ses-Day1.nwb,271ed406-074b-4497-b119-beaf5b888f1e,07c0e45f-fa9a-4f00-afec-92f70211f312,3791976,2a6e5c43e8c9b72ee4ee6739a7312da9b1546ac3e03c58054aa87570a5b13862,1da046053ea259f25136678dd37b0cea-1,https://dandiarchive.s3.amazonaws.com/blobs/07c/0e4/07c0e45f-fa9a-4f00-afec-92f70211f312,2022-11-06T23:13:18.998710Z,2022-11-08T17:56:49.377636Z
sub-HJ-FP-M6/sub-HJ-FP-M6_ses-Day10.nwb,68178b73-f1f8-4523-8817-f89acdfe6a42,6fcb3c7a-4b3d-4bc6-9542-f3ff6e0c2972,18649384,1e9474a5cb6de7ca39de3cf85b5a9e906c1b45068c10807f29510a426dbeba3d,45e3f45cbe7a4bc0b457f75cedc35f28-1,https://dandiarchive.s3.amazonaws.com/blobs/6fc/b3c/6fcb3c7a-4b3d-4bc6-9542-f3ff6e0c2972,2022-11-06T23:13:20.769957Z,2022-11-08T17:56:50.019618Z
sub-HJ-FP-M6/sub-HJ-FP-M6_ses-Day11.nwb,bbbefb45-6f6f-4655-b98f-bbed517ffe49,64b7e2ad-9837-444e-a32b-e1af7cecd925,18352840,cb3dd2d0649fc9d20b36ad8cd2c139fe4beac7a1e38c91b79f354e866b459e24,227e6be4fbef62e0cb73fd47ba4b11aa-1,https://dandiarchive.s3.amazonaws.com/blobs/64b/7e2/64b7e2ad-9837-444e-a32b-e1af7cecd925,2022-11-06T23:13:45.938182Z,2022-11-08T17:56:49.912811Z
sub-HJ-FP-M6/sub-HJ-FP-M6_ses-Day12-learned.nwb,c546cb94-8efb-4e09-96b9-cf3a7bbbb0ac,d3ba083c-8860-494d-8526-446f1ecc0343,20677512,801fe6c9cd61fb66d1db789cb6cbfd328dd26b49e513469d13ccb410768d6023,64352283dd29991e9117fc6f0d3faff1-1,https://dandiarchive.s3.amazonaws.com/blobs/d3b/a08/d3ba083c-8860-494d-8526-446f1ecc0343,2022-11-06T23:14:10.361474Z,2022-11-08T17:56:50.391558Z
sub-HJ-FP-M6/sub-HJ-FP-M6_ses-Day13.nwb,6023cc6a-8f5c-4a73-b63d-1276352f25d0,1d6ea3f8-4615-4ff6-a0d9-e3cde31e55c9,19389688,01bcb23d8b6236bbfe55b852f08d33e6f6221f1ed82789e65633bb9ebbeb3664,c30b50d3a18ffa2f107f9af57a70e77c-1,https://dandiarchive.s3.amazonaws.com/blobs/1d6/ea3/1d6ea3f8-4615-4ff6-a0d9-e3cde31e55c9,2022-11-06T23:14:10.747664Z,2022-11-08T17:56:50.738941Z
sub-HJ-FP-M6/sub-HJ-FP-M6_ses-Day14.nwb,613fc4a9-2512-4997-a8bd-0f6035201e40,32702b6c-e01b-4949-ae70-10013682d30d,20127512,eb72055f099278c852a4760e1b18aca992bff7ba6717e033ecb1c6913143d079,a31f1f66cbd9fd2797f04af5e8196616-1,https://dandiarchive.s3.amazonaws.com/blobs/327/02b/32702b6c-e01b-4949-ae70-10013682d30d,2022-11-06T23:14:19.611867Z,2022-11-08T17:56:50.144978Z
sub-HJ-FP-M6/sub-HJ-FP-M6_ses-Day15.nwb,ec9e1ff8-0acc-46a9-a802-54aea5ae91d5,c48e0494-b5c2-442f-9096-9317f6d22bea,21840456,6c261ddae19b6f757990711bc146be9df4e780a21c88a715cdd6ad52815df06d,fde5a02720140a9f74687419c2af4a03-1,https://dandiarchive.s3.amazonaws.com/blobs/c48/e04/c48e0494-b5c2-442f-9096-9317f6d22bea,2022-11-06T23:14:19.834891Z,2022-11-08T17:56:50.499754Z
sub-HJ-FP-M6/sub-HJ-FP-M6_ses-Day16.nwb,69a2bb2f-d503-45bd-bf94-c13b51745c57,6fee3c5e-5959-4770-ba6a-d0a5785ef368,19941480,cd55ed8add56fbe3713b723fa77f28116715f8ffc1776a28dab8b735a49f1d9f,e63f0760a2ef39bc05ee72ebe9ee12c2-1,https://dandiarchive.s3.amazonaws.com/blobs/6fe/e3c/6fee3c5e-5959-4770-ba6a-d0a5785ef368,2022-11-06T23:14:34.733597Z,2022-11-08T17:56:50.703712Z
sub-HJ-FP-M6/sub-HJ-FP-M6_ses-Day17.nwb,83bb336c-ce5c-42d2-b75d-46c3ddf10a36,560145b3-3026-452f-b593-852b0c7a05b0,21030728,42835d705835249695d1542ef248d1c6bc5a599d51ad9e6bb5abf2ce25de9327,727b941f70ff7ca21e5e8e95642c1944-1,https://dandiarchive.s3.amazonaws.com/blobs/560/145/560145b3-3026-452f-b593-852b0c7a05b0,2022-11-06T23:15:17.905862Z,2022-11-08T17:56:50.979075Z
sub-HJ-FP-M6/sub-HJ-FP-M6_ses-Day18.nwb,a847b4fd-470d-4c89-a640-cb11a9dc4d70,4ca8b41a-7c3f-4ee1-8c3f-fcde9fa16659,18022168,6f016558cb24a3d4e3d98ab0ee7769dffd7e52951b23526d0bc2b51414ddd555,d7aeaac179c98077e9da68f11c6aa873-1,https://dandiarchive.s3.amazonaws.com/blobs/4ca/8b4/4ca8b41a-7c3f-4ee1-8c3f-fcde9fa16659,2022-11-06T23:15:23.993252Z,2022-11-08T17:56:51.083021Z
sub-HJ-FP-M6/sub-HJ-FP-M6_ses-Day19-8s.nwb,52353edf-876f-437d-b1ee-17827ae9eade,07cfe604-d8d2-4d5a-ba9b-23f912b106c5,23526120,d78d995a03e145241a980f66273efa8086ee011e5db95e1c35fe7ca9f581ea46,e9ca7275c02738b8fec45aa6312197ef-1,https://dandiarchive.s3.amazonaws.com/blobs/07c/fe6/07cfe604-d8d2-4d5a-ba9b-23f912b106c5,2022-11-06T23:15:21.443648Z,2022-11-08T17:56:51.203038Z
sub-HJ-FP-M6/sub-HJ-FP-M6_ses-Day2.nwb,42f0f42b-52f0-4e71-a6c0-747ec28d6192,26513698-301b-4f02-a77b-fc0f63bf733e,8330184,7ed7c1482bb996b3fcc60b8b21eb8be85f379d4dbdf11c1abc54af397a807f96,19b3f1db7598a7cddc80c825c1e66a02-1,https://dandiarchive.s3.amazonaws.com/blobs/265/136/26513698-301b-4f02-a77b-fc0f63bf733e,2022-11-06T23:15:27.728187Z,2022-11-08T17:56:51.304491Z
sub-HJ-FP-M6/sub-HJ-FP-M6_ses-Day20.nwb,7f23da82-d91c-4946-a765-c845a5d85f06,a0d8a262-3dfd-4f33-9d16-b384024b82d1,22440936,2e5ad93a9e6f45880a8eba4c38715e41010db74a1e5c55430d3bc433a284ba6f,da01c1c5fdf5cba7d982a30a5d7c96a3-1,https://dandiarchive.s3.amazonaws.com/blobs/a0d/8a2/a0d8a262-3dfd-4f33-9d16-b384024b82d1,2022-11-06T23:15:34.707619Z,2022-11-08T17:56:51.803296Z
sub-HJ-FP-M6/sub-HJ-FP-M6_ses-Day21.nwb,2b120b46-20ae-4843-ad18-fc7cd965d7fd,3dc2dacc-52bc-4eb7-b74f-392837c7036c,24971144,5d14a0635296b0a65039e2f6c62fed82537744aecc6dd459880e8584526a3bbc,e4a27c50faf9f2d9c782430e94d24b58-1,https://dandiarchive.s3.amazonaws.com/blobs/3dc/2da/3dc2dacc-52bc-4eb7-b74f-392837c7036c,2022-11-06T23:16:19.858125Z,2022-11-08T17:56:51.616585Z
sub-HJ-FP-M6/sub-HJ-FP-M6_ses-Day22.nwb,879f6677-228a-476f-8cb9-be172311421c,9a220a6f-daaf-4ccb-8876-a6cd458132d0,8203032,5fc42eaae3581e60d264a24420d0aaa431bded60ca4b6a0ef34d1a316c317f9a,722ff9ac80b6921fdda95550ec7adeb3-1,https://dandiarchive.s3.amazonaws.com/blobs/9a2/20a/9a220a6f-daaf-4ccb-8876-a6cd458132d0,2022-11-06T23:16:25.937162Z,2022-11-08T17:56:51.585649Z
sub-HJ-FP-M6/sub-HJ-FP-M6_ses-Day23-8s-bgd6s.nwb,2469c10e-251c-4931-8228-f80f63563315,d839450e-e403-4d76-826b-fb655bae641c,11447688,6e8454faac3c56d4ff3d346e4d10a9e02c5adc93dda183f77387bc2d8bde3009,320bd0b1e5f4cd35574e149aff51ad63-1,https://dandiarchive.s3.amazonaws.com/blobs/d83/945/d839450e-e403-4d76-826b-fb655bae641c,2022-11-06T23:16:29.243607Z,2022-11-08T17:56:51.704678Z
sub-HJ-FP-M6/sub-HJ-FP-M6_ses-Day24.nwb,329cc43d-61a9-405a-b9ac-f6bd23497f68,8795d5f7-f9bb-4347-b510-72d2579941a0,9432760,68a773701afa723625deab347a3c2bfdfda2c7a82659ef146115c2f7b0fb4f63,997506c93fef2b3c6ca4895813e6f00a-1,https://dandiarchive.s3.amazonaws.com/blobs/879/5d5/8795d5f7-f9bb-4347-b510-72d2579941a0,2022-11-06T23:16:29.182630Z,2022-11-08T17:56:51.878072Z
sub-HJ-FP-M6/sub-HJ-FP-M6_ses-Day25.nwb,ba664cb7-ee35-4efa-8a9a-65ed34b6fafa,185bcc98-7a65-42fd-95a9-8909aa0128d4,11100728,3c991b4ad575cb9e1251321c134913b480e68781b0c142fd9ae28ad3a9c209f1,2ca6680bacc3269f200a1017b8f94dae-1,https://dandiarchive.s3.amazonaws.com/blobs/185/bcc/185bcc98-7a65-42fd-95a9-8909aa0128d4,2022-11-06T23:16:34.408848Z,2022-11-08T17:56:52.017802Z
sub-HJ-FP-M6/sub-HJ-FP-M6_ses-Day26.nwb,a84b5b56-abcd-4555-8164-9331b0f67cf7,683b4fa9-1431-4204-a894-296d3c89e722,10337032,1aac4d35f3d43afc3182c176a1478521da0bd95ba96ddc21d4725a8fd010ebed,8a66595efcc893e22933e9e72b50a7d0-1,https://dandiarchive.s3.amazonaws.com/blobs/683/b4f/683b4fa9-1431-4204-a894-296d3c89e722,2022-11-06T23:17:21.206861Z,2022-11-08T17:56:52.090664Z
sub-HJ-FP-M6/sub-HJ-FP-M6_ses-Day27.nwb,0fafacd8-a4bc-4887-b4c4-5e5ad2be9394,a406e277-8d67-4482-b8b7-b259c6a6d2e4,10910808,e408a40664c4f455a68881d46d03f1b343d631db8eb7abedfcfbee564dca7f7d,87f93e154e6dd51064a01dd61f8bb173-1,https://dandiarchive.s3.amazonaws.com/blobs/a40/6e2/a406e277-8d67-4482-b8b7-b259c6a6d2e4,2022-11-06T23:17:21.803266Z,2022-11-08T17:56:52.223465Z
sub-HJ-FP-M6/sub-HJ-FP-M6_ses-Day28.nwb,93ff7099-200a-4a9a-932f-ff39fbc7c976,ccf0fc0c-5a1b-40b6-b3d8-b6aa14f2f84b,7738968,489ea1cc1fadfb9c91be359a278ce5490b6ac16f581f87b04d77d4778ea6c1f7,b2fb10d43128a53cbc1a3e7905bf2b8f-1,https://dandiarchive.s3.amazonaws.com/blobs/ccf/0fc/ccf0fc0c-5a1b-40b6-b3d8-b6aa14f2f84b,2022-11-06T23:17:43.144806Z,2022-11-08T17:56:52.594376Z
sub-HJ-FP-M6/sub-HJ-FP-M6_ses-Day29.nwb,a0cab494-9462-41a4-8183-ce7947b93780,f3dc8314-f235-43e2-889b-e722a38aeb18,8705144,58335553948a9477177f9c7b2b856dffd0bf9bd01215adfcb450a4329d7f0045,616cb24f62fd0195a48cbf608d5445a5-1,https://dandiarchive.s3.amazonaws.com/blobs/f3d/c83/f3dc8314-f235-43e2-889b-e722a38aeb18,2022-11-06T23:17:43.225048Z,2022-11-08T17:56:52.429388Z
sub-HJ-FP-M6/sub-HJ-FP-M6_ses-Day3.nwb,8f90720c-583e-4232-a4b0-ba8bbd2451ec,b75cf40f-6a8c-4685-a25b-d4ae6595b21d,6291416,48963b3e1d7f472d6cf87230c22eeff14a22e66503b84de567b803a5549611f1,1a26e63caf428aa6b2318c64dd02d295-1,https://dandiarchive.s3.amazonaws.com/blobs/b75/cf4/b75cf40f-6a8c-4685-a25b-d4ae6595b21d,2022-11-06T23:17:43.746435Z,2022-11-08T17:56:52.358662Z
sub-HJ-FP-M6/sub-HJ-FP-M6_ses-Day30.nwb,2231dee0-8412-4ffd-b629-910fac55cc6d,e1129f7b-57b1-4087-b4d2-6f2295902e86,8844536,ee6023e3c5dcd7f7c29798ec4aaaa244e70164833fbdf768d4f7afcd73024ee1,3a76356f97672cb96c52c7d375fa64bf-1,https://dandiarchive.s3.amazonaws.com/blobs/e11/29f/e1129f7b-57b1-4087-b4d2-6f2295902e86,2022-11-06T23:18:11.868927Z,2022-11-08T17:56:52.688467Z
sub-HJ-FP-M6/sub-HJ-FP-M6_ses-Day4.nwb,c22c89c7-f880-47d0-aae7-f9859c3553fb,ffb2e0b9-d89e-427a-8da4-db6bf16fc72f,6641640,38fd7bba5c10ce1f780ae15ff7afa85b0831b95ca6d90d360395880ea672dbc4,66cfcc7c35b29800fbd5676c1d8a84f6-1,https://dandiarchive.s3.amazonaws.com/blobs/ffb/2e0/ffb2e0b9-d89e-427a-8da4-db6bf16fc72f,2022-11-06T23:18:14.027268Z,2022-11-08T17:56:53.172797Z
sub-HJ-FP-M6/sub-HJ-FP-M6_ses-Day44-8s.nwb,ca4f8217-9050-44df-ae8d-912f9bd0c7dd,16df6352-cf64-4c0f-8893-a878d04eb8f8,19532104,4a0f736d1f472b28705b27ab2b53e19474b67b4efb32d7535a7a191e3e773573,b3fac7030a95b7d612c36ce6d5751526-1,https://dandiarchive.s3.amazonaws.com/blobs/16d/f63/16df6352-cf64-4c0f-8893-a878d04eb8f8,2022-11-06T23:18:53.016415Z,2022-11-08T17:56:52.898632Z
sub-HJ-FP-M6/sub-HJ-FP-M6_ses-Day45.nwb,55a63ded-3499-4d83-a8a5-4bbc98dcaaea,e2de0f8a-0325-47a5-9052-9ade94c091c0,17956760,82e15f16d6ba9e0e8c03df7a252c781e7b5f70796805bf9eba1f4256bd226bb0,545ff5fd951dcab3e0672c461370f041-1,https://dandiarchive.s3.amazonaws.com/blobs/e2d/e0f/e2de0f8a-0325-47a5-9052-9ade94c091c0,2022-11-06T23:18:53.347866Z,2022-11-08T17:56:53.520914Z
sub-HJ-FP-M6/sub-HJ-FP-M6_ses-Day46.nwb,26aa3a06-a3f1-412e-9965-531ed63354e7,654d474a-f09c-4b4c-a063-2aa1bd9b97fe,18203528,2c76b17f2926928d3f9b8e23f7c70d00c525352a0a2808b8dba4335fe3f05de8,657a961c6e13d699cabe74f4c276d5d3-1,https://dandiarchive.s3.amazonaws.com/blobs/654/d47/654d474a-f09c-4b4c-a063-2aa1bd9b97fe,2022-11-06T23:18:53.269181Z,2022-11-08T17:56:53.197968Z
sub-HJ-FP-M6/sub-HJ-FP-M6_ses-Day47-extinction.nwb,55281dd0-9a9b-4879-afc7-678a25fa3c1b,1f7175d5-18b8-4e0d-b251-eafbf28aeb08,17738072,9344a5acc01142afd52cd06e8aec9a321872db2722c2e0e4c8107399b70a1aac,2357c684954c765704e7fff14ee465b9-1,https://dandiarchive.s3.amazonaws.com/blobs/1f7/175/1f7175d5-18b8-4e0d-b251-eafbf28aeb08,2022-11-06T23:19:06.236963Z,2022-11-08T17:56:53.493072Z
sub-HJ-FP-M6/sub-HJ-FP-M6_ses-Day48.nwb,dc8b83de-93b6-4b65-8d80-72ae143948d5,c96e4ef3-559b-4036-bfb5-56298c9eca91,11300296,de78af9158955e6788bfb10e21e7ec3143598a2927f19cb034949e8658539543,be002cb62ff4555a910eef722ab4b568-1,https://dandiarchive.s3.amazonaws.com/blobs/c96/e4e/c96e4ef3-559b-4036-bfb5-56298c9eca91,2022-11-06T23:19:03.464637Z,2022-11-08T17:56:53.356111Z
sub-HJ-FP-M6/sub-HJ-FP-M6_ses-Day5.nwb,d503109d-a1b8-46bf-a4c1-07de6764929e,ab5dfaea-d6da-45ee-8613-6d64fce56704,6412104,828a0a75ac46606f8a657a3d6c49b47861cae6f4cd60a2bcad7a806abb386ae3,2217a013cba2e8aa589f8b722b9b1f4b-1,https://dandiarchive.s3.amazonaws.com/blobs/ab5/dfa/ab5dfaea-d6da-45ee-8613-6d64fce56704,2022-11-06T23:19:54.306121Z,2022-11-08T17:56:54.798958Z
sub-HJ-FP-M6/sub-HJ-FP-M6_ses-Day50.nwb,686dad93-5b67-40ff-b0bd-bf6166faa3b9,1f86e9e5-14fd-48ed-9297-2a081968fe68,19461496,9e28c41251882eef3f1c9c37297c7e90f35f22dad486da767fbb1a713766a289,2a20b9b7c55fbc9dfa0e7413c09bfe85-1,https://dandiarchive.s3.amazonaws.com/blobs/1f8/6e9/1f86e9e5-14fd-48ed-9297-2a081968fe68,2022-11-06T23:19:55.034051Z,2022-11-08T17:56:53.826598Z
sub-HJ-FP-M6/sub-HJ-FP-M6_ses-Day53-Poisson-cue.nwb,b6c45b4b-2c8b-46da-b94c-2c506fdfa2df,f0f35da5-9472-4076-a4c3-484d1a72bd8b,13778376,3a182fdf4491c8cafd0197074a697f068affab9ba516ff1c8019068307f5ef77,7980fb47c3b2f5743fb1eee10b184959-1,https://dandiarchive.s3.amazonaws.com/blobs/f0f/35d/f0f35da5-9472-4076-a4c3-484d1a72bd8b,2022-11-06T23:19:55.087202Z,2022-11-08T17:56:53.893895Z
sub-HJ-FP-M6/sub-HJ-FP-M6_ses-Day54.nwb,ecedfb0c-0a6e-4575-a5d7-4cc5f401d697,7fcc8093-8f39-43f0-8858-8536e2356f82,12177032,acf54399cfae740a90fa3d66f07775609082e0aad5eff82673af06c0acb42c26,5f65ad8c58e05b5a837a8a6b9ed8d741-1,https://dandiarchive.s3.amazonaws.com/blobs/7fc/c80/7fcc8093-8f39-43f0-8858-8536e2356f82,2022-11-06T23:20:05.960510Z,2022-11-08T17:56:53.908871Z
sub-HJ-FP-M6/sub-HJ-FP-M6_ses-Day55.nwb,7ccd0b6b-7969-451f-a038-4635a7c5d86a,80b97109-384b-420d-a7de-6e0cacec0784,12948536,945c4a256ace0dd70abd7d86b4ab9fb31c0f47173e633ac316387cd4e2302e91,c082c6e8e43dafce602211b023e24309-1,https://dandiarchive.s3.amazonaws.com/blobs/80b/971/80b97109-384b-420d-a7de-6e0cacec0784,2022-11-06T23:20:07.181364Z,2022-11-08T17:56:54.405645Z
sub-HJ-FP-M6/sub-HJ-FP-M6_ses-Day6.nwb,024b9286-2cac-44e0-86b7-087eee47a940,466a7323-19e3-4131-8d4d-3561db67e87d,6156856,ac0288931ee0b573e81c14f92492151368af968f839e6dfd56ccf56d1c699fb5,a74359c2192b310870caa9ce0872908c-1,https://dandiarchive.s3.amazonaws.com/blobs/466/a73/466a7323-19e3-4131-8d4d-3561db67e87d,2022-11-06T23:20:57.312555Z,2022-11-08T17:56:54.394461Z
sub-HJ-FP-M6/sub-HJ-FP-M6_ses-Day7.nwb,e84d3685-a631-4c19-8477-f0e24ceb2ced,12fc6093-2f0d-461c-be17-f90b929ca522,20224136,e78a684d9d22cb90c19be5c59feb5c912dadda0748dad6b476e949a1a101f37a,7c4e6a1ad8b5f49525c48ebafcdf19c7-1,https://dandiarchive.s3.amazonaws.com/blobs/12f/c60/12fc6093-2f0d-461c-be17-f90b929ca522,2022-11-06T23:20:56.855636Z,2022-11-08T17:56:54.576350Z
sub-HJ-FP-M6/sub-HJ-FP-M6_ses-Day8.nwb,47da695e-4f78-47bf-a817-202635139040,4c269193-0a96-4838-8de1-cad0e6328cc9,20138888,ef028d9f85289cb1e773da192527ed1db12df487c43fe5105806fcd7ece3bea2,0047f0bd066a86facc074e19a8a4166d-1,https://dandiarchive.s3.amazonaws.com/blobs/4c2/691/4c269193-0a96-4838-8de1-cad0e6328cc9,2022-11-06T23:20:57.410426Z,2022-11-08T17:56:54.472425Z
sub-HJ-FP-M6/sub-HJ-FP-M6_ses-Day9.nwb,7654866a-8d9c-4920-9e0f-436d34d0f671,4bc3fe8d-b16c-46ae-b7c4-d61334495c33,18742776,9dfee3992e16b4327a59b6cd2e324ee8cdb5811a146800745c7172aaa0adfe53,1362e986614511f84bbd0be5e4046be3-1,https://dandiarchive.s3.amazonaws.com/blobs/4bc/3fe/4bc3fe8d-b16c-46ae-b7c4-d61334495c33,2022-11-06T23:21:10.202940Z,2022-11-08T17:56:55.409716Z
sub-HJ-FP-M7/sub-HJ-FP-M7_ses-Day1.nwb,bcfcdc71-a8f2-44c1-a7b4-07173f7cc99f,4ebe4402-94c3-4468-bc5a-14544fab0cb1,8280760,bede25ee4c4fb3c14b11d830806a242ed007236fcd874077e8453aa1fe725650,46cb9f381e1dd56fd777ef7f9f47b7c7-1,https://dandiarchive.s3.amazonaws.com/blobs/4eb/e44/4ebe4402-94c3-4468-bc5a-14544fab0cb1,2022-11-06T23:21:08.975893Z,2022-11-08T17:56:54.883892Z
sub-HJ-FP-M7/sub-HJ-FP-M7_ses-Day10.nwb,1867df3e-cc2d-4c2b-8ba4-a04b16e3e5ef,d35d1d14-057c-4954-8e80-ce8cec3914ea,18622968,517b7e370996d8b74a50a110b48d7dc985b2b4f4140f998bfc55213f7697fea0,a463122d6d55f9bd8ba3d66f72bdb277-1,https://dandiarchive.s3.amazonaws.com/blobs/d35/d1d/d35d1d14-057c-4954-8e80-ce8cec3914ea,2022-11-06T23:21:45.726152Z,2022-11-08T17:56:55.262755Z
sub-HJ-FP-M7/sub-HJ-FP-M7_ses-Day11.nwb,fe7fbc9b-e558-4b50-9908-a903427b3132,4510c4c8-774d-4888-84e7-2b74f69c82ec,18930152,da37074125ad13469201981b871bb78bc70aecc60f65a4cde81b27869f9834ae,245674edfec19dc0cd0b5defd183f6fe-1,https://dandiarchive.s3.amazonaws.com/blobs/451/0c4/4510c4c8-774d-4888-84e7-2b74f69c82ec,2022-11-06T23:22:09.603867Z,2022-11-08T17:56:56.264338Z
sub-HJ-FP-M7/sub-HJ-FP-M7_ses-Day12.nwb,fae6add7-8134-48bf-8451-bd8e2c1c788a,f3b7af09-0458-4e67-b3a7-a8a5445217ce,20053800,a6986bcbd5400ade015f366365559288ff8eae30bad20e2a8c2fb531542f76e6,2bc0200307f80d67fba264c049d9ad2f-1,https://dandiarchive.s3.amazonaws.com/blobs/f3b/7af/f3b7af09-0458-4e67-b3a7-a8a5445217ce,2022-11-06T23:22:08.162575Z,2022-11-08T17:56:55.428065Z
sub-HJ-FP-M7/sub-HJ-FP-M7_ses-Day13.nwb,ddf5fec8-5f9e-427c-979e-496990c583d0,70eea2c2-001a-427c-988d-9c09f2bd0982,17193944,f8f632788982842ad9187b482f338b5b93053d236fcae65933d86b3637640112,0d55d21bf3c1e831b7eee53261d15b0d-1,https://dandiarchive.s3.amazonaws.com/blobs/70e/ea2/70eea2c2-001a-427c-988d-9c09f2bd0982,2022-11-06T23:22:16.189522Z,2022-11-08T17:56:56.106065Z
sub-HJ-FP-M7/sub-HJ-FP-M7_ses-Day14-learned.nwb,f532a8e9-7561-4a9a-8cb2-3db86916a5ad,613719e8-c932-4871-ac8b-609a7d83030a,18967256,9a09d4faa6bd3c8283067e3246154c39ec9bec7e470b68e7e570f86da1789061,e248f82a7517f5e9a768c97c91d40337-1,https://dandiarchive.s3.amazonaws.com/blobs/613/719/613719e8-c932-4871-ac8b-609a7d83030a,2022-11-06T23:22:15.030976Z,2022-11-08T17:56:55.368113Z
sub-HJ-FP-M7/sub-HJ-FP-M7_ses-Day15.nwb,da2e56b6-fc2b-48f9-8885-067a51bb6f5e,75fcb56d-3c57-4962-8ff4-52f263cd5b38,18701896,76a2279cbd3d1996b3ed62d81e1ed34081ba7a0fc4898bec3e16d8a3bea9b2cb,535fa57e4aa314a60613b52b28f0c2f6-1,https://dandiarchive.s3.amazonaws.com/blobs/75f/cb5/75fcb56d-3c57-4962-8ff4-52f263cd5b38,2022-11-06T23:22:25.126293Z,2022-11-08T17:56:56.059289Z
sub-HJ-FP-M7/sub-HJ-FP-M7_ses-Day16.nwb,31d09c7e-3223-4dc3-b46d-ad7d2344052f,d4478661-6fdb-448c-9643-45f72a5766b0,18379848,5d8165a40a96f65e4468710268c0b7e23e13eadb2fc7d91caa0c4abc3798daa8,043ac4e19982989bafd58230bea55fc9-1,https://dandiarchive.s3.amazonaws.com/blobs/d44/786/d4478661-6fdb-448c-9643-45f72a5766b0,2022-11-06T23:23:00.987631Z,2022-11-08T17:56:56.310420Z
sub-HJ-FP-M7/sub-HJ-FP-M7_ses-Day17.nwb,35570dfb-a401-4ae9-a1d9-6bbd78c3579c,b7670035-6759-45fc-9469-9f661cdc3db7,19339336,1a8540cdb61b92af5e8d826a3dcce08120779fc4b56174d9a0bd97c38cef1922,ffa01febe4660b05c53ca69219066516-1,https://dandiarchive.s3.amazonaws.com/blobs/b76/700/b7670035-6759-45fc-9469-9f661cdc3db7,2022-11-06T23:23:22.130919Z,2022-11-08T17:56:56.193972Z
sub-HJ-FP-M7/sub-HJ-FP-M7_ses-Day18.nwb,91b6f432-3510-41e9-a54f-cfd0c5fb70e7,03240818-e723-4544-9c6b-24f1e98a5672,20060344,e278efd2d5fade254f2dd14d145a642916ee50d77679b462f451e0ccbef5007d,3acddf10e072ac2acba8321205a478d2-1,https://dandiarchive.s3.amazonaws.com/blobs/032/408/03240818-e723-4544-9c6b-24f1e98a5672,2022-11-06T23:23:22.420978Z,2022-11-08T17:56:56.572158Z
sub-HJ-FP-M7/sub-HJ-FP-M7_ses-Day19.nwb,90bb1213-dc4e-4e2a-bf7c-01149207aea3,da234abe-027d-49d1-b6fe-bbb360950868,20113864,de9d61a6696d29aecaf963ffef3dc663d437063f3dfebc6bbcaa7ac22b4fa24f,f9da59ab82206962198fb0813d6f92d7-1,https://dandiarchive.s3.amazonaws.com/blobs/da2/34a/da234abe-027d-49d1-b6fe-bbb360950868,2022-11-06T23:23:37.621249Z,2022-11-08T17:56:57.261387Z
sub-HJ-FP-M7/sub-HJ-FP-M7_ses-Day2.nwb,0e826832-927e-4734-8edb-aec89f8e8b47,cf2fbdae-0283-47b9-822e-c2ae3477cd43,8004584,f960ca5222f12d1239e3d1fc4c24cf9360f8d1a22cb32f75086686d48befab53,ab7181aa9dced16c0fd747eefb97f6b3-1,https://dandiarchive.s3.amazonaws.com/blobs/cf2/fbd/cf2fbdae-0283-47b9-822e-c2ae3477cd43,2022-11-06T23:23:30.499930Z,2022-11-08T17:56:56.897685Z
sub-HJ-FP-M7/sub-HJ-FP-M7_ses-Day20-8s.nwb,5a3f4a7b-308d-4b47-9345-5092fb8cf2e5,82dd967e-9d0d-4166-adb9-a667bc8849b7,24949976,80ef8fce3a0c21392c0016b0fd42b9982f069c8a9768ec48cfe67b29fdd1200a,2c1fb8fcfe1f462da0426d5b35555e71-1,https://dandiarchive.s3.amazonaws.com/blobs/82d/d96/82dd967e-9d0d-4166-adb9-a667bc8849b7,2022-11-06T23:23:42.907765Z,2022-11-08T17:56:57.606064Z
sub-HJ-FP-M7/sub-HJ-FP-M7_ses-Day21.nwb,adc5d0d3-a3b9-40be-9ab8-77311cd65511,4a8c29f4-61df-437b-bb8d-71932ae8e86b,25164616,d3f3f4cbc407aa01ccf0c4d5dcc314226b51b7dd82f45b637afb9f9c84cef96a,cd2cbcc5aa1c7e99e73db074fd0d4282-1,https://dandiarchive.s3.amazonaws.com/blobs/4a8/c29/4a8c29f4-61df-437b-bb8d-71932ae8e86b,2022-11-06T23:24:24.297142Z,2022-11-08T17:56:58.069557Z
sub-HJ-FP-M7/sub-HJ-FP-M7_ses-Day22.nwb,45731c15-c91c-4ed7-9a75-1b133209d33b,e0023987-c644-4805-b4b1-cb292a44722e,22910264,b993b6668e8cd44618b3c78211020ec8761896e34faff6e894e96ef6b8581ee6,b246964ffdfb9d0bdacca53ac521d5a0-1,https://dandiarchive.s3.amazonaws.com/blobs/e00/239/e0023987-c644-4805-b4b1-cb292a44722e,2022-11-06T23:24:24.727723Z,2022-11-08T17:56:57.164186Z
sub-HJ-FP-M7/sub-HJ-FP-M7_ses-Day23.nwb,c1512a5c-66df-4608-954a-99c692a402c0,23c6e667-8424-4ef7-ab17-5dbb72065849,25623000,5b7c9acb145a50371fa65f62a80db633e9cc29c275fd77b36cf0e489ee195023,0e9f1ebc5bff2996e22b2e8fc98727b9-1,https://dandiarchive.s3.amazonaws.com/blobs/23c/6e6/23c6e667-8424-4ef7-ab17-5dbb72065849,2022-11-06T23:24:32.557060Z,2022-11-08T17:56:57.775947Z
sub-HJ-FP-M7/sub-HJ-FP-M7_ses-Day24-8s-bgd6s.nwb,721a99e7-40bc-4d39-a6ec-cda5d7367f49,e3900e5a-f06f-4c04-bde7-ae238c442180,12447288,2fdb41bc5315f93d429cfba4c6816d0c0baea309f6b4a61f0be77e071d09844a,7314ff9b3025a57c9393a5d31fcbba5a-1,https://dandiarchive.s3.amazonaws.com/blobs/e39/00e/e3900e5a-f06f-4c04-bde7-ae238c442180,2022-11-06T23:24:33.196396Z,2022-11-08T17:56:57.683451Z
sub-HJ-FP-M7/sub-HJ-FP-M7_ses-Day25.nwb,1848eba4-02cc-404e-8881-64b143c21855,e55e8204-840d-48c2-bc61-0eb47143b65a,9387848,cc8d3e6036921703febe30636d8de4c309db585ec2ddefe346d5159c6f0ae226,c5910e728ae4e36258647b251fa98f09-1,https://dandiarchive.s3.amazonaws.com/blobs/e55/e82/e55e8204-840d-48c2-bc61-0eb47143b65a,2022-11-06T23:24:45.680808Z,2022-11-08T17:56:57.907353Z
sub-HJ-FP-M7/sub-HJ-FP-M7_ses-Day26.nwb,5fd0de89-37a7-4af2-bafa-dc851f057f55,e31e313e-c0c3-42b2-a462-4eb259de9914,10915928,de122823c6286afb5fcbb68e8c85e4ab099394c37b054d192c17912cdffbbde9,87331c5470f6a3b31ef22b960647b145-1,https://dandiarchive.s3.amazonaws.com/blobs/e31/e31/e31e313e-c0c3-42b2-a462-4eb259de9914,2022-11-06T23:25:29.860535Z,2022-11-08T17:56:58.177699Z
sub-HJ-FP-M7/sub-HJ-FP-M7_ses-Day27.nwb,cf5b823c-f3bb-4063-91ae-a088ee2b1f9b,0f662f92-6065-4eca-88e8-65227f9f6f2b,8891480,de680a500446b4a180844945e6ec60cf824bb6e295af3eefbdd1eef2e1bc9a16,f718d02a66ccb603b67c5e91d8ecbac5-1,https://dandiarchive.s3.amazonaws.com/blobs/0f6/62f/0f662f92-6065-4eca-88e8-65227f9f6f2b,2022-11-06T23:25:30.832993Z,2022-11-08T17:56:58.245685Z
sub-HJ-FP-M7/sub-HJ-FP-M7_ses-Day28.nwb,e9c32a82-6902-4feb-84bb-38637907500e,92b5ff46-2aa3-4ecb-b08b-d45d0697ac48,8858168,7c93d370ae0ec8860da38bfe8eb500ffc5e43226f99e1e5b99041f1a008b143a,cd788700f03d2871e46809f3963a5222-1,https://dandiarchive.s3.amazonaws.com/blobs/92b/5ff/92b5ff46-2aa3-4ecb-b08b-d45d0697ac48,2022-11-06T23:25:31.217764Z,2022-11-08T17:56:58.428995Z
sub-HJ-FP-M7/sub-HJ-FP-M7_ses-Day29.nwb,7f362d42-e60e-438a-883c-ba26c15cdf52,f8e16a1a-401a-4562-8848-1eb7bfc79a6e,8654024,628bd1faccd8fe534e04f6dfafa0983aa2d68eae3c184be3555768d89000acd7,9e8e8b0b23454de4e3797993bd56006f-1,https://dandiarchive.s3.amazonaws.com/blobs/f8e/16a/f8e16a1a-401a-4562-8848-1eb7bfc79a6e,2022-11-06T23:25:42.915725Z,2022-11-08T17:56:58.623328Z
sub-HJ-FP-M7/sub-HJ-FP-M7_ses-Day3.nwb,42d95ccb-0921-4ac9-97b8-419951b207f2,453ea9de-41c0-4f0f-944e-db89b3546136,6606616,08f4d535f84619f3d0b4b7650ae69debad2035889d2b486bc6c30a1c6a4994df,202c5d142ca2a7c8eb58512b9cfa6a08-1,https://dandiarchive.s3.amazonaws.com/blobs/453/ea9/453ea9de-41c0-4f0f-944e-db89b3546136,2022-11-06T23:25:40.853058Z,2022-11-08T17:56:58.455044Z
sub-HJ-FP-M7/sub-HJ-FP-M7_ses-Day40-8s.nwb,b9eeca7f-96c5-4d2c-85de-24f570cedb89,b492323e-c225-47d6-a1c6-950cc347ad2e,19144856,142acfd26b32897c6ad46dec86cdc81661585d3767691aa03ef4903053de8b06,ba27ab52c53cca3c30b912c52b594fd6-1,https://dandiarchive.s3.amazonaws.com/blobs/b49/232/b492323e-c225-47d6-a1c6-950cc347ad2e,2022-11-06T23:26:33.537682Z,2022-11-08T17:56:59.020992Z
sub-HJ-FP-M7/sub-HJ-FP-M7_ses-Day41.nwb,d1a31608-1865-46c2-bec1-dfbe8eb90adb,87dfd86f-e4b3-437d-95fb-55f747df760c,19100376,f1b08ba226ef31717f7cdb337ec482b68a7e21e65ef67b05557f957a48b94510,3e2d7c0d49a02caf0d5271819b862580-1,https://dandiarchive.s3.amazonaws.com/blobs/87d/fd8/87dfd86f-e4b3-437d-95fb-55f747df760c,2022-11-06T23:26:38.073599Z,2022-11-08T17:56:59.203396Z
sub-HJ-FP-M7/sub-HJ-FP-M7_ses-Day42.nwb,5828e512-087b-4ce4-92b7-944acad1030b,83a40b0d-c1a7-4966-9f78-578fe25cc31f,17445240,7775d6bcf691836eb8fd833a2d5b1ab7fbc1e2e573ccd5465cf1da8e772fb374,b28b1eed526c51b1ef921561634577d4-1,https://dandiarchive.s3.amazonaws.com/blobs/83a/40b/83a40b0d-c1a7-4966-9f78-578fe25cc31f,2022-11-06T23:26:37.972703Z,2022-11-08T17:56:58.946551Z
sub-HJ-FP-M7/sub-HJ-FP-M7_ses-Day43-extinction.nwb,9ac01892-58eb-40e8-88eb-0600573a166a,a0985588-c037-4bc0-abc8-2cdf15b44607,18914120,e7a187a7e027d6bf4f37afd7e18e18c43cff15f6ab678e8dbe91b343454c0999,8b89a1a3f3af5577e6f92e50e061c887-1,https://dandiarchive.s3.amazonaws.com/blobs/a09/855/a0985588-c037-4bc0-abc8-2cdf15b44607,2022-11-06T23:26:46.239144Z,2022-11-08T17:56:59.410965Z
sub-HJ-FP-M7/sub-HJ-FP-M7_ses-Day44.nwb,b19addb8-680a-4393-ae7b-f95fd3a8ff18,5104794e-8df2-406a-865a-56746363b736,19410328,7b21cbcef143c252f7e1958a23ea1dd3c25353658e0e7bc0ffbc8594347412df,cd4bd69b166522d1e976f69fbb837e8c-1,https://dandiarchive.s3.amazonaws.com/blobs/510/479/5104794e-8df2-406a-865a-56746363b736,2022-11-06T23:26:46.359896Z,2022-11-08T17:56:59.641832Z
sub-HJ-FP-M7/sub-HJ-FP-M7_ses-Day47-Poisson-cue.nwb,46fc06ce-8400-4181-95dd-a35bce900e43,c0ca78c3-3333-47bb-9bd8-4d9b42594645,13168504,366bf91d93e47fd306d8899facf349b5c1ef04fb812a631e526c3902d0c6d717,f6e9875e9b52fd7651254d5c8640c544-1,https://dandiarchive.s3.amazonaws.com/blobs/c0c/a78/c0ca78c3-3333-47bb-9bd8-4d9b42594645,2022-11-06T23:27:31.769628Z,2022-11-08T17:56:59.564991Z
sub-HJ-FP-M7/sub-HJ-FP-M7_ses-Day48.nwb,c00600bb-80e7-4b03-9c20-d67ec5c0628f,0678dd83-d6c0-4fa0-9b12-11a77f62458f,14338904,a344c77a7a3dfc3002c0cc3110389815d658cdc9f3ddfea02b85e70817e3f8b3,6dc7a65f96414aeb877705b80d4a9fd8-1,https://dandiarchive.s3.amazonaws.com/blobs/067/8dd/0678dd83-d6c0-4fa0-9b12-11a77f62458f,2022-11-06T23:27:36.449111Z,2022-11-08T17:56:59.683144Z
sub-HJ-FP-M7/sub-HJ-FP-M7_ses-Day49.nwb,e5e5b52f-f7bc-4a9d-94e6-03ff26f4ce0f,5bf01a36-144f-4b07-87c6-59809a398ffa,13152280,04dd43f8be1da586558e6b9ac2d28aeac34485151d06579fc57f371b108755e6,e6922e838e800531637fe74a2240aec0-1,https://dandiarchive.s3.amazonaws.com/blobs/5bf/01a/5bf01a36-144f-4b07-87c6-59809a398ffa,2022-11-06T23:27:40.853915Z,2022-11-08T17:57:00.054069Z
sub-HJ-FP-M7/sub-HJ-FP-M7_ses-Day5.nwb,34b24c24-39cf-44e2-aa3e-4c1947bf03b6,04fb6ecf-a301-4adb-b4b7-aea9a1334c06,6049896,caaced4007d454c12a033f9f9105cac284765b0df1860f55f8566080b64cd7f4,f2c0b8406869dcec201c1a66135f3cb8-1,https://dandiarchive.s3.amazonaws.com/blobs/04f/b6e/04fb6ecf-a301-4adb-b4b7-aea9a1334c06,2022-11-06T23:27:49.042367Z,2022-11-08T17:57:00.003521Z
sub-HJ-FP-M7/sub-HJ-FP-M7_ses-Day50.nwb,f6387f51-1bed-4b43-a7e7-3933c9db7e6b,ce065fff-938b-47c0-b03e-fd1685f599a8,14045512,c96ddb487ebd669efc4015695d61add585ff735649121bdec6ef056c669f84b8,3dc512f12c631d9de7ace343e2699598-1,https://dandiarchive.s3.amazonaws.com/blobs/ce0/65f/ce065fff-938b-47c0-b03e-fd1685f599a8,2022-11-06T23:27:57.567457Z,2022-11-08T17:57:00.192111Z
sub-HJ-FP-M7/sub-HJ-FP-M7_ses-Day6.nwb,a6d00806-a68c-4640-8253-c5d02b54d491,5080b210-eb55-4aeb-96e8-b1cf71eaaea2,18349448,58dfbfee0e0ad4f60537c4e3c3cfc4d8758948b1fd44204880a34ef5fb898075,1ffaf355b0b4b279fe4bba2929e16cd9-1,https://dandiarchive.s3.amazonaws.com/blobs/508/0b2/5080b210-eb55-4aeb-96e8-b1cf71eaaea2,2022-11-06T23:28:34.668385Z,2022-11-08T17:57:00.449432Z
sub-HJ-FP-M7/sub-HJ-FP-M7_ses-Day7.nwb,9b1d8792-61fc-42e8-83e2-86a00f401059,303b8829-c9e5-45ce-b094-296a3fe3ec3b,9720536,cbcf8de53d303195afd3773e53b8651d4ccbfed838ae968ade7a656d45bb1d8d,c93b2116373bddbc2570cc8015912b14-1,https://dandiarchive.s3.amazonaws.com/blobs/303/b88/303b8829-c9e5-45ce-b094-296a3fe3ec3b,2022-11-06T23:28:39.121172Z,2022-11-08T17:57:00.239044Z
sub-HJ-FP-M7/sub-HJ-FP-M7_ses-Day8.nwb,d58f0090-d0e2-43ea-bb8d-bf9ddbe61cc5,d0d4eef0-0f91-4b76-8931-3175c46ca182,20161400,2706dbaf8b294c90fa3fab9afa90b1439d45e1416bb8ad6afc5059fb43ec6a42,6d2bcd2946a5e49b21237c745d9648a0-1,https://dandiarchive.s3.amazonaws.com/blobs/d0d/4ee/d0d4eef0-0f91-4b76-8931-3175c46ca182,2022-11-06T23:28:43.474809Z,2022-11-08T17:57:00.766602Z
sub-HJ-FP-M7/sub-HJ-FP-M7_ses-Day9.nwb,05a7c24c-d9a7-445a-9f8e-10ad83d32b34,f62e0e72-8535-400d-a643-970a62774bcd,18940808,566b84bcc8d1b50978b9d7d71f3f97edf4e988f670669c23106d3a85724cf7cb,5faa29e75a35c9a9aa77a3fe1857d69f-1,https://dandiarchive.s3.amazonaws.com/blobs/f62/e0e/f62e0e72-8535-400d-a643-970a62774bcd,2022-11-06T23:28:49.030387Z,2022-11-08T17:57:00.865701Z
sub-HJ-FP-M8/sub-HJ-FP-M8_ses-Day1.nwb,d5ff3e18-1f2a-4670-b809-d1150431ae53,1258be3b-7d35-4ac5-a0f1-e25527b64386,3322472,ad921bec049e76b29b25c515081e465ebe98ee7b3a3f398b4d0a49568e3a171f,ff41c1dfc41eb0b1af3eb202333a17d0-1,https://dandiarchive.s3.amazonaws.com/blobs/125/8be/1258be3b-7d35-4ac5-a0f1-e25527b64386,2022-11-06T23:28:54.589495Z,2022-11-08T17:57:00.508757Z
sub-HJ-FP-M8/sub-HJ-FP-M8_ses-Day3.nwb,d67c3604-1110-4df4-b4e3-61d4aa1441c4,bb83bfc6-2bf5-4469-bee7-18880d591e15,6739032,af729da6bf56c24100dfb23ff844d400c1263c66447e1e545403852a6273d96e,2ffeacbda6835e561796fb1f60fa6e3e-1,https://dandiarchive.s3.amazonaws.com/blobs/bb8/3bf/bb83bfc6-2bf5-4469-bee7-18880d591e15,2022-11-06T23:29:32.608077Z,2022-11-08T17:57:00.704342Z
sub-HJ-FP-M8/sub-HJ-FP-M8_ses-Day4.nwb,e0c99a42-9cf4-42de-b53a-9451e465f15b,dc6982bd-88cb-42ce-97d7-0637eba63bfc,6277832,0b77063fce82f544ad2c8c06349971aa46b27be2219d6ffaa9d70b016b640ed3,2b112ab5aabf3e885bf21ad006aad624-1,https://dandiarchive.s3.amazonaws.com/blobs/dc6/982/dc6982bd-88cb-42ce-97d7-0637eba63bfc,2022-11-06T23:29:44.928895Z,2022-11-08T17:57:00.953228Z
sub-HJ-FP-M8/sub-HJ-FP-M8_ses-Day5.nwb,24170aba-9980-47fa-908b-8a7f310a3220,dc1c0864-bad2-4db8-92a4-d5247416102c,6382840,4cd3fa685402b02abcbf3a1ea5088906a8a595bccec56d09d5dae3bb218bbb8a,ddd5f37e5e6efcdbc763ea082fa694fa-1,https://dandiarchive.s3.amazonaws.com/blobs/dc1/c08/dc1c0864-bad2-4db8-92a4-d5247416102c,2022-11-06T23:29:44.673021Z,2022-11-08T17:57:01.056052Z
sub-HJ-FP-M8/sub-HJ-FP-M8_ses-Day6.nwb,92b178ed-667f-4edf-a200-a40a0585f2bb,867be8d9-3c14-4628-8ce9-5eaa094b0820,8035864,fdf408e23981a92d1f912cad415cc482b152e8b5aa273052d1c1100fea7932e5,cb3de7e8c9ff37ea7b9260d8b1b405ee-1,https://dandiarchive.s3.amazonaws.com/blobs/867/be8/867be8d9-3c14-4628-8ce9-5eaa094b0820,2022-11-06T23:29:53.083254Z,2022-11-08T17:57:01.177360Z
sub-HJ-FP-M8/sub-HJ-FP-M8_ses-Day7.nwb,71bb52d0-1cac-4f05-ac95-062d072d8eb7,f752ecbf-dba2-46df-ba0f-0f71420848e2,6505320,505bbc660d75d5655eb472802e5e82723234b230cb1c603de88160741674b0ee,49230fcf59970541e96865b6ea0a0dc2-1,https://dandiarchive.s3.amazonaws.com/blobs/f75/2ec/f752ecbf-dba2-46df-ba0f-0f71420848e2,2022-11-06T23:29:53.131779Z,2022-11-08T17:57:01.363968Z
sub-HJ-FP-M8/sub-HJ-FP-M8_ses-Day8.nwb,2444132c-6764-443e-99b7-b22f80c0fd6d,cb1fcd9f-a67a-435c-8e87-65606c34658a,7647144,baacd4ee9f0b95c814076d5cc9c75cbae3ec3e8bc7e555f214d116be66effe26,b3e25a400af6b90fcb4b7b5d44cc354a-1,https://dandiarchive.s3.amazonaws.com/blobs/cb1/fcd/cb1fcd9f-a67a-435c-8e87-65606c34658a,2022-11-06T23:30:31.661316Z,2022-11-08T17:57:01.871619Z
sub-HJ-FP-WT-stGtACR-F1/sub-HJ-FP-WT-stGtACR-F1_ses-Day1-RandomRewards.nwb,4393f94d-8c74-4ad2-8470-be6e5f05f9de,795e8c9b-82ef-4efc-9633-26a9783d8165,1042667104,6bcca6461ff1cc6043ab6b9eaaf71948ba77873ad8141581ae98638ced2b9321,7dc33a7ceb71b1bf70dd40e2136e1427-16,https://dandiarchive.s3.amazonaws.com/blobs/795/e8c/795e8c9b-82ef-4efc-9633-26a9783d8165,2022-11-06T23:31:03.478252Z,2022-11-08T17:57:26.570176Z
sub-HJ-FP-WT-stGtACR-F1/sub-HJ-FP-WT-stGtACR-F1_ses-Day2-Pavlovian.nwb,7716bf92-62a7-41e8-b3e2-0babceaec240,25336ea2-a71b-405c-aab1-f5ae983a9eed,1456539232,4c06a6c53e606710899ac1df6ced927532dcc23a6ed2c326b749937516296192,ef4fc7d24861d5fc8d6f98ef0f067f75-22,https://dandiarchive.s3.amazonaws.com/blobs/253/36e/25336ea2-a71b-405c-aab1-f5ae983a9eed,2022-11-06T23:31:24.232132Z,2022-11-08T17:58:18.680233Z
sub-HJ-FP-WT-stGtACR-F1/sub-HJ-FP-WT-stGtACR-F1_ses-Day3-Pavlovian.nwb,63df3430-87ae-429b-b531-e84a93fe0da1,99c1997b-0ebe-4c6d-90c7-94ee6de5cefb,1427592256,0fb892b7a2d4df7c999edfcdb446dbd534b4e9d1f5fceb8c6907a1dd7d4c5c4f,357568c282be29c5f73687e3c95ee330-22,https://dandiarchive.s3.amazonaws.com/blobs/99c/199/99c1997b-0ebe-4c6d-90c7-94ee6de5cefb,2022-11-06T23:31:44.969872Z,2022-11-08T17:58:07.004692Z
sub-HJ-FP-WT-stGtACR-F1/sub-HJ-FP-WT-stGtACR-F1_ses-Day4-Pavlovian.nwb,fff03f72-75a8-436e-864d-ab233883920f,6d92182b-d68a-4eae-98c9-95972399a56f,1574727040,cc1c639e25d7654534540287b111e374e0a86113fba3a35dcc4cb28a92d215b0,96e4536250f95969c9371cdd8930c7ba-24,https://dandiarchive.s3.amazonaws.com/blobs/6d9/218/6d92182b-d68a-4eae-98c9-95972399a56f,2022-11-06T23:31:57.105382Z,2022-11-08T17:58:12.582298Z
sub-HJ-FP-WT-stGtACR-F1/sub-HJ-FP-WT-stGtACR-F1_ses-Day5-Pavlovian.nwb,6b4772dc-7f21-4457-afe4-afb88ba47866,f72b61ee-44ca-47d3-9ddb-577b9c507f9a,1542426032,e2a6c1e83a3dae63c496ca8fcfd19e7e3212877673a779ce78b2238f490c9971,8531931cd18381862bffddbc9959cb04-23,https://dandiarchive.s3.amazonaws.com/blobs/f72/b61/f72b61ee-44ca-47d3-9ddb-577b9c507f9a,2022-11-06T23:32:11.311329Z,2022-11-08T17:58:10.809288Z
sub-HJ-FP-WT-stGtACR-F1/sub-HJ-FP-WT-stGtACR-F1_ses-Day6-Pavlovian.nwb,c03f5110-35f2-45d3-ad36-4ba7a153d255,9d0f275e-a0c9-4fee-a3b8-5fe57b63d7b2,1481754928,55e38b3cbb6c62c067ef46aa7c15cae4ec55bbde6ab372ad10a2a865f9252206,b207542fea53c511e84c62a5e4060b0a-23,https://dandiarchive.s3.amazonaws.com/blobs/9d0/f27/9d0f275e-a0c9-4fee-a3b8-5fe57b63d7b2,2022-11-06T23:32:11.859076Z,2022-11-08T17:58:05.640867Z
sub-HJ-FP-WT-stGtACR-F2/sub-HJ-FP-WT-stGtACR-F2_ses-Day1-RandomRewards.nwb,6b7e294c-a9c4-4845-bbff-1010db2660ad,6a30830e-01f4-4dfb-a273-71a8c10a0e08,525820096,a90e4a328d7654d91842a341273a8ecba8a2e324ba0644a7e8cc989b285a9dae,3702cf718a4f8158d3839a950a5a45ff-8,https://dandiarchive.s3.amazonaws.com/blobs/6a3/083/6a30830e-01f4-4dfb-a273-71a8c10a0e08,2022-11-06T23:32:10.890325Z,2022-11-08T17:57:19.561698Z
sub-HJ-FP-WT-stGtACR-F2/sub-HJ-FP-WT-stGtACR-F2_ses-Day2-Pavlovian.nwb,6dfe5bdf-8c78-4d5f-bc2d-ca5483b596a5,c6974477-7cbd-468f-84d9-f1186ec8467e,1492335616,a5ff678d6aeb876681ff4717882997ab0e3a8cd6ff519763dee0b12c08715978,2b8d28617724ee56bb79986b077833b7-23,https://dandiarchive.s3.amazonaws.com/blobs/c69/744/c6974477-7cbd-468f-84d9-f1186ec8467e,2022-11-06T23:32:55.186918Z,2022-11-08T17:58:52.835713Z
sub-HJ-FP-WT-stGtACR-F2/sub-HJ-FP-WT-stGtACR-F2_ses-Day3-Pavlovian.nwb,2f4b691e-4712-4c53-bf00-0e87d0ab68e7,8a43f511-5f7d-43d5-bb5f-8ba58ff34a97,1878256528,8aec0c1ec4131e370416d7404003f4aacbffc34aea09551ada42682dc9fdb227,3141b2ec00e0c2f72191e1b29b536c19-28,https://dandiarchive.s3.amazonaws.com/blobs/8a4/3f5/8a43f511-5f7d-43d5-bb5f-8ba58ff34a97,2022-11-06T23:33:17.885355Z,2022-11-08T17:58:57.161361Z
sub-HJ-FP-WT-stGtACR-F2/sub-HJ-FP-WT-stGtACR-F2_ses-Day4-Pavlovian.nwb,c7c7d83f-9247-4292-a4ce-508eabb5486d,b59df257-b720-45aa-8366-a4ef641c5f4a,1523595792,e81c7d537c54ae2d50f244c54e524b9f67187ec415945b73bd93a7e293f033a0,a25b9dcb73276c0c028d7820203e651b-23,https://dandiarchive.s3.amazonaws.com/blobs/b59/df2/b59df257-b720-45aa-8366-a4ef641c5f4a,2022-11-06T23:33:55.583872Z,2022-11-08T17:58:55.175198Z
sub-HJ-FP-WT-stGtACR-F2/sub-HJ-FP-WT-stGtACR-F2_ses-Day5-Pavlovian.nwb,37dea902-894a-4e4c-88ee-55804848f2ba,1b34e5c2-a824-4982-925c-2093d2c219dd,1478225760,974c0e003505801a2bc78d9523cb639a1449d8f18573267cb4db2fc359ae5636,b8aa96403c1d2e326110ea57966de9a3-23,https://dandiarchive.s3.amazonaws.com/blobs/1b3/4e5/1b34e5c2-a824-4982-925c-2093d2c219dd,2022-11-06T23:33:41.933630Z,2022-11-08T17:59:38.071247Z
sub-HJ-FP-WT-stGtACR-F2/sub-HJ-FP-WT-stGtACR-F2_ses-Day6-Pavlovian.nwb,b0a22451-5025-4233-b630-19fa72f770e9,af69491b-a4b8-4306-9d0b-6d3c08eed9b8,1357232576,faa85dea2e35edab449a6c0c3bc013c9ba458e00943c2a60e38040412d822210,5aaa3be12130fd0d0f8bfa4b348dc39e-21,https://dandiarchive.s3.amazonaws.com/blobs/af6/949/af69491b-a4b8-4306-9d0b-6d3c08eed9b8,2022-11-06T23:34:18.049406Z,2022-11-08T17:59:18.983367Z
sub-HJ-FP-WT-stGtACR-F3/sub-HJ-FP-WT-stGtACR-F3_ses-Day1-RandomRewards.nwb,d1605a93-4f72-4740-bb1f-001a2b0f730b,6b709994-52e3-4f8c-898b-7813fd971607,7762728,ad26e7338c96c2c4e7111a7a3ac78d2b4148e6a697282393b3d8262a36cb0acd,3651d1599495fe3a67fb2f244deadac2-1,https://dandiarchive.s3.amazonaws.com/blobs/6b7/099/6b709994-52e3-4f8c-898b-7813fd971607,2022-11-06T23:33:23.946510Z,2022-11-08T17:58:09.133676Z
sub-HJ-FP-WT-stGtACR-F3/sub-HJ-FP-WT-stGtACR-F3_ses-Day2-Pavlovian.nwb,47db8dec-128d-4cb1-874d-031f8371e1fb,7f96f5c1-d4d4-4a84-822e-35cf467be189,16987336,99aee068bfdda69d2e2e38e5bebc30735aa257350ead9cafb158ef6111a2e3b7,4fd21e9f3e9158f2aa4ef9f671cd1299-1,https://dandiarchive.s3.amazonaws.com/blobs/7f9/6f5/7f96f5c1-d4d4-4a84-822e-35cf467be189,2022-11-06T23:33:55.706118Z,2022-11-08T17:58:17.019860Z
sub-HJ-FP-WT-stGtACR-F3/sub-HJ-FP-WT-stGtACR-F3_ses-Day3-Pavlovian.nwb,49014ed5-f9f2-4b02-8bec-aec966748844,273993de-fa0d-4752-96c7-6b5e8b01aed4,18942824,e80ce83aecdae5ed1f2b31bab67aeadcb9f3a03b7dfa8eea192c55d6acac87e2,7b510da82e559a45f4e618cec9d7e5f9-1,https://dandiarchive.s3.amazonaws.com/blobs/273/993/273993de-fa0d-4752-96c7-6b5e8b01aed4,2022-11-06T23:34:13.333082Z,2022-11-08T17:58:19.295266Z
sub-HJ-FP-WT-stGtACR-F3/sub-HJ-FP-WT-stGtACR-F3_ses-Day4-Pavlovian.nwb,8bf23d84-2c87-432f-a661-efbc8e7232ad,1b56389c-5b99-4cab-90fd-d98501d73dd5,17975368,c9d9cdaa91eb91328d11d650df40a3a617534c173b20b0a2ec6c90f6064b063c,d22d2408610f05714f1f67a4f5f7c2fe-1,https://dandiarchive.s3.amazonaws.com/blobs/1b5/638/1b56389c-5b99-4cab-90fd-d98501d73dd5,2022-11-06T23:34:26.255568Z,2022-11-08T17:58:22.225406Z
sub-HJ-FP-WT-stGtACR-F3/sub-HJ-FP-WT-stGtACR-F3_ses-Day5-Pavlovian.nwb,cef84dd6-21dd-4574-8c0b-aefee1dfc3f0,707bf51e-630b-4e82-9dba-7c619de1c393,19197560,b69b792cfdfb631a24edebd93d3e26a027bf9b70ccb86302724fc44d83a2cfbe,16583a8cf68f5270b28ba802d77d2f3a-1,https://dandiarchive.s3.amazonaws.com/blobs/707/bf5/707bf51e-630b-4e82-9dba-7c619de1c393,2022-11-06T23:34:54.729383Z,2022-11-08T17:58:24.785019Z
sub-HJ-FP-WT-stGtACR-F3/sub-HJ-FP-WT-stGtACR-F3_ses-Day6-Pavlovian.nwb,d07a911e-3157-4156-b389-a392e767d36f,0a487b28-4673-4a1a-a316-82eb7d51eae1,19476744,23a6916ece9856846443a56ae999ea0067f7847d99d58d4454327658c3d484ae,6e477b7791892c332d827e8f8680840f-1,https://dandiarchive.s3.amazonaws.com/blobs/0a4/87b/0a487b28-4673-4a1a-a316-82eb7d51eae1,2022-11-06T23:35:06.626001Z,2022-11-08T17:58:28.579630Z
sub-HJ-FP-WT-stGtACR-F3/sub-HJ-FP-WT-stGtACR-F3_ses-Day7-Pavlovian.nwb,2ccebdbd-ef7e-4cbe-8fd1-180ae7ff0c49,14a0f75e-8f3d-4108-85ad-a8f6bb4f9e35,16702872,e375666012ab08cca3bb3de1ca6fb563705e643dfad1c80dd630b1af76f8d45d,7d48c7fb3b450bfc65523b6f2a988762-1,https://dandiarchive.s3.amazonaws.com/blobs/14a/0f7/14a0f75e-8f3d-4108-85ad-a8f6bb4f9e35,2022-11-06T23:35:21.024836Z,2022-11-08T17:58:33.630514Z
sub-HJ-FP-WT-stGtACR-M1/sub-HJ-FP-WT-stGtACR-M1_ses-Day1-RandomRewards.nwb,797824dd-ae9b-400e-a499-af51ce606ce0,6d4c9a98-dd3e-4c31-af66-7ac8f3a6d03b,735818288,6159e538dc33d7c9f321f1568cd49565af4f4df2a1209fdce12170801e6577b0,43d571f20af72c6ba08dfd519cce93fb-11,https://dandiarchive.s3.amazonaws.com/blobs/6d4/c9a/6d4c9a98-dd3e-4c31-af66-7ac8f3a6d03b,2022-11-06T23:35:47.747155Z,2022-11-08T17:59:20.033701Z
sub-HJ-FP-WT-stGtACR-M1/sub-HJ-FP-WT-stGtACR-M1_ses-Day2-Pavlovian.nwb,927c780b-1692-4a9f-bcc4-1c7c2f9c829a,5f759ab5-049c-4722-b9bb-2dc9eac69fef,1479484496,8990cc8096dfacfccd9c91a049cfa88640e744130320cab4ae122ceb650e88f0,c238d31f092841ad1ba848a3e333e737-23,https://dandiarchive.s3.amazonaws.com/blobs/5f7/59a/5f759ab5-049c-4722-b9bb-2dc9eac69fef,2022-11-06T23:36:03.555737Z,2022-11-08T18:00:13.218882Z
sub-HJ-FP-WT-stGtACR-M1/sub-HJ-FP-WT-stGtACR-M1_ses-Day3-Pavlovian.nwb,236710b1-53fc-443f-9b92-804077107bd0,ba2883c9-b836-4e99-82a3-930310d7ebbf,1331643568,b8b40980292ee9001848377a1ed2979ae7244f6cd56f3f06928375190b836e1e,4a3466703cc8ad0ac6aa34cb0ee37dd7-20,https://dandiarchive.s3.amazonaws.com/blobs/ba2/883/ba2883c9-b836-4e99-82a3-930310d7ebbf,2022-11-06T23:36:17.524635Z,2022-11-08T17:59:33.832273Z
sub-HJ-FP-WT-stGtACR-M1/sub-HJ-FP-WT-stGtACR-M1_ses-Day4-Pavlovian.nwb,39855f2d-51ef-4d94-a833-50cb8d5b2c0d,c2821985-e2da-4cef-9166-f6ea12fd2808,1414783872,b2fb989ea02960ac4e94b471c6dd53403e70e935a40ea616dd9843ed8636f8c0,89e6d4ad8156f9a320136bce45431612-22,https://dandiarchive.s3.amazonaws.com/blobs/c28/219/c2821985-e2da-4cef-9166-f6ea12fd2808,2022-11-06T23:36:32.897523Z,2022-11-08T17:59:40.012310Z
sub-HJ-FP-WT-stGtACR-M1/sub-HJ-FP-WT-stGtACR-M1_ses-Day5-Pavlovian.nwb,ea14a194-856f-4d79-b8eb-ea87cd352a57,ce1fda2b-ba12-474b-9e78-7d2ba54fc3c8,1550806848,18eca088466dd4d0e4f85c1221ac55c3cc1b94ee8640296c678e8b903a6dced1,f4be156dded4197916af596d813be451-24,https://dandiarchive.s3.amazonaws.com/blobs/ce1/fda/ce1fda2b-ba12-474b-9e78-7d2ba54fc3c8,2022-11-06T23:36:46.600747Z,2022-11-08T18:00:41.518700Z
sub-HJ-FP-WT-stGtACR-M1/sub-HJ-FP-WT-stGtACR-M1_ses-Day6-Pavlovian.nwb,52f19b59-ca7c-4686-8840-90563722aaf2,58cc0173-b822-4d35-9e2a-434faee1e57b,1657515296,bc850aec7646ac474a3a65653dd7ddeb82e117a47e294a203f1c4f4bf6509bc3,268b2dcc561ad1b25195da8ae15c0c9b-25,https://dandiarchive.s3.amazonaws.com/blobs/58c/c01/58cc0173-b822-4d35-9e2a-434faee1e57b,2022-11-06T23:36:56.549548Z,2022-11-08T18:00:16.093571Z
sub-HJ-FP-WT-stGtACR-M2/sub-HJ-FP-WT-stGtACR-M2_ses-Day1-RandomRewards.nwb,78346416-745b-41a8-b635-09e835187cd8,3b0ac333-6cfd-449a-a18f-351e2975d330,528324816,607d31986e4eab08b5748f08ffeeca2c5773a571c7f7cc637efc8599a0956aa1,95cec77cdfff47686ea94dd2bba99935-8,https://dandiarchive.s3.amazonaws.com/blobs/3b0/ac3/3b0ac333-6cfd-449a-a18f-351e2975d330,2022-11-06T23:36:56.475674Z,2022-11-08T17:59:54.294852Z
sub-HJ-FP-WT-stGtACR-M2/sub-HJ-FP-WT-stGtACR-M2_ses-Day2-Pavlovian.nwb,4edefd32-5656-4bcb-ba3a-701bdb77680f,26555218-df60-4ee0-950f-d93a48e40fa4,1465021120,eb5a373eb8073b20edcd585ff7839844b4af532c866ac5c10e5e5b05e1eaa46c,2c204718e04a551d64ec918c136d8b8f-22,https://dandiarchive.s3.amazonaws.com/blobs/265/552/26555218-df60-4ee0-950f-d93a48e40fa4,2022-11-06T23:37:23.381083Z,2022-11-08T18:00:57.353050Z
sub-HJ-FP-WT-stGtACR-M2/sub-HJ-FP-WT-stGtACR-M2_ses-Day3-Pavlovian.nwb,c3cad12b-fc2e-408c-9048-f3413c4d5f6c,5aad79c6-6157-48a0-8c0f-d21555b063f0,1765519648,2f373a581ea4252ff7a58253b435473ac342b05f032fcb6fea1912d544e20d3a,980f0e2fc6e462913e83b9c0edc9e331-27,https://dandiarchive.s3.amazonaws.com/blobs/5aa/d79/5aad79c6-6157-48a0-8c0f-d21555b063f0,2022-11-07T19:08:52.568811Z,2022-11-08T18:07:06.239261Z
sub-HJ-FP-WT-stGtACR-M2/sub-HJ-FP-WT-stGtACR-M2_ses-Day4-Pavlovian.nwb,ea7c7c13-6c9d-45d3-8f90-e9fba6ad17ed,d5ce6665-186c-42f3-824d-c10103c817dc,1472195536,1ca2ef735503a53299867720b4969f0427a8b373bdc3de663b286eecde3466fc,1dd2282088b8aef08a57ba68f3d643f7-22,https://dandiarchive.s3.amazonaws.com/blobs/d5c/e66/d5ce6665-186c-42f3-824d-c10103c817dc,2022-11-06T23:37:44.156770Z,2022-11-08T18:00:25.093568Z
sub-HJ-FP-WT-stGtACR-M2/sub-HJ-FP-WT-stGtACR-M2_ses-Day5-Pavlovian.nwb,ea1e90b6-088a-48b3-9c3a-766d5982349d,542a9fd1-cae3-4e60-af3c-f4da16830d33,1859836448,d6f870c2fab8c2444fa9388bab2aa1f740aaac5e0dcca97fb218c1a8b7381e87,dd356c480e2cc961461c0b40f35c32e4-28,https://dandiarchive.s3.amazonaws.com/blobs/542/a9f/542a9fd1-cae3-4e60-af3c-f4da16830d33,2022-11-06T23:38:10.376627Z,2022-11-08T18:01:35.997191Z
sub-HJ-FP-WT-stGtACR-M2/sub-HJ-FP-WT-stGtACR-M2_ses-Day6-Pavlovian.nwb,9a203e4f-d99a-4ad9-a3ba-969e8df7f6c8,e35394bb-c607-4683-9a61-b7eea026f0c7,1025034264,f778f3ad3997f15dd738a8f7230cd94e3d38f2c657502eb11d462e8ea50dc929,dfcf8473a5fefc4b97c914687d1b4932-16,https://dandiarchive.s3.amazonaws.com/blobs/e35/394/e35394bb-c607-4683-9a61-b7eea026f0c7,2022-11-06T23:37:58.950871Z,2022-11-08T18:00:54.983118Z
sub-HJ-FP-WT-stGtACR-M3/sub-HJ-FP-WT-stGtACR-M3_ses-Day1-RandomRewards.nwb,6b3176e9-af39-4d82-a924-7a46acb9eb91,33a9cc80-e399-41cd-b082-444746069373,703296936,05ccbd7e5ef46a06a4480d1bda41f1674df12b059df8ef7316dbade16e730bec,3c4676f85a6d1f0d322b5483207e65b8-11,https://dandiarchive.s3.amazonaws.com/blobs/33a/9cc/33a9cc80-e399-41cd-b082-444746069373,2022-11-06T23:38:12.511289Z,2022-11-08T18:00:39.115016Z
sub-HJ-FP-WT-stGtACR-M3/sub-HJ-FP-WT-stGtACR-M3_ses-Day2-Pavlovian.nwb,5a36532b-59ea-4598-b7fa-d3b0836f6de6,748f8679-9975-44dc-9e12-19a46b57aeda,1504398720,d6e7c8f657cc5d4e864afe98de77c00a38dbf7184e4559ffa2345648a0f12fe8,ac8582c444b3f121a0147453a3141397-23,https://dandiarchive.s3.amazonaws.com/blobs/748/f86/748f8679-9975-44dc-9e12-19a46b57aeda,2022-11-06T23:38:32.056976Z,2022-11-08T18:01:10.574011Z
sub-HJ-FP-WT-stGtACR-M3/sub-HJ-FP-WT-stGtACR-M3_ses-Day3-Pavlovian.nwb,ad9d4d03-1adf-4a12-87df-bf09033733ea,71476aed-db88-4e01-8768-7f6dd3c97a68,1868746512,8251646bb1fce759788671a72163acd12f7675ec36f188decaefbe1655323819,3cc8f1af208739cb9c7ed07b4108752f-28,https://dandiarchive.s3.amazonaws.com/blobs/714/76a/71476aed-db88-4e01-8768-7f6dd3c97a68,2022-11-06T23:38:38.422004Z,2022-11-08T18:01:23.743519Z
sub-HJ-FP-WT-stGtACR-M3/sub-HJ-FP-WT-stGtACR-M3_ses-Day4-Pavlovian.nwb,4f5b55cf-2709-4c03-b05c-98e1fdb8bc6a,d94c9c59-0f51-4933-a9dd-6ab4326e35ff,1500401824,81ffb70b922fb08741577800f9c023e7bc67193a04f73cc68dfff69ed5c679f3,742e717c3bad96388b6407323e306863-23,https://dandiarchive.s3.amazonaws.com/blobs/d94/c9c/d94c9c59-0f51-4933-a9dd-6ab4326e35ff,2022-11-06T23:38:59.054239Z,2022-11-08T18:02:10.467343Z
sub-HJ-FP-WT-stGtACR-M3/sub-HJ-FP-WT-stGtACR-M3_ses-Day5-Pavlovian.nwb,19805e2c-244e-4150-93b4-9aba1ecf6af6,3633e8f9-ff17-4df2-ad37-a612373834e8,1866363488,e226c3161547543372b89a58d2eac99df551b5f00bdf8ed06c626394654f74dd,c9819c9e038d65b2078e746932cd493a-28,https://dandiarchive.s3.amazonaws.com/blobs/363/3e8/3633e8f9-ff17-4df2-ad37-a612373834e8,2022-11-06T23:39:24.780826Z,2022-11-08T18:02:49.129827Z
sub-HJ-FP-WT-stGtACR-M3/sub-HJ-FP-WT-stGtACR-M3_ses-Day6-Pavlovian.nwb,621d231c-e18c-4573-a799-9c706bdbb7c0,2e48f0e5-eed4-4a02-a2c1-67afb63e6ac9,1961949536,17158fd725ca4058ee82531f7e128b2972e5d5bea070c9c709ab8ca6801a88d0,41da64ab68dc8fb394fd02c8d6d1e5cf-30,https://dandiarchive.s3.amazonaws.com/blobs/2e4/8f0/2e48f0e5-eed4-4a02-a2c1-67afb63e6ac9,2022-11-07T19:08:56.804604Z,2022-11-08T18:08:10.379561Z
sub-HJ-FP-datHT-stGtACR-M2/sub-HJ-FP-datHT-stGtACR-M2_ses-Day1-RandomRewards.nwb,52d5ce64-8855-46f6-92b2-dc58450f4ab5,1edd217c-7607-423f-8081-88b4d025ed85,511783488,82977ed5cc9e553dd79d1c1f61f177bcadcbd02b5de916583412315e1feac6f3,b85b62f259908462869f40b1ed9d99c7-8,https://dandiarchive.s3.amazonaws.com/blobs/1ed/d21/1edd217c-7607-423f-8081-88b4d025ed85,2022-11-06T22:15:53.808340Z,2022-11-08T17:49:18.866884Z
sub-HJ-FP-datHT-stGtACR-M2/sub-HJ-FP-datHT-stGtACR-M2_ses-Day3-Pavlovian.nwb,1834a299-a680-430e-ab75-9feebf57b955,6af7184d-afde-42e4-8be3-e00d160a8c1e,1555548944,de2aab26e8c4f881c4e67bd4e6015bf4ef365e670a90b627e76a509c5a2de80c,bfaad5b7b7fff7043702990cca3fe435-24,https://dandiarchive.s3.amazonaws.com/blobs/6af/718/6af7184d-afde-42e4-8be3-e00d160a8c1e,2022-11-06T22:16:29.616407Z,2022-11-08T17:49:47.756267Z
sub-HJ-FP-datHT-stGtACR-M2/sub-HJ-FP-datHT-stGtACR-M2_ses-Day4-Pavlovian.nwb,28827295-3fa3-4f39-a2bf-77f69aba3b88,fba5f9b5-6d7c-4d94-82fe-65a66e7edc8e,1875811680,78bf2ff3026e2c5c6e211f2d1f39877b99e30ec3732c366bef4e09af00591f66,83e2065e1f2527b7d341fadb4fecb8cb-28,https://dandiarchive.s3.amazonaws.com/blobs/fba/5f9/fba5f9b5-6d7c-4d94-82fe-65a66e7edc8e,2022-11-06T22:16:51.465072Z,2022-11-08T17:50:37.872504Z
sub-HJ-FP-datHT-stGtACR-M2/sub-HJ-FP-datHT-stGtACR-M2_ses-Day5-Pavlovian.nwb,7a0ef8a6-2627-41d4-a310-9e64df665592,4ce954d3-5b32-495e-855d-d042dd5482b1,1385115776,178cbebfd102d3c772823bf7608e1c3711db077167e7cb6b2d15b6bbfa60a7fb,4eefc969b66dd89f7934b57462413f82-21,https://dandiarchive.s3.amazonaws.com/blobs/4ce/954/4ce954d3-5b32-495e-855d-d042dd5482b1,2022-11-06T22:16:35.026300Z,2022-11-08T17:49:58.856267Z
sub-HJ-FP-datHT-stGtACR-M2/sub-HJ-FP-datHT-stGtACR-M2_ses-Day6-Pavlovian.nwb,6f2ade36-f316-4556-99b4-6e72db92e99b,d575a396-d0bb-4ba9-bfc4-8013ab1c5169,1664234944,cc3584a388a00039dd064dea2ea2f2b7169c862845b8c78a088d5856699d8cff,680469abee24905ec120df4abc6f5721-25,https://dandiarchive.s3.amazonaws.com/blobs/d57/5a3/d575a396-d0bb-4ba9-bfc4-8013ab1c5169,2022-11-06T22:17:02.038972Z,2022-11-08T17:50:49.469420Z
sub-HJ-FP-datHT-stGtACR-M2/sub-HJ-FP-datHT-stGtACR-M2_ses-Day7-Pavlovian.nwb,24f641b2-486c-40d0-99a3-88bb99a40511,d3a9a97a-5df3-4c62-91c3-e22b5047290c,1904314448,4813a69fa500853dd3721aec92ee73fe55d46e3e6a0c5c2148fe6b9274c7600c,922a968d40c9d5a2759e1e29a808fd07-29,https://dandiarchive.s3.amazonaws.com/blobs/d3a/9a9/d3a9a97a-5df3-4c62-91c3-e22b5047290c,2022-11-06T22:17:14.713091Z,2022-11-08T17:51:44.722264Z
sub-HJ-FP-datHT-stGtACR-M3/sub-HJ-FP-datHT-stGtACR-M3_ses-Day1-RandomRewards.nwb,a4b3baaf-dca0-4fef-a672-ed53858aee9e,7ab61e66-562c-43a1-80b6-f97ad005cc9c,7985976,9b38fa0a06f70323dadf53d515f2c7e82b098b08488d38b26f639d6256175ae6,315d50ab99ef28b3d80411141ea73e56-1,https://dandiarchive.s3.amazonaws.com/blobs/7ab/61e/7ab61e66-562c-43a1-80b6-f97ad005cc9c,2022-11-06T22:17:01.371437Z,2022-11-08T17:50:00.272789Z
sub-HJ-FP-datHT-stGtACR-M3/sub-HJ-FP-datHT-stGtACR-M3_ses-Day2-Pavlovian.nwb,cdd30245-51c2-4e7f-81e7-3db9fc1692f3,d84eed94-c32d-4c30-90c7-687c1a3f5320,1884958352,eb6eaa2749338be78de0e3c7f85670c43f22b0e28f2d14c489b7900efb5f2925,1cd81ea5e74cec3adf26220836c2310b-29,https://dandiarchive.s3.amazonaws.com/blobs/d84/eed/d84eed94-c32d-4c30-90c7-687c1a3f5320,2022-11-06T22:17:43.401270Z,2022-11-08T17:52:03.356836Z
sub-HJ-FP-datHT-stGtACR-M3/sub-HJ-FP-datHT-stGtACR-M3_ses-Day3-Pavlovian.nwb,fc3915ad-e3d3-4462-b73a-75007df2283e,3ec4dc9c-7236-4afb-8609-7f055083bae9,1912483472,1eaab54504b469b35ce1734a219ed962ecbc41c1a5013b20a91d3332c6772b7c,4c3090d8fbe419ccaeeb46b08a53751a-29,https://dandiarchive.s3.amazonaws.com/blobs/3ec/4dc/3ec4dc9c-7236-4afb-8609-7f055083bae9,2022-11-06T22:18:09.297089Z,2022-11-08T17:51:30.184541Z
sub-HJ-FP-datHT-stGtACR-M3/sub-HJ-FP-datHT-stGtACR-M3_ses-Day4-Pavlovian.nwb,ededc2a9-eea5-4494-be5e-44fdc34dd04c,e3c04121-54ad-4d41-82fa-155462addda4,1442950432,749bc68c58cf00a0ad323ac40a8912d33c88447d8a8f3f75adb2a8fc6434b36f,e245d4578779b1323169b34b7157f0f3-22,https://dandiarchive.s3.amazonaws.com/blobs/e3c/041/e3c04121-54ad-4d41-82fa-155462addda4,2022-11-06T22:18:11.275014Z,2022-11-08T17:52:04.865671Z
sub-HJ-FP-datHT-stGtACR-M3/sub-HJ-FP-datHT-stGtACR-M3_ses-Day5-Pavlovian.nwb,17a1b912-833f-4ab2-97a9-a55d6e094ca8,a3204fbe-81e1-49c1-a5ba-0715eea24ea9,1467845024,80aa7b5f4401128bf67a5ffdb860e0dd9c7a106e1dbe08bf8432436b29c06b50,5a2597a4195993e798ddd164c75d5843-22,https://dandiarchive.s3.amazonaws.com/blobs/a32/04f/a3204fbe-81e1-49c1-a5ba-0715eea24ea9,2022-11-06T22:18:52.672127Z,2022-11-08T17:51:54.793995Z
sub-HJ-FP-datHT-stGtACR-M3/sub-HJ-FP-datHT-stGtACR-M3_ses-Day6-Pavlovian.nwb,c48aa3e1-9942-4650-8b75-5734b1956122,2db51501-9606-4e3b-a975-ebecc5bf992d,1761333952,cb2fb5bb50de11a800e221ee9213cb04c63abde1b91aebd004faf97aa7c4761d,bc512203ea427bd7d4e8e6412e019645-27,https://dandiarchive.s3.amazonaws.com/blobs/2db/515/2db51501-9606-4e3b-a975-ebecc5bf992d,2022-11-06T22:19:01.359914Z,2022-11-08T17:53:09.680906Z
sub-HJ-FP-datHT-stGtACR-M3/sub-HJ-FP-datHT-stGtACR-M3_ses-Day7-Pavlovian.nwb,02ed76a3-d0bd-4ae5-8aac-bfc72765adc2,8de42324-9a5c-42d5-b562-a0bb006e0754,1622887344,831c504a86608720258eb9a4dcee3ee3ffd1923c6d15a26da22ac230df529bc3,6c844083a7a42b9d0cea574697f2d928-25,https://dandiarchive.s3.amazonaws.com/blobs/8de/423/8de42324-9a5c-42d5-b562-a0bb006e0754,2022-11-06T22:19:09.923710Z,2022-11-08T17:52:20.244099Z
sub-HJ-FP-datHT-stGtACR-M4/sub-HJ-FP-datHT-stGtACR-M4_ses-Day1-RandomRewards.nwb,92f3e30a-8ab2-4f4d-962d-3e652859ddc8,053f5e57-6133-485f-8dc6-c06dea3635ab,1920616,57afa954c82c7b26dcc1f43a46b9ba272a8143f8fd00f077e28bc3314f160e4b,6523e58e2a677782b80c616fa0652674-1,https://dandiarchive.s3.amazonaws.com/blobs/053/f5e/053f5e57-6133-485f-8dc6-c06dea3635ab,2022-11-06T22:18:17.017862Z,2022-11-06T22:18:17.092235Z
sub-HJ-FP-datHT-stGtACR-M4/sub-HJ-FP-datHT-stGtACR-M4_ses-Day2-Pavlovian.nwb,a8f69882-9414-44df-a8bf-be54a8d30883,dd7bd6c8-6ab6-4413-8030-ccc58cb87be1,17558568,81a6d3c75826ff9e0d72b94daf7793a303bc2e52b67535db3747aacb3b6896f1,0756291e9c0191fdb895c81f1d93e3fd-1,https://dandiarchive.s3.amazonaws.com/blobs/dd7/bd6/dd7bd6c8-6ab6-4413-8030-ccc58cb87be1,2022-11-06T22:18:22.615514Z,2022-11-06T22:18:22.640836Z
sub-HJ-FP-datHT-stGtACR-M4/sub-HJ-FP-datHT-stGtACR-M4_ses-Day3-Pavlovian.nwb,929397f2-25eb-4a88-bf2d-c2a027effefc,41d3f0f9-3346-4564-bb8e-dbe508beddc1,16930744,72e9e1046fd897704ebd5e89f42b6a5a2566deb060dec1e0fe2d55b6bc5b21c0,a58815933163f45e3c4b33d85784dc6f-1,https://dandiarchive.s3.amazonaws.com/blobs/41d/3f0/41d3f0f9-3346-4564-bb8e-dbe508beddc1,2022-11-06T22:18:28.638998Z,2022-11-06T22:18:28.685394Z
sub-HJ-FP-datHT-stGtACR-M4/sub-HJ-FP-datHT-stGtACR-M4_ses-Day4-Pavlovian.nwb,82836203-05e9-4083-93f9-1ff222cfde4d,3f49554a-a5bb-4ae2-80b4-c33299ba6a7b,19114488,b820a1a13d478ba3facd1f88beb8bb283d3213f4689c075897505d2dac871eac,0e4e58eedccaef7c8cc42e67b7bc3480-1,https://dandiarchive.s3.amazonaws.com/blobs/3f4/955/3f49554a-a5bb-4ae2-80b4-c33299ba6a7b,2022-11-06T22:18:34.464670Z,2022-11-06T22:18:34.490297Z
sub-HJ-FP-datHT-stGtACR-M4/sub-HJ-FP-datHT-stGtACR-M4_ses-Day5-Pavlovian.nwb,35565408-808e-430a-96b0-9ca353bca600,e78b6f0c-3d03-43ad-8778-76cb12b60395,18337480,dab89f78f5d6185da261c581d5fe670d33e25c63eed50a07d9b04942816f18b5,b229cadf3c1644eaccfe0258426140a8-1,https://dandiarchive.s3.amazonaws.com/blobs/e78/b6f/e78b6f0c-3d03-43ad-8778-76cb12b60395,2022-11-06T22:18:44.303026Z,2022-11-06T22:18:44.329295Z
sub-HJ-FP-datHT-stGtACR-M4/sub-HJ-FP-datHT-stGtACR-M4_ses-Day6-Pavlovian.nwb,89674ca0-e7b1-4168-8d46-f2e3bb9550e3,ac32e7cc-6699-417a-9334-76a6253e1f09,19571912,4f0be4a5685ac8b0b0c27b0f61914dc8199402a404472827ded83807c6628b3f,2105162e4f1b1ef1c76b4a283ceea9d3-1,https://dandiarchive.s3.amazonaws.com/blobs/ac3/2e7/ac32e7cc-6699-417a-9334-76a6253e1f09,2022-11-06T22:18:44.378507Z,2022-11-06T22:18:44.424043Z
sub-HJ-FP-datHT-stGtACR-M4/sub-HJ-FP-datHT-stGtACR-M4_ses-Day7-Pavlovian.nwb,ccabdc00-d48b-408b-9da3-cf4ed99438b5,0d5e5534-99f7-456c-b3d1-d8317416b45f,22835832,44ab7c420dad17474dbbc69e3dce447dc51f57fb3f958bb28cb6c4f51f8b890d,10f6073bb6f4fac2c47fbb9169d3120d-1,https://dandiarchive.s3.amazonaws.com/blobs/0d5/e55/0d5e5534-99f7-456c-b3d1-d8317416b45f,2022-11-06T22:19:09.586641Z,2022-11-06T22:19:09.641221Z
sub-HJ-FP-datHT-stGtACR-M5/sub-HJ-FP-datHT-stGtACR-M5_ses-Day1-RandomRewards.nwb,210ef79c-dc97-488c-9687-9d490d36d6f2,73b4b1f3-33e8-456e-b41e-30654cf98889,8958776,4f05b93cc3d6732f696f8dc42cf0a8232d98a9fa3ca20516a144c4ea9b16598d,fcc4350076796d69ae0b4520ffddf6e0-1,https://dandiarchive.s3.amazonaws.com/blobs/73b/4b1/73b4b1f3-33e8-456e-b41e-30654cf98889,2022-11-06T22:19:31.984320Z,2022-11-08T17:52:04.312848Z
sub-HJ-FP-datHT-stGtACR-M5/sub-HJ-FP-datHT-stGtACR-M5_ses-Day10-Pavlovian.nwb,52e0c047-bb65-451d-be1a-40feae355af1,72f73e5c-e887-409d-be13-0ad2bb68c07e,1547371776,e680a62f7138572291e4e55f44dcfb1b2c86136fbaef980aa9e9c90b5e5a8131,1ae6fbeed22ef7f6f6ffd3920c986c23-24,https://dandiarchive.s3.amazonaws.com/blobs/72f/73e/72f73e5c-e887-409d-be13-0ad2bb68c07e,2022-11-06T22:20:09.984124Z,2022-11-08T17:53:07.579749Z
sub-HJ-FP-datHT-stGtACR-M5/sub-HJ-FP-datHT-stGtACR-M5_ses-Day3-Pavlovian.nwb,fb35996b-5f9c-4f00-80d5-e109ff1144fc,45a91c2c-fe18-4a86-8178-7181a496245b,1501698608,fd40bbfd2615769a6194253aac51fe744a7f8f8229c7af9ba51c8ce00742b81a,22ff612cf5a49d411bbcdc70ec3eaba8-23,https://dandiarchive.s3.amazonaws.com/blobs/45a/91c/45a91c2c-fe18-4a86-8178-7181a496245b,2022-11-06T22:20:55.190896Z,2022-11-08T17:52:43.295736Z
sub-HJ-FP-datHT-stGtACR-M5/sub-HJ-FP-datHT-stGtACR-M5_ses-Day4-Pavlovian.nwb,a7e473ed-ba49-49c4-831d-aad448b4d4ca,e701853c-bc46-457b-9cc7-6f24897c3082,1746119344,0181f149885717d245c009285a5d2184937dff0b3be39c9152db60bd48ab91d4,9e151935e8406c8cca94907db858c2b6-27,https://dandiarchive.s3.amazonaws.com/blobs/e70/185/e701853c-bc46-457b-9cc7-6f24897c3082,2022-11-06T22:21:09.435077Z,2022-11-08T17:53:10.504776Z
sub-HJ-FP-datHT-stGtACR-M5/sub-HJ-FP-datHT-stGtACR-M5_ses-Day5-Pavlovian.nwb,2e92ded5-f1e8-409a-a869-322b30dd3d58,c030a2bd-5e85-4077-b8c2-ec7e57ab8117,1552983328,986d996f95ecea47b835c672ca3e84d66c2c5270465ad94e6df0132885cd1189,21093bf59606868d08d1896d2ef1b885-24,https://dandiarchive.s3.amazonaws.com/blobs/c03/0a2/c030a2bd-5e85-4077-b8c2-ec7e57ab8117,2022-11-06T22:21:04.618593Z,2022-11-08T17:53:16.346827Z
sub-HJ-FP-datHT-stGtACR-M5/sub-HJ-FP-datHT-stGtACR-M5_ses-Day6-Pavlovian.nwb,3b5c0a3d-7bba-4cce-a9c1-556768b2b6c2,813edee6-5285-415e-95b5-60d8dc725545,480706352,b9588e3a93e235e9b315b0ef076321e627ba19c7374e5f1ecb5d2a322a42d9b4,f3a44969959d9bd978c8672c99d43c11-8,https://dandiarchive.s3.amazonaws.com/blobs/813/ede/813edee6-5285-415e-95b5-60d8dc725545,2022-11-06T22:20:44.924017Z,2022-11-08T17:52:27.208583Z
sub-HJ-FP-datHT-stGtACR-M5/sub-HJ-FP-datHT-stGtACR-M5_ses-Day7-Pavlovian.nwb,bb5006da-0f31-49da-b3aa-9aa9cc3c1191,d57e2ceb-c136-4bd4-accd-ba0552b7c40e,1472961664,4f00d4c0286716961f48e7b4fa9ffba73801d73b60889a088d0f26d5daa2178b,53de95915008a44a34231fc08f67d721-22,https://dandiarchive.s3.amazonaws.com/blobs/d57/e2c/d57e2ceb-c136-4bd4-accd-ba0552b7c40e,2022-11-06T22:21:22.140310Z,2022-11-08T17:54:15.418145Z
sub-HJ-FP-datHT-stGtACR-M5/sub-HJ-FP-datHT-stGtACR-M5_ses-Day8-Pavlovian.nwb,617cee86-f91f-4836-8519-0a4768632dcc,53e6e578-927a-401a-93d3-0aacc2bd6d4e,1463007152,c478d779f6e73c50d3fe268fae59f61b2395375c8ddac1bdd2d4dd283636f327,86f53b2c2e4afb75c3a0d94bbbc6e151-22,https://dandiarchive.s3.amazonaws.com/blobs/53e/6e5/53e6e578-927a-401a-93d3-0aacc2bd6d4e,2022-11-06T22:21:57.472264Z,2022-11-08T17:54:19.265517Z
sub-HJ-FP-datHT-stGtACR-M5/sub-HJ-FP-datHT-stGtACR-M5_ses-Day9-Pavlovian.nwb,c32eaaa2-91d4-4e0f-be63-19375676cbc7,df579ab4-b38d-4922-b9c0-cce1edcd7738,1716727920,669f572c18f3c58b1eea4ece37dc16ff7082886fef3811ab5e79a6483c4f67ae,701f67ea0ca8433f8900db916cb92bb9-26,https://dandiarchive.s3.amazonaws.com/blobs/df5/79a/df579ab4-b38d-4922-b9c0-cce1edcd7738,2022-11-06T22:22:21.586145Z,2022-11-08T17:54:15.994333Z
sub-HJ-FP-datHT-stGtACR-M6/sub-HJ-FP-datHT-stGtACR-M6_ses-Day1.nwb,a44e64df-cc8e-4f9b-9a87-ed44cefe129f,fd0a4a04-9f35-4d2b-928f-3216e621aba9,210258080,ff1fadcbd06fa64ff07a7353022ad8a408ea2bcadfa98881cb071cc5627ed804,4361dd3192cb10acb25f5bccccf19992-4,https://dandiarchive.s3.amazonaws.com/blobs/fd0/a4a/fd0a4a04-9f35-4d2b-928f-3216e621aba9,2022-11-06T22:21:53.392721Z,2022-11-08T17:53:15.651735Z
sub-HJ-FP-datHT-stGtACR-M6/sub-HJ-FP-datHT-stGtACR-M6_ses-Day2.nwb,657369eb-a0f0-469a-abfc-0ba3ff66a448,ce8cdb71-d941-4eac-815e-4373163cb0b4,16950408,910763398a08a3d4939b9cf5c2a2b3e58309e13d92d8d08b9b91a7267aed3ee0,74b87cbab43c1b8733ec70be09bfb243-1,https://dandiarchive.s3.amazonaws.com/blobs/ce8/cdb/ce8cdb71-d941-4eac-815e-4373163cb0b4,2022-11-06T22:21:52.896117Z,2022-11-08T17:53:12.564438Z
sub-HJ-FP-datHT-stGtACR-M6/sub-HJ-FP-datHT-stGtACR-M6_ses-Day3.nwb,003940ae-d98a-4e75-9790-cb137c656e51,5d28f77b-71e6-4a78-a36b-be32f03c1ecd,19510312,3c6b372938f4a4d18d2bdc69ced91a10e84006ab0c8628527ef50f93db9076b3,26a27bf2a2143b5f5eb1e8a881f06263-1,https://dandiarchive.s3.amazonaws.com/blobs/5d2/8f7/5d28f77b-71e6-4a78-a36b-be32f03c1ecd,2022-11-06T22:22:05.450169Z,2022-11-08T17:53:16.695886Z
sub-HJ-FP-datHT-stGtACR-M6/sub-HJ-FP-datHT-stGtACR-M6_ses-Day4.nwb,5244befc-9345-499d-97d3-61bb1de298c6,d72d33e4-cb85-48ab-a8ec-fd1aa5cd751a,19590984,0ac533cb126ab6ad6cdb89965c3eb93b847777c09576635c230a0136ad53787f,3f8b9d5c94110b86315eae16e86468bd-1,https://dandiarchive.s3.amazonaws.com/blobs/d72/d33/d72d33e4-cb85-48ab-a8ec-fd1aa5cd751a,2022-11-06T22:22:50.089186Z,2022-11-08T17:53:17.451088Z
sub-HJ-FP-datHT-stGtACR-M6/sub-HJ-FP-datHT-stGtACR-M6_ses-Day5.nwb,12c7a52a-f04d-402f-b3dc-7538ea5ee83a,b26a8c0e-deba-4644-9c0e-87a086fdd785,18086600,9053e129b2f64031333eaa0f0f2d2793ca7685967b65194ed19d5e42a7795627,84291badd27efab6b113cd4007c5c37e-1,https://dandiarchive.s3.amazonaws.com/blobs/b26/a8c/b26a8c0e-deba-4644-9c0e-87a086fdd785,2022-11-06T22:22:54.642837Z,2022-11-08T17:53:18.108470Z
sub-HJ-FP-datHT-stGtACR-M6/sub-HJ-FP-datHT-stGtACR-M6_ses-Day6.nwb,57904cbb-e701-441f-af43-0cd48db80b3f,2fe36c21-f9c5-4c78-ac12-89fddf8b6781,25027128,bc73264fcfd8986ab9e1550a4b8e8a8d017163bcc4d548331d69468a083c335f,dadb7f5bcab3cd1588ffde26ebdfa9a1-1,https://dandiarchive.s3.amazonaws.com/blobs/2fe/36c/2fe36c21-f9c5-4c78-ac12-89fddf8b6781,2022-11-06T22:22:59.016324Z,2022-11-08T17:53:19.082492Z
sub-HJ-FP-datHT-stGtACR-M6/sub-HJ-FP-datHT-stGtACR-M6_ses-Day7.nwb,8a4f3afd-b6fa-4ec9-a125-4c4bb7561fd0,d121aa42-9160-4266-81e4-a6cbb0478a45,18274536,58828355cc7ac40e841fc6dd97daeb03d6c9de0c5fdeadd9702655817dbf4914,e18e7ce8020f97765de4fa63222bced2-1,https://dandiarchive.s3.amazonaws.com/blobs/d12/1aa/d121aa42-9160-4266-81e4-a6cbb0478a45,2022-11-06T22:23:07.365335Z,2022-11-08T17:53:20.299780Z
sub-HJ-FP-datHT-stGtACR-M6/sub-HJ-FP-datHT-stGtACR-M6_ses-Day8.nwb,eff7c428-58ec-4898-a5cc-db08fa514c58,2588aebb-81b0-4cc0-b0ee-08668652b17a,16676152,cd3e340ec5b0ffc92537a8093fe6280f6e2226c50b0fa0f9a286ea3026349906,89abcf0746843b9cbd7f854bad7ec1ed-1,https://dandiarchive.s3.amazonaws.com/blobs/258/8ae/2588aebb-81b0-4cc0-b0ee-08668652b17a,2022-11-06T22:23:14.535700Z,2022-11-08T17:53:21.217530Z
sub-HJ-FP-datHT-stGtACR-M7/sub-HJ-FP-datHT-stGtACR-M7_ses-Day1.nwb,5c3acc25-51e0-4484-81de-982782b30720,91295f2e-8c01-43b7-aee2-d4a58c46f15b,8234312,14254ecfb7d11f7d74b271c72a61c05aad243764d3060cfd58e9e59139eed170,513babeac3589f2d19fe03c931442664-1,https://dandiarchive.s3.amazonaws.com/blobs/912/95f/91295f2e-8c01-43b7-aee2-d4a58c46f15b,2022-11-06T22:23:49.334853Z,2022-11-08T17:53:21.933664Z
sub-HJ-FP-datHT-stGtACR-M7/sub-HJ-FP-datHT-stGtACR-M7_ses-Day10.nwb,92e329ba-e2f9-46a5-ac28-e9125eda6bfd,e34bedf1-990b-461d-9aff-f27a8e3f1e34,17504568,0356a7fff8edd411331e9eee7e03e5483f2a14f9bb382fa3cacf3e5818f720d7,9a5d6dafa112ed3e2eaabdb508be392f-1,https://dandiarchive.s3.amazonaws.com/blobs/e34/bed/e34bedf1-990b-461d-9aff-f27a8e3f1e34,2022-11-06T22:24:01.649637Z,2022-11-08T17:53:22.556886Z
sub-HJ-FP-datHT-stGtACR-M7/sub-HJ-FP-datHT-stGtACR-M7_ses-Day11.nwb,889117d0-5631-4970-b034-31c7533b0418,519fc5a8-6d43-4ea1-b31a-2d0c693777a0,18860232,250123e342431c53bb2e2eb19acb32732b51bfac74464cf327705e889ed8f959,188af6fd353cdb3a0a4e926e11ff791c-1,https://dandiarchive.s3.amazonaws.com/blobs/519/fc5/519fc5a8-6d43-4ea1-b31a-2d0c693777a0,2022-11-06T22:24:10.554790Z,2022-11-08T17:53:24.786813Z
sub-HJ-FP-datHT-stGtACR-M7/sub-HJ-FP-datHT-stGtACR-M7_ses-Day12.nwb,8f3d5e29-abfe-4602-b8bd-cdfd472cfe5b,6bdf4d87-dbe2-489c-9bbb-ebfef8691ab8,15649784,a2cd741c699466d2639c723526283c06d3aabf9077f1138f3e854c5a80b0fc31,f1f13699d6beca84ea8e4fad52b0248a-1,https://dandiarchive.s3.amazonaws.com/blobs/6bd/f4d/6bdf4d87-dbe2-489c-9bbb-ebfef8691ab8,2022-11-06T22:24:06.271807Z,2022-11-08T17:53:23.840164Z
sub-HJ-FP-datHT-stGtACR-M7/sub-HJ-FP-datHT-stGtACR-M7_ses-Day13.nwb,2a80c3fd-a98f-4100-91eb-dfbbf9366403,1d1ca3b8-cb54-4657-b9bf-794f81b8b9af,18752568,385c725e9fd1045b312312827093218d0d2c61131a64a48946d08f8cfea39ac3,d4fcbc7774e828f6e4406f1f21798b60-1,https://dandiarchive.s3.amazonaws.com/blobs/1d1/ca3/1d1ca3b8-cb54-4657-b9bf-794f81b8b9af,2022-11-06T22:24:23.728058Z,2022-11-08T17:53:25.578098Z
sub-HJ-FP-datHT-stGtACR-M7/sub-HJ-FP-datHT-stGtACR-M7_ses-Day2.nwb,dbb4067d-c64e-4520-bc5a-5866aa51a80a,11bc8efa-b722-4cee-b674-d1210c391a94,23061256,40d0c2a82bcc706cf6d0bfe3684f3ff7a390f2aeb8be099b63d5f0476088cf39,20bd36d000c0bf3f5b1c89f1d149ab82-1,https://dandiarchive.s3.amazonaws.com/blobs/11b/c8e/11bc8efa-b722-4cee-b674-d1210c391a94,2022-11-06T22:24:42.697803Z,2022-11-08T17:53:26.515935Z
sub-HJ-FP-datHT-stGtACR-M7/sub-HJ-FP-datHT-stGtACR-M7_ses-Day3.nwb,9b052387-6a4e-4b04-b475-f27d1d1829dd,70b8b579-311d-48b6-8462-4a3598eb14a3,19760664,ac118b31a7350d5df5bc30e479b0db8103ae2b910fe5294128e58cadccae86b7,577b6fd8a41b7ba2509fb5506dd148f1-1,https://dandiarchive.s3.amazonaws.com/blobs/70b/8b5/70b8b579-311d-48b6-8462-4a3598eb14a3,2022-11-06T22:25:01.203814Z,2022-11-08T17:53:27.277737Z
sub-HJ-FP-datHT-stGtACR-M7/sub-HJ-FP-datHT-stGtACR-M7_ses-Day4.nwb,d718b4c6-9b13-4699-a7af-7f1fbb3c9590,bbe6be71-a2bd-4540-857f-b40d7b29db95,21503688,5e4cbf2c58bd5d11b77a82c992b2be7b1a40fe7a9ed1f97c33feb479dc11e2ef,8ee71d261f7ae8e484abe4676bcdbb9b-1,https://dandiarchive.s3.amazonaws.com/blobs/bbe/6be/bbe6be71-a2bd-4540-857f-b40d7b29db95,2022-11-06T22:25:20.454675Z,2022-11-08T17:53:27.935525Z
sub-HJ-FP-datHT-stGtACR-M7/sub-HJ-FP-datHT-stGtACR-M7_ses-Day5.nwb,c5e8287f-5322-4b76-9be9-4aa512861146,21ced00e-ded7-44e0-9602-88b1a2aa5947,18514648,d6481799154b016ebf2758456699fe6cadfdb089ad2151a8fdca9496350949d4,69d5ae65db74c248122dc7335602c8ac-1,https://dandiarchive.s3.amazonaws.com/blobs/21c/ed0/21ced00e-ded7-44e0-9602-88b1a2aa5947,2022-11-06T22:25:20.964237Z,2022-11-08T17:53:28.724752Z
sub-HJ-FP-datHT-stGtACR-M7/sub-HJ-FP-datHT-stGtACR-M7_ses-Day6.nwb,06b969e9-73d4-4fa3-b1b1-a55796380405,d3290f05-7762-46d9-9f27-e74c4a555576,19520808,30ec44119d1aadd52ebe7a5f2806792db2c041c5de37aef7a659a41e07f80ed5,1487713f516044270c0cd11d1ff250f5-1,https://dandiarchive.s3.amazonaws.com/blobs/d32/90f/d3290f05-7762-46d9-9f27-e74c4a555576,2022-11-06T22:25:29.323609Z,2022-11-08T17:53:29.751816Z
sub-HJ-FP-datHT-stGtACR-M7/sub-HJ-FP-datHT-stGtACR-M7_ses-Day7.nwb,f196bfff-03ca-4cc5-a091-b5026cb81a44,12df24d4-33c7-4ad3-bd8d-0be9a6c8e8fe,15921112,7b6abe527f2657cef056e6628e6eef0f13b06db18ecbceca6653a5873132b0f8,df8d7894cc5d57435ec8f2325491a77e-1,https://dandiarchive.s3.amazonaws.com/blobs/12d/f24/12df24d4-33c7-4ad3-bd8d-0be9a6c8e8fe,2022-11-06T22:25:33.829805Z,2022-11-08T17:53:31.027619Z
sub-HJ-FP-datHT-stGtACR-M7/sub-HJ-FP-datHT-stGtACR-M7_ses-Day8.nwb,273d1019-7980-4822-a52b-6bc5e37b3207,8c086215-ecdf-4114-9a36-c5df3fb54a28,17658504,e4b248ec2a760e2b4d52e153bf6021fb5b643304cba0b78a63b021b3b06fc536,8d2055d11a5444c7f82aee261ac0a5c6-1,https://dandiarchive.s3.amazonaws.com/blobs/8c0/862/8c086215-ecdf-4114-9a36-c5df3fb54a28,2022-11-06T22:25:41.526201Z,2022-11-08T17:53:32.311375Z
sub-HJ-FP-datHT-stGtACR-M7/sub-HJ-FP-datHT-stGtACR-M7_ses-Day9.nwb,f94c8234-2e36-4f08-8dfe-1410ab9ed062,78a1881b-5ea7-4eec-8141-4444391ef895,21111752,f79452b73f3311b8b5d49c1f608324f2855dc7c480f137d010c5041f0f5dc237,4cb0af6d64aa40816bd396b81994a8b8-1,https://dandiarchive.s3.amazonaws.com/blobs/78a/188/78a1881b-5ea7-4eec-8141-4444391ef895,2022-11-06T22:26:18.063898Z,2022-11-08T17:53:33.208310Z
sub-HJ-FP-datHT-stGtACR-M8/sub-HJ-FP-datHT-stGtACR-M8_ses-Day1-RandomRewards.nwb,f5d8b198-3ee4-4e56-9187-a02f978ec636,8dc34ac9-2f50-41ee-98d6-289677348d7f,619493792,907fd35d59519e7ea80e820501438a8ef65106a95a954cb3c1459f41584e2103,438e1e718e1760532d4706fe005289af-10,https://dandiarchive.s3.amazonaws.com/blobs/8dc/34a/8dc34ac9-2f50-41ee-98d6-289677348d7f,2022-11-06T22:26:38.784193Z,2022-11-08T17:53:45.642986Z
sub-HJ-FP-datHT-stGtACR-M8/sub-HJ-FP-datHT-stGtACR-M8_ses-Day2-Pavlovian.nwb,b0640438-3ed5-4d5b-8e2a-4b18819d554e,3db97c1a-d764-45b0-a552-131ca41b0778,1864815600,56b336c976787eec0d749eaea6202e2d04d1e895ace4d28f72782a0cec5e7c09,83b807c6013f41e3d64d99f8f85de857-28,https://dandiarchive.s3.amazonaws.com/blobs/3db/97c/3db97c1a-d764-45b0-a552-131ca41b0778,2022-11-06T22:27:30.675805Z,2022-11-08T17:54:35.666781Z
sub-HJ-FP-datHT-stGtACR-M8/sub-HJ-FP-datHT-stGtACR-M8_ses-Day3-Pavlovian.nwb,d91424b9-b567-46f8-b8d6-4df08d7e7d75,29070f7c-7faf-4d0f-9dd0-3acf84d102ae,1453090032,a22af5bc16265c424434c6c8bac8a718f985dfa4844d2315ce72b8e92b22fa8e,d711452a746cf25d03654cea24ec252d-22,https://dandiarchive.s3.amazonaws.com/blobs/290/70f/29070f7c-7faf-4d0f-9dd0-3acf84d102ae,2022-11-06T22:27:45.844997Z,2022-11-08T17:55:18.170206Z
sub-HJ-FP-datHT-stGtACR-M8/sub-HJ-FP-datHT-stGtACR-M8_ses-Day4-Pavlovian.nwb,e209146f-66b8-46d1-ab67-fee8a96ec3ed,1a0f6546-bbf4-4b14-ae34-01b62574fb40,1405536160,532a49ef814a9f4acd9deaa3101a4a02c20537a7218d3830ea6db97fb85460e5,206da4362ee8fbc47e90a2b0ae560593-21,https://dandiarchive.s3.amazonaws.com/blobs/1a0/f65/1a0f6546-bbf4-4b14-ae34-01b62574fb40,2022-11-06T22:27:36.917655Z,2022-11-08T17:54:33.415992Z
sub-HJ-FP-datHT-stGtACR-M8/sub-HJ-FP-datHT-stGtACR-M8_ses-Day5-Pavlovian.nwb,70340ae6-aadb-43b1-a335-52047de4b841,e21da92d-49ca-4b83-a59d-2e7bf8ac5d3e,1660538736,b03758f46f0cf217ab4717f09a94a9a39812ee58d4e08a4c709a27444aa6b352,15882a17bbba088fe61d945ed8441071-25,https://dandiarchive.s3.amazonaws.com/blobs/e21/da9/e21da92d-49ca-4b83-a59d-2e7bf8ac5d3e,2022-11-06T22:27:57.994750Z,2022-11-08T17:55:31.094956Z
sub-HJ-FP-datHT-stGtACR-M8/sub-HJ-FP-datHT-stGtACR-M8_ses-Day6-Pavlovian.nwb,feaf3cad-40b6-49da-860c-97dd89b35f96,0c8f5ba2-a6bf-4098-9718-9f3b7ff87168,1594221424,44270e7484883ac62a6be5a7fdcae8f9e7258ea7eaf51e43b8d0f0606b38af20,305b448f454fab5058a713044576fcba-24,https://dandiarchive.s3.amazonaws.com/blobs/0c8/f5b/0c8f5ba2-a6bf-4098-9718-9f3b7ff87168,2022-11-06T22:27:59.120097Z,2022-11-08T17:55:25.518150Z
sub-HJ-FP-datWT-stGtACR-F1/sub-HJ-FP-datWT-stGtACR-F1_ses-Day1-RandomRewards.nwb,7b7cf6a2-e5ed-4d64-b890-88ec35a34803,7dc27baa-5f41-43c9-9f9e-58595ca2b96c,686397504,237b637f0aa6ad2034a1ee9aa45e7ed2e1608a7f36e340c683a35d5398f67cd7,cd8d613edf2c96ed9b00af0c9393bd96-11,https://dandiarchive.s3.amazonaws.com/blobs/7dc/27b/7dc27baa-5f41-43c9-9f9e-58595ca2b96c,2022-11-06T22:28:35.127555Z,2022-11-08T17:54:50.333759Z
sub-HJ-FP-datWT-stGtACR-F1/sub-HJ-FP-datWT-stGtACR-F1_ses-Day2-Pavlovian.nwb,4f17d0d8-4a79-4087-9254-c1ae8544b74c,6513735f-054a-410a-bc5f-a38f0e5ef5de,1494836608,7631e739c8206792f9be84b5b5d61dab411e9ddb475508827276bf3c1da7b354,cc7bc41d65facd23789a606f32189fdf-23,https://dandiarchive.s3.amazonaws.com/blobs/651/373/6513735f-054a-410a-bc5f-a38f0e5ef5de,2022-11-06T22:29:06.287289Z,2022-11-08T17:55:24.169709Z
sub-HJ-FP-datWT-stGtACR-F1/sub-HJ-FP-datWT-stGtACR-F1_ses-Day3-Pavlovian.nwb,77762029-19af-4798-99a2-da050d941749,642b6118-2c62-4d52-8345-3b1e634803e8,1337375512,ca7161b5166122dc8974deb7d2b45da1e7427e8b2fe91350a2f76076cb369819,cab958034104a5764034d72825ebd4fc-20,https://dandiarchive.s3.amazonaws.com/blobs/642/b61/642b6118-2c62-4d52-8345-3b1e634803e8,2022-11-06T22:29:08.623991Z,2022-11-08T17:55:24.334726Z
sub-HJ-FP-datWT-stGtACR-F1/sub-HJ-FP-datWT-stGtACR-F1_ses-Day4-Pavlovian.nwb,d12032d0-923b-445c-85ee-46a2bb599f54,ad481aac-8c12-4eca-8382-abf37edf0e4d,1894310880,884b749b499ec018e78ea5215c441a8297345e2469b118acdb241415c40da0c5,a987b18f0a06fad7a48fec7d01b34865-29,https://dandiarchive.s3.amazonaws.com/blobs/ad4/81a/ad481aac-8c12-4eca-8382-abf37edf0e4d,2022-11-06T22:29:47.707407Z,2022-11-08T17:56:21.747121Z
sub-HJ-FP-datWT-stGtACR-F1/sub-HJ-FP-datWT-stGtACR-F1_ses-Day5-Pavlovian.nwb,c24bfbc3-5be4-4141-ba9d-8d55c24d15c7,7990d9c1-01ab-4ccb-b2c1-8d28ccb8b790,1473057216,03d85fd9bd4199a77dae64b0d11608a26d4ce1a2f5336f76f33c694aa0d0f7b2,4b72920e8d2a53b04623b6a893a5ff9e-22,https://dandiarchive.s3.amazonaws.com/blobs/799/0d9/7990d9c1-01ab-4ccb-b2c1-8d28ccb8b790,2022-11-06T22:29:39.957699Z,2022-11-08T17:56:10.201570Z
sub-HJ-FP-datWT-stGtACR-F1/sub-HJ-FP-datWT-stGtACR-F1_ses-Day6-Pavlovian.nwb,bbd74a1b-88cb-4bb0-9252-9f19419b3870,3dbd74b8-9c1d-4804-b548-bd4ce5bdf200,2019975648,6cba276604e7566f8e1d7aeef32c8bb137e72432d422ed92ff024077fd4afebf,cb46947c9bae714fa7fa293c83717992-31,https://dandiarchive.s3.amazonaws.com/blobs/3db/d74/3dbd74b8-9c1d-4804-b548-bd4ce5bdf200,2022-11-06T22:30:10.210640Z,2022-11-08T17:56:15.720334Z
sub-HJ-FP-datWT-stGtACR-F1/sub-HJ-FP-datWT-stGtACR-F1_ses-Day7-Pavlovian.nwb,7d772912-8e32-4b22-b8b9-8d6c8d712401,7c7d6725-94dd-4d52-bcc2-0fd5a4c9fd6a,1405935312,0f53ac2cfc7a224d36cad64b9ef090901e830e9c2c95f1847cb8339c524aec22,f86ad7bef8dac749fba3ee131853d0f1-21,https://dandiarchive.s3.amazonaws.com/blobs/7c7/d67/7c7d6725-94dd-4d52-bcc2-0fd5a4c9fd6a,2022-11-06T22:30:15.041192Z,2022-11-08T17:56:19.891795Z
sub-HJ-FP-datWT-stGtACR-F1/sub-HJ-FP-datWT-stGtACR-F1_ses-Day8-Pavlovian.nwb,4c8b4024-d4db-4088-878d-b1fd350267f3,7a409625-14da-4676-913a-2969c0383923,1340443136,053b504db186b0bc7b4de2a61fd8d4d6081f64d23bf2480a11c34751041c1583,b4e1e988d5f7d6f1feadda654c1815c3-20,https://dandiarchive.s3.amazonaws.com/blobs/7a4/096/7a409625-14da-4676-913a-2969c0383923,2022-11-06T22:30:20.854887Z,2022-11-08T17:56:26.254355Z
